order_id,customer_id,date,order_value
1,1068,2025-04-14,3.31
2,1092,2025-02-22,49.16
3,237,2025-08-26,238.4
4,974,2025-07-22,120.61
5,704,2025-05-10,186.11
6,477,2025-11-15,5.29
7,166,2025-04-18,7.84
8,1064,2025-02-18,225.08
9,365,2025-05-27,311.71
10,834,2025-12-30,67.33
11,743,2025-04-22,72.14
12,1084,2025-04-19,320.15
13,609,2025-07-06,86.64
14,562,2025-07-21,11.4
15,324,2025-09-14,180.17
16,1090,2025-02-23,283.82
17,570,2025-04-15,104.8
18,380,2025-01-17,135.73
19,715,2025-02-06,146.62
20,947,2025-03-28,150.67
21,1001,2025-01-29,337.43
22,524,2025-02-28,244.19
23,693,2025-02-14,38.5
24,490,2025-07-19,164.95
25,454,2025-08-05,12.84
26,416,2025-09-11,69.98
27,799,2025-10-09,89.66
28,836,2025-03-30,75.01
29,1043,2025-07-24,10.01
30,556,2025-06-24,51.42
31,103,2025-06-18,42.87
32,1061,2025-08-24,346.05
33,136,2025-01-03,113.78
34,830,2025-03-28,58.59
35,119,2025-04-06,135.08
36,454,2025-11-06,36.69
37,167,2025-09-14,148.84
38,574,2025-09-27,94.88
39,960,2025-05-02,79.46
40,1130,2025-08-16,43.68
41,759,2025-11-07,179.56
42,558,2025-03-25,95.93
43,1035,2025-01-04,82.37
44,495,2025-04-20,159.75
45,1027,2025-03-21,59.28
46,1194,2025-06-13,64.47
47,733,2025-05-15,71.16
48,585,2025-06-23,166.73
49,574,2025-11-11,63.44
50,152,2025-02-01,56.31
51,129,2025-03-01,376.21
52,692,2025-01-23,205.22
53,199,2025-03-15,9.54
54,237,2025-01-30,46.43
55,250,2025-06-02,160.13
56,143,2025-04-22,203.01
57,479,2025-06-22,154.83
58,1226,2025-02-28,57.7
59,701,2025-12-21,6.34
60,682,2025-03-20,126.94
61,852,2025-02-11,29.18
62,1082,2025-01-08,129.99
63,414,2025-02-25,222.92
64,860,2025-06-01,123.17
65,635,2025-06-14,26.51
66,181,2025-08-09,66.08
67,559,2025-07-19,183.92
68,1139,2025-01-04,82.77
69,387,2025-02-19,46.11
70,904,2025-03-19,27.51
71,696,2025-07-12,14.53
72,243,2025-01-17,57.41
73,155,2025-09-08,144.23
74,1260,2025-09-09,50.35
75,1114,2025-05-12,39.98
76,1198,2025-10-12,155.54
77,240,2025-10-24,55.44
78,1165,2025-11-03,46.72
79,593,2025-08-17,335.9
80,473,2025-10-06,130.57
81,143,2025-05-07,103.68
82,423,2025-09-13,94.45
83,73,2025-07-24,172.3
84,1273,2025-06-11,69.29
85,1074,2025-12-15,73.99
86,192,2025-02-21,89.05
87,1156,2025-07-13,72.99
88,952,2025-07-27,132.98
89,487,2025-08-03,16.69
90,424,2025-04-02,75.0
91,506,2025-12-04,36.78
92,758,2025-12-31,80.89
93,1275,2025-02-18,66.42
94,126,2025-07-12,129.79
95,808,2025-05-23,22.47
96,119,2025-10-27,249.71
97,493,2025-07-21,48.17
98,274,2025-01-12,147.85
99,80,2025-06-20,52.1
100,827,2025-07-10,46.87
101,716,2025-12-15,124.65
102,115,2025-08-23,28.51
103,994,2025-02-12,358.45
104,496,2025-10-24,70.02
105,311,2025-09-07,10.63
106,381,2025-04-29,151.8
107,8,2025-04-12,39.55
108,89,2025-08-16,63.55
109,1090,2025-10-28,95.72
110,880,2025-08-07,385.52
111,1151,2025-10-22,85.09
112,848,2025-06-23,181.81
113,1200,2025-05-16,28.17
114,619,2025-04-16,38.14
115,312,2025-11-11,282.89
116,126,2025-03-07,183.98
117,534,2025-08-14,34.11
118,1287,2025-07-23,100.4
119,318,2025-04-25,318.59
120,352,2025-01-10,48.15
121,571,2025-04-06,75.97
122,361,2025-07-30,111.79
123,1208,2025-09-19,137.24
124,297,2025-08-18,335.96
125,447,2025-07-30,57.21
126,1049,2025-06-30,293.61
127,686,2025-10-03,104.81
128,479,2025-08-29,59.94
129,998,2025-04-30,71.13
130,106,2025-03-26,89.4
131,186,2025-10-21,80.74
132,491,2025-11-10,119.94
133,404,2025-11-06,141.56
134,1109,2025-06-03,241.78
135,533,2025-10-08,36.21
136,425,2025-01-14,133.44
137,382,2025-10-01,160.06
138,1266,2025-03-11,277.44
139,491,2025-06-11,16.0
140,1085,2025-12-13,166.25
141,66,2025-04-29,207.93
142,1189,2025-07-14,75.62
143,1183,2025-07-24,148.91
144,575,2025-11-10,61.66
145,411,2025-08-14,310.86
146,495,2025-06-14,56.52
147,982,2025-11-13,67.11
148,1167,2025-01-03,32.08
149,93,2025-12-09,68.8
150,528,2025-09-17,138.41
151,605,2025-11-13,212.97
152,131,2025-06-13,344.35
153,148,2025-02-04,67.61
154,530,2025-10-30,49.88
155,1079,2025-12-13,160.68
156,23,2025-04-26,101.6
157,683,2025-02-23,144.47
158,1204,2025-06-12,70.18
159,915,2025-10-19,148.79
160,1180,2025-10-13,84.5
161,631,2025-04-03,69.17
162,649,2025-07-28,124.28
163,485,2025-04-29,12.39
164,289,2025-04-04,87.95
165,393,2025-12-06,137.11
166,253,2025-05-01,166.89
167,529,2025-02-18,66.46
168,793,2025-02-01,157.69
169,1099,2025-07-21,151.16
170,338,2025-01-10,41.4
171,592,2025-03-12,275.41
172,561,2025-10-04,29.83
173,920,2025-11-20,25.9
174,1015,2025-07-18,75.55
175,793,2025-05-21,31.15
176,1018,2025-08-15,38.14
177,831,2025-12-23,40.31
178,925,2025-02-03,152.62
179,394,2025-11-23,106.41
180,1068,2025-10-11,132.66
181,863,2025-08-17,91.41
182,745,2025-03-23,104.88
183,806,2025-02-14,119.94
184,306,2025-02-09,297.84
185,407,2025-09-15,58.28
186,528,2025-05-15,145.55
187,1204,2025-03-20,264.94
188,1120,2025-01-01,41.73
189,756,2025-08-22,159.34
190,1103,2025-03-26,259.38
191,442,2025-11-14,6.6
192,521,2025-01-11,216.66
193,1230,2025-07-07,104.27
194,1020,2025-04-05,43.85
195,308,2025-02-11,26.09
196,711,2025-12-05,157.08
197,1227,2025-06-03,189.66
198,107,2025-07-09,143.64
199,1255,2025-03-03,39.86
200,1094,2025-05-05,173.27
201,851,2025-07-10,185.4
202,553,2025-03-02,162.09
203,874,2025-09-01,259.54
204,1043,2025-10-24,108.7
205,1280,2025-02-15,169.58
206,942,2025-06-27,60.6
207,154,2025-02-12,95.72
208,938,2025-08-18,121.17
209,813,2025-05-02,164.58
210,305,2025-10-11,32.24
211,36,2025-03-04,178.03
212,539,2025-07-26,47.67
213,1278,2025-01-20,143.76
214,1174,2025-08-14,174.09
215,1011,2025-02-22,177.31
216,644,2025-03-07,97.12
217,901,2025-06-05,52.35
218,749,2025-08-20,42.56
219,379,2025-06-08,92.71
220,75,2025-08-31,90.18
221,720,2025-04-13,193.65
222,1255,2025-10-17,103.15
223,661,2025-03-26,43.31
224,767,2025-02-01,25.92
225,252,2025-10-30,15.41
226,517,2025-11-09,132.46
227,441,2025-03-12,34.21
228,851,2025-12-12,37.72
229,546,2025-02-21,143.94
230,720,2025-12-07,54.53
231,831,2025-05-25,83.92
232,512,2025-12-13,161.14
233,426,2025-07-10,375.2
234,721,2025-08-02,237.84
235,896,2025-12-21,107.22
236,655,2025-12-09,130.08
237,1230,2025-12-07,89.97
238,934,2025-11-26,167.58
239,912,2025-05-28,101.14
240,822,2025-12-23,61.27
241,110,2025-11-15,161.65
242,101,2025-10-12,110.38
243,188,2025-05-24,210.03
244,209,2025-08-05,8.63
245,1019,2025-06-16,260.08
246,951,2025-03-31,50.87
247,217,2025-07-29,198.53
248,200,2025-08-13,60.68
249,978,2025-04-18,327.85
250,224,2025-05-21,224.19
251,1293,2025-06-23,105.12
252,184,2025-10-09,140.44
253,336,2025-05-30,232.98
254,1027,2025-09-25,145.04
255,920,2025-12-23,202.88
256,319,2025-02-03,47.1
257,219,2025-01-23,26.58
258,859,2025-12-17,135.59
259,31,2025-08-03,387.41
260,151,2025-12-05,160.13
261,902,2025-09-01,69.37
262,450,2025-08-19,248.93
263,495,2025-03-12,67.39
264,1057,2025-11-10,111.19
265,778,2025-12-01,55.43
266,593,2025-09-19,205.32
267,16,2025-11-03,178.76
268,717,2025-06-20,224.26
269,1290,2025-01-08,63.86
270,78,2025-06-21,71.94
271,633,2025-03-22,19.95
272,1290,2025-11-09,54.74
273,1110,2025-05-06,56.35
274,103,2025-04-18,27.0
275,1249,2025-07-14,50.3
276,1045,2025-03-22,112.78
277,490,2025-11-29,32.23
278,985,2025-08-29,195.43
279,170,2025-12-10,371.8
280,746,2025-06-06,87.05
281,731,2025-03-24,90.74
282,1183,2025-08-09,42.4
283,539,2025-11-13,85.52
284,753,2025-09-06,120.79
285,38,2025-10-10,252.54
286,636,2025-10-09,206.52
287,1179,2025-12-23,205.8
288,708,2025-12-05,40.78
289,2,2025-05-21,127.49
290,304,2025-02-11,70.08
291,1001,2025-12-12,169.5
292,764,2025-04-03,180.45
293,954,2025-08-28,90.81
294,627,2025-08-25,189.38
295,225,2025-05-15,70.34
296,1149,2025-09-28,108.2
297,346,2025-06-15,183.6
298,226,2025-10-07,174.69
299,704,2025-05-25,59.91
300,413,2025-08-22,61.68
301,1167,2025-02-23,166.47
302,321,2025-02-06,44.79
303,890,2025-12-25,450.64
304,1231,2025-01-06,59.24
305,893,2025-03-27,56.64
306,1160,2025-09-29,81.78
307,476,2025-06-05,38.88
308,1291,2025-02-14,377.52
309,546,2025-07-30,65.45
310,455,2025-05-06,154.23
311,1256,2025-02-25,105.83
312,883,2025-02-22,42.55
313,195,2025-06-02,237.94
314,1245,2025-11-02,59.92
315,104,2025-09-07,134.12
316,531,2025-06-08,622.52
317,616,2025-04-14,191.48
318,894,2025-07-21,15.57
319,73,2025-01-22,53.4
320,999,2025-05-11,137.95
321,1006,2025-09-30,51.73
322,1065,2025-10-16,296.1
323,697,2025-03-03,345.74
324,822,2025-09-16,45.99
325,708,2025-07-02,242.43
326,944,2025-03-24,303.28
327,598,2025-08-01,147.61
328,904,2025-06-08,237.63
329,1228,2025-01-04,257.24
330,915,2025-08-02,97.22
331,1164,2025-06-26,225.63
332,1174,2025-04-23,100.26
333,799,2025-02-27,120.04
334,45,2025-05-03,26.56
335,868,2025-12-21,92.95
336,696,2025-09-20,85.25
337,1274,2025-06-04,171.77
338,458,2025-11-14,201.6
339,407,2025-02-05,135.91
340,1138,2025-07-22,48.46
341,1178,2025-09-23,434.21
342,551,2025-07-23,118.61
343,952,2025-01-17,58.59
344,1155,2025-01-18,70.36
345,1218,2025-03-19,54.8
346,740,2025-02-14,65.2
347,971,2025-07-05,68.5
348,972,2025-07-22,100.09
349,513,2025-10-23,53.76
350,28,2025-01-14,438.02
351,299,2025-04-01,138.38
352,118,2025-02-09,149.37
353,985,2025-05-16,126.65
354,783,2025-12-13,95.61
355,662,2025-10-29,249.36
356,865,2025-02-25,193.44
357,202,2025-11-12,18.06
358,1032,2025-04-05,86.59
359,340,2025-12-28,129.82
360,173,2025-06-28,53.38
361,1231,2025-05-03,22.73
362,173,2025-02-21,141.94
363,1219,2025-10-16,211.36
364,200,2025-07-05,118.34
365,1127,2025-09-27,7.05
366,675,2025-06-27,90.34
367,442,2025-01-07,22.36
368,530,2025-11-24,214.3
369,275,2025-12-01,86.92
370,1098,2025-11-18,79.09
371,598,2025-05-01,149.72
372,583,2025-06-02,184.22
373,312,2025-03-21,353.43
374,950,2025-05-14,34.69
375,287,2025-05-07,39.77
376,329,2025-08-11,27.11
377,883,2025-06-08,68.55
378,1089,2025-11-11,118.0
379,1105,2025-05-07,272.43
380,1120,2025-05-15,278.38
381,475,2025-10-18,168.13
382,406,2025-02-28,19.36
383,931,2025-08-17,70.76
384,916,2025-02-20,186.22
385,794,2025-06-22,41.04
386,296,2025-04-27,101.88
387,1291,2025-08-13,19.29
388,536,2025-12-17,61.49
389,194,2025-08-26,380.46
390,1020,2025-04-11,101.52
391,447,2025-09-11,102.71
392,416,2025-11-10,37.35
393,583,2025-12-05,45.14
394,300,2025-01-02,56.69
395,72,2025-03-07,45.68
396,624,2025-01-18,278.89
397,782,2025-03-22,166.37
398,716,2025-07-28,282.59
399,1225,2025-09-08,253.63
400,581,2025-06-18,21.74
401,963,2025-12-05,168.8
402,878,2025-11-18,230.52
403,858,2025-04-17,181.31
404,13,2025-05-24,271.61
405,138,2025-09-07,33.14
406,155,2025-02-07,191.61
407,427,2025-10-07,165.59
408,474,2025-11-20,53.17
409,43,2025-09-12,151.9
410,999,2025-07-07,155.97
411,800,2025-04-07,73.93
412,919,2025-10-11,66.97
413,658,2025-05-25,111.08
414,222,2025-10-10,58.88
415,1274,2025-02-07,49.95
416,844,2025-10-31,96.76
417,1260,2025-10-01,385.19
418,583,2025-09-20,21.62
419,445,2025-11-20,96.28
420,106,2025-06-14,124.81
421,570,2025-03-16,129.39
422,276,2025-02-16,118.99
423,153,2025-09-17,215.58
424,261,2025-01-25,106.67
425,97,2025-12-13,245.55
426,507,2025-06-11,218.59
427,426,2025-09-21,89.09
428,664,2025-04-18,46.7
429,816,2025-11-04,59.61
430,712,2025-09-12,431.51
431,1228,2025-07-17,55.74
432,701,2025-01-01,73.6
433,355,2025-05-27,96.03
434,563,2025-11-18,3.01
435,349,2025-09-09,97.57
436,950,2025-12-07,114.92
437,154,2025-01-22,142.99
438,478,2025-06-05,53.43
439,56,2025-03-26,122.47
440,477,2025-05-17,148.74
441,180,2025-11-07,43.02
442,832,2025-02-07,151.33
443,1058,2025-02-17,428.94
444,982,2025-01-02,43.91
445,239,2025-10-08,71.3
446,225,2025-07-03,27.1
447,466,2025-09-26,221.45
448,513,2025-02-06,153.35
449,909,2025-10-05,286.05
450,620,2025-05-24,159.0
451,455,2025-04-22,117.31
452,269,2025-11-04,176.11
453,1167,2025-10-30,59.22
454,687,2025-08-26,36.97
455,776,2025-09-12,40.56
456,504,2025-07-08,309.24
457,320,2025-09-10,61.33
458,414,2025-04-04,132.37
459,380,2025-03-29,203.78
460,231,2025-07-16,118.51
461,778,2025-12-21,4.39
462,168,2025-04-28,70.17
463,701,2025-08-14,221.64
464,678,2025-04-03,229.67
465,1079,2025-03-19,213.13
466,1163,2025-07-17,150.64
467,624,2025-06-11,81.86
468,909,2025-05-29,192.39
469,324,2025-12-18,155.03
470,680,2025-03-25,169.16
471,722,2025-08-04,149.83
472,681,2025-06-18,121.36
473,192,2025-09-23,273.22
474,1003,2025-05-28,200.48
475,88,2025-03-04,316.84
476,132,2025-07-08,108.45
477,855,2025-08-08,165.52
478,24,2025-03-02,103.99
479,264,2025-11-21,251.36
480,174,2025-01-10,175.33
481,814,2025-12-24,99.81
482,126,2025-03-27,85.71
483,810,2025-08-11,131.25
484,282,2025-12-16,104.01
485,894,2025-12-19,67.88
486,308,2025-11-24,49.75
487,1196,2025-08-30,129.55
488,170,2025-09-26,57.48
489,1133,2025-10-01,246.22
490,1009,2025-07-09,173.31
491,908,2025-11-18,72.36
492,754,2025-03-30,77.39
493,1126,2025-06-14,126.81
494,128,2025-10-26,144.91
495,243,2025-11-21,213.06
496,1196,2025-01-12,181.92
497,531,2025-07-07,58.45
498,898,2025-06-30,291.75
499,692,2025-03-23,78.48
500,1095,2025-11-18,35.49
501,630,2025-01-31,122.4
502,481,2025-05-30,331.75
503,832,2025-09-18,133.11
504,350,2025-06-09,113.08
505,67,2025-11-14,92.53
506,1163,2025-09-06,188.89
507,527,2025-06-26,76.74
508,983,2025-09-03,69.23
509,1192,2025-07-01,55.63
510,1055,2025-09-23,133.99
511,927,2025-06-27,208.44
512,531,2025-10-02,58.97
513,738,2025-08-25,112.12
514,1160,2025-01-09,63.6
515,1065,2025-01-31,17.19
516,896,2025-04-25,185.7
517,1189,2025-04-18,62.4
518,226,2025-05-08,41.93
519,78,2025-02-09,30.99
520,551,2025-09-25,49.78
521,118,2025-12-22,63.1
522,863,2025-07-04,156.2
523,1081,2025-12-11,357.44
524,897,2025-11-21,41.94
525,1028,2025-02-15,50.2
526,451,2025-04-01,62.83
527,908,2025-05-31,151.68
528,1079,2025-05-22,277.4
529,402,2025-11-16,157.14
530,522,2025-02-27,99.26
531,395,2025-03-05,58.06
532,379,2025-08-28,105.86
533,41,2025-09-21,33.82
534,541,2025-12-26,95.82
535,84,2025-12-31,142.01
536,186,2025-04-29,143.21
537,1135,2025-12-24,19.2
538,647,2025-05-17,113.94
539,753,2025-09-24,232.5
540,1275,2025-10-04,356.64
541,801,2025-05-17,52.3
542,1034,2025-01-12,101.66
543,142,2025-02-24,80.62
544,705,2025-01-08,55.35
545,620,2025-10-06,111.21
546,844,2025-11-12,29.7
547,1236,2025-07-05,147.78
548,458,2025-09-06,153.32
549,482,2025-07-26,66.7
550,1164,2025-08-30,160.54
551,853,2025-11-14,137.96
552,692,2025-02-01,303.53
553,338,2025-04-26,144.39
554,734,2025-10-29,85.96
555,233,2025-04-10,130.25
556,642,2025-11-29,64.81
557,71,2025-07-13,73.16
558,216,2025-11-23,90.16
559,888,2025-05-21,176.77
560,249,2025-03-15,149.22
561,621,2025-10-22,226.16
562,466,2025-12-24,98.2
563,398,2025-02-04,27.8
564,1260,2025-10-22,321.1
565,789,2025-06-22,50.83
566,655,2025-11-17,123.76
567,781,2025-01-09,35.39
568,348,2025-05-26,238.83
569,473,2025-06-18,68.5
570,437,2025-01-16,228.04
571,840,2025-09-12,183.75
572,675,2025-12-22,105.76
573,1236,2025-08-24,52.77
574,907,2025-11-12,142.67
575,758,2025-03-26,242.34
576,484,2025-09-22,141.07
577,791,2025-05-11,265.28
578,1020,2025-11-23,238.11
579,341,2025-10-17,97.37
580,61,2025-04-14,152.52
581,193,2025-04-13,11.76
582,148,2025-06-22,117.53
583,1265,2025-12-04,64.08
584,775,2025-04-01,175.33
585,176,2025-05-05,101.42
586,417,2025-02-25,49.35
587,27,2025-10-04,98.31
588,230,2025-07-09,166.24
589,417,2025-04-21,61.34
590,1004,2025-09-14,25.55
591,1273,2025-06-01,118.21
592,996,2025-01-23,62.24
593,171,2025-12-22,23.62
594,34,2025-09-06,127.76
595,72,2025-07-29,129.3
596,1206,2025-02-21,82.29
597,578,2025-03-20,332.62
598,673,2025-11-18,62.1
599,1252,2025-03-02,153.43
600,540,2025-09-28,220.81
601,1130,2025-02-27,113.73
602,1168,2025-06-22,16.42
603,955,2025-04-08,45.03
604,1008,2025-01-18,225.13
605,1014,2025-06-29,13.83
606,908,2025-03-02,428.26
607,8,2025-10-03,37.0
608,1179,2025-01-07,34.69
609,752,2025-08-23,271.73
610,1049,2025-11-19,177.5
611,1230,2025-12-06,205.96
612,169,2025-04-19,392.4
613,265,2025-12-14,125.87
614,852,2025-08-15,71.76
615,176,2025-02-06,154.15
616,294,2025-05-22,133.82
617,545,2025-11-03,125.15
618,566,2025-09-26,476.04
619,1281,2025-04-10,118.77
620,632,2025-01-20,92.61
621,204,2025-01-25,5.37
622,1227,2025-02-04,172.47
623,182,2025-10-26,166.35
624,329,2025-04-07,92.31
625,703,2025-05-26,49.07
626,421,2025-09-02,602.79
627,57,2025-12-13,178.29
628,337,2025-12-22,67.98
629,919,2025-08-31,90.17
630,841,2025-08-22,100.99
631,900,2025-08-25,62.96
632,719,2025-10-29,40.7
633,925,2025-11-02,132.28
634,804,2025-03-03,105.92
635,714,2025-09-16,56.24
636,42,2025-02-27,167.5
637,1019,2025-11-30,53.8
638,85,2025-11-20,17.57
639,699,2025-10-18,192.75
640,88,2025-04-16,18.05
641,349,2025-10-20,62.93
642,996,2025-01-13,54.27
643,386,2025-12-13,467.59
644,1224,2025-03-09,402.4
645,847,2025-07-17,305.31
646,1204,2025-01-04,125.87
647,83,2025-11-16,186.14
648,316,2025-05-25,44.5
649,467,2025-01-09,292.88
650,1069,2025-07-26,189.01
651,988,2025-07-13,443.45
652,1269,2025-04-25,102.6
653,397,2025-11-23,145.15
654,137,2025-09-16,41.6
655,690,2025-02-28,135.25
656,445,2025-06-13,29.6
657,418,2025-04-21,48.63
658,682,2025-12-31,90.13
659,537,2025-11-22,46.08
660,452,2025-03-24,171.38
661,282,2025-09-02,161.4
662,2,2025-11-15,64.93
663,22,2025-08-06,266.75
664,737,2025-12-03,198.14
665,726,2025-05-28,133.26
666,153,2025-11-13,231.86
667,101,2025-03-28,40.94
668,850,2025-06-04,13.11
669,563,2025-06-28,352.47
670,525,2025-02-25,136.22
671,33,2025-12-28,158.84
672,276,2025-12-23,499.55
673,1137,2025-11-06,55.27
674,1171,2025-11-19,120.99
675,503,2025-07-14,61.38
676,1148,2025-01-26,283.25
677,642,2025-07-12,88.84
678,356,2025-11-09,38.9
679,33,2025-04-22,10.13
680,213,2025-04-05,67.46
681,370,2025-08-10,109.23
682,251,2025-05-05,36.35
683,799,2025-08-28,63.19
684,890,2025-01-26,152.42
685,273,2025-09-11,31.52
686,1281,2025-02-14,100.37
687,856,2025-12-06,120.21
688,10,2025-07-24,202.83
689,1073,2025-01-22,50.09
690,181,2025-08-02,61.6
691,885,2025-02-01,175.14
692,317,2025-12-24,280.52
693,1105,2025-03-10,148.34
694,911,2025-09-07,103.84
695,896,2025-09-25,47.03
696,523,2025-10-13,142.52
697,141,2025-09-24,178.95
698,586,2025-10-01,47.01
699,303,2025-07-14,56.87
700,1136,2025-06-17,135.77
701,150,2025-10-17,33.56
702,470,2025-01-10,117.44
703,1273,2025-05-23,78.06
704,329,2025-07-13,181.58
705,984,2025-06-29,85.56
706,156,2025-03-20,124.62
707,1128,2025-07-30,142.1
708,416,2025-06-09,97.66
709,309,2025-03-16,46.95
710,748,2025-10-08,228.37
711,382,2025-03-03,10.25
712,680,2025-11-13,196.04
713,103,2025-02-07,439.23
714,381,2025-05-21,86.64
715,264,2025-06-09,28.41
716,155,2025-08-01,31.65
717,357,2025-10-02,187.97
718,1264,2025-10-13,120.26
719,31,2025-09-10,80.15
720,670,2025-02-09,67.99
721,917,2025-12-04,218.29
722,1030,2025-10-23,97.6
723,477,2025-04-29,21.36
724,1254,2025-01-27,68.48
725,394,2025-11-22,283.96
726,204,2025-06-04,157.82
727,373,2025-09-12,308.89
728,390,2025-07-08,122.24
729,769,2025-09-12,371.77
730,1258,2025-03-01,267.95
731,1218,2025-04-22,88.82
732,340,2025-01-09,44.84
733,1281,2025-08-14,183.78
734,62,2025-09-08,88.16
735,856,2025-06-26,103.11
736,783,2025-09-29,77.53
737,383,2025-06-24,169.87
738,663,2025-03-25,269.8
739,369,2025-04-09,141.45
740,539,2025-01-29,138.39
741,1121,2025-11-21,116.37
742,305,2025-04-02,254.1
743,995,2025-04-13,113.28
744,535,2025-12-30,51.44
745,136,2025-10-24,158.49
746,488,2025-09-13,114.67
747,394,2025-08-19,362.11
748,366,2025-08-06,37.93
749,953,2025-08-23,57.8
750,840,2025-04-23,38.6
751,292,2025-06-22,69.45
752,1220,2025-03-09,21.38
753,262,2025-01-18,128.58
754,308,2025-07-18,37.08
755,940,2025-10-12,163.72
756,149,2025-03-21,387.88
757,389,2025-10-24,96.41
758,209,2025-12-30,177.42
759,1219,2025-01-14,240.12
760,1014,2025-01-26,39.4
761,950,2025-06-23,297.13
762,1201,2025-01-03,236.67
763,1068,2025-01-28,8.01
764,1021,2025-08-05,331.28
765,402,2025-11-10,87.5
766,450,2025-01-07,11.59
767,348,2025-03-07,89.53
768,1031,2025-04-02,92.45
769,513,2025-05-21,120.92
770,1140,2025-12-08,88.53
771,144,2025-03-25,72.28
772,132,2025-01-26,22.11
773,724,2025-10-19,109.94
774,656,2025-05-28,12.69
775,407,2025-01-30,100.6
776,948,2025-02-07,203.9
777,51,2025-07-15,181.59
778,448,2025-01-20,255.95
779,602,2025-07-01,51.22
780,1170,2025-04-13,47.4
781,857,2025-08-28,260.89
782,912,2025-05-15,106.76
783,114,2025-06-22,133.65
784,1138,2025-01-01,106.73
785,1031,2025-08-28,156.45
786,461,2025-06-23,294.21
787,774,2025-12-26,37.53
788,1192,2025-04-13,161.62
789,141,2025-01-17,186.18
790,735,2025-12-04,113.91
791,993,2025-11-29,241.12
792,813,2025-04-30,204.14
793,1221,2025-01-10,200.47
794,928,2025-06-29,172.5
795,1205,2025-09-01,239.35
796,1116,2025-09-16,174.89
797,164,2025-10-06,114.24
798,459,2025-07-20,239.23
799,594,2025-01-28,68.79
800,513,2025-11-27,98.21
801,957,2025-04-17,114.45
802,806,2025-01-30,151.38
803,732,2025-03-03,16.49
804,161,2025-05-07,188.58
805,728,2025-01-13,58.16
806,698,2025-10-28,170.31
807,1067,2025-10-09,46.26
808,419,2025-05-07,56.09
809,109,2025-07-23,206.06
810,326,2025-02-28,194.94
811,115,2025-10-11,224.87
812,688,2025-03-06,75.76
813,990,2025-05-02,164.2
814,186,2025-07-24,92.89
815,165,2025-09-29,112.59
816,126,2025-06-28,61.26
817,669,2025-04-25,67.39
818,27,2025-12-18,130.73
819,1071,2025-10-09,162.63
820,197,2025-10-28,56.77
821,224,2025-05-06,253.84
822,268,2025-03-16,98.4
823,1200,2025-02-27,124.97
824,1026,2025-06-30,28.96
825,1112,2025-09-08,155.84
826,1169,2025-05-28,173.22
827,859,2025-10-18,40.73
828,674,2025-02-04,210.44
829,419,2025-01-01,209.89
830,546,2025-03-17,206.48
831,473,2025-03-14,30.5
832,993,2025-09-02,208.08
833,1000,2025-03-03,254.96
834,1156,2025-05-09,160.12
835,424,2025-10-02,36.74
836,832,2025-01-11,319.19
837,1024,2025-05-21,10.99
838,713,2025-02-19,38.29
839,864,2025-09-02,431.9
840,865,2025-07-13,95.51
841,1042,2025-05-07,44.96
842,325,2025-12-08,120.15
843,501,2025-03-21,95.02
844,913,2025-09-04,356.46
845,547,2025-04-24,183.73
846,944,2025-03-27,59.44
847,724,2025-07-02,80.37
848,258,2025-08-12,103.66
849,1065,2025-06-29,134.21
850,1140,2025-11-04,496.83
851,23,2025-04-17,340.49
852,1036,2025-09-02,36.59
853,121,2025-06-20,171.22
854,202,2025-05-03,176.87
855,265,2025-01-26,19.42
856,1180,2025-07-21,139.07
857,346,2025-02-25,81.8
858,958,2025-08-26,172.0
859,538,2025-02-01,212.28
860,840,2025-02-02,48.68
861,356,2025-09-26,28.94
862,519,2025-06-15,85.11
863,267,2025-09-10,300.17
864,13,2025-04-19,194.99
865,1071,2025-01-12,11.13
866,671,2025-12-08,279.49
867,801,2025-01-28,176.12
868,166,2025-10-02,136.92
869,1088,2025-03-01,100.09
870,983,2025-03-27,197.11
871,861,2025-03-20,204.94
872,809,2025-10-17,78.46
873,788,2025-07-01,153.52
874,425,2025-04-19,279.73
875,609,2025-09-28,67.62
876,440,2025-11-19,85.41
877,1292,2025-03-17,42.26
878,268,2025-12-31,101.68
879,842,2025-10-25,35.72
880,357,2025-10-15,136.96
881,246,2025-05-30,80.53
882,7,2025-02-13,197.04
883,745,2025-06-20,120.88
884,108,2025-02-11,83.74
885,396,2025-07-08,124.46
886,988,2025-05-10,156.64
887,680,2025-09-23,260.49
888,212,2025-03-14,223.33
889,844,2025-09-24,246.67
890,329,2025-12-07,46.87
891,362,2025-10-30,54.64
892,1219,2025-02-17,9.89
893,182,2025-03-14,91.18
894,42,2025-04-28,301.94
895,911,2025-11-17,81.03
896,1263,2025-04-22,109.1
897,511,2025-10-22,58.47
898,244,2025-10-06,53.99
899,1273,2025-05-08,460.01
900,987,2025-12-01,32.89
901,1293,2025-05-03,165.92
902,734,2025-07-05,100.4
903,153,2025-09-26,200.92
904,60,2025-01-08,59.4
905,797,2025-04-08,204.82
906,158,2025-03-04,267.15
907,1078,2025-11-03,314.02
908,1038,2025-10-20,92.12
909,353,2025-08-15,56.85
910,1277,2025-12-22,36.59
911,838,2025-08-18,86.18
912,1031,2025-03-05,127.29
913,1253,2025-02-03,115.09
914,574,2025-12-01,77.69
915,948,2025-08-10,37.04
916,787,2025-08-22,88.47
917,552,2025-06-23,95.86
918,1216,2025-11-21,92.0
919,604,2025-04-11,223.13
920,769,2025-04-07,136.95
921,1263,2025-06-12,91.82
922,769,2025-05-13,265.36
923,206,2025-08-24,14.42
924,1208,2025-09-29,248.62
925,855,2025-09-29,59.5
926,1059,2025-09-07,216.43
927,1259,2025-04-12,57.51
928,712,2025-03-01,74.71
929,498,2025-06-06,78.31
930,1212,2025-02-18,44.65
931,576,2025-02-25,156.24
932,225,2025-02-14,342.6
933,281,2025-03-08,196.8
934,187,2025-08-07,90.05
935,1249,2025-03-06,259.3
936,571,2025-11-05,65.68
937,1198,2025-05-21,124.84
938,773,2025-04-05,75.39
939,1231,2025-03-16,92.7
940,220,2025-06-10,86.4
941,476,2025-01-11,25.81
942,677,2025-08-12,61.31
943,949,2025-09-10,47.07
944,560,2025-03-20,159.99
945,780,2025-06-09,91.21
946,938,2025-03-05,269.05
947,445,2025-07-26,29.35
948,200,2025-09-02,135.71
949,364,2025-07-13,26.47
950,583,2025-06-05,93.61
951,669,2025-11-06,373.3
952,444,2025-10-11,113.82
953,480,2025-04-25,71.3
954,840,2025-01-15,66.67
955,480,2025-05-16,162.34
956,266,2025-02-24,173.9
957,802,2025-09-07,121.68
958,207,2025-04-06,278.07
959,1265,2025-01-26,44.96
960,699,2025-06-18,307.63
961,618,2025-01-12,107.97
962,723,2025-06-15,91.02
963,1214,2025-05-30,169.77
964,930,2025-07-22,230.57
965,355,2025-08-09,89.33
966,526,2025-10-07,46.22
967,1039,2025-06-27,277.73
968,587,2025-08-21,13.92
969,252,2025-08-09,63.19
970,518,2025-12-12,343.72
971,212,2025-04-01,109.1
972,698,2025-06-10,32.64
973,933,2025-10-27,93.08
974,556,2025-11-05,165.37
975,44,2025-05-04,35.76
976,682,2025-08-29,96.12
977,749,2025-08-11,265.16
978,672,2025-06-22,51.46
979,4,2025-12-17,135.25
980,898,2025-07-13,268.15
981,452,2025-11-16,124.99
982,387,2025-12-03,118.13
983,400,2025-08-09,72.03
984,141,2025-01-13,89.23
985,1198,2025-01-12,103.28
986,595,2025-04-27,126.86
987,60,2025-01-06,96.51
988,239,2025-03-11,112.2
989,744,2025-12-14,48.8
990,276,2025-08-01,45.5
991,1000,2025-11-28,292.17
992,584,2025-11-24,29.14
993,569,2025-12-18,114.69
994,15,2025-04-13,6.99
995,45,2025-05-28,53.03
996,253,2025-09-22,134.5
997,661,2025-04-07,89.83
998,650,2025-05-11,28.61
999,572,2025-12-01,78.76
1000,263,2025-07-25,46.41
1001,288,2025-11-15,216.83
1002,547,2025-12-28,371.46
1003,59,2025-04-11,63.97
1004,928,2025-06-24,259.88
1005,1023,2025-01-09,241.33
1006,911,2025-09-09,79.97
1007,314,2025-02-11,149.48
1008,89,2025-09-25,61.04
1009,189,2025-05-29,48.43
1010,898,2025-05-19,33.83
1011,145,2025-10-10,119.93
1012,107,2025-01-25,244.13
1013,219,2025-11-03,255.42
1014,290,2025-07-18,106.42
1015,395,2025-06-29,72.54
1016,273,2025-06-02,117.72
1017,1269,2025-06-14,52.03
1018,27,2025-09-11,104.05
1019,395,2025-01-24,183.21
1020,562,2025-10-02,130.48
1021,1147,2025-09-29,164.48
1022,728,2025-02-07,292.62
1023,1189,2025-10-05,191.77
1024,1024,2025-11-23,206.27
1025,559,2025-08-03,42.6
1026,563,2025-03-03,145.85
1027,1147,2025-05-15,148.91
1028,1207,2025-12-24,18.59
1029,651,2025-10-12,327.52
1030,693,2025-12-07,34.93
1031,1083,2025-11-26,57.95
1032,155,2025-11-24,274.08
1033,1166,2025-07-14,327.52
1034,323,2025-11-02,99.11
1035,590,2025-09-10,103.77
1036,998,2025-06-20,134.99
1037,638,2025-04-24,7.58
1038,1058,2025-10-17,190.28
1039,77,2025-08-19,231.78
1040,689,2025-06-06,165.65
1041,167,2025-03-22,142.45
1042,1104,2025-07-17,18.03
1043,302,2025-12-25,75.07
1044,72,2025-12-04,32.04
1045,540,2025-08-01,80.43
1046,1149,2025-05-12,142.44
1047,583,2025-06-05,68.13
1048,851,2025-12-23,92.07
1049,998,2025-08-06,34.22
1050,1127,2025-03-23,49.72
1051,1001,2025-11-27,190.84
1052,919,2025-06-07,236.36
1053,1195,2025-04-03,76.64
1054,759,2025-05-23,87.88
1055,235,2025-12-08,33.35
1056,914,2025-06-08,118.54
1057,945,2025-08-20,72.01
1058,334,2025-06-08,15.08
1059,256,2025-11-20,150.15
1060,449,2025-03-10,185.93
1061,876,2025-10-01,22.2
1062,1084,2025-08-05,84.09
1063,352,2025-05-21,55.06
1064,653,2025-07-31,79.39
1065,1093,2025-11-21,183.13
1066,87,2025-08-27,187.58
1067,610,2025-04-21,76.68
1068,17,2025-11-07,45.81
1069,1179,2025-09-08,29.65
1070,808,2025-03-01,87.67
1071,1116,2025-07-24,117.99
1072,62,2025-12-06,194.75
1073,1078,2025-03-09,76.74
1074,401,2025-06-03,128.89
1075,621,2025-05-15,115.17
1076,377,2025-12-28,60.4
1077,286,2025-06-13,29.36
1078,367,2025-09-04,99.53
1079,765,2025-01-16,56.89
1080,253,2025-05-22,265.7
1081,729,2025-08-22,115.55
1082,42,2025-06-12,239.54
1083,565,2025-05-17,30.74
1084,1207,2025-02-02,156.47
1085,587,2025-03-28,98.14
1086,1064,2025-02-17,144.38
1087,754,2025-10-29,195.03
1088,1031,2025-01-07,86.89
1089,1106,2025-10-04,126.63
1090,1006,2025-11-26,65.8
1091,851,2025-10-10,155.65
1092,485,2025-09-02,115.78
1093,572,2025-08-21,185.88
1094,285,2025-09-21,59.11
1095,342,2025-08-08,114.2
1096,1241,2025-05-20,255.18
1097,1121,2025-07-16,77.59
1098,1126,2025-06-25,57.27
1099,1155,2025-04-04,61.94
1100,847,2025-04-20,45.58
1101,699,2025-10-29,54.53
1102,834,2025-10-17,117.92
1103,914,2025-07-16,113.9
1104,957,2025-01-24,338.1
1105,166,2025-11-18,135.31
1106,169,2025-11-13,104.02
1107,825,2025-06-05,308.76
1108,763,2025-07-10,351.71
1109,439,2025-11-19,92.7
1110,455,2025-10-03,232.21
1111,1045,2025-09-26,63.9
1112,320,2025-09-04,108.93
1113,1261,2025-10-17,193.36
1114,685,2025-03-27,121.76
1115,840,2025-01-13,19.09
1116,1136,2025-06-30,257.16
1117,747,2025-03-14,32.86
1118,747,2025-03-16,50.5
1119,309,2025-10-31,290.27
1120,1076,2025-12-24,220.93
1121,545,2025-07-13,71.45
1122,921,2025-10-23,343.57
1123,1153,2025-04-06,59.14
1124,811,2025-06-20,148.51
1125,1079,2025-02-13,95.61
1126,589,2025-11-25,246.67
1127,940,2025-10-07,107.63
1128,88,2025-11-01,37.22
1129,1149,2025-10-28,60.86
1130,775,2025-10-09,93.69
1131,552,2025-04-28,31.93
1132,709,2025-11-27,107.14
1133,959,2025-06-24,66.24
1134,920,2025-03-13,33.76
1135,260,2025-08-29,146.4
1136,567,2025-04-04,161.97
1137,725,2025-10-31,52.47
1138,862,2025-01-13,141.05
1139,866,2025-09-30,433.45
1140,442,2025-04-03,157.12
1141,697,2025-12-24,47.66
1142,126,2025-05-19,62.64
1143,49,2025-05-06,243.94
1144,852,2025-12-25,266.4
1145,1290,2025-01-04,36.72
1146,562,2025-01-03,146.15
1147,422,2025-12-24,193.52
1148,848,2025-02-01,253.22
1149,1096,2025-06-16,18.85
1150,925,2025-08-17,93.59
1151,954,2025-05-11,187.26
1152,453,2025-05-01,144.18
1153,1154,2025-02-21,85.26
1154,157,2025-09-07,157.73
1155,789,2025-07-17,330.45
1156,713,2025-05-21,129.54
1157,109,2025-08-01,163.74
1158,1180,2025-03-13,40.49
1159,988,2025-01-19,134.02
1160,692,2025-01-12,99.32
1161,313,2025-05-28,32.94
1162,995,2025-03-22,87.56
1163,1175,2025-03-06,344.16
1164,681,2025-12-08,83.03
1165,72,2025-07-07,40.52
1166,1180,2025-05-07,140.18
1167,1227,2025-05-01,14.92
1168,716,2025-01-16,63.01
1169,411,2025-03-12,273.73
1170,985,2025-06-13,20.26
1171,419,2025-11-05,152.14
1172,786,2025-07-03,80.88
1173,686,2025-05-11,14.57
1174,705,2025-03-17,85.09
1175,891,2025-09-17,99.05
1176,959,2025-08-13,280.26
1177,440,2025-08-16,48.76
1178,178,2025-06-29,154.26
1179,144,2025-12-06,78.13
1180,573,2025-11-14,263.2
1181,1079,2025-08-26,108.69
1182,1027,2025-07-04,38.29
1183,936,2025-11-19,187.87
1184,201,2025-01-30,56.39
1185,1132,2025-06-08,90.69
1186,1082,2025-10-14,151.81
1187,264,2025-09-02,279.51
1188,734,2025-09-06,46.71
1189,327,2025-01-01,30.33
1190,924,2025-08-28,129.37
1191,863,2025-01-21,95.8
1192,77,2025-07-21,51.62
1193,877,2025-04-11,42.47
1194,856,2025-01-02,87.06
1195,622,2025-01-23,153.02
1196,238,2025-12-01,41.2
1197,141,2025-01-06,166.73
1198,756,2025-05-03,101.06
1199,160,2025-03-20,118.04
1200,912,2025-09-26,199.89
1201,1066,2025-04-05,95.31
1202,360,2025-11-01,190.99
1203,55,2025-12-08,118.43
1204,468,2025-07-08,59.37
1205,542,2025-07-03,68.2
1206,1265,2025-01-22,92.73
1207,854,2025-08-05,192.22
1208,876,2025-02-21,89.98
1209,93,2025-02-25,185.5
1210,960,2025-01-28,154.45
1211,474,2025-12-01,246.93
1212,615,2025-03-20,104.37
1213,345,2025-09-24,196.18
1214,868,2025-06-13,123.89
1215,377,2025-07-02,154.87
1216,1002,2025-03-23,8.22
1217,1281,2025-12-05,210.27
1218,961,2025-06-30,91.33
1219,984,2025-12-23,231.26
1220,790,2025-11-07,400.58
1221,1170,2025-07-26,126.3
1222,1281,2025-11-28,106.1
1223,863,2025-08-20,362.9
1224,1124,2025-06-03,140.51
1225,915,2025-07-03,305.5
1226,670,2025-02-04,136.37
1227,12,2025-10-29,444.13
1228,667,2025-09-22,60.63
1229,261,2025-04-09,55.94
1230,1284,2025-11-21,49.5
1231,613,2025-06-12,401.65
1232,89,2025-07-19,172.63
1233,1145,2025-05-06,261.63
1234,1167,2025-03-20,94.21
1235,266,2025-02-15,39.57
1236,1215,2025-02-01,278.25
1237,1180,2025-11-23,107.44
1238,913,2025-03-25,110.06
1239,1047,2025-09-12,94.01
1240,403,2025-09-23,227.6
1241,776,2025-05-14,122.71
1242,218,2025-01-08,98.9
1243,869,2025-10-22,58.77
1244,1091,2025-09-01,131.61
1245,417,2025-09-08,257.15
1246,269,2025-03-15,6.65
1247,366,2025-09-18,57.94
1248,1161,2025-07-10,129.95
1249,536,2025-07-03,92.76
1250,687,2025-05-15,53.27
1251,1287,2025-05-07,79.98
1252,134,2025-12-28,118.58
1253,37,2025-07-18,20.16
1254,500,2025-06-24,91.4
1255,145,2025-08-05,218.18
1256,1067,2025-01-02,214.15
1257,840,2025-05-23,104.66
1258,350,2025-09-25,79.57
1259,250,2025-01-13,39.59
1260,1036,2025-05-30,286.85
1261,1071,2025-01-24,326.04
1262,1045,2025-02-02,61.41
1263,266,2025-10-06,89.03
1264,54,2025-04-17,117.56
1265,296,2025-09-07,23.68
1266,383,2025-08-21,67.44
1267,1026,2025-12-03,16.45
1268,804,2025-01-31,50.89
1269,818,2025-02-26,147.15
1270,331,2025-11-29,166.07
1271,657,2025-04-05,175.72
1272,415,2025-07-31,81.16
1273,344,2025-03-05,56.0
1274,88,2025-09-09,189.21
1275,1179,2025-01-30,65.81
1276,44,2025-10-10,41.49
1277,1143,2025-05-29,339.72
1278,792,2025-08-02,42.94
1279,414,2025-07-09,20.93
1280,1042,2025-09-25,169.56
1281,144,2025-03-22,23.94
1282,1225,2025-04-22,141.74
1283,129,2025-09-20,133.75
1284,199,2025-03-18,109.14
1285,434,2025-05-01,133.94
1286,267,2025-03-25,44.94
1287,742,2025-08-24,106.08
1288,59,2025-09-20,42.88
1289,873,2025-02-05,56.35
1290,101,2025-11-03,13.89
1291,732,2025-10-16,242.81
1292,1083,2025-06-08,73.71
1293,808,2025-04-14,79.5
1294,611,2025-07-08,86.9
1295,802,2025-09-19,84.71
1296,1292,2025-08-04,210.99
1297,798,2025-04-24,133.61
1298,1151,2025-05-12,54.83
1299,385,2025-08-04,140.17
1300,1270,2025-12-24,29.15
1301,362,2025-09-17,123.41
1302,1263,2025-01-19,59.62
1303,791,2025-10-02,39.52
1304,1151,2025-10-11,353.29
1305,822,2025-04-03,88.83
1306,688,2025-08-18,95.39
1307,1195,2025-08-07,24.22
1308,405,2025-10-06,143.73
1309,14,2025-07-05,152.32
1310,13,2025-10-17,5.69
1311,555,2025-01-24,191.85
1312,719,2025-02-01,133.17
1313,247,2025-09-06,99.42
1314,375,2025-10-08,87.11
1315,818,2025-12-14,205.49
1316,1114,2025-01-04,252.2
1317,725,2025-04-27,44.09
1318,1024,2025-02-24,133.17
1319,418,2025-01-19,85.09
1320,1052,2025-11-03,77.72
1321,549,2025-12-24,93.0
1322,1262,2025-04-11,181.63
1323,492,2025-02-06,294.29
1324,63,2025-04-18,186.7
1325,414,2025-06-05,15.13
1326,1004,2025-10-04,137.89
1327,1113,2025-05-04,100.53
1328,698,2025-06-27,343.79
1329,1174,2025-04-15,145.24
1330,1216,2025-07-21,248.17
1331,469,2025-08-22,96.61
1332,391,2025-09-21,239.02
1333,981,2025-12-28,86.93
1334,371,2025-08-14,161.3
1335,503,2025-10-29,302.82
1336,381,2025-03-13,210.9
1337,868,2025-07-25,85.55
1338,1171,2025-07-21,152.22
1339,999,2025-10-05,89.8
1340,1005,2025-04-04,186.57
1341,477,2025-02-22,73.82
1342,224,2025-07-09,115.52
1343,1023,2025-05-11,22.09
1344,1166,2025-04-08,218.31
1345,311,2025-01-13,222.99
1346,390,2025-08-25,370.64
1347,490,2025-09-14,187.3
1348,339,2025-09-04,238.54
1349,1130,2025-05-29,11.29
1350,1119,2025-02-21,239.22
1351,771,2025-03-30,98.48
1352,799,2025-02-16,376.5
1353,300,2025-09-20,217.23
1354,926,2025-04-23,228.55
1355,944,2025-02-09,211.02
1356,392,2025-07-29,83.59
1357,151,2025-10-21,85.31
1358,319,2025-10-16,30.2
1359,643,2025-02-11,176.48
1360,118,2025-03-24,47.82
1361,589,2025-06-28,81.6
1362,305,2025-08-02,135.48
1363,858,2025-03-11,165.98
1364,754,2025-03-16,133.73
1365,757,2025-12-09,230.33
1366,847,2025-05-29,178.78
1367,470,2025-06-04,55.69
1368,561,2025-01-09,64.66
1369,1067,2025-03-30,166.37
1370,897,2025-02-16,176.25
1371,157,2025-01-11,28.72
1372,1159,2025-03-28,170.54
1373,421,2025-05-23,322.22
1374,1270,2025-10-25,166.58
1375,778,2025-06-15,111.88
1376,449,2025-08-06,125.35
1377,1264,2025-10-24,223.18
1378,332,2025-12-31,142.02
1379,1230,2025-08-27,161.89
1380,508,2025-09-22,123.01
1381,582,2025-04-21,73.44
1382,408,2025-06-05,554.68
1383,956,2025-04-11,113.37
1384,684,2025-09-28,31.27
1385,1148,2025-05-25,434.55
1386,381,2025-11-22,147.54
1387,492,2025-11-01,235.16
1388,158,2025-02-21,70.17
1389,1246,2025-01-03,27.26
1390,156,2025-08-04,17.27
1391,499,2025-04-23,17.2
1392,1253,2025-06-18,244.04
1393,1129,2025-12-17,155.59
1394,438,2025-08-20,123.3
1395,848,2025-06-01,141.73
1396,1070,2025-02-05,18.06
1397,873,2025-06-07,211.7
1398,477,2025-02-06,147.83
1399,159,2025-05-15,378.76
1400,185,2025-03-28,344.25
1401,1156,2025-07-15,122.16
1402,718,2025-05-31,225.18
1403,56,2025-01-10,159.39
1404,942,2025-04-22,69.38
1405,1025,2025-01-08,121.21
1406,186,2025-05-14,315.22
1407,582,2025-11-10,439.39
1408,844,2025-01-08,57.61
1409,626,2025-01-18,50.16
1410,783,2025-02-06,141.39
1411,1158,2025-12-19,322.96
1412,1086,2025-09-12,39.44
1413,1102,2025-08-10,66.24
1414,502,2025-09-19,52.09
1415,55,2025-08-27,94.58
1416,215,2025-05-10,44.9
1417,51,2025-01-23,142.02
1418,244,2025-09-06,52.38
1419,527,2025-03-22,104.28
1420,1021,2025-11-04,84.64
1421,695,2025-08-02,187.56
1422,919,2025-03-20,142.96
1423,1119,2025-02-21,132.07
1424,428,2025-09-22,55.7
1425,504,2025-03-02,154.25
1426,437,2025-11-29,98.61
1427,1202,2025-04-13,150.35
1428,768,2025-07-07,262.75
1429,785,2025-09-13,98.15
1430,106,2025-05-11,115.18
1431,132,2025-04-04,78.65
1432,352,2025-10-20,158.38
1433,1214,2025-07-04,96.61
1434,1049,2025-11-26,261.35
1435,164,2025-10-11,243.28
1436,295,2025-08-29,238.0
1437,88,2025-11-28,325.81
1438,705,2025-06-23,143.42
1439,845,2025-07-11,104.88
1440,968,2025-07-25,30.42
1441,693,2025-06-22,95.0
1442,52,2025-09-04,123.03
1443,934,2025-07-03,83.77
1444,268,2025-03-31,230.96
1445,1200,2025-07-09,138.62
1446,367,2025-05-20,357.7
1447,807,2025-05-12,85.02
1448,196,2025-06-07,13.76
1449,1048,2025-04-17,47.32
1450,1209,2025-04-28,363.75
1451,1092,2025-01-25,27.78
1452,173,2025-12-06,102.64
1453,112,2025-08-26,93.18
1454,1181,2025-12-04,98.36
1455,13,2025-12-05,92.17
1456,275,2025-02-03,139.74
1457,1223,2025-07-10,71.66
1458,1198,2025-03-28,66.71
1459,61,2025-06-16,32.36
1460,870,2025-12-19,258.03
1461,409,2025-01-14,312.89
1462,858,2025-03-29,426.19
1463,253,2025-11-08,19.53
1464,761,2025-08-05,319.62
1465,689,2025-06-05,1.3
1466,693,2025-12-16,131.93
1467,101,2025-10-23,92.84
1468,759,2025-05-12,131.74
1469,867,2025-04-24,174.3
1470,95,2025-07-29,81.8
1471,507,2025-04-17,39.0
1472,1059,2025-04-16,224.55
1473,182,2025-05-25,32.01
1474,1209,2025-07-01,118.99
1475,301,2025-01-09,110.77
1476,280,2025-01-18,551.6
1477,1159,2025-01-22,18.89
1478,394,2025-04-07,204.68
1479,1095,2025-11-22,18.78
1480,667,2025-07-30,101.22
1481,42,2025-12-05,81.14
1482,646,2025-03-18,269.75
1483,723,2025-04-29,154.07
1484,411,2025-01-31,38.75
1485,1151,2025-04-01,48.85
1486,774,2025-11-01,126.98
1487,1113,2025-04-19,128.23
1488,117,2025-12-13,182.23
1489,1,2025-04-18,119.2
1490,467,2025-10-22,81.79
1491,236,2025-01-11,112.42
1492,731,2025-04-13,75.39
1493,1175,2025-07-08,69.69
1494,373,2025-10-17,208.09
1495,553,2025-12-04,149.57
1496,134,2025-10-05,302.61
1497,499,2025-01-16,144.75
1498,451,2025-06-15,104.03
1499,834,2025-09-05,119.09
1500,708,2025-03-26,80.16
1501,928,2025-09-12,166.93
1502,1190,2025-07-04,85.2
1503,928,2025-05-25,236.54
1504,1210,2025-05-11,88.24
1505,926,2025-08-16,163.76
1506,511,2025-08-31,128.87
1507,1217,2025-03-27,227.78
1508,47,2025-07-10,128.3
1509,138,2025-01-12,47.5
1510,345,2025-10-25,321.77
1511,534,2025-04-07,150.61
1512,794,2025-09-27,83.19
1513,813,2025-01-07,121.45
1514,46,2025-09-13,47.03
1515,944,2025-08-26,80.48
1516,1271,2025-08-28,289.37
1517,295,2025-02-26,138.83
1518,650,2025-06-10,21.95
1519,539,2025-06-11,69.66
1520,1143,2025-08-28,33.18
1521,934,2025-03-11,66.62
1522,493,2025-12-19,135.59
1523,1037,2025-01-20,156.83
1524,399,2025-02-15,51.16
1525,668,2025-07-15,52.82
1526,953,2025-05-29,139.56
1527,1263,2025-10-25,28.02
1528,1008,2025-04-19,165.1
1529,882,2025-01-17,227.57
1530,970,2025-10-11,33.78
1531,392,2025-06-06,299.89
1532,6,2025-04-07,106.02
1533,1208,2025-09-10,151.5
1534,782,2025-03-20,60.33
1535,964,2025-02-11,149.23
1536,150,2025-08-28,101.76
1537,1014,2025-02-15,225.41
1538,304,2025-12-01,124.86
1539,1057,2025-03-26,268.32
1540,167,2025-11-04,256.68
1541,1180,2025-07-08,38.17
1542,984,2025-02-12,244.29
1543,859,2025-03-14,328.23
1544,476,2025-05-04,175.77
1545,1010,2025-10-24,207.45
1546,453,2025-06-13,136.97
1547,1006,2025-09-15,179.89
1548,803,2025-07-14,171.92
1549,1100,2025-09-29,137.11
1550,71,2025-04-02,122.21
1551,71,2025-01-21,64.97
1552,348,2025-12-01,81.24
1553,1245,2025-05-14,151.02
1554,539,2025-08-16,126.62
1555,337,2025-02-01,232.91
1556,68,2025-12-10,62.62
1557,410,2025-03-16,342.53
1558,387,2025-03-16,143.6
1559,418,2025-06-23,11.72
1560,703,2025-03-28,241.71
1561,287,2025-11-01,315.07
1562,1034,2025-12-09,140.26
1563,343,2025-05-24,11.7
1564,277,2025-10-30,53.08
1565,1112,2025-04-09,121.93
1566,1021,2025-12-21,50.37
1567,133,2025-08-01,163.97
1568,1008,2025-02-01,86.59
1569,422,2025-06-12,32.35
1570,627,2025-04-28,37.31
1571,1265,2025-08-29,136.57
1572,956,2025-12-26,22.23
1573,684,2025-10-15,142.8
1574,88,2025-09-27,135.73
1575,868,2025-03-27,111.28
1576,1020,2025-08-20,23.31
1577,1071,2025-02-21,173.79
1578,187,2025-11-08,36.49
1579,1146,2025-09-14,95.98
1580,107,2025-06-03,24.33
1581,753,2025-04-13,303.91
1582,813,2025-01-22,209.92
1583,119,2025-08-04,37.47
1584,620,2025-04-03,229.21
1585,504,2025-03-18,153.24
1586,489,2025-01-20,65.49
1587,335,2025-12-31,15.96
1588,469,2025-05-25,42.84
1589,194,2025-09-22,75.86
1590,709,2025-01-31,91.35
1591,1067,2025-01-30,35.37
1592,983,2025-12-31,87.09
1593,783,2025-08-06,155.09
1594,908,2025-10-29,293.68
1595,1071,2025-08-27,319.96
1596,1180,2025-01-19,72.36
1597,743,2025-07-09,199.07
1598,839,2025-12-03,24.25
1599,228,2025-01-21,95.42
1600,971,2025-04-04,58.95
1601,956,2025-12-13,193.26
1602,881,2025-04-07,101.22
1603,1088,2025-07-30,90.3
1604,1193,2025-05-26,514.56
1605,1069,2025-04-30,89.55
1606,166,2025-01-21,9.8
1607,1002,2025-03-18,92.93
1608,198,2025-03-19,94.85
1609,957,2025-02-03,92.3
1610,303,2025-12-12,33.18
1611,792,2025-01-15,88.01
1612,1049,2025-05-17,136.46
1613,821,2025-02-04,193.87
1614,396,2025-05-13,30.13
1615,786,2025-05-22,51.49
1616,684,2025-06-20,322.02
1617,395,2025-10-15,38.63
1618,1244,2025-08-01,139.89
1619,230,2025-06-30,6.11
1620,1240,2025-05-24,338.17
1621,1066,2025-02-05,83.25
1622,1224,2025-08-24,209.29
1623,1154,2025-02-09,351.67
1624,1257,2025-06-30,222.16
1625,688,2025-01-29,165.92
1626,348,2025-01-05,181.07
1627,746,2025-07-14,69.14
1628,1032,2025-03-04,18.83
1629,183,2025-11-16,103.18
1630,1032,2025-10-03,157.14
1631,1206,2025-10-26,92.73
1632,690,2025-11-27,65.25
1633,1089,2025-08-08,164.57
1634,511,2025-07-30,114.45
1635,1191,2025-11-22,167.86
1636,1169,2025-12-06,56.54
1637,154,2025-07-25,366.6
1638,970,2025-09-10,23.26
1639,867,2025-09-26,192.22
1640,251,2025-03-18,139.25
1641,964,2025-05-04,184.83
1642,279,2025-01-18,277.61
1643,728,2025-11-10,12.82
1644,557,2025-07-17,157.17
1645,1123,2025-08-21,37.72
1646,384,2025-02-02,203.86
1647,890,2025-06-10,133.27
1648,235,2025-05-29,57.05
1649,1179,2025-05-19,177.63
1650,47,2025-04-14,145.56
1651,1259,2025-05-28,361.39
1652,1110,2025-05-07,195.04
1653,1251,2025-10-03,154.52
1654,9,2025-07-25,61.83
1655,659,2025-04-12,62.8
1656,483,2025-12-11,230.75
1657,207,2025-12-13,51.9
1658,227,2025-08-16,145.7
1659,190,2025-08-10,72.32
1660,1224,2025-02-06,37.34
1661,1247,2025-03-17,174.55
1662,204,2025-02-04,156.56
1663,544,2025-06-07,146.72
1664,1030,2025-01-22,550.33
1665,473,2025-08-25,40.85
1666,77,2025-10-14,40.47
1667,302,2025-08-15,86.44
1668,1262,2025-12-26,47.81
1669,765,2025-11-30,100.67
1670,334,2025-10-25,293.21
1671,454,2025-09-14,19.13
1672,670,2025-04-03,77.27
1673,511,2025-04-01,246.88
1674,284,2025-06-28,289.6
1675,480,2025-07-15,169.47
1676,716,2025-03-26,161.62
1677,584,2025-02-24,196.74
1678,1202,2025-08-28,57.29
1679,41,2025-05-12,261.52
1680,635,2025-03-13,127.72
1681,336,2025-02-02,144.98
1682,1275,2025-05-11,86.81
1683,593,2025-09-27,336.37
1684,684,2025-11-28,136.35
1685,145,2025-04-24,11.83
1686,207,2025-06-12,237.9
1687,1134,2025-04-26,35.57
1688,900,2025-01-18,100.65
1689,1170,2025-10-22,169.63
1690,828,2025-07-11,124.71
1691,1291,2025-06-16,303.2
1692,948,2025-10-19,70.22
1693,724,2025-07-13,240.88
1694,667,2025-03-10,87.81
1695,356,2025-09-19,49.07
1696,418,2025-04-03,177.39
1697,1246,2025-11-16,118.19
1698,741,2025-02-09,63.1
1699,889,2025-07-03,229.03
1700,951,2025-10-07,27.63
1701,344,2025-01-11,68.13
1702,960,2025-06-02,78.71
1703,1084,2025-02-20,222.48
1704,723,2025-02-08,250.1
1705,142,2025-06-06,111.65
1706,521,2025-06-17,112.53
1707,623,2025-06-15,51.48
1708,588,2025-03-18,289.6
1709,784,2025-05-18,31.31
1710,467,2025-01-10,203.48
1711,198,2025-08-19,98.49
1712,1052,2025-01-31,221.4
1713,945,2025-07-25,129.01
1714,467,2025-07-20,130.04
1715,992,2025-01-12,92.33
1716,846,2025-05-22,50.69
1717,1225,2025-12-07,22.65
1718,1036,2025-10-31,29.26
1719,891,2025-10-28,81.16
1720,1213,2025-02-19,122.38
1721,840,2025-11-03,18.66
1722,452,2025-10-27,155.2
1723,375,2025-02-12,298.7
1724,1045,2025-03-23,156.81
1725,1173,2025-06-15,47.28
1726,941,2025-03-30,127.24
1727,90,2025-09-28,2.05
1728,1094,2025-04-06,130.85
1729,338,2025-05-28,100.01
1730,586,2025-12-25,183.53
1731,462,2025-09-12,37.52
1732,985,2025-12-27,89.68
1733,549,2025-07-02,20.51
1734,388,2025-06-11,191.07
1735,556,2025-12-09,177.89
1736,94,2025-01-10,89.86
1737,447,2025-07-01,76.68
1738,509,2025-04-15,126.06
1739,706,2025-07-31,276.27
1740,202,2025-11-16,112.51
1741,1016,2025-09-20,106.36
1742,67,2025-11-08,148.42
1743,866,2025-09-18,58.19
1744,119,2025-10-31,214.77
1745,699,2025-07-17,105.55
1746,1264,2025-09-08,93.25
1747,345,2025-07-09,112.63
1748,296,2025-05-25,124.35
1749,674,2025-10-20,159.45
1750,519,2025-09-05,137.0
1751,1033,2025-06-23,62.1
1752,742,2025-11-05,52.39
1753,257,2025-06-04,72.32
1754,1078,2025-08-29,190.48
1755,1016,2025-10-09,242.85
1756,899,2025-07-22,32.67
1757,1252,2025-11-21,94.16
1758,373,2025-05-09,177.9
1759,19,2025-12-22,311.06
1760,1074,2025-05-31,61.79
1761,906,2025-03-08,131.57
1762,1018,2025-11-03,94.66
1763,1070,2025-09-29,330.22
1764,276,2025-05-21,119.07
1765,146,2025-10-21,92.8
1766,1292,2025-08-02,205.21
1767,791,2025-11-30,77.27
1768,782,2025-12-09,196.78
1769,643,2025-12-21,186.6
1770,1077,2025-11-13,55.21
1771,1228,2025-04-18,44.74
1772,1127,2025-09-10,233.59
1773,652,2025-03-28,111.95
1774,94,2025-08-15,119.77
1775,606,2025-12-19,122.46
1776,1237,2025-03-07,325.95
1777,682,2025-10-16,58.87
1778,15,2025-05-03,121.14
1779,978,2025-03-10,63.22
1780,126,2025-03-09,57.96
1781,202,2025-11-18,309.76
1782,1082,2025-05-13,161.61
1783,636,2025-06-06,123.17
1784,806,2025-09-12,54.33
1785,1208,2025-02-07,236.39
1786,697,2025-06-20,178.64
1787,1117,2025-10-17,62.42
1788,1036,2025-12-23,49.65
1789,606,2025-07-05,163.86
1790,1126,2025-12-20,122.96
1791,1059,2025-04-27,134.63
1792,240,2025-11-19,138.54
1793,143,2025-05-28,199.01
1794,735,2025-08-16,262.2
1795,635,2025-12-26,34.2
1796,1131,2025-06-05,362.94
1797,614,2025-04-16,204.12
1798,457,2025-12-18,163.9
1799,934,2025-06-02,123.49
1800,645,2025-07-03,106.89
1801,1032,2025-05-03,113.75
1802,1037,2025-09-22,142.8
1803,380,2025-03-12,288.22
1804,124,2025-12-10,140.12
1805,170,2025-07-31,46.67
1806,414,2025-02-09,33.81
1807,518,2025-03-30,134.9
1808,1052,2025-11-08,61.45
1809,67,2025-12-29,250.13
1810,655,2025-03-23,3.69
1811,930,2025-06-15,174.15
1812,303,2025-12-27,207.96
1813,62,2025-07-15,83.67
1814,135,2025-06-26,308.29
1815,1285,2025-05-15,149.83
1816,816,2025-05-17,258.5
1817,923,2025-12-03,65.85
1818,285,2025-07-26,38.12
1819,981,2025-04-08,421.17
1820,91,2025-01-06,118.07
1821,162,2025-01-04,45.81
1822,164,2025-12-23,201.46
1823,301,2025-09-16,51.41
1824,1076,2025-03-29,244.88
1825,1017,2025-05-03,348.47
1826,438,2025-04-01,151.62
1827,577,2025-06-13,156.28
1828,1080,2025-04-04,135.37
1829,314,2025-03-06,104.67
1830,218,2025-12-30,14.89
1831,343,2025-03-18,37.42
1832,1219,2025-10-01,32.38
1833,908,2025-07-26,149.99
1834,637,2025-06-27,231.22
1835,124,2025-08-03,62.03
1836,1135,2025-07-13,99.24
1837,597,2025-03-12,312.16
1838,15,2025-10-20,40.63
1839,122,2025-11-07,216.34
1840,978,2025-08-01,114.47
1841,1168,2025-07-22,94.06
1842,445,2025-01-29,99.72
1843,1208,2025-02-28,46.14
1844,922,2025-03-05,120.26
1845,74,2025-02-18,38.79
1846,694,2025-08-05,191.14
1847,183,2025-01-20,125.06
1848,1137,2025-09-26,196.81
1849,180,2025-09-29,171.13
1850,1044,2025-12-17,155.11
1851,1271,2025-09-11,114.53
1852,734,2025-08-12,75.64
1853,857,2025-02-12,284.08
1854,966,2025-05-18,130.01
1855,217,2025-06-12,158.5
1856,839,2025-06-05,161.5
1857,1295,2025-12-15,169.52
1858,405,2025-08-06,65.51
1859,842,2025-12-02,183.22
1860,1055,2025-01-22,77.18
1861,1256,2025-05-26,53.0
1862,1040,2025-08-11,188.74
1863,300,2025-09-21,99.15
1864,285,2025-10-28,35.65
1865,869,2025-02-02,120.05
1866,45,2025-05-06,51.6
1867,2,2025-07-19,187.97
1868,76,2025-02-11,30.29
1869,1113,2025-04-27,110.99
1870,750,2025-08-04,105.87
1871,124,2025-09-14,187.84
1872,1000,2025-09-19,266.99
1873,831,2025-11-24,217.33
1874,250,2025-06-17,109.94
1875,583,2025-01-07,127.99
1876,901,2025-03-08,296.43
1877,1014,2025-08-23,67.82
1878,251,2025-09-14,167.87
1879,820,2025-03-16,178.9
1880,702,2025-03-06,339.13
1881,763,2025-02-04,274.04
1882,747,2025-05-27,125.31
1883,1184,2025-01-17,59.68
1884,551,2025-09-29,43.75
1885,132,2025-06-06,165.45
1886,37,2025-01-01,68.6
1887,808,2025-07-24,88.34
1888,97,2025-10-24,298.02
1889,27,2025-04-11,113.57
1890,1273,2025-09-13,340.55
1891,559,2025-10-09,47.17
1892,1204,2025-01-02,103.68
1893,1086,2025-11-25,193.77
1894,301,2025-07-06,134.86
1895,514,2025-02-24,87.21
1896,142,2025-07-24,37.19
1897,799,2025-11-06,138.87
1898,891,2025-02-01,240.34
1899,239,2025-11-28,124.99
1900,9,2025-04-01,150.74
1901,85,2025-05-26,66.07
1902,1086,2025-07-14,151.29
1903,1079,2025-07-24,123.82
1904,1264,2025-06-21,473.71
1905,1041,2025-08-17,80.46
1906,667,2025-12-08,130.56
1907,114,2025-04-17,318.21
1908,1101,2025-11-13,135.79
1909,463,2025-01-19,40.77
1910,1226,2025-04-27,45.54
1911,134,2025-08-27,41.42
1912,382,2025-04-12,247.5
1913,210,2025-09-13,15.89
1914,647,2025-12-04,84.29
1915,1248,2025-04-14,38.41
1916,534,2025-03-03,15.93
1917,116,2025-06-18,79.8
1918,1173,2025-06-10,78.37
1919,383,2025-12-26,133.22
1920,820,2025-08-11,50.72
1921,1034,2025-08-25,114.71
1922,1000,2025-03-09,295.36
1923,472,2025-02-02,73.5
1924,989,2025-03-28,244.08
1925,408,2025-08-21,170.86
1926,644,2025-10-31,41.02
1927,171,2025-12-20,41.65
1928,393,2025-09-15,78.65
1929,188,2025-07-27,99.8
1930,225,2025-07-04,254.71
1931,326,2025-12-28,24.28
1932,546,2025-05-22,51.21
1933,444,2025-08-23,11.4
1934,760,2025-11-17,277.34
1935,1001,2025-11-17,34.77
1936,752,2025-05-18,65.06
1937,1262,2025-12-27,96.3
1938,598,2025-07-30,118.3
1939,593,2025-06-13,23.51
1940,1147,2025-02-25,107.42
1941,412,2025-06-11,68.83
1942,118,2025-02-10,68.13
1943,35,2025-09-27,100.6
1944,1142,2025-03-10,23.74
1945,950,2025-11-13,59.68
1946,1019,2025-11-03,58.07
1947,597,2025-01-10,301.21
1948,1267,2025-08-03,55.18
1949,147,2025-10-21,500.31
1950,79,2025-06-25,161.73
1951,890,2025-10-17,156.08
1952,348,2025-08-09,46.49
1953,1029,2025-02-11,184.65
1954,18,2025-12-02,136.05
1955,633,2025-06-12,92.52
1956,518,2025-11-25,379.96
1957,95,2025-08-06,385.11
1958,245,2025-07-06,211.54
1959,514,2025-09-08,51.5
1960,382,2025-12-26,103.4
1961,1246,2025-07-21,16.65
1962,462,2025-01-01,129.36
1963,908,2025-12-22,102.9
1964,525,2025-06-25,152.3
1965,1149,2025-02-01,30.4
1966,1018,2025-04-15,59.82
1967,300,2025-12-03,178.65
1968,199,2025-01-06,178.04
1969,1017,2025-01-07,179.65
1970,1051,2025-04-06,110.16
1971,139,2025-06-16,105.35
1972,210,2025-04-03,129.27
1973,313,2025-10-02,81.4
1974,512,2025-03-07,225.89
1975,1006,2025-10-10,156.95
1976,674,2025-12-04,133.0
1977,3,2025-11-04,103.5
1978,71,2025-02-14,97.44
1979,1154,2025-10-05,38.72
1980,366,2025-01-19,69.31
1981,1163,2025-02-12,19.36
1982,672,2025-11-05,29.59
1983,1039,2025-05-13,79.13
1984,1032,2025-09-11,59.09
1985,8,2025-12-15,110.02
1986,1063,2025-04-08,70.61
1987,483,2025-12-20,346.67
1988,992,2025-08-07,24.77
1989,283,2025-06-29,55.11
1990,997,2025-01-07,74.99
1991,226,2025-10-30,282.46
1992,468,2025-05-29,125.59
1993,696,2025-12-19,323.1
1994,746,2025-07-29,76.37
1995,243,2025-09-28,106.77
1996,1093,2025-12-03,20.73
1997,1159,2025-08-28,31.13
1998,114,2025-12-22,281.91
1999,1229,2025-12-21,20.12
2000,917,2025-08-09,35.36
2001,583,2025-12-26,206.11
2002,912,2025-10-12,129.42
2003,444,2025-12-14,33.81
2004,995,2025-09-20,209.01
2005,302,2025-11-26,108.67
2006,1285,2025-09-02,37.81
2007,1036,2025-05-20,56.87
2008,993,2025-12-20,64.46
2009,231,2025-08-24,67.51
2010,316,2025-07-03,129.89
2011,199,2025-09-05,265.37
2012,400,2025-11-01,166.1
2013,1207,2025-11-26,87.18
2014,1152,2025-06-30,55.45
2015,300,2025-09-10,183.25
2016,892,2025-12-08,180.94
2017,661,2025-04-05,89.12
2018,125,2025-08-13,33.43
2019,289,2025-06-17,133.72
2020,527,2025-12-22,109.76
2021,458,2025-04-06,270.92
2022,175,2025-03-19,152.94
2023,1091,2025-11-28,42.37
2024,660,2025-11-16,29.67
2025,586,2025-07-03,201.49
2026,615,2025-06-01,172.57
2027,835,2025-11-13,77.69
2028,1166,2025-10-31,18.99
2029,1112,2025-09-04,102.13
2030,727,2025-04-02,145.4
2031,645,2025-12-04,171.59
2032,490,2025-10-22,74.18
2033,913,2025-04-06,94.64
2034,1014,2025-07-10,95.01
2035,353,2025-03-01,153.22
2036,1066,2025-07-02,61.27
2037,311,2025-07-30,107.37
2038,48,2025-08-02,57.89
2039,646,2025-07-18,47.1
2040,8,2025-08-27,108.63
2041,449,2025-10-15,170.95
2042,618,2025-12-05,118.28
2043,949,2025-05-29,222.64
2044,873,2025-07-09,42.69
2045,705,2025-07-22,71.87
2046,602,2025-07-20,120.45
2047,1078,2025-11-27,59.19
2048,1253,2025-06-17,27.13
2049,903,2025-06-13,53.29
2050,74,2025-06-24,111.72
2051,550,2025-05-12,93.81
2052,346,2025-08-30,16.53
2053,1063,2025-08-03,97.89
2054,951,2025-01-29,277.28
2055,163,2025-07-25,22.47
2056,80,2025-09-18,14.29
2057,941,2025-04-29,233.17
2058,756,2025-10-14,55.33
2059,1287,2025-12-09,311.87
2060,866,2025-06-07,30.7
2061,1291,2025-05-02,141.26
2062,886,2025-09-02,303.08
2063,1205,2025-02-12,23.18
2064,1249,2025-01-31,116.3
2065,976,2025-08-05,156.21
2066,764,2025-03-19,43.0
2067,811,2025-01-18,104.26
2068,344,2025-05-14,59.05
2069,938,2025-04-20,36.1
2070,487,2025-05-18,22.98
2071,61,2025-01-22,41.61
2072,872,2025-12-05,47.62
2073,1288,2025-04-04,74.57
2074,1150,2025-09-27,199.07
2075,794,2025-01-16,378.7
2076,204,2025-05-30,437.58
2077,860,2025-03-18,40.74
2078,1074,2025-06-14,52.64
2079,816,2025-12-30,39.69
2080,954,2025-07-06,22.97
2081,505,2025-09-23,71.01
2082,263,2025-01-20,74.84
2083,1277,2025-05-11,38.69
2084,986,2025-10-18,218.79
2085,507,2025-07-01,269.15
2086,70,2025-10-15,156.45
2087,435,2025-11-07,94.24
2088,747,2025-06-19,122.9
2089,299,2025-07-10,82.78
2090,295,2025-04-01,37.5
2091,648,2025-11-08,173.61
2092,889,2025-12-02,35.8
2093,380,2025-10-05,195.09
2094,163,2025-03-24,93.63
2095,730,2025-08-17,32.72
2096,1004,2025-06-13,136.1
2097,782,2025-12-06,35.43
2098,164,2025-03-31,104.22
2099,54,2025-07-15,219.41
2100,1239,2025-05-02,128.21
2101,496,2025-06-28,110.89
2102,387,2025-08-12,281.66
2103,134,2025-10-08,110.15
2104,1294,2025-12-31,219.85
2105,503,2025-01-26,92.33
2106,321,2025-12-09,34.24
2107,1258,2025-12-03,272.66
2108,672,2025-05-24,31.91
2109,115,2025-02-25,215.85
2110,610,2025-05-06,305.79
2111,844,2025-11-21,127.35
2112,653,2025-08-22,93.65
2113,1163,2025-09-09,252.98
2114,572,2025-11-16,91.84
2115,683,2025-04-21,323.28
2116,252,2025-05-30,257.36
2117,211,2025-09-25,110.69
2118,12,2025-06-29,298.75
2119,976,2025-07-10,55.73
2120,123,2025-01-29,69.07
2121,553,2025-06-11,76.65
2122,110,2025-07-10,333.11
2123,601,2025-05-07,62.69
2124,752,2025-08-10,210.92
2125,1010,2025-06-17,130.71
2126,791,2025-06-12,122.47
2127,988,2025-06-30,187.45
2128,1293,2025-11-15,41.5
2129,369,2025-07-02,269.33
2130,198,2025-01-28,81.0
2131,669,2025-07-20,24.15
2132,506,2025-07-18,238.47
2133,433,2025-01-27,122.44
2134,300,2025-11-24,229.41
2135,62,2025-09-23,534.84
2136,876,2025-08-06,163.39
2137,1051,2025-09-26,85.85
2138,861,2025-04-16,261.32
2139,1064,2025-01-29,136.2
2140,934,2025-08-17,82.24
2141,71,2025-04-28,56.6
2142,318,2025-10-28,269.72
2143,1216,2025-08-16,91.78
2144,401,2025-05-06,99.12
2145,446,2025-12-07,51.82
2146,1076,2025-05-03,34.4
2147,403,2025-11-21,62.91
2148,1078,2025-06-09,48.01
2149,1245,2025-05-20,120.65
2150,658,2025-12-24,39.27
2151,137,2025-03-16,51.59
2152,1023,2025-09-16,256.2
2153,294,2025-02-09,51.4
2154,284,2025-03-04,73.73
2155,423,2025-06-07,37.29
2156,1269,2025-08-30,343.09
2157,547,2025-02-26,205.49
2158,182,2025-04-06,33.14
2159,396,2025-03-14,11.35
2160,857,2025-03-16,53.08
2161,484,2025-10-09,105.71
2162,409,2025-10-01,13.82
2163,824,2025-08-06,74.87
2164,382,2025-05-15,496.72
2165,910,2025-06-25,173.21
2166,1036,2025-07-21,50.1
2167,205,2025-02-17,123.32
2168,772,2025-08-24,104.16
2169,408,2025-09-08,144.52
2170,505,2025-11-07,250.17
2171,393,2025-07-28,243.9
2172,146,2025-10-30,80.32
2173,242,2025-07-02,144.23
2174,207,2025-04-15,50.31
2175,977,2025-03-17,218.81
2176,1199,2025-10-22,70.75
2177,591,2025-02-04,336.13
2178,424,2025-06-24,30.26
2179,1292,2025-09-16,18.12
2180,129,2025-05-16,129.68
2181,1025,2025-05-15,53.45
2182,105,2025-08-12,68.37
2183,653,2025-02-04,206.58
2184,1109,2025-04-13,77.3
2185,1257,2025-04-21,120.96
2186,621,2025-03-12,70.11
2187,1051,2025-03-18,228.56
2188,1003,2025-09-14,87.98
2189,20,2025-11-30,73.33
2190,813,2025-09-27,66.27
2191,1106,2025-11-26,84.9
2192,470,2025-09-30,50.68
2193,400,2025-03-09,133.72
2194,283,2025-03-14,5.23
2195,1143,2025-09-27,109.92
2196,1261,2025-07-05,74.23
2197,742,2025-08-20,56.93
2198,541,2025-11-05,278.05
2199,611,2025-09-05,54.88
2200,716,2025-07-21,34.24
2201,360,2025-02-06,144.5
2202,1152,2025-09-27,201.57
2203,308,2025-06-03,183.87
2204,1218,2025-04-25,58.42
2205,260,2025-07-16,54.62
2206,384,2025-04-27,141.52
2207,110,2025-02-18,219.77
2208,89,2025-08-06,109.45
2209,1055,2025-12-14,104.42
2210,835,2025-07-17,25.49
2211,1117,2025-09-04,36.09
2212,736,2025-08-07,83.64
2213,579,2025-07-20,120.02
2214,282,2025-08-28,142.68
2215,1259,2025-02-08,86.02
2216,500,2025-07-14,80.84
2217,1244,2025-03-31,147.14
2218,823,2025-12-17,188.17
2219,746,2025-08-29,70.88
2220,1056,2025-10-13,86.53
2221,659,2025-03-27,46.68
2222,280,2025-01-01,113.96
2223,372,2025-04-03,204.21
2224,477,2025-09-17,35.64
2225,889,2025-12-30,48.68
2226,637,2025-04-24,164.95
2227,1029,2025-07-22,94.22
2228,1014,2025-04-05,101.2
2229,567,2025-02-23,400.2
2230,758,2025-07-18,100.59
2231,488,2025-06-07,61.36
2232,359,2025-10-26,173.58
2233,336,2025-02-20,89.87
2234,1002,2025-04-21,279.25
2235,1050,2025-05-02,377.53
2236,160,2025-12-08,91.91
2237,722,2025-04-05,162.05
2238,1279,2025-04-15,34.61
2239,53,2025-08-17,76.55
2240,304,2025-01-30,77.01
2241,1142,2025-08-29,140.99
2242,1088,2025-06-19,175.12
2243,1120,2025-04-15,150.95
2244,268,2025-01-09,141.02
2245,918,2025-01-27,33.08
2246,1234,2025-03-20,191.92
2247,872,2025-03-26,24.99
2248,122,2025-05-17,307.21
2249,809,2025-09-02,27.39
2250,241,2025-10-14,181.87
2251,737,2025-06-20,92.38
2252,607,2025-02-04,87.23
2253,627,2025-04-30,19.81
2254,602,2025-01-24,197.98
2255,1229,2025-01-12,47.79
2256,1066,2025-01-08,348.31
2257,1065,2025-06-30,112.76
2258,400,2025-09-10,193.81
2259,422,2025-02-27,248.97
2260,858,2025-09-20,447.71
2261,3,2025-12-21,30.61
2262,193,2025-11-14,163.59
2263,322,2025-03-20,60.95
2264,675,2025-12-03,57.63
2265,1021,2025-12-06,27.24
2266,100,2025-09-03,155.72
2267,832,2025-12-17,77.92
2268,1136,2025-02-11,98.84
2269,235,2025-05-31,31.75
2270,1058,2025-01-21,149.4
2271,910,2025-10-08,76.31
2272,291,2025-02-01,151.15
2273,803,2025-04-14,153.71
2274,1188,2025-09-08,29.8
2275,1024,2025-11-24,263.27
2276,1133,2025-07-08,36.2
2277,693,2025-04-05,146.06
2278,854,2025-08-15,66.49
2279,949,2025-02-11,103.67
2280,492,2025-02-27,176.17
2281,301,2025-09-27,97.56
2282,300,2025-02-17,237.29
2283,1011,2025-12-01,184.75
2284,347,2025-11-02,188.86
2285,766,2025-03-18,2.68
2286,619,2025-05-24,317.52
2287,561,2025-02-26,54.04
2288,1025,2025-03-13,129.84
2289,198,2025-08-05,152.62
2290,1194,2025-04-23,15.75
2291,672,2025-02-21,129.1
2292,343,2025-06-01,155.92
2293,350,2025-06-07,79.09
2294,545,2025-02-14,52.11
2295,545,2025-04-16,108.83
2296,365,2025-04-22,58.49
2297,342,2025-07-23,315.34
2298,860,2025-07-06,118.44
2299,828,2025-08-01,69.0
2300,637,2025-03-30,35.28
2301,848,2025-05-10,45.97
2302,1115,2025-09-12,5.88
2303,152,2025-06-03,121.32
2304,359,2025-10-24,107.62
2305,639,2025-09-09,56.14
2306,701,2025-09-14,171.66
2307,1125,2025-03-03,372.85
2308,479,2025-10-10,189.48
2309,273,2025-03-20,99.6
2310,51,2025-11-29,237.03
2311,1288,2025-05-14,13.22
2312,577,2025-06-17,89.61
2313,1085,2025-11-12,154.26
2314,1173,2025-07-29,179.58
2315,399,2025-03-12,58.48
2316,312,2025-02-17,459.29
2317,883,2025-01-15,166.14
2318,281,2025-10-22,47.43
2319,874,2025-10-15,69.03
2320,181,2025-05-11,304.73
2321,948,2025-03-06,31.37
2322,164,2025-10-17,18.28
2323,89,2025-03-27,143.77
2324,27,2025-02-11,51.6
2325,174,2025-05-25,127.59
2326,1221,2025-08-14,191.54
2327,813,2025-08-31,274.3
2328,1188,2025-07-25,88.35
2329,66,2025-08-25,414.1
2330,128,2025-08-07,76.33
2331,276,2025-01-12,48.36
2332,909,2025-04-03,63.72
2333,676,2025-09-27,142.05
2334,791,2025-08-28,173.78
2335,161,2025-03-20,58.68
2336,96,2025-01-22,68.66
2337,874,2025-06-22,33.12
2338,85,2025-09-05,159.44
2339,733,2025-06-25,206.09
2340,407,2025-05-17,101.81
2341,1260,2025-05-07,164.07
2342,287,2025-07-26,223.88
2343,1277,2025-02-05,29.96
2344,367,2025-10-04,136.24
2345,667,2025-03-22,256.81
2346,363,2025-02-15,313.9
2347,401,2025-05-11,91.78
2348,430,2025-01-04,132.59
2349,1260,2025-02-22,152.9
2350,369,2025-10-12,176.58
2351,81,2025-10-21,168.59
2352,506,2025-05-31,64.29
2353,289,2025-03-05,48.21
2354,476,2025-01-31,35.3
2355,28,2025-05-28,365.79
2356,237,2025-08-04,89.2
2357,242,2025-02-12,137.44
2358,462,2025-04-12,197.94
2359,971,2025-10-18,125.11
2360,1166,2025-03-01,109.23
2361,70,2025-06-19,28.23
2362,552,2025-02-02,46.86
2363,155,2025-11-23,57.57
2364,684,2025-06-01,181.53
2365,788,2025-05-30,151.48
2366,280,2025-02-20,243.65
2367,890,2025-12-03,41.34
2368,1123,2025-06-10,74.98
2369,1037,2025-12-20,302.66
2370,1148,2025-07-26,39.5
2371,400,2025-11-01,91.97
2372,641,2025-03-24,197.63
2373,336,2025-12-21,84.26
2374,1265,2025-04-16,270.93
2375,397,2025-11-02,96.34
2376,1011,2025-12-31,119.41
2377,781,2025-08-31,88.58
2378,68,2025-08-01,104.18
2379,1297,2025-03-25,180.94
2380,1214,2025-02-24,201.55
2381,897,2025-04-24,302.84
2382,763,2025-10-25,123.55
2383,703,2025-11-09,148.98
2384,123,2025-06-08,84.71
2385,252,2025-09-12,64.98
2386,293,2025-07-11,110.71
2387,1167,2025-02-05,73.08
2388,330,2025-10-25,198.43
2389,595,2025-12-03,229.69
2390,1073,2025-12-29,40.66
2391,503,2025-02-10,27.14
2392,2,2025-08-26,12.07
2393,913,2025-10-20,220.73
2394,195,2025-03-07,269.62
2395,1138,2025-09-12,25.93
2396,1235,2025-07-29,383.96
2397,1046,2025-05-31,453.73
2398,863,2025-03-02,62.18
2399,950,2025-03-14,142.41
2400,64,2025-12-17,228.03
2401,482,2025-11-01,376.51
2402,365,2025-02-01,50.52
2403,340,2025-06-06,54.67
2404,195,2025-03-22,327.73
2405,1184,2025-02-18,26.58
2406,299,2025-02-01,115.08
2407,1023,2025-10-12,67.76
2408,892,2025-08-01,343.98
2409,1228,2025-01-27,122.02
2410,290,2025-11-28,32.64
2411,139,2025-05-02,469.77
2412,1091,2025-05-26,46.98
2413,161,2025-07-14,10.72
2414,193,2025-08-20,232.76
2415,1104,2025-12-09,67.43
2416,1173,2025-04-07,211.02
2417,345,2025-07-13,23.83
2418,747,2025-12-22,251.69
2419,1056,2025-10-31,125.04
2420,906,2025-06-07,27.12
2421,915,2025-09-21,117.09
2422,682,2025-12-14,93.07
2423,1105,2025-10-07,189.96
2424,112,2025-12-08,17.24
2425,258,2025-12-19,53.83
2426,187,2025-06-24,306.7
2427,713,2025-09-10,167.57
2428,551,2025-05-26,35.6
2429,1005,2025-12-03,135.93
2430,1147,2025-04-14,44.01
2431,285,2025-08-16,121.86
2432,12,2025-03-08,171.39
2433,1193,2025-10-19,252.87
2434,759,2025-03-17,202.49
2435,267,2025-09-08,336.44
2436,502,2025-07-03,134.49
2437,191,2025-11-03,76.3
2438,290,2025-03-14,117.54
2439,970,2025-02-17,98.62
2440,1262,2025-06-04,63.79
2441,491,2025-05-17,194.77
2442,686,2025-04-10,115.2
2443,661,2025-09-29,63.84
2444,670,2025-10-25,44.38
2445,181,2025-11-18,145.54
2446,68,2025-10-09,215.24
2447,695,2025-10-06,50.1
2448,305,2025-10-12,533.44
2449,844,2025-03-01,257.32
2450,707,2025-11-26,131.43
2451,1214,2025-07-30,44.72
2452,557,2025-09-20,205.23
2453,639,2025-07-02,97.02
2454,437,2025-04-20,149.12
2455,557,2025-03-15,78.57
2456,944,2025-04-06,64.52
2457,96,2025-04-08,100.42
2458,57,2025-04-15,15.72
2459,995,2025-08-30,119.45
2460,452,2025-01-31,197.83
2461,947,2025-02-11,98.18
2462,400,2025-04-18,137.47
2463,429,2025-09-13,41.01
2464,769,2025-05-17,41.73
2465,968,2025-07-25,100.21
2466,856,2025-09-01,197.33
2467,781,2025-05-14,87.05
2468,556,2025-05-27,119.31
2469,172,2025-09-03,103.94
2470,836,2025-12-15,311.87
2471,708,2025-07-08,53.8
2472,181,2025-03-04,76.18
2473,934,2025-12-24,214.08
2474,1255,2025-05-02,437.58
2475,735,2025-10-22,42.01
2476,1148,2025-09-18,106.28
2477,721,2025-06-28,318.95
2478,938,2025-09-28,127.21
2479,75,2025-11-24,80.09
2480,432,2025-01-19,92.61
2481,934,2025-11-03,168.51
2482,380,2025-01-28,87.82
2483,21,2025-09-15,147.64
2484,68,2025-04-25,29.11
2485,566,2025-11-04,128.21
2486,118,2025-10-13,214.24
2487,789,2025-06-18,407.95
2488,315,2025-01-12,89.79
2489,1130,2025-01-16,201.85
2490,396,2025-05-24,204.36
2491,1161,2025-11-01,33.99
2492,25,2025-11-16,159.06
2493,812,2025-08-19,38.82
2494,671,2025-09-22,29.64
2495,1029,2025-01-07,140.16
2496,447,2025-07-18,252.88
2497,791,2025-10-16,185.79
2498,54,2025-11-18,288.63
2499,34,2025-10-28,27.99
2500,478,2025-08-12,122.93
2501,77,2025-12-12,303.25
2502,10,2025-09-05,369.18
2503,833,2025-05-16,26.66
2504,531,2025-07-08,300.59
2505,510,2025-07-29,112.96
2506,1068,2025-05-21,111.43
2507,13,2025-09-06,120.83
2508,26,2025-03-09,127.92
2509,433,2025-10-06,35.98
2510,611,2025-07-29,131.84
2511,898,2025-01-13,104.77
2512,138,2025-07-22,56.22
2513,622,2025-01-12,43.72
2514,861,2025-01-30,63.86
2515,433,2025-08-10,84.49
2516,988,2025-11-09,175.84
2517,641,2025-08-31,405.33
2518,750,2025-01-01,71.02
2519,88,2025-06-29,204.05
2520,720,2025-06-25,127.21
2521,1225,2025-07-03,91.1
2522,637,2025-10-02,41.45
2523,992,2025-10-29,307.83
2524,199,2025-12-08,34.04
2525,233,2025-02-25,183.07
2526,207,2025-01-17,118.54
2527,382,2025-06-08,107.92
2528,318,2025-08-17,37.19
2529,1041,2025-02-01,198.66
2530,981,2025-08-29,301.46
2531,638,2025-01-19,81.18
2532,247,2025-01-06,185.9
2533,113,2025-09-03,89.98
2534,1064,2025-06-01,182.96
2535,362,2025-01-28,147.73
2536,612,2025-03-13,81.33
2537,363,2025-03-16,131.03
2538,804,2025-03-13,345.75
2539,1255,2025-12-14,166.23
2540,527,2025-06-24,203.74
2541,1280,2025-11-04,171.72
2542,1100,2025-12-10,218.6
2543,445,2025-10-05,102.21
2544,1166,2025-02-24,37.06
2545,611,2025-01-07,86.9
2546,998,2025-02-23,106.82
2547,104,2025-09-28,58.46
2548,678,2025-05-25,143.29
2549,1297,2025-08-26,140.15
2550,689,2025-01-29,184.79
2551,1092,2025-08-09,83.05
2552,513,2025-06-02,94.05
2553,1199,2025-11-28,88.68
2554,1080,2025-11-27,38.88
2555,709,2025-05-30,117.0
2556,1298,2025-12-23,107.56
2557,683,2025-07-04,28.87
2558,358,2025-04-15,79.48
2559,1255,2025-09-30,22.89
2560,899,2025-04-15,198.24
2561,244,2025-11-15,34.89
2562,1014,2025-05-21,86.91
2563,123,2025-01-22,21.69
2564,1028,2025-01-18,203.47
2565,1209,2025-06-29,90.34
2566,870,2025-03-09,109.89
2567,757,2025-09-01,89.75
2568,420,2025-12-10,97.79
2569,935,2025-09-03,72.91
2570,685,2025-10-23,187.66
2571,1175,2025-11-15,80.24
2572,7,2025-01-09,67.06
2573,1082,2025-11-02,155.42
2574,1227,2025-01-02,69.05
2575,942,2025-07-29,147.52
2576,622,2025-05-01,135.35
2577,462,2025-06-22,85.24
2578,1155,2025-08-15,134.41
2579,220,2025-04-08,152.01
2580,952,2025-03-29,129.17
2581,1011,2025-10-18,71.16
2582,194,2025-07-18,19.6
2583,408,2025-03-28,413.62
2584,1046,2025-06-23,459.98
2585,189,2025-07-20,125.42
2586,769,2025-09-06,74.35
2587,1178,2025-07-23,31.5
2588,563,2025-08-11,63.73
2589,526,2025-03-15,85.29
2590,352,2025-04-04,67.71
2591,903,2025-04-19,53.14
2592,281,2025-03-08,241.23
2593,736,2025-02-27,50.28
2594,306,2025-01-01,240.57
2595,861,2025-07-21,146.36
2596,453,2025-07-23,132.65
2597,971,2025-05-24,126.39
2598,969,2025-12-01,16.72
2599,1281,2025-04-16,82.29
2600,13,2025-11-11,20.01
2601,771,2025-06-05,94.13
2602,758,2025-05-19,11.54
2603,302,2025-06-06,141.28
2604,1212,2025-04-23,53.39
2605,112,2025-09-28,281.05
2606,372,2025-12-18,69.23
2607,402,2025-10-15,369.05
2608,691,2025-06-05,245.07
2609,393,2025-12-08,562.11
2610,685,2025-01-10,60.89
2611,940,2025-11-13,218.77
2612,873,2025-04-11,80.12
2613,739,2025-08-16,115.53
2614,65,2025-08-15,42.34
2615,841,2025-05-18,283.12
2616,156,2025-01-06,229.32
2617,849,2025-09-26,30.11
2618,1257,2025-09-26,105.77
2619,689,2025-11-09,111.32
2620,1265,2025-04-12,85.57
2621,293,2025-03-10,116.75
2622,923,2025-06-14,197.57
2623,106,2025-01-15,136.22
2624,1264,2025-11-21,79.22
2625,194,2025-06-07,41.66
2626,593,2025-07-25,128.03
2627,272,2025-12-19,50.39
2628,1188,2025-09-11,62.77
2629,10,2025-09-09,130.91
2630,869,2025-10-14,234.41
2631,343,2025-11-09,53.91
2632,1027,2025-05-20,158.96
2633,967,2025-02-06,80.5
2634,1053,2025-06-28,30.2
2635,1179,2025-05-30,125.59
2636,1060,2025-08-09,104.58
2637,196,2025-06-27,212.45
2638,717,2025-11-05,202.8
2639,683,2025-11-29,155.21
2640,234,2025-08-28,130.5
2641,726,2025-03-06,26.52
2642,36,2025-09-15,23.92
2643,535,2025-02-19,41.66
2644,304,2025-03-13,130.83
2645,554,2025-03-03,98.28
2646,975,2025-08-16,64.07
2647,830,2025-05-11,111.22
2648,43,2025-07-24,79.14
2649,473,2025-09-08,54.77
2650,1157,2025-05-28,131.1
2651,646,2025-03-24,199.75
2652,335,2025-08-08,143.49
2653,23,2025-06-08,110.01
2654,901,2025-11-25,7.5
2655,670,2025-10-20,97.44
2656,193,2025-01-26,68.59
2657,1100,2025-02-18,100.39
2658,1228,2025-08-10,174.57
2659,843,2025-06-13,84.08
2660,666,2025-11-29,54.83
2661,605,2025-02-24,89.2
2662,382,2025-12-03,57.68
2663,790,2025-03-18,155.38
2664,93,2025-01-16,255.98
2665,108,2025-01-16,212.27
2666,898,2025-12-14,16.9
2667,233,2025-08-07,133.99
2668,1275,2025-05-25,183.43
2669,149,2025-10-20,189.09
2670,1259,2025-10-15,66.88
2671,799,2025-10-19,151.26
2672,146,2025-04-22,160.37
2673,151,2025-09-08,25.75
2674,1010,2025-01-26,335.16
2675,50,2025-09-17,210.78
2676,832,2025-07-26,52.16
2677,41,2025-06-30,188.56
2678,222,2025-07-24,80.58
2679,493,2025-01-17,156.88
2680,850,2025-10-11,44.31
2681,282,2025-10-24,62.33
2682,365,2025-08-24,53.96
2683,185,2025-01-07,113.07
2684,379,2025-09-05,179.38
2685,711,2025-07-30,108.66
2686,651,2025-03-27,22.86
2687,233,2025-05-03,294.11
2688,439,2025-05-02,33.4
2689,289,2025-11-03,57.11
2690,518,2025-06-09,109.03
2691,698,2025-09-11,95.77
2692,1284,2025-08-15,133.11
2693,552,2025-10-12,177.02
2694,426,2025-03-09,126.07
2695,490,2025-06-09,70.36
2696,430,2025-02-20,379.47
2697,456,2025-03-30,39.44
2698,300,2025-08-17,107.52
2699,320,2025-04-11,81.93
2700,1126,2025-03-04,177.0
2701,396,2025-09-16,92.89
2702,862,2025-10-27,183.9
2703,916,2025-11-26,166.61
2704,985,2025-08-13,129.65
2705,1182,2025-10-28,65.72
2706,546,2025-02-18,104.87
2707,411,2025-03-06,175.66
2708,969,2025-03-14,346.49
2709,1197,2025-09-14,162.21
2710,160,2025-03-05,81.38
2711,712,2025-02-08,146.07
2712,760,2025-02-27,181.83
2713,389,2025-01-17,54.88
2714,323,2025-12-12,298.11
2715,206,2025-10-12,75.72
2716,38,2025-02-11,75.91
2717,1145,2025-05-28,259.09
2718,1053,2025-08-09,87.48
2719,349,2025-08-24,251.52
2720,550,2025-10-31,124.3
2721,487,2025-08-07,77.94
2722,261,2025-11-19,406.85
2723,263,2025-07-21,220.42
2724,1207,2025-06-10,145.64
2725,1205,2025-01-03,39.74
2726,76,2025-09-21,48.87
2727,793,2025-09-22,142.61
2728,128,2025-06-21,179.5
2729,207,2025-09-25,95.85
2730,538,2025-03-07,68.62
2731,869,2025-08-03,237.37
2732,700,2025-05-05,50.44
2733,82,2025-03-03,67.75
2734,1158,2025-04-21,282.95
2735,742,2025-08-02,144.77
2736,431,2025-11-27,36.0
2737,1265,2025-01-25,96.88
2738,475,2025-03-07,97.18
2739,903,2025-07-08,60.14
2740,280,2025-03-16,15.38
2741,986,2025-12-02,286.37
2742,211,2025-05-15,148.67
2743,210,2025-02-06,175.79
2744,528,2025-12-25,158.28
2745,967,2025-11-22,77.35
2746,593,2025-08-25,10.09
2747,583,2025-02-11,92.48
2748,674,2025-06-01,196.64
2749,721,2025-10-07,126.35
2750,941,2025-11-20,67.46
2751,917,2025-08-25,144.2
2752,621,2025-07-21,77.98
2753,604,2025-01-11,239.73
2754,299,2025-08-06,564.64
2755,1098,2025-06-11,78.87
2756,687,2025-12-12,199.7
2757,233,2025-04-05,67.38
2758,1177,2025-11-07,64.18
2759,158,2025-08-18,66.85
2760,893,2025-05-05,37.11
2761,1160,2025-03-07,55.01
2762,462,2025-04-09,106.98
2763,92,2025-10-04,125.74
2764,695,2025-09-14,130.31
2765,507,2025-06-03,155.5
2766,285,2025-07-20,92.67
2767,619,2025-10-04,269.32
2768,307,2025-02-21,125.44
2769,285,2025-06-17,104.12
2770,240,2025-09-16,208.26
2771,240,2025-10-03,54.95
2772,1038,2025-12-15,126.46
2773,403,2025-02-08,161.94
2774,120,2025-06-27,73.32
2775,253,2025-12-14,2.42
2776,114,2025-07-08,107.77
2777,3,2025-01-08,129.22
2778,1188,2025-07-01,92.75
2779,415,2025-01-04,32.36
2780,687,2025-08-15,79.24
2781,1242,2025-07-29,394.97
2782,531,2025-04-27,86.49
2783,789,2025-03-09,168.05
2784,1061,2025-09-07,442.62
2785,1135,2025-09-01,79.74
2786,506,2025-06-14,73.02
2787,264,2025-03-20,248.84
2788,1241,2025-09-07,92.22
2789,731,2025-09-19,109.2
2790,139,2025-03-31,266.25
2791,51,2025-07-08,206.66
2792,178,2025-08-31,60.55
2793,601,2025-11-03,203.42
2794,517,2025-05-02,88.38
2795,1237,2025-02-19,84.7
2796,461,2025-06-17,32.94
2797,696,2025-05-11,397.43
2798,895,2025-11-11,8.74
2799,563,2025-07-12,70.26
2800,193,2025-11-19,128.44
2801,492,2025-10-30,20.57
2802,533,2025-08-15,21.01
2803,1063,2025-09-16,52.46
2804,150,2025-11-28,89.05
2805,859,2025-08-15,90.55
2806,870,2025-12-04,512.55
2807,875,2025-04-29,88.65
2808,868,2025-04-20,102.81
2809,817,2025-07-16,111.58
2810,205,2025-06-06,50.72
2811,873,2025-02-05,190.79
2812,1160,2025-07-01,150.02
2813,296,2025-04-01,70.35
2814,840,2025-01-31,135.06
2815,519,2025-06-25,59.65
2816,732,2025-01-15,97.74
2817,902,2025-11-01,29.32
2818,326,2025-03-23,99.93
2819,268,2025-02-11,55.36
2820,1200,2025-01-14,200.81
2821,14,2025-08-08,177.92
2822,585,2025-05-24,40.43
2823,521,2025-06-07,119.17
2824,496,2025-03-16,37.08
2825,775,2025-01-17,206.16
2826,491,2025-05-10,145.85
2827,911,2025-08-26,66.3
2828,96,2025-11-27,37.45
2829,1157,2025-04-20,49.56
2830,714,2025-10-23,169.56
2831,657,2025-10-06,148.57
2832,1202,2025-10-06,216.69
2833,737,2025-07-31,166.81
2834,740,2025-09-07,99.2
2835,984,2025-03-12,30.36
2836,248,2025-10-25,99.54
2837,848,2025-05-10,158.38
2838,585,2025-02-11,33.03
2839,376,2025-11-05,107.13
2840,350,2025-09-12,111.66
2841,1226,2025-03-09,102.33
2842,1221,2025-12-12,54.75
2843,1144,2025-09-09,176.16
2844,612,2025-02-18,35.56
2845,51,2025-02-01,171.55
2846,921,2025-08-04,38.25
2847,1050,2025-02-27,119.98
2848,924,2025-05-27,134.2
2849,171,2025-10-05,19.98
2850,139,2025-08-01,276.48
2851,1215,2025-06-22,175.36
2852,510,2025-05-05,26.83
2853,341,2025-01-02,169.67
2854,341,2025-08-01,201.88
2855,931,2025-04-19,28.73
2856,1083,2025-07-01,49.18
2857,622,2025-07-21,41.15
2858,1134,2025-05-15,79.11
2859,611,2025-11-12,252.76
2860,1282,2025-08-13,68.43
2861,1035,2025-01-26,98.77
2862,735,2025-11-05,280.92
2863,699,2025-04-26,101.07
2864,1175,2025-10-29,148.07
2865,1046,2025-02-06,86.08
2866,554,2025-09-23,183.87
2867,296,2025-12-27,245.74
2868,681,2025-04-18,50.5
2869,580,2025-09-14,16.56
2870,1004,2025-11-05,129.72
2871,1154,2025-12-23,257.14
2872,1027,2025-09-17,107.94
2873,587,2025-02-05,9.47
2874,516,2025-04-26,252.96
2875,692,2025-04-22,67.2
2876,748,2025-02-01,99.16
2877,1024,2025-02-12,79.62
2878,26,2025-07-29,75.22
2879,415,2025-04-29,82.21
2880,362,2025-05-18,125.94
2881,916,2025-11-14,249.68
2882,1235,2025-11-21,121.45
2883,541,2025-03-05,256.11
2884,1133,2025-05-03,52.72
2885,1233,2025-09-26,39.6
2886,999,2025-06-02,127.57
2887,1185,2025-02-24,173.18
2888,619,2025-08-21,150.29
2889,193,2025-04-15,30.3
2890,987,2025-04-06,158.02
2891,77,2025-07-20,14.96
2892,623,2025-11-28,155.57
2893,706,2025-12-28,131.45
2894,1230,2025-07-04,157.81
2895,234,2025-10-05,310.3
2896,876,2025-02-02,43.19
2897,790,2025-10-13,131.47
2898,69,2025-05-17,122.32
2899,59,2025-07-20,170.09
2900,997,2025-09-04,168.54
2901,348,2025-12-02,86.64
2902,897,2025-06-20,228.89
2903,244,2025-11-14,4.98
2904,142,2025-09-06,150.16
2905,536,2025-05-17,122.43
2906,112,2025-04-04,103.58
2907,1068,2025-11-15,135.97
2908,325,2025-12-08,46.64
2909,976,2025-03-22,43.29
2910,284,2025-06-12,180.24
2911,447,2025-06-26,29.22
2912,500,2025-01-25,67.47
2913,406,2025-06-30,75.81
2914,603,2025-11-06,154.79
2915,105,2025-11-23,121.11
2916,1213,2025-03-11,104.59
2917,464,2025-02-13,77.77
2918,13,2025-02-16,157.56
2919,876,2025-10-28,65.18
2920,19,2025-08-04,116.41
2921,486,2025-01-28,42.2
2922,640,2025-06-18,153.67
2923,1093,2025-11-24,123.15
2924,225,2025-07-16,189.41
2925,1014,2025-06-24,75.58
2926,936,2025-04-24,119.68
2927,248,2025-12-15,37.82
2928,571,2025-06-06,66.0
2929,559,2025-12-27,73.09
2930,160,2025-12-31,83.92
2931,1247,2025-02-12,126.47
2932,216,2025-07-15,89.97
2933,18,2025-06-05,122.81
2934,662,2025-12-02,171.9
2935,506,2025-01-28,134.55
2936,991,2025-12-06,56.57
2937,576,2025-07-23,46.45
2938,131,2025-04-13,61.22
2939,659,2025-10-13,130.62
2940,626,2025-12-24,30.62
2941,633,2025-06-05,90.93
2942,985,2025-06-04,184.86
2943,740,2025-05-27,182.25
2944,711,2025-12-10,120.43
2945,394,2025-06-01,136.9
2946,853,2025-05-06,66.47
2947,199,2025-01-26,100.74
2948,553,2025-07-27,165.9
2949,954,2025-11-23,333.16
2950,393,2025-11-26,85.3
2951,1276,2025-05-29,126.1
2952,1097,2025-12-07,83.41
2953,121,2025-11-20,320.51
2954,1085,2025-10-07,160.15
2955,618,2025-01-06,174.09
2956,868,2025-08-30,167.5
2957,1180,2025-08-03,141.56
2958,302,2025-12-18,103.98
2959,802,2025-01-06,96.65
2960,25,2025-10-21,151.51
2961,741,2025-04-21,19.2
2962,1216,2025-12-10,139.89
2963,30,2025-02-18,85.77
2964,1142,2025-08-15,341.77
2965,653,2025-05-15,78.35
2966,255,2025-05-05,88.05
2967,1181,2025-05-06,59.16
2968,109,2025-08-10,12.11
2969,742,2025-02-15,273.43
2970,482,2025-11-21,87.09
2971,462,2025-04-18,226.7
2972,184,2025-01-04,138.97
2973,93,2025-01-03,96.55
2974,1003,2025-01-17,51.75
2975,735,2025-02-14,106.08
2976,480,2025-07-09,157.91
2977,942,2025-01-02,32.83
2978,890,2025-02-15,56.57
2979,1192,2025-06-29,100.3
2980,18,2025-02-09,216.37
2981,42,2025-10-11,184.52
2982,775,2025-04-24,31.15
2983,919,2025-10-03,210.47
2984,997,2025-04-18,85.05
2985,391,2025-03-02,18.5
2986,514,2025-02-28,386.72
2987,164,2025-05-19,260.09
2988,1175,2025-03-28,147.35
2989,607,2025-06-18,175.13
2990,1071,2025-11-03,126.29
2991,756,2025-04-15,47.37
2992,355,2025-04-21,9.28
2993,572,2025-12-31,217.37
2994,967,2025-12-19,106.71
2995,1181,2025-10-14,192.4
2996,990,2025-09-14,242.32
2997,81,2025-10-23,214.64
2998,26,2025-09-22,85.02
2999,280,2025-01-11,106.4
3000,1093,2025-07-20,48.8
3001,681,2025-12-20,334.48
3002,876,2025-06-16,37.37
3003,135,2025-02-22,64.35
3004,634,2025-04-09,238.36
3005,1137,2025-10-02,44.6
3006,502,2025-01-16,207.68
3007,1067,2025-08-26,79.46
3008,317,2025-09-19,206.17
3009,1247,2025-02-25,228.23
3010,1272,2025-07-17,66.68
3011,774,2025-10-13,15.81
3012,151,2025-11-19,6.62
3013,1108,2025-11-24,34.41
3014,500,2025-08-12,19.92
3015,968,2025-06-21,263.62
3016,25,2025-03-22,28.58
3017,242,2025-12-13,64.43
3018,573,2025-03-16,42.98
3019,314,2025-03-22,39.97
3020,208,2025-10-28,213.67
3021,1168,2025-12-05,335.67
3022,780,2025-07-01,107.68
3023,863,2025-04-15,395.41
3024,702,2025-12-30,48.62
3025,1016,2025-02-28,326.18
3026,694,2025-09-22,61.74
3027,1271,2025-06-13,117.97
3028,692,2025-07-21,299.7
3029,105,2025-08-12,217.85
3030,157,2025-10-11,197.07
3031,161,2025-08-04,29.52
3032,1030,2025-03-03,96.34
3033,505,2025-03-13,232.67
3034,214,2025-03-13,61.77
3035,804,2025-06-29,176.98
3036,285,2025-02-23,116.73
3037,551,2025-02-02,5.4
3038,734,2025-02-24,251.49
3039,843,2025-07-05,42.63
3040,952,2025-03-19,107.97
3041,234,2025-05-22,102.74
3042,950,2025-11-29,33.26
3043,840,2025-06-15,359.55
3044,707,2025-03-27,84.72
3045,840,2025-09-03,22.5
3046,1054,2025-09-10,40.19
3047,576,2025-09-20,221.24
3048,545,2025-10-26,210.01
3049,1156,2025-02-06,26.4
3050,55,2025-01-27,378.89
3051,122,2025-12-26,107.42
3052,549,2025-09-23,200.38
3053,402,2025-05-18,190.56
3054,927,2025-06-27,225.2
3055,524,2025-03-16,187.88
3056,843,2025-08-28,221.57
3057,1052,2025-02-22,24.45
3058,864,2025-02-20,17.64
3059,1238,2025-12-12,284.27
3060,465,2025-09-18,29.05
3061,971,2025-10-20,41.64
3062,3,2025-05-16,64.57
3063,290,2025-02-15,298.71
3064,853,2025-08-07,63.79
3065,1026,2025-09-09,143.84
3066,799,2025-03-13,108.91
3067,628,2025-01-11,21.66
3068,529,2025-03-20,236.75
3069,289,2025-07-10,96.67
3070,694,2025-08-14,29.14
3071,572,2025-01-25,85.92
3072,633,2025-09-27,150.81
3073,948,2025-10-21,189.21
3074,709,2025-05-24,95.95
3075,1204,2025-02-10,129.52
3076,442,2025-10-07,17.39
3077,739,2025-08-16,49.97
3078,488,2025-03-26,225.99
3079,901,2025-05-19,97.74
3080,1270,2025-02-06,250.25
3081,1217,2025-07-11,19.19
3082,1113,2025-08-06,85.63
3083,288,2025-05-08,175.17
3084,767,2025-03-19,51.88
3085,667,2025-06-22,82.03
3086,917,2025-10-14,57.15
3087,130,2025-10-08,71.19
3088,1138,2025-05-31,396.5
3089,761,2025-04-07,209.86
3090,51,2025-07-31,47.7
3091,76,2025-11-22,104.96
3092,600,2025-07-28,12.07
3093,555,2025-08-07,122.74
3094,779,2025-01-03,125.42
3095,70,2025-03-19,199.7
3096,482,2025-01-12,172.36
3097,330,2025-11-09,321.39
3098,353,2025-03-10,80.14
3099,236,2025-10-17,234.84
3100,908,2025-11-12,530.18
3101,968,2025-01-29,119.73
3102,902,2025-03-29,137.74
3103,766,2025-03-07,201.32
3104,1040,2025-11-21,48.76
3105,291,2025-08-26,94.27
3106,703,2025-08-26,45.27
3107,795,2025-06-30,194.6
3108,612,2025-09-13,66.25
3109,1176,2025-08-28,67.65
3110,670,2025-10-11,135.57
3111,755,2025-08-30,33.55
3112,671,2025-03-06,80.95
3113,68,2025-01-25,82.64
3114,984,2025-06-13,140.65
3115,1023,2025-04-07,71.95
3116,394,2025-02-04,172.55
3117,1114,2025-10-09,109.85
3118,1113,2025-03-19,183.74
3119,1057,2025-02-08,63.7
3120,349,2025-11-06,205.8
3121,153,2025-07-11,99.85
3122,481,2025-03-27,40.08
3123,902,2025-05-07,129.21
3124,799,2025-09-12,8.91
3125,285,2025-11-15,67.21
3126,982,2025-05-11,60.91
3127,180,2025-01-16,105.38
3128,882,2025-10-11,204.41
3129,339,2025-08-02,123.71
3130,1232,2025-08-17,49.01
3131,524,2025-09-28,92.25
3132,62,2025-02-04,16.27
3133,499,2025-09-23,121.19
3134,975,2025-04-13,29.92
3135,187,2025-11-06,66.15
3136,1281,2025-09-12,293.7
3137,294,2025-07-10,197.96
3138,1104,2025-11-04,203.52
3139,1067,2025-10-16,259.8
3140,1035,2025-02-23,44.66
3141,450,2025-05-15,86.47
3142,256,2025-03-02,41.99
3143,723,2025-10-09,313.41
3144,663,2025-04-02,128.37
3145,81,2025-09-19,163.25
3146,585,2025-09-24,36.01
3147,588,2025-11-12,252.02
3148,681,2025-10-01,146.06
3149,173,2025-01-08,261.86
3150,199,2025-09-21,253.17
3151,1172,2025-12-12,25.9
3152,1288,2025-06-11,133.97
3153,982,2025-08-04,263.35
3154,666,2025-09-26,51.09
3155,386,2025-12-31,177.92
3156,327,2025-08-19,255.69
3157,522,2025-10-29,153.4
3158,1013,2025-06-06,56.03
3159,1101,2025-01-13,52.9
3160,331,2025-08-18,187.21
3161,882,2025-10-15,31.82
3162,604,2025-05-30,138.16
3163,188,2025-08-09,34.65
3164,8,2025-08-27,22.86
3165,924,2025-04-23,462.3
3166,890,2025-03-11,71.37
3167,652,2025-08-28,160.54
3168,1151,2025-07-16,50.32
3169,1071,2025-03-08,13.01
3170,123,2025-02-08,168.47
3171,1112,2025-01-02,126.74
3172,352,2025-01-04,47.26
3173,474,2025-03-02,27.09
3174,439,2025-03-21,136.82
3175,352,2025-03-05,44.3
3176,101,2025-08-30,110.65
3177,128,2025-01-24,144.76
3178,144,2025-11-17,163.11
3179,1199,2025-06-15,101.58
3180,670,2025-02-14,108.69
3181,1263,2025-07-26,42.9
3182,778,2025-10-06,268.02
3183,1149,2025-07-02,128.0
3184,171,2025-11-16,71.16
3185,615,2025-09-20,97.75
3186,1239,2025-08-01,98.25
3187,1245,2025-09-19,125.54
3188,1300,2025-03-22,121.9
3189,1123,2025-12-18,219.58
3190,122,2025-07-29,97.61
3191,661,2025-09-01,59.58
3192,831,2025-07-10,115.77
3193,650,2025-04-22,410.69
3194,750,2025-06-12,161.64
3195,1188,2025-07-10,84.51
3196,238,2025-06-10,136.76
3197,150,2025-09-08,153.1
3198,412,2025-01-12,220.06
3199,1293,2025-08-10,239.49
3200,714,2025-11-06,253.95
3201,1214,2025-03-26,65.9
3202,685,2025-05-02,67.22
3203,928,2025-05-08,51.22
3204,76,2025-02-13,139.01
3205,200,2025-08-09,98.14
3206,852,2025-08-22,109.36
3207,853,2025-03-18,83.45
3208,1032,2025-11-13,102.1
3209,275,2025-01-09,265.02
3210,1248,2025-10-02,69.06
3211,971,2025-07-28,118.86
3212,1121,2025-11-11,140.1
3213,1060,2025-10-07,241.51
3214,786,2025-12-10,161.63
3215,130,2025-04-27,298.81
3216,623,2025-08-12,190.76
3217,851,2025-11-23,198.89
3218,1087,2025-05-23,110.33
3219,270,2025-03-04,12.53
3220,505,2025-02-18,159.86
3221,1031,2025-03-26,107.27
3222,68,2025-03-21,77.95
3223,48,2025-02-22,77.35
3224,842,2025-06-05,196.93
3225,630,2025-12-29,96.4
3226,549,2025-02-19,151.8
3227,1241,2025-07-09,195.39
3228,679,2025-05-12,159.95
3229,370,2025-10-10,87.11
3230,730,2025-10-10,241.04
3231,493,2025-12-03,89.18
3232,435,2025-10-23,25.92
3233,559,2025-02-07,79.93
3234,788,2025-06-20,208.45
3235,758,2025-06-22,270.27
3236,823,2025-07-09,33.44
3237,773,2025-12-29,36.08
3238,813,2025-11-29,139.13
3239,502,2025-08-07,127.69
3240,1049,2025-06-19,3.97
3241,186,2025-08-11,9.55
3242,934,2025-06-07,176.11
3243,181,2025-12-08,189.13
3244,390,2025-05-23,108.28
3245,7,2025-02-02,78.03
3246,858,2025-02-04,23.7
3247,971,2025-03-23,109.36
3248,967,2025-02-10,106.08
3249,369,2025-11-18,43.81
3250,781,2025-06-08,12.41
3251,202,2025-09-30,167.6
3252,654,2025-04-15,68.25
3253,764,2025-09-23,134.9
3254,305,2025-06-26,30.23
3255,371,2025-01-19,46.8
3256,961,2025-06-30,42.41
3257,512,2025-11-22,276.85
3258,414,2025-04-06,45.54
3259,164,2025-08-04,24.59
3260,933,2025-12-05,49.07
3261,762,2025-07-14,112.87
3262,779,2025-06-05,18.15
3263,983,2025-07-04,209.69
3264,400,2025-06-24,49.36
3265,562,2025-07-20,115.05
3266,257,2025-07-20,83.22
3267,971,2025-09-14,51.03
3268,303,2025-10-13,268.58
3269,1035,2025-11-11,115.43
3270,713,2025-05-13,343.51
3271,227,2025-09-29,103.78
3272,245,2025-09-03,74.77
3273,1283,2025-04-30,218.29
3274,850,2025-04-19,136.31
3275,873,2025-06-14,143.71
3276,381,2025-01-09,214.11
3277,247,2025-10-18,77.01
3278,1283,2025-10-03,28.6
3279,1247,2025-10-04,40.5
3280,386,2025-10-22,160.47
3281,1126,2025-03-01,184.6
3282,217,2025-06-01,103.2
3283,989,2025-06-03,91.25
3284,639,2025-02-14,81.96
3285,838,2025-03-07,119.65
3286,424,2025-02-12,233.57
3287,1146,2025-08-29,70.72
3288,295,2025-09-27,253.78
3289,44,2025-05-28,80.81
3290,1205,2025-05-09,83.23
3291,178,2025-10-23,49.03
3292,67,2025-08-10,98.95
3293,730,2025-06-27,89.44
3294,1183,2025-05-28,197.6
3295,979,2025-01-30,340.99
3296,173,2025-04-27,154.54
3297,1027,2025-06-23,102.23
3298,1227,2025-06-16,163.48
3299,1266,2025-07-07,108.96
3300,397,2025-12-29,192.89
3301,198,2025-01-09,108.03
3302,35,2025-04-11,94.8
3303,568,2025-07-15,84.1
3304,701,2025-08-14,70.18
3305,123,2025-03-09,243.67
3306,299,2025-05-25,110.27
3307,1093,2025-06-01,69.52
3308,949,2025-02-01,84.55
3309,768,2025-03-10,30.14
3310,697,2025-04-23,74.07
3311,232,2025-03-15,115.95
3312,724,2025-06-10,121.24
3313,1021,2025-05-29,198.99
3314,542,2025-10-18,166.51
3315,446,2025-09-12,248.98
3316,209,2025-05-12,68.8
3317,933,2025-05-16,14.83
3318,150,2025-03-07,317.91
3319,864,2025-07-22,192.2
3320,1255,2025-10-09,107.27
3321,848,2025-12-21,188.93
3322,766,2025-05-30,305.9
3323,553,2025-01-01,177.64
3324,1053,2025-05-13,102.52
3325,653,2025-03-13,122.47
3326,159,2025-05-27,89.78
3327,541,2025-05-13,182.38
3328,826,2025-07-25,107.39
3329,1108,2025-08-26,81.1
3330,688,2025-07-19,155.87
3331,1284,2025-05-15,33.4
3332,171,2025-05-09,97.7
3333,941,2025-03-13,51.05
3334,1112,2025-02-07,121.69
3335,303,2025-04-18,98.76
3336,814,2025-09-22,197.32
3337,905,2025-08-23,328.41
3338,1203,2025-10-19,224.67
3339,31,2025-12-15,303.94
3340,1033,2025-01-10,39.76
3341,1248,2025-04-11,384.38
3342,1133,2025-11-29,317.65
3343,885,2025-10-08,83.77
3344,950,2025-10-04,190.91
3345,820,2025-06-12,129.68
3346,539,2025-01-28,44.88
3347,910,2025-02-03,183.77
3348,721,2025-02-23,18.95
3349,317,2025-10-24,114.12
3350,1039,2025-02-03,136.08
3351,572,2025-07-15,108.27
3352,68,2025-02-24,205.03
3353,975,2025-11-28,176.46
3354,149,2025-12-31,133.14
3355,579,2025-01-01,177.97
3356,508,2025-01-29,287.54
3357,677,2025-11-02,81.96
3358,393,2025-08-23,254.87
3359,748,2025-09-17,166.03
3360,464,2025-12-13,105.33
3361,91,2025-01-30,125.17
3362,402,2025-11-11,265.06
3363,1009,2025-10-08,245.63
3364,159,2025-12-23,53.26
3365,969,2025-10-08,149.94
3366,395,2025-11-23,164.15
3367,192,2025-03-15,187.75
3368,624,2025-12-11,289.56
3369,1211,2025-06-27,89.94
3370,1223,2025-12-03,98.02
3371,143,2025-11-06,146.78
3372,1245,2025-08-23,66.18
3373,279,2025-01-14,109.21
3374,154,2025-11-04,43.39
3375,109,2025-06-13,61.6
3376,219,2025-02-27,58.57
3377,351,2025-03-14,86.88
3378,155,2025-02-16,126.85
3379,1163,2025-10-12,37.51
3380,152,2025-12-13,44.27
3381,244,2025-10-06,30.12
3382,56,2025-07-16,141.44
3383,802,2025-06-07,193.55
3384,1297,2025-12-03,139.8
3385,1287,2025-10-24,154.15
3386,389,2025-05-14,158.26
3387,705,2025-12-24,116.35
3388,39,2025-07-16,88.57
3389,815,2025-12-15,62.29
3390,381,2025-07-30,186.86
3391,1217,2025-12-13,175.73
3392,701,2025-02-02,76.67
3393,560,2025-01-05,93.2
3394,979,2025-02-18,31.42
3395,971,2025-11-22,54.59
3396,785,2025-10-18,407.82
3397,899,2025-07-18,66.7
3398,346,2025-10-13,212.55
3399,461,2025-10-12,48.24
3400,1066,2025-03-08,30.27
3401,246,2025-01-15,117.15
3402,474,2025-03-13,40.87
3403,11,2025-10-30,156.75
3404,341,2025-04-13,154.95
3405,188,2025-05-22,71.12
3406,1279,2025-03-07,66.94
3407,443,2025-02-09,216.77
3408,228,2025-03-18,61.36
3409,833,2025-10-18,32.92
3410,1018,2025-01-17,138.36
3411,889,2025-10-06,11.19
3412,1258,2025-02-20,144.39
3413,255,2025-10-28,40.05
3414,1045,2025-02-13,57.83
3415,389,2025-01-12,217.29
3416,231,2025-11-11,96.68
3417,70,2025-01-11,144.06
3418,1003,2025-01-04,73.55
3419,761,2025-04-27,29.26
3420,515,2025-10-31,303.38
3421,893,2025-10-16,350.69
3422,10,2025-03-20,58.71
3423,392,2025-09-24,61.51
3424,1057,2025-01-20,134.26
3425,89,2025-06-10,41.66
3426,700,2025-07-25,132.25
3427,821,2025-03-15,161.99
3428,596,2025-12-23,299.54
3429,950,2025-06-28,70.33
3430,953,2025-09-09,204.49
3431,750,2025-04-16,89.7
3432,1178,2025-02-03,92.31
3433,171,2025-06-04,149.9
3434,596,2025-04-20,68.28
3435,961,2025-02-09,10.49
3436,1272,2025-07-19,148.95
3437,1221,2025-03-24,45.19
3438,897,2025-07-09,17.42
3439,1035,2025-03-12,423.79
3440,523,2025-12-08,52.2
3441,754,2025-03-08,150.89
3442,221,2025-04-08,79.03
3443,313,2025-02-03,141.5
3444,740,2025-12-07,49.43
3445,849,2025-07-21,57.35
3446,695,2025-02-10,13.87
3447,387,2025-09-22,114.07
3448,364,2025-09-10,361.96
3449,937,2025-06-29,151.48
3450,762,2025-09-02,49.07
3451,608,2025-05-02,233.4
3452,56,2025-12-22,174.66
3453,1093,2025-03-26,70.24
3454,1095,2025-03-23,56.44
3455,349,2025-07-08,88.61
3456,328,2025-05-19,84.24
3457,122,2025-03-21,31.95
3458,326,2025-03-30,58.24
3459,802,2025-05-10,130.32
3460,877,2025-02-01,75.92
3461,1272,2025-02-16,63.49
3462,254,2025-10-16,72.62
3463,833,2025-05-19,189.35
3464,87,2025-01-10,153.77
3465,432,2025-06-13,26.97
3466,569,2025-10-21,254.71
3467,759,2025-04-03,133.45
3468,430,2025-06-23,182.38
3469,938,2025-07-27,92.82
3470,319,2025-08-11,157.38
3471,1153,2025-06-15,60.75
3472,1114,2025-03-23,109.74
3473,1248,2025-03-25,113.16
3474,45,2025-07-13,102.7
3475,636,2025-10-20,117.11
3476,588,2025-10-07,263.04
3477,991,2025-03-10,23.66
3478,358,2025-02-08,47.62
3479,607,2025-01-31,74.99
3480,155,2025-02-14,385.46
3481,856,2025-07-10,69.61
3482,624,2025-02-04,128.61
3483,769,2025-09-22,171.2
3484,482,2025-03-04,177.03
3485,185,2025-07-01,49.53
3486,924,2025-11-28,32.32
3487,1153,2025-09-20,33.73
3488,1177,2025-01-28,21.14
3489,257,2025-10-02,291.42
3490,581,2025-12-14,156.06
3491,377,2025-12-03,58.14
3492,790,2025-03-15,183.83
3493,1040,2025-03-27,12.8
3494,98,2025-01-27,90.83
3495,469,2025-09-28,67.62
3496,211,2025-07-29,39.32
3497,1004,2025-11-11,26.17
3498,53,2025-05-03,99.22
3499,982,2025-03-05,204.17
3500,543,2025-03-31,76.3
3501,779,2025-06-08,187.49
3502,1199,2025-09-12,285.85
3503,638,2025-06-18,207.3
3504,1242,2025-02-15,122.66
3505,733,2025-02-26,283.15
3506,1032,2025-06-24,138.19
3507,909,2025-07-02,44.16
3508,508,2025-07-14,5.46
3509,1270,2025-09-04,58.03
3510,218,2025-09-24,96.74
3511,627,2025-04-24,257.66
3512,729,2025-12-29,81.23
3513,449,2025-01-29,482.92
3514,191,2025-09-30,87.55
3515,1179,2025-01-05,92.58
3516,94,2025-10-23,39.9
3517,619,2025-09-18,207.91
3518,864,2025-06-23,58.42
3519,1021,2025-05-02,117.71
3520,715,2025-07-28,60.39
3521,745,2025-08-13,11.68
3522,902,2025-02-27,95.25
3523,1000,2025-02-10,84.21
3524,616,2025-01-18,218.09
3525,1222,2025-01-01,26.39
3526,1141,2025-02-11,109.43
3527,909,2025-02-06,247.31
3528,203,2025-08-15,192.23
3529,329,2025-07-17,49.72
3530,202,2025-10-26,151.94
3531,781,2025-11-13,27.03
3532,215,2025-09-04,46.98
3533,493,2025-06-13,82.26
3534,1000,2025-11-21,469.32
3535,171,2025-04-15,132.48
3536,558,2025-02-13,62.99
3537,1287,2025-11-19,307.71
3538,484,2025-02-03,242.95
3539,340,2025-08-12,269.86
3540,459,2025-07-07,143.05
3541,83,2025-10-23,280.16
3542,561,2025-06-27,210.72
3543,167,2025-02-10,166.04
3544,637,2025-11-15,171.85
3545,610,2025-01-23,285.25
3546,342,2025-02-11,37.28
3547,86,2025-01-22,123.21
3548,334,2025-01-29,97.52
3549,1081,2025-04-04,108.6
3550,945,2025-01-24,21.98
3551,1108,2025-07-05,165.92
3552,352,2025-07-03,62.33
3553,1251,2025-09-09,71.72
3554,233,2025-12-26,245.21
3555,355,2025-06-15,54.8
3556,1122,2025-02-02,124.14
3557,720,2025-02-02,63.04
3558,1048,2025-06-23,43.13
3559,84,2025-05-20,127.14
3560,658,2025-07-24,261.78
3561,977,2025-01-20,91.49
3562,209,2025-04-28,356.46
3563,387,2025-11-03,138.12
3564,1038,2025-07-10,196.2
3565,670,2025-04-12,83.9
3566,1181,2025-06-14,76.05
3567,824,2025-08-28,115.02
3568,670,2025-09-10,213.85
3569,4,2025-12-12,266.15
3570,984,2025-04-08,28.54
3571,630,2025-07-25,43.1
3572,913,2025-06-06,35.06
3573,899,2025-03-01,62.15
3574,168,2025-03-13,118.05
3575,153,2025-03-16,13.5
3576,921,2025-02-24,31.11
3577,946,2025-07-26,86.09
3578,846,2025-11-20,219.63
3579,1288,2025-03-20,58.63
3580,750,2025-01-23,59.06
3581,1218,2025-09-25,23.69
3582,1062,2025-08-18,93.71
3583,1127,2025-04-27,94.58
3584,911,2025-09-10,29.97
3585,149,2025-03-03,210.39
3586,1222,2025-05-23,67.16
3587,180,2025-01-16,25.92
3588,490,2025-07-21,210.28
3589,1038,2025-04-26,81.68
3590,1033,2025-07-30,131.08
3591,244,2025-12-22,112.49
3592,812,2025-12-24,118.09
3593,925,2025-05-09,134.17
3594,1085,2025-01-26,50.79
3595,270,2025-11-01,216.68
3596,1158,2025-04-17,126.19
3597,17,2025-01-12,107.69
3598,983,2025-01-15,413.76
3599,622,2025-07-20,377.39
3600,945,2025-05-14,414.61
3601,224,2025-05-13,188.54
3602,66,2025-01-20,114.14
3603,593,2025-05-10,80.55
3604,524,2025-05-18,32.34
3605,709,2025-06-06,35.69
3606,691,2025-07-06,26.43
3607,424,2025-06-06,9.2
3608,1275,2025-03-23,18.67
3609,351,2025-09-06,143.12
3610,545,2025-02-27,56.54
3611,149,2025-09-03,72.28
3612,826,2025-05-29,181.14
3613,354,2025-10-12,11.65
3614,1028,2025-01-05,71.0
3615,735,2025-02-09,48.08
3616,1274,2025-06-23,80.5
3617,1003,2025-01-31,23.35
3618,786,2025-03-26,9.48
3619,1031,2025-09-22,42.1
3620,1082,2025-05-06,115.84
3621,1194,2025-06-13,55.96
3622,381,2025-12-14,273.87
3623,1206,2025-12-03,48.48
3624,1151,2025-11-14,195.71
3625,1136,2025-01-23,287.52
3626,654,2025-09-09,368.36
3627,151,2025-04-14,63.72
3628,223,2025-12-25,140.59
3629,305,2025-03-30,126.97
3630,1262,2025-07-13,71.91
3631,1107,2025-04-07,87.58
3632,696,2025-10-23,253.2
3633,748,2025-09-08,47.46
3634,620,2025-09-08,54.64
3635,175,2025-05-21,118.28
3636,1183,2025-08-13,388.08
3637,1021,2025-01-05,244.13
3638,193,2025-01-08,177.74
3639,287,2025-05-19,76.47
3640,568,2025-07-05,114.3
3641,1057,2025-02-24,97.01
3642,458,2025-12-09,275.12
3643,1107,2025-03-10,259.33
3644,527,2025-10-01,141.35
3645,164,2025-06-04,197.68
3646,1212,2025-12-24,176.14
3647,575,2025-05-14,85.54
3648,262,2025-01-19,18.62
3649,293,2025-03-12,81.81
3650,297,2025-09-01,207.02
3651,79,2025-08-29,48.95
3652,105,2025-06-01,227.4
3653,236,2025-04-20,178.41
3654,326,2025-06-02,74.92
3655,441,2025-11-13,119.72
3656,303,2025-08-14,86.57
3657,706,2025-03-25,264.58
3658,1089,2025-05-13,168.15
3659,430,2025-09-28,5.27
3660,396,2025-04-02,107.36
3661,861,2025-05-05,21.29
3662,1232,2025-08-08,128.12
3663,947,2025-10-27,174.46
3664,400,2025-01-28,71.79
3665,706,2025-04-17,65.62
3666,67,2025-10-16,170.82
3667,1131,2025-09-25,32.59
3668,405,2025-02-17,42.65
3669,676,2025-01-23,68.23
3670,708,2025-07-27,168.59
3671,808,2025-04-09,123.4
3672,1144,2025-11-25,24.11
3673,949,2025-06-06,31.29
3674,905,2025-06-01,279.22
3675,73,2025-07-31,219.58
3676,1235,2025-01-21,89.77
3677,882,2025-07-07,54.52
3678,597,2025-12-13,220.99
3679,416,2025-04-17,74.89
3680,644,2025-03-22,70.94
3681,20,2025-09-01,60.17
3682,232,2025-01-15,94.93
3683,397,2025-11-12,65.57
3684,936,2025-03-30,154.73
3685,576,2025-12-14,66.69
3686,941,2025-02-08,245.06
3687,1117,2025-05-22,62.51
3688,1298,2025-03-07,280.86
3689,387,2025-09-15,91.31
3690,608,2025-06-22,144.78
3691,773,2025-03-20,124.33
3692,491,2025-07-05,88.29
3693,902,2025-07-11,321.74
3694,1242,2025-03-22,168.29
3695,717,2025-12-06,148.4
3696,754,2025-07-17,141.43
3697,233,2025-11-18,43.04
3698,388,2025-01-02,106.65
3699,1053,2025-08-22,125.1
3700,662,2025-12-04,194.63
3701,703,2025-02-02,166.86
3702,916,2025-08-01,58.08
3703,182,2025-03-17,102.09
3704,740,2025-04-11,91.68
3705,533,2025-02-28,49.42
3706,381,2025-08-04,76.29
3707,378,2025-05-18,347.61
3708,318,2025-04-21,114.45
3709,31,2025-12-24,13.51
3710,723,2025-11-14,187.42
3711,1082,2025-10-25,180.05
3712,94,2025-09-21,246.85
3713,338,2025-07-30,193.32
3714,149,2025-03-10,203.71
3715,611,2025-05-28,146.72
3716,814,2025-07-22,309.81
3717,640,2025-06-29,108.26
3718,1113,2025-09-06,93.2
3719,1188,2025-07-04,22.19
3720,1110,2025-04-12,37.5
3721,207,2025-06-26,429.67
3722,48,2025-04-14,68.88
3723,703,2025-05-18,146.41
3724,517,2025-01-10,127.18
3725,331,2025-02-21,108.19
3726,28,2025-04-24,62.37
3727,373,2025-06-11,123.75
3728,929,2025-09-14,229.75
3729,712,2025-12-26,72.87
3730,241,2025-08-21,39.76
3731,498,2025-11-20,86.91
3732,179,2025-11-20,186.71
3733,38,2025-07-30,46.0
3734,1251,2025-01-21,160.63
3735,163,2025-12-28,82.06
3736,15,2025-10-03,179.92
3737,1073,2025-04-27,52.3
3738,949,2025-08-24,179.08
3739,538,2025-12-01,167.73
3740,1096,2025-05-09,53.54
3741,1151,2025-03-17,127.62
3742,1249,2025-05-12,41.25
3743,719,2025-08-22,475.94
3744,910,2025-10-21,183.9
3745,581,2025-12-03,109.82
3746,92,2025-06-08,342.89
3747,891,2025-09-06,138.04
3748,381,2025-07-06,155.63
3749,470,2025-02-09,69.08
3750,92,2025-01-16,67.23
3751,561,2025-02-21,96.96
3752,1180,2025-06-04,39.82
3753,650,2025-09-15,164.9
3754,847,2025-10-09,75.59
3755,1242,2025-04-25,151.79
3756,540,2025-08-29,129.16
3757,1076,2025-12-06,59.76
3758,747,2025-12-13,303.78
3759,666,2025-06-02,84.03
3760,1189,2025-05-28,43.58
3761,1250,2025-10-05,416.38
3762,106,2025-06-18,76.81
3763,34,2025-06-28,44.6
3764,107,2025-06-26,90.92
3765,466,2025-03-07,205.36
3766,992,2025-01-30,187.64
3767,329,2025-04-15,204.59
3768,253,2025-04-01,89.51
3769,338,2025-11-03,77.51
3770,120,2025-02-08,46.26
3771,642,2025-09-14,62.73
3772,378,2025-04-04,295.65
3773,928,2025-07-24,224.54
3774,28,2025-08-02,18.46
3775,39,2025-02-26,101.85
3776,765,2025-07-31,79.12
3777,643,2025-05-13,128.29
3778,732,2025-05-02,63.15
3779,544,2025-06-17,396.53
3780,979,2025-02-06,164.4
3781,108,2025-01-14,200.19
3782,176,2025-10-10,80.17
3783,471,2025-06-03,194.0
3784,1090,2025-05-28,286.0
3785,1139,2025-01-05,69.89
3786,822,2025-09-20,179.52
3787,923,2025-06-23,372.41
3788,767,2025-08-20,78.22
3789,56,2025-06-29,118.63
3790,138,2025-10-06,191.85
3791,265,2025-08-27,197.92
3792,227,2025-11-12,262.96
3793,621,2025-09-23,118.04
3794,965,2025-11-27,252.1
3795,1198,2025-02-11,144.3
3796,42,2025-12-27,103.91
3797,125,2025-09-12,76.45
3798,99,2025-11-08,106.15
3799,356,2025-12-24,71.62
3800,1073,2025-04-02,164.89
3801,945,2025-11-26,44.69
3802,9,2025-09-19,220.42
3803,577,2025-05-17,135.67
3804,443,2025-08-22,264.79
3805,671,2025-12-28,70.02
3806,82,2025-10-21,26.26
3807,1012,2025-07-27,56.72
3808,349,2025-11-21,149.14
3809,1006,2025-09-19,85.78
3810,746,2025-06-18,176.52
3811,355,2025-10-30,110.75
3812,118,2025-07-12,83.99
3813,212,2025-03-06,33.52
3814,620,2025-02-06,211.55
3815,121,2025-08-26,85.33
3816,1157,2025-02-10,187.73
3817,1210,2025-05-21,83.17
3818,647,2025-07-19,151.04
3819,1023,2025-03-19,335.8
3820,949,2025-04-10,159.89
3821,601,2025-06-09,184.85
3822,753,2025-03-01,315.61
3823,69,2025-07-26,280.44
3824,1076,2025-11-05,159.5
3825,30,2025-06-26,72.71
3826,1036,2025-11-13,40.08
3827,124,2025-06-28,79.28
3828,943,2025-01-19,107.25
3829,733,2025-01-07,133.14
3830,129,2025-07-31,54.51
3831,569,2025-12-15,33.69
3832,495,2025-04-09,19.75
3833,1254,2025-05-13,361.14
3834,1116,2025-09-06,12.08
3835,180,2025-02-19,112.77
3836,1083,2025-05-24,67.82
3837,350,2025-09-21,66.34
3838,871,2025-10-20,129.08
3839,680,2025-06-19,116.19
3840,78,2025-01-14,125.2
3841,1149,2025-10-31,107.86
3842,737,2025-12-24,74.81
3843,1007,2025-08-29,149.95
3844,495,2025-11-20,104.5
3845,1004,2025-07-18,288.17
3846,774,2025-05-07,48.13
3847,390,2025-09-22,262.63
3848,35,2025-07-12,316.56
3849,863,2025-01-27,93.78
3850,441,2025-01-16,83.04
3851,1171,2025-09-23,15.88
3852,1116,2025-12-23,172.65
3853,824,2025-07-12,58.01
3854,143,2025-12-01,138.04
3855,986,2025-08-19,265.65
3856,461,2025-10-16,84.33
3857,645,2025-12-11,114.18
3858,1134,2025-12-17,39.55
3859,1085,2025-02-12,180.92
3860,1217,2025-12-17,174.82
3861,1226,2025-12-08,74.73
3862,143,2025-04-22,60.96
3863,991,2025-07-24,0.67
3864,431,2025-12-05,15.19
3865,1280,2025-09-09,205.3
3866,420,2025-06-19,571.25
3867,399,2025-04-25,275.65
3868,153,2025-09-14,191.37
3869,508,2025-03-02,254.25
3870,1188,2025-08-24,224.52
3871,705,2025-06-19,30.92
3872,1289,2025-11-22,108.0
3873,824,2025-03-26,113.97
3874,55,2025-01-27,32.06
3875,802,2025-05-18,182.15
3876,671,2025-12-29,308.13
3877,900,2025-03-05,16.38
3878,133,2025-07-23,89.34
3879,644,2025-06-20,195.4
3880,740,2025-11-10,75.37
3881,392,2025-08-14,117.12
3882,403,2025-01-01,255.87
3883,715,2025-12-12,92.33
3884,292,2025-08-28,71.83
3885,643,2025-02-26,60.5
3886,911,2025-06-30,211.28
3887,135,2025-12-17,82.43
3888,945,2025-04-20,164.45
3889,602,2025-03-18,65.97
3890,1286,2025-03-15,9.46
3891,433,2025-07-15,66.59
3892,131,2025-02-23,248.75
3893,1051,2025-04-02,171.27
3894,512,2025-06-24,81.02
3895,426,2025-03-06,51.17
3896,330,2025-01-23,142.98
3897,503,2025-12-09,108.26
3898,92,2025-12-18,190.26
3899,1287,2025-07-15,196.42
3900,910,2025-04-08,54.77
3901,222,2025-02-17,123.42
3902,110,2025-12-05,81.57
3903,605,2025-02-08,24.8
3904,381,2025-07-06,59.53
3905,267,2025-05-07,121.28
3906,844,2025-01-01,150.28
3907,1049,2025-09-18,105.71
3908,562,2025-04-08,69.38
3909,61,2025-03-03,175.55
3910,840,2025-12-15,11.62
3911,531,2025-08-19,109.52
3912,1255,2025-03-23,109.57
3913,673,2025-10-23,81.62
3914,380,2025-09-11,84.75
3915,1193,2025-12-07,310.83
3916,589,2025-09-11,64.92
3917,219,2025-09-02,162.71
3918,660,2025-08-21,45.43
3919,759,2025-08-26,137.03
3920,382,2025-11-16,66.01
3921,591,2025-04-01,54.81
3922,944,2025-08-19,90.34
3923,318,2025-07-08,349.34
3924,158,2025-12-19,9.93
3925,749,2025-02-10,205.36
3926,321,2025-04-01,174.11
3927,102,2025-05-12,51.53
3928,956,2025-11-19,158.93
3929,286,2025-06-05,45.36
3930,619,2025-09-05,68.65
3931,867,2025-09-30,7.58
3932,276,2025-11-23,170.52
3933,736,2025-11-01,135.89
3934,1176,2025-09-16,190.17
3935,83,2025-01-24,7.38
3936,278,2025-06-11,68.48
3937,269,2025-12-16,354.96
3938,947,2025-03-11,64.78
3939,198,2025-06-28,218.82
3940,974,2025-04-05,147.7
3941,21,2025-03-03,39.2
3942,1115,2025-10-03,158.24
3943,1296,2025-01-21,100.71
3944,708,2025-11-17,127.78
3945,955,2025-03-16,21.94
3946,994,2025-05-21,194.67
3947,87,2025-11-27,197.39
3948,1190,2025-12-17,100.09
3949,494,2025-12-09,13.37
3950,555,2025-02-15,38.09
3951,165,2025-01-04,37.61
3952,706,2025-01-27,113.04
3953,835,2025-07-12,29.14
3954,121,2025-03-13,82.89
3955,60,2025-05-29,167.38
3956,819,2025-08-14,173.75
3957,1143,2025-12-05,93.99
3958,600,2025-03-23,33.24
3959,1268,2025-05-15,47.96
3960,714,2025-04-13,128.82
3961,723,2025-05-11,74.97
3962,845,2025-07-29,223.36
3963,1145,2025-02-19,150.56
3964,83,2025-03-30,63.78
3965,1156,2025-01-09,46.31
3966,74,2025-05-17,71.69
3967,330,2025-02-17,205.16
3968,779,2025-08-07,140.7
3969,712,2025-10-28,99.37
3970,394,2025-08-05,152.51
3971,968,2025-05-25,150.42
3972,145,2025-12-02,283.61
3973,759,2025-03-22,306.89
3974,264,2025-05-02,20.91
3975,126,2025-05-21,170.53
3976,1024,2025-04-03,10.21
3977,51,2025-05-30,61.2
3978,539,2025-09-16,61.62
3979,893,2025-05-10,200.58
3980,1287,2025-08-10,143.22
3981,138,2025-09-30,304.42
3982,9,2025-08-20,165.64
3983,450,2025-03-27,287.98
3984,444,2025-08-21,115.61
3985,559,2025-01-02,106.79
3986,1187,2025-04-28,48.51
3987,483,2025-06-20,49.14
3988,345,2025-06-13,72.43
3989,474,2025-06-09,50.86
3990,196,2025-10-06,38.91
3991,734,2025-11-19,82.94
3992,124,2025-03-17,58.31
3993,1105,2025-02-10,193.4
3994,1253,2025-12-09,31.67
3995,922,2025-07-06,117.72
3996,726,2025-02-27,44.09
3997,53,2025-05-13,113.15
3998,1238,2025-12-24,193.77
3999,1089,2025-05-26,123.68
4000,371,2025-07-21,60.85
4001,1208,2025-12-06,83.97
4002,413,2025-11-25,285.13
4003,111,2025-08-11,66.8
4004,1192,2025-01-06,17.52
4005,1190,2025-10-10,297.32
4006,862,2025-11-23,158.64
4007,29,2025-05-08,289.24
4008,903,2025-06-14,48.54
4009,749,2025-03-08,40.76
4010,1102,2025-09-20,260.62
4011,842,2025-06-06,74.99
4012,1187,2025-09-05,337.16
4013,750,2025-05-30,58.47
4014,281,2025-01-26,72.37
4015,330,2025-07-18,161.5
4016,139,2025-04-23,265.05
4017,348,2025-11-14,27.64
4018,979,2025-08-18,76.08
4019,737,2025-08-19,284.6
4020,614,2025-11-02,13.88
4021,634,2025-05-28,193.79
4022,15,2025-10-20,187.18
4023,1043,2025-04-23,142.23
4024,581,2025-11-17,71.56
4025,605,2025-04-26,81.64
4026,1221,2025-01-10,108.72
4027,847,2025-01-14,22.81
4028,1011,2025-10-27,175.8
4029,846,2025-05-26,2.04
4030,606,2025-12-11,63.69
4031,170,2025-10-04,211.86
4032,751,2025-08-14,133.01
4033,938,2025-09-01,114.43
4034,889,2025-10-15,83.9
4035,106,2025-11-22,55.16
4036,541,2025-07-18,118.5
4037,511,2025-03-31,206.03
4038,157,2025-02-19,190.78
4039,234,2025-11-18,66.98
4040,882,2025-11-20,118.42
4041,412,2025-09-05,4.07
4042,377,2025-06-04,104.57
4043,53,2025-01-19,114.87
4044,303,2025-10-10,618.61
4045,266,2025-06-17,61.14
4046,164,2025-07-05,147.76
4047,1141,2025-07-21,182.51
4048,995,2025-05-05,64.54
4049,1237,2025-01-14,253.05
4050,252,2025-08-31,103.1
4051,349,2025-11-25,99.66
4052,116,2025-02-01,203.54
4053,54,2025-12-10,85.9
4054,458,2025-02-23,242.49
4055,693,2025-02-26,15.95
4056,830,2025-10-12,31.94
4057,155,2025-09-15,20.61
4058,451,2025-07-11,62.03
4059,531,2025-04-22,115.06
4060,800,2025-01-27,214.72
4061,678,2025-06-22,102.46
4062,631,2025-07-24,120.63
4063,1125,2025-02-13,67.07
4064,7,2025-11-07,107.26
4065,197,2025-05-15,149.33
4066,377,2025-08-28,148.61
4067,235,2025-01-23,99.39
4068,384,2025-08-04,220.26
4069,376,2025-10-22,103.64
4070,1162,2025-08-08,299.86
4071,594,2025-12-12,43.24
4072,350,2025-01-19,100.57
4073,454,2025-09-24,135.73
4074,572,2025-12-21,107.68
4075,1298,2025-03-26,97.44
4076,623,2025-12-07,218.36
4077,507,2025-11-17,75.89
4078,193,2025-01-03,136.81
4079,1034,2025-08-24,153.24
4080,630,2025-02-24,119.49
4081,1238,2025-10-09,549.02
4082,909,2025-03-04,103.04
4083,138,2025-07-03,29.01
4084,1283,2025-12-21,280.13
4085,1008,2025-06-01,107.35
4086,884,2025-12-17,160.52
4087,1140,2025-03-07,76.94
4088,653,2025-10-07,88.41
4089,431,2025-07-07,63.83
4090,228,2025-04-14,166.47
4091,737,2025-10-29,24.96
4092,300,2025-02-05,70.54
4093,71,2025-01-04,59.06
4094,1188,2025-03-27,159.91
4095,65,2025-09-16,145.62
4096,270,2025-04-05,134.71
4097,355,2025-02-17,294.09
4098,1086,2025-09-05,270.04
4099,858,2025-04-23,155.8
4100,572,2025-11-10,64.73
4101,451,2025-03-03,46.07
4102,1141,2025-02-05,87.88
4103,51,2025-11-14,46.48
4104,995,2025-04-29,106.42
4105,1224,2025-06-18,214.97
4106,986,2025-07-25,130.52
4107,920,2025-11-28,178.36
4108,873,2025-12-18,78.05
4109,1020,2025-05-23,280.72
4110,542,2025-07-29,291.44
4111,552,2025-09-25,147.47
4112,221,2025-11-14,31.72
4113,842,2025-05-10,26.31
4114,785,2025-03-29,98.76
4115,299,2025-01-28,140.94
4116,378,2025-12-22,152.17
4117,1263,2025-03-31,156.13
4118,616,2025-07-14,146.34
4119,350,2025-11-15,30.64
4120,584,2025-07-30,140.14
4121,806,2025-11-27,240.22
4122,825,2025-05-25,104.97
4123,258,2025-12-08,203.14
4124,245,2025-04-19,77.12
4125,371,2025-02-20,137.22
4126,33,2025-05-16,85.82
4127,1131,2025-02-27,59.75
4128,738,2025-06-11,69.98
4129,818,2025-01-17,147.2
4130,1007,2025-10-26,114.17
4131,40,2025-02-20,82.78
4132,446,2025-09-23,35.27
4133,676,2025-09-17,226.81
4134,922,2025-04-08,124.07
4135,710,2025-02-26,89.0
4136,1176,2025-07-27,58.2
4137,1209,2025-12-20,190.64
4138,638,2025-12-13,40.43
4139,418,2025-07-29,68.38
4140,19,2025-01-08,305.37
4141,787,2025-12-29,160.97
4142,1272,2025-11-12,138.97
4143,214,2025-11-11,31.9
4144,1034,2025-10-30,235.63
4145,18,2025-08-15,105.12
4146,55,2025-05-23,113.03
4147,151,2025-01-10,86.41
4148,91,2025-06-22,73.83
4149,374,2025-12-29,124.9
4150,455,2025-07-24,86.82
4151,498,2025-04-27,210.56
4152,69,2025-02-26,229.99
4153,1109,2025-02-26,182.44
4154,1205,2025-07-18,98.15
4155,661,2025-04-22,192.16
4156,366,2025-09-26,1.72
4157,263,2025-03-12,112.2
4158,1252,2025-06-06,288.87
4159,37,2025-04-02,33.63
4160,143,2025-07-10,100.24
4161,1095,2025-12-07,49.06
4162,263,2025-02-25,117.82
4163,173,2025-03-25,42.88
4164,112,2025-04-02,90.72
4165,786,2025-07-10,67.79
4166,1108,2025-12-01,167.96
4167,451,2025-08-16,143.04
4168,1263,2025-01-25,220.41
4169,132,2025-07-24,50.76
4170,1228,2025-12-05,36.4
4171,1082,2025-11-01,52.76
4172,1014,2025-05-30,111.06
4173,928,2025-12-16,115.39
4174,106,2025-10-19,29.4
4175,566,2025-08-15,27.22
4176,822,2025-09-11,78.94
4177,904,2025-07-26,16.74
4178,245,2025-02-18,243.26
4179,654,2025-01-13,170.43
4180,787,2025-07-01,225.37
4181,967,2025-09-10,29.24
4182,31,2025-02-02,2.3
4183,1046,2025-11-26,161.32
4184,1243,2025-08-26,229.02
4185,430,2025-11-26,83.8
4186,520,2025-04-18,37.47
4187,1008,2025-03-31,73.12
4188,433,2025-05-07,146.22
4189,525,2025-11-25,209.97
4190,209,2025-05-17,113.72
4191,1286,2025-09-05,92.74
4192,169,2025-11-20,73.27
4193,321,2025-03-13,0.69
4194,7,2025-01-11,172.84
4195,79,2025-12-28,148.04
4196,377,2025-03-20,75.76
4197,221,2025-06-03,74.16
4198,174,2025-03-26,77.57
4199,556,2025-01-16,55.48
4200,779,2025-08-19,187.14
4201,925,2025-09-09,13.77
4202,20,2025-05-27,132.77
4203,647,2025-12-12,101.31
4204,82,2025-10-24,70.45
4205,296,2025-11-27,275.21
4206,571,2025-03-19,55.24
4207,102,2025-12-07,75.01
4208,284,2025-05-10,158.77
4209,209,2025-05-10,90.36
4210,1092,2025-10-18,166.22
4211,363,2025-02-06,145.47
4212,412,2025-07-18,100.03
4213,521,2025-12-22,96.24
4214,687,2025-03-26,64.63
4215,1025,2025-10-26,141.21
4216,988,2025-12-04,15.14
4217,430,2025-12-13,122.58
4218,1020,2025-03-20,47.49
4219,1291,2025-10-18,168.8
4220,762,2025-12-15,53.06
4221,1104,2025-01-19,216.55
4222,999,2025-10-19,22.92
4223,851,2025-07-30,50.49
4224,1013,2025-05-01,418.59
4225,1009,2025-06-13,65.07
4226,374,2025-01-05,144.79
4227,481,2025-06-23,201.03
4228,501,2025-02-07,165.02
4229,213,2025-04-02,302.57
4230,715,2025-05-29,39.49
4231,854,2025-06-21,37.19
4232,159,2025-03-29,54.79
4233,1150,2025-08-05,84.05
4234,610,2025-11-12,163.13
4235,677,2025-01-04,65.32
4236,683,2025-02-09,98.15
4237,1257,2025-09-16,435.7
4238,749,2025-01-13,138.61
4239,550,2025-10-30,85.02
4240,735,2025-09-24,74.97
4241,1147,2025-06-15,124.19
4242,128,2025-02-16,58.74
4243,346,2025-06-06,115.91
4244,593,2025-07-08,30.94
4245,19,2025-04-12,166.77
4246,1100,2025-08-11,105.33
4247,112,2025-07-29,85.12
4248,585,2025-03-18,76.14
4249,928,2025-04-12,306.53
4250,245,2025-06-03,192.68
4251,1188,2025-01-07,103.62
4252,718,2025-01-09,2.34
4253,63,2025-12-04,119.44
4254,1092,2025-06-21,238.73
4255,355,2025-06-03,200.43
4256,1139,2025-05-21,51.06
4257,536,2025-07-24,96.29
4258,1231,2025-11-16,181.17
4259,47,2025-02-27,50.18
4260,791,2025-02-19,117.5
4261,156,2025-03-27,71.45
4262,837,2025-07-04,239.36
4263,348,2025-11-05,118.86
4264,642,2025-07-13,274.21
4265,494,2025-10-23,138.34
4266,1055,2025-05-30,103.69
4267,1228,2025-05-11,159.02
4268,185,2025-07-18,37.33
4269,1128,2025-05-21,201.41
4270,515,2025-09-01,158.62
4271,779,2025-07-13,603.5
4272,532,2025-11-21,81.96
4273,1149,2025-04-30,60.66
4274,1020,2025-03-03,266.31
4275,176,2025-07-28,58.84
4276,1300,2025-05-18,100.23
4277,943,2025-04-18,43.14
4278,418,2025-02-26,99.22
4279,47,2025-10-07,193.12
4280,853,2025-06-02,15.93
4281,237,2025-07-16,135.02
4282,1175,2025-11-01,72.0
4283,691,2025-01-05,85.05
4284,290,2025-09-03,113.27
4285,1098,2025-09-23,194.67
4286,1242,2025-05-19,122.25
4287,1245,2025-02-21,355.65
4288,140,2025-07-23,90.87
4289,757,2025-10-04,40.51
4290,488,2025-09-29,81.22
4291,1295,2025-12-23,146.28
4292,1045,2025-02-08,165.28
4293,1297,2025-01-16,212.16
4294,1189,2025-04-18,124.95
4295,511,2025-11-02,145.69
4296,1097,2025-08-11,139.42
4297,613,2025-01-01,96.44
4298,1261,2025-12-24,37.46
4299,157,2025-04-27,185.02
4300,930,2025-04-01,166.73
4301,741,2025-12-18,40.1
4302,896,2025-05-07,136.72
4303,752,2025-07-13,66.32
4304,451,2025-12-02,42.04
4305,793,2025-12-18,53.23
4306,201,2025-02-26,262.17
4307,388,2025-06-10,33.11
4308,1005,2025-01-28,232.87
4309,227,2025-04-13,300.45
4310,750,2025-01-16,74.74
4311,831,2025-07-15,215.82
4312,687,2025-02-27,67.22
4313,263,2025-01-31,113.2
4314,718,2025-10-09,106.04
4315,531,2025-05-27,143.94
4316,541,2025-04-18,48.64
4317,265,2025-10-06,26.18
4318,1284,2025-04-29,56.32
4319,995,2025-11-04,89.09
4320,986,2025-08-02,198.82
4321,218,2025-07-25,68.31
4322,209,2025-08-02,66.56
4323,979,2025-11-22,55.67
4324,504,2025-09-13,77.29
4325,716,2025-07-10,27.26
4326,140,2025-08-18,277.77
4327,93,2025-11-26,79.16
4328,488,2025-03-27,21.16
4329,487,2025-08-27,158.17
4330,273,2025-06-12,271.63
4331,660,2025-07-02,125.24
4332,667,2025-04-17,69.08
4333,300,2025-01-13,79.0
4334,898,2025-04-03,233.08
4335,23,2025-08-04,53.97
4336,1043,2025-08-31,46.25
4337,130,2025-08-27,12.52
4338,718,2025-09-22,276.05
4339,194,2025-09-03,122.61
4340,67,2025-04-23,33.4
4341,1214,2025-11-29,44.24
4342,383,2025-07-30,57.37
4343,539,2025-07-25,81.46
4344,315,2025-04-15,191.54
4345,267,2025-10-07,145.36
4346,917,2025-01-28,44.85
4347,240,2025-07-09,105.01
4348,97,2025-05-21,21.98
4349,84,2025-09-23,7.15
4350,123,2025-09-13,272.88
4351,534,2025-11-30,4.03
4352,262,2025-11-09,332.93
4353,86,2025-06-15,95.79
4354,549,2025-09-12,299.56
4355,1092,2025-08-08,112.24
4356,445,2025-07-28,58.27
4357,471,2025-09-21,40.02
4358,4,2025-07-21,26.59
4359,292,2025-12-03,103.64
4360,258,2025-02-04,38.72
4361,694,2025-05-08,229.51
4362,404,2025-10-20,308.92
4363,226,2025-04-19,230.32
4364,605,2025-07-14,272.58
4365,243,2025-02-21,164.75
4366,1100,2025-09-12,80.0
4367,633,2025-05-10,535.91
4368,200,2025-12-08,305.77
4369,713,2025-02-24,37.42
4370,994,2025-09-06,181.71
4371,363,2025-06-24,256.74
4372,826,2025-07-20,256.51
4373,488,2025-11-14,45.75
4374,195,2025-02-22,123.54
4375,886,2025-12-04,210.2
4376,687,2025-04-21,33.63
4377,377,2025-02-04,140.87
4378,769,2025-04-17,207.19
4379,862,2025-05-28,369.83
4380,1029,2025-12-10,82.15
4381,27,2025-11-15,13.51
4382,1258,2025-08-22,138.06
4383,1196,2025-06-27,156.36
4384,162,2025-09-02,105.35
4385,1211,2025-05-30,142.72
4386,555,2025-10-20,23.5
4387,1286,2025-10-02,17.03
4388,87,2025-12-27,67.32
4389,212,2025-03-24,177.57
4390,533,2025-10-11,89.79
4391,251,2025-05-28,177.15
4392,750,2025-10-30,93.51
4393,611,2025-07-31,305.55
4394,210,2025-01-15,47.91
4395,107,2025-05-24,72.39
4396,733,2025-04-18,14.49
4397,151,2025-08-10,37.47
4398,893,2025-06-24,107.07
4399,1123,2025-06-14,157.86
4400,79,2025-12-21,19.16
4401,739,2025-02-08,61.77
4402,546,2025-04-27,287.31
4403,1219,2025-07-16,231.76
4404,1072,2025-11-04,160.47
4405,1095,2025-08-14,63.7
4406,283,2025-07-04,342.88
4407,1208,2025-07-16,77.13
4408,541,2025-02-15,11.94
4409,936,2025-01-22,28.59
4410,655,2025-08-06,219.8
4411,240,2025-02-28,104.19
4412,247,2025-12-09,60.03
4413,1105,2025-12-10,327.85
4414,927,2025-03-01,212.79
4415,598,2025-04-14,50.37
4416,506,2025-12-06,87.49
4417,1086,2025-02-05,10.94
4418,854,2025-07-16,90.25
4419,558,2025-10-10,122.95
4420,376,2025-08-23,128.48
4421,1169,2025-04-14,64.53
4422,1062,2025-09-20,125.03
4423,23,2025-06-15,139.97
4424,61,2025-08-09,66.15
4425,286,2025-04-02,137.68
4426,224,2025-08-22,77.46
4427,1052,2025-02-19,126.92
4428,427,2025-01-03,153.62
4429,194,2025-06-23,14.94
4430,402,2025-09-01,143.12
4431,1264,2025-05-16,406.53
4432,132,2025-03-28,93.27
4433,736,2025-09-21,177.85
4434,1102,2025-07-19,48.63
4435,650,2025-03-11,222.51
4436,740,2025-07-24,185.91
4437,267,2025-08-25,80.82
4438,311,2025-03-02,127.93
4439,292,2025-01-30,19.02
4440,880,2025-12-01,229.97
4441,1263,2025-10-21,64.12
4442,706,2025-06-08,15.82
4443,291,2025-09-21,53.22
4444,1118,2025-08-30,82.34
4445,673,2025-10-06,65.88
4446,649,2025-12-18,27.95
4447,653,2025-10-05,84.24
4448,120,2025-09-27,81.68
4449,958,2025-11-22,283.93
4450,584,2025-08-06,428.85
4451,275,2025-10-01,48.69
4452,659,2025-06-19,170.68
4453,86,2025-02-10,59.8
4454,268,2025-09-29,78.24
4455,592,2025-07-18,119.23
4456,419,2025-11-18,27.48
4457,1227,2025-01-13,145.21
4458,152,2025-06-08,73.16
4459,1299,2025-02-21,193.56
4460,703,2025-08-27,224.83
4461,504,2025-01-22,89.5
4462,418,2025-08-09,49.01
4463,8,2025-05-16,76.27
4464,634,2025-09-16,105.85
4465,824,2025-11-15,134.93
4466,560,2025-01-27,172.59
4467,183,2025-05-12,71.99
4468,476,2025-03-02,24.45
4469,799,2025-07-04,80.34
4470,677,2025-04-17,99.69
4471,189,2025-11-01,47.48
4472,305,2025-08-29,106.32
4473,999,2025-10-07,21.15
4474,454,2025-04-26,317.14
4475,790,2025-01-17,55.7
4476,377,2025-05-11,177.83
4477,890,2025-11-06,112.01
4478,988,2025-07-04,71.88
4479,270,2025-03-28,67.62
4480,175,2025-12-31,148.26
4481,1292,2025-05-06,57.76
4482,1105,2025-01-20,95.0
4483,342,2025-04-15,165.67
4484,870,2025-08-29,181.81
4485,762,2025-03-18,128.49
4486,115,2025-04-21,325.31
4487,491,2025-10-28,211.77
4488,832,2025-06-06,67.91
4489,911,2025-10-31,167.04
4490,1244,2025-08-31,312.06
4491,610,2025-02-13,447.98
4492,1028,2025-10-26,107.89
4493,433,2025-07-16,106.02
4494,205,2025-10-04,19.82
4495,1286,2025-03-04,95.98
4496,1076,2025-04-24,76.95
4497,292,2025-06-20,224.55
4498,350,2025-04-30,105.97
4499,304,2025-09-28,59.01
4500,394,2025-05-30,220.96
4501,282,2025-06-12,26.03
4502,196,2025-04-20,382.61
4503,390,2025-05-17,234.76
4504,358,2025-03-01,166.51
4505,465,2025-01-07,97.09
4506,1091,2025-11-12,64.35
4507,839,2025-06-19,12.58
4508,15,2025-12-03,102.03
4509,624,2025-08-03,81.42
4510,202,2025-07-23,124.69
4511,999,2025-09-24,19.2
4512,433,2025-04-12,74.02
4513,661,2025-06-27,141.05
4514,1119,2025-05-02,25.2
4515,256,2025-07-02,261.17
4516,6,2025-10-16,12.19
4517,1267,2025-07-15,203.61
4518,424,2025-03-06,22.35
4519,1222,2025-01-30,56.71
4520,1139,2025-12-19,293.04
4521,1294,2025-05-28,297.65
4522,1093,2025-05-11,278.21
4523,943,2025-12-17,177.78
4524,251,2025-12-20,68.82
4525,776,2025-03-19,112.84
4526,1227,2025-12-17,219.22
4527,168,2025-11-28,145.71
4528,348,2025-05-31,88.56
4529,32,2025-03-30,139.39
4530,1108,2025-11-30,129.02
4531,1039,2025-01-11,189.95
4532,747,2025-06-21,93.81
4533,25,2025-06-01,256.98
4534,706,2025-05-12,297.81
4535,288,2025-08-26,82.68
4536,968,2025-10-15,71.16
4537,114,2025-06-30,212.62
4538,223,2025-02-06,56.21
4539,83,2025-02-07,259.26
4540,323,2025-12-06,598.07
4541,756,2025-06-05,421.77
4542,831,2025-06-27,355.99
4543,466,2025-06-08,130.58
4544,309,2025-01-23,243.54
4545,1166,2025-06-11,147.72
4546,468,2025-01-02,134.42
4547,484,2025-05-27,136.45
4548,937,2025-12-06,95.38
4549,513,2025-01-06,149.36
4550,1096,2025-08-18,86.27
4551,704,2025-09-20,77.59
4552,1010,2025-04-24,181.7
4553,796,2025-07-25,422.18
4554,148,2025-05-09,89.49
4555,666,2025-10-30,142.33
4556,830,2025-07-15,44.27
4557,766,2025-05-21,57.24
4558,1278,2025-06-30,67.66
4559,111,2025-07-02,76.31
4560,1056,2025-05-27,132.26
4561,24,2025-06-16,27.32
4562,467,2025-02-22,131.47
4563,444,2025-06-12,41.93
4564,532,2025-04-07,55.84
4565,745,2025-01-30,252.88
4566,1077,2025-07-17,235.31
4567,905,2025-05-27,130.74
4568,440,2025-12-29,70.73
4569,421,2025-10-02,104.14
4570,719,2025-12-11,45.75
4571,435,2025-08-20,51.94
4572,233,2025-05-10,103.54
4573,721,2025-03-09,58.74
4574,978,2025-10-12,56.15
4575,410,2025-04-17,163.62
4576,1163,2025-01-18,62.45
4577,423,2025-04-26,176.74
4578,1248,2025-10-30,40.26
4579,418,2025-05-11,40.97
4580,1037,2025-05-26,9.85
4581,221,2025-08-03,62.83
4582,760,2025-01-01,81.94
4583,1166,2025-08-26,45.92
4584,285,2025-04-10,270.54
4585,1153,2025-06-12,80.57
4586,778,2025-05-30,190.46
4587,501,2025-03-08,160.21
4588,1182,2025-02-26,171.1
4589,1114,2025-01-23,155.96
4590,1198,2025-02-26,90.04
4591,303,2025-10-03,284.15
4592,219,2025-10-03,96.28
4593,688,2025-11-01,241.79
4594,877,2025-05-28,134.77
4595,397,2025-02-02,187.48
4596,591,2025-10-12,154.27
4597,1222,2025-08-11,206.08
4598,65,2025-07-13,235.46
4599,948,2025-08-01,345.24
4600,175,2025-12-30,94.61
4601,195,2025-03-02,110.91
4602,765,2025-12-07,343.8
4603,862,2025-05-09,235.57
4604,537,2025-06-17,153.39
4605,465,2025-01-21,112.9
4606,484,2025-04-04,62.67
4607,376,2025-09-14,116.88
4608,906,2025-04-15,21.81
4609,1030,2025-03-20,73.81
4610,345,2025-12-26,94.86
4611,720,2025-01-27,108.43
4612,1212,2025-07-16,191.81
4613,952,2025-11-01,47.47
4614,511,2025-09-30,242.0
4615,1235,2025-07-25,119.0
4616,740,2025-03-24,136.59
4617,1117,2025-01-18,136.34
4618,1275,2025-05-07,105.45
4619,1298,2025-12-05,65.64
4620,1258,2025-11-20,55.06
4621,351,2025-01-06,28.41
4622,256,2025-04-01,129.22
4623,471,2025-04-14,113.08
4624,208,2025-09-26,61.42
4625,443,2025-03-13,128.31
4626,883,2025-05-20,90.43
4627,1259,2025-04-02,270.62
4628,1219,2025-01-21,74.11
4629,1133,2025-05-21,82.39
4630,486,2025-03-07,496.12
4631,1251,2025-01-03,82.02
4632,450,2025-06-23,96.61
4633,607,2025-04-03,736.1
4634,1051,2025-08-06,23.03
4635,42,2025-05-13,172.68
4636,273,2025-08-15,144.72
4637,665,2025-07-08,174.61
4638,1129,2025-05-04,35.79
4639,665,2025-01-17,53.64
4640,468,2025-08-13,84.27
4641,153,2025-08-27,133.89
4642,994,2025-04-11,85.37
4643,518,2025-04-13,49.42
4644,835,2025-09-10,3.22
4645,605,2025-10-23,125.52
4646,605,2025-07-06,59.09
4647,575,2025-09-11,140.36
4648,957,2025-04-05,126.24
4649,557,2025-06-27,3.42
4650,521,2025-06-09,91.54
4651,1257,2025-06-23,164.08
4652,449,2025-06-26,243.39
4653,801,2025-03-23,206.93
4654,157,2025-12-15,114.62
4655,1084,2025-10-14,42.32
4656,1116,2025-11-22,177.35
4657,161,2025-02-28,96.04
4658,542,2025-08-06,71.78
4659,788,2025-03-16,61.73
4660,1045,2025-06-02,110.46
4661,1229,2025-10-13,89.12
4662,353,2025-09-23,129.51
4663,1277,2025-05-27,115.24
4664,1081,2025-12-03,50.89
4665,561,2025-07-06,53.67
4666,376,2025-07-04,72.94
4667,1195,2025-05-30,38.03
4668,479,2025-08-10,302.0
4669,632,2025-08-22,74.7
4670,690,2025-07-16,81.97
4671,417,2025-03-23,252.39
4672,540,2025-07-27,67.31
4673,1023,2025-04-06,29.59
4674,98,2025-03-29,136.66
4675,375,2025-03-21,198.35
4676,1043,2025-03-24,128.65
4677,699,2025-03-05,117.8
4678,569,2025-08-22,127.79
4679,1250,2025-04-09,63.44
4680,869,2025-03-24,28.3
4681,1283,2025-06-03,58.65
4682,99,2025-06-08,43.03
4683,962,2025-01-28,88.28
4684,982,2025-03-17,58.83
4685,747,2025-08-30,88.08
4686,855,2025-04-19,261.01
4687,913,2025-04-21,152.58
4688,614,2025-07-12,73.73
4689,300,2025-07-18,178.16
4690,1041,2025-04-10,46.36
4691,222,2025-01-28,186.65
4692,359,2025-10-10,91.04
4693,15,2025-01-11,84.06
4694,1165,2025-10-22,153.37
4695,1134,2025-06-19,94.33
4696,265,2025-10-25,101.16
4697,590,2025-01-09,249.15
4698,1127,2025-12-11,42.08
4699,1009,2025-09-08,169.82
4700,158,2025-06-05,105.71
4701,572,2025-02-06,547.72
4702,1074,2025-11-04,275.27
4703,1005,2025-08-06,29.16
4704,107,2025-01-08,98.9
4705,1019,2025-04-17,52.14
4706,375,2025-01-20,60.64
4707,287,2025-08-21,68.7
4708,307,2025-03-02,94.43
4709,1276,2025-06-15,101.75
4710,294,2025-12-21,63.97
4711,171,2025-05-16,246.59
4712,4,2025-04-02,114.65
4713,88,2025-10-16,74.5
4714,123,2025-07-17,64.77
4715,1091,2025-10-05,184.67
4716,490,2025-12-18,183.87
4717,63,2025-02-15,202.51
4718,948,2025-07-31,96.4
4719,115,2025-08-10,84.49
4720,938,2025-11-04,119.14
4721,468,2025-04-26,41.1
4722,17,2025-07-29,215.29
4723,875,2025-10-05,42.98
4724,902,2025-03-28,228.82
4725,29,2025-04-23,41.23
4726,175,2025-04-17,478.13
4727,955,2025-02-14,191.64
4728,463,2025-01-21,135.06
4729,33,2025-07-26,131.05
4730,747,2025-10-28,171.21
4731,407,2025-06-12,227.37
4732,1266,2025-08-30,146.85
4733,925,2025-01-24,218.86
4734,1067,2025-12-15,29.85
4735,559,2025-01-23,250.79
4736,913,2025-07-07,137.13
4737,52,2025-10-02,69.36
4738,505,2025-01-25,59.04
4739,582,2025-05-13,188.53
4740,539,2025-09-19,97.36
4741,203,2025-10-31,188.52
4742,511,2025-05-25,19.22
4743,952,2025-03-20,114.34
4744,215,2025-06-11,122.29
4745,162,2025-01-06,9.04
4746,410,2025-03-25,183.48
4747,1117,2025-12-11,121.94
4748,709,2025-03-05,235.29
4749,836,2025-01-03,9.98
4750,766,2025-05-01,105.78
4751,106,2025-08-17,49.91
4752,1132,2025-10-13,52.24
4753,1236,2025-03-21,48.28
4754,414,2025-01-03,257.34
4755,93,2025-02-12,93.68
4756,851,2025-01-07,77.71
4757,1142,2025-07-28,109.29
4758,434,2025-06-04,164.51
4759,842,2025-01-15,80.11
4760,858,2025-11-15,179.6
4761,898,2025-01-26,18.5
4762,931,2025-03-29,83.63
4763,602,2025-03-10,110.07
4764,605,2025-09-19,120.34
4765,73,2025-04-28,59.57
4766,114,2025-05-28,106.24
4767,1154,2025-11-29,108.2
4768,768,2025-12-02,93.47
4769,813,2025-03-16,78.46
4770,883,2025-08-16,101.35
4771,295,2025-01-07,76.74
4772,542,2025-07-14,67.91
4773,67,2025-01-22,78.04
4774,241,2025-09-09,80.34
4775,447,2025-01-25,155.17
4776,103,2025-04-23,63.96
4777,622,2025-03-26,97.13
4778,77,2025-09-14,353.32
4779,827,2025-08-07,141.87
4780,650,2025-09-20,99.49
4781,76,2025-04-05,89.23
4782,325,2025-08-07,32.99
4783,1212,2025-10-15,269.12
4784,1297,2025-07-05,212.14
4785,546,2025-11-12,111.23
4786,915,2025-08-05,45.53
4787,1249,2025-02-27,238.91
4788,846,2025-11-14,229.56
4789,221,2025-02-26,125.97
4790,1184,2025-01-14,88.92
4791,1086,2025-12-16,62.49
4792,213,2025-03-20,54.23
4793,859,2025-02-17,178.3
4794,7,2025-04-13,164.13
4795,200,2025-08-11,114.28
4796,377,2025-07-15,147.14
4797,106,2025-10-29,232.68
4798,1060,2025-01-28,60.72
4799,564,2025-01-07,70.43
4800,285,2025-11-08,8.51
4801,1288,2025-09-20,16.11
4802,277,2025-02-22,109.59
4803,876,2025-12-01,120.27
4804,31,2025-02-06,288.2
4805,1282,2025-07-18,111.73
4806,105,2025-04-30,268.43
4807,1004,2025-08-09,106.65
4808,782,2025-12-25,144.84
4809,171,2025-06-07,110.66
4810,995,2025-04-18,87.36
4811,613,2025-01-04,179.45
4812,323,2025-03-19,132.41
4813,1220,2025-02-26,168.06
4814,75,2025-08-30,111.04
4815,605,2025-07-29,219.94
4816,694,2025-08-02,60.38
4817,673,2025-03-17,380.1
4818,1176,2025-06-22,109.75
4819,97,2025-08-25,165.18
4820,455,2025-06-16,187.11
4821,1032,2025-12-20,216.61
4822,356,2025-08-05,186.19
4823,122,2025-12-11,93.28
4824,859,2025-10-31,134.49
4825,939,2025-10-13,19.55
4826,170,2025-09-11,236.03
4827,449,2025-10-10,46.98
4828,983,2025-09-04,101.02
4829,817,2025-05-08,125.21
4830,312,2025-11-16,45.08
4831,532,2025-05-15,59.82
4832,183,2025-04-03,181.71
4833,121,2025-09-12,183.1
4834,1195,2025-12-20,138.46
4835,669,2025-12-30,79.49
4836,1297,2025-10-16,45.27
4837,71,2025-12-23,150.93
4838,1213,2025-10-09,271.52
4839,1196,2025-10-29,148.99
4840,262,2025-01-18,41.34
4841,1018,2025-05-25,73.64
4842,1160,2025-12-11,25.67
4843,1069,2025-06-30,163.66
4844,1073,2025-09-18,82.63
4845,512,2025-05-18,72.87
4846,323,2025-10-17,216.93
4847,1219,2025-08-20,105.55
4848,1039,2025-05-05,350.82
4849,276,2025-01-17,71.6
4850,769,2025-06-15,153.75
4851,371,2025-12-12,57.71
4852,905,2025-12-26,76.84
4853,588,2025-02-08,82.4
4854,760,2025-04-30,69.18
4855,390,2025-08-28,233.63
4856,872,2025-04-07,240.5
4857,528,2025-10-30,228.12
4858,1004,2025-08-27,211.93
4859,117,2025-09-25,296.27
4860,771,2025-01-16,61.26
4861,72,2025-02-02,92.15
4862,520,2025-01-29,76.34
4863,833,2025-10-23,23.5
4864,391,2025-04-20,39.48
4865,121,2025-12-26,189.24
4866,931,2025-01-07,197.91
4867,726,2025-08-03,157.48
4868,693,2025-12-11,198.15
4869,878,2025-06-27,101.04
4870,1101,2025-07-09,107.79
4871,498,2025-01-31,112.78
4872,908,2025-05-24,109.5
4873,232,2025-12-28,49.65
4874,131,2025-08-29,31.96
4875,459,2025-03-31,174.44
4876,497,2025-06-19,266.32
4877,216,2025-12-11,68.22
4878,493,2025-12-10,92.4
4879,118,2025-03-31,65.81
4880,390,2025-09-27,145.83
4881,1182,2025-08-21,61.59
4882,954,2025-12-20,53.61
4883,523,2025-10-06,88.36
4884,993,2025-11-17,174.64
4885,915,2025-06-29,72.3
4886,1149,2025-09-23,77.82
4887,900,2025-09-12,95.0
4888,90,2025-05-10,54.98
4889,870,2025-09-22,45.51
4890,347,2025-10-28,233.27
4891,30,2025-02-16,143.75
4892,241,2025-07-03,164.74
4893,132,2025-01-10,6.42
4894,1055,2025-05-03,72.37
4895,193,2025-05-26,141.09
4896,1057,2025-12-15,100.99
4897,331,2025-11-10,63.97
4898,153,2025-09-06,26.11
4899,926,2025-09-02,128.56
4900,992,2025-04-24,250.52
4901,258,2025-09-02,123.13
4902,1177,2025-04-02,166.85
4903,179,2025-02-18,32.95
4904,505,2025-11-02,31.04
4905,148,2025-04-12,168.03
4906,705,2025-09-07,199.07
4907,1163,2025-09-04,211.46
4908,807,2025-08-16,131.78
4909,1239,2025-07-19,133.02
4910,780,2025-12-19,54.84
4911,1065,2025-01-24,86.07
4912,530,2025-12-04,119.45
4913,864,2025-10-04,110.55
4914,580,2025-09-29,109.76
4915,877,2025-07-20,24.5
4916,307,2025-04-02,78.75
4917,1056,2025-08-20,42.32
4918,472,2025-12-01,95.35
4919,226,2025-08-15,142.17
4920,197,2025-12-30,235.99
4921,1182,2025-06-26,168.2
4922,668,2025-07-07,281.62
4923,102,2025-09-22,158.17
4924,639,2025-08-03,88.81
4925,1009,2025-07-31,165.73
4926,682,2025-05-13,104.12
4927,705,2025-09-04,277.5
4928,703,2025-10-13,157.63
4929,687,2025-08-09,126.25
4930,597,2025-11-25,227.2
4931,771,2025-10-02,225.83
4932,126,2025-07-07,81.99
4933,114,2025-07-24,48.53
4934,740,2025-09-09,51.93
4935,115,2025-12-29,47.69
4936,156,2025-12-07,13.65
4937,44,2025-01-04,57.4
4938,345,2025-11-02,92.41
4939,971,2025-07-30,60.27
4940,512,2025-10-09,51.18
4941,371,2025-01-05,76.06
4942,97,2025-04-14,114.65
4943,648,2025-01-08,216.8
4944,1198,2025-01-29,159.0
4945,79,2025-01-13,51.46
4946,667,2025-10-03,78.65
4947,349,2025-02-11,42.69
4948,936,2025-11-10,217.18
4949,1161,2025-08-04,112.56
4950,124,2025-02-22,66.78
4951,492,2025-07-29,78.82
4952,948,2025-10-22,144.99
4953,965,2025-08-29,89.18
4954,1085,2025-03-01,101.08
4955,1146,2025-12-22,52.74
4956,771,2025-01-14,26.94
4957,590,2025-05-19,207.34
4958,528,2025-05-08,48.4
4959,502,2025-11-07,27.99
4960,28,2025-09-03,209.23
4961,892,2025-01-14,97.63
4962,8,2025-07-10,108.12
4963,881,2025-04-21,32.71
4964,743,2025-08-28,112.12
4965,512,2025-07-06,60.21
4966,750,2025-10-26,75.36
4967,959,2025-04-14,312.2
4968,83,2025-02-23,34.47
4969,372,2025-06-14,60.28
4970,351,2025-06-11,74.33
4971,703,2025-07-02,62.88
4972,119,2025-10-17,76.81
4973,1258,2025-11-03,95.98
4974,113,2025-12-24,68.67
4975,1189,2025-04-22,189.14
4976,955,2025-12-05,42.7
4977,1126,2025-03-26,75.2
4978,1067,2025-10-23,127.23
4979,1038,2025-12-26,138.62
4980,703,2025-09-20,202.81
4981,420,2025-01-04,110.94
4982,42,2025-11-15,212.73
4983,213,2025-05-22,91.51
4984,376,2025-05-14,152.97
4985,919,2025-07-26,250.99
4986,883,2025-11-16,228.95
4987,1055,2025-12-11,105.87
4988,806,2025-01-02,286.81
4989,47,2025-05-02,85.54
4990,1211,2025-04-06,17.11
4991,1008,2025-02-11,137.99
4992,300,2025-06-01,345.17
4993,132,2025-07-04,69.25
4994,1148,2025-07-06,113.87
4995,308,2025-05-17,144.64
4996,578,2025-05-05,71.03
4997,22,2025-08-10,32.67
4998,583,2025-01-25,82.1
4999,964,2025-06-13,82.92
5000,1214,2025-07-10,309.03
5001,213,2025-12-30,64.43
5002,843,2025-02-02,13.61
5003,73,2025-09-11,53.5
5004,302,2025-09-26,80.44
5005,1073,2025-04-03,452.9
5006,560,2025-01-28,122.24
5007,1227,2025-09-17,128.0
5008,1131,2025-03-03,304.96
5009,211,2025-10-01,26.65
5010,935,2025-05-16,131.72
5011,1158,2025-09-01,145.32
5012,1149,2025-12-26,118.21
5013,765,2025-10-24,79.54
5014,345,2025-12-17,131.09
5015,189,2025-01-25,189.17
5016,806,2025-07-17,159.38
5017,1162,2025-01-28,146.35
5018,4,2025-06-15,13.13
5019,458,2025-03-12,85.05
5020,959,2025-11-12,304.28
5021,1014,2025-04-16,146.19
5022,249,2025-10-19,108.03
5023,741,2025-06-24,250.14
5024,921,2025-03-20,74.52
5025,481,2025-04-22,158.58
5026,1217,2025-09-03,49.95
5027,836,2025-02-21,107.47
5028,54,2025-12-13,51.93
5029,510,2025-01-15,62.75
5030,152,2025-04-20,188.33
5031,573,2025-05-29,221.17
5032,623,2025-08-17,74.53
5033,67,2025-11-01,27.5
5034,1178,2025-10-15,268.82
5035,286,2025-01-28,66.31
5036,995,2025-05-14,106.32
5037,336,2025-10-05,251.17
5038,113,2025-12-14,173.03
5039,1081,2025-06-23,265.63
5040,1019,2025-03-23,70.71
5041,919,2025-03-14,71.14
5042,186,2025-07-27,178.33
5043,1053,2025-08-26,180.72
5044,410,2025-10-31,76.92
5045,707,2025-03-30,134.21
5046,133,2025-01-08,132.89
5047,898,2025-05-17,13.31
5048,84,2025-10-03,43.84
5049,120,2025-12-02,98.08
5050,1178,2025-06-10,110.24
5051,267,2025-09-04,110.09
5052,653,2025-06-09,129.44
5053,496,2025-02-07,18.64
5054,80,2025-12-03,46.45
5055,1131,2025-12-09,31.32
5056,154,2025-08-12,239.68
5057,573,2025-09-08,149.48
5058,788,2025-01-20,213.8
5059,1024,2025-09-20,119.87
5060,540,2025-01-03,160.63
5061,7,2025-05-06,186.94
5062,825,2025-12-21,195.85
5063,307,2025-01-23,57.71
5064,97,2025-09-21,73.17
5065,936,2025-12-04,41.26
5066,543,2025-03-19,139.43
5067,1067,2025-10-27,166.57
5068,1005,2025-02-01,164.68
5069,643,2025-04-13,85.82
5070,321,2025-12-21,57.1
5071,938,2025-11-15,33.27
5072,437,2025-09-29,124.92
5073,1193,2025-06-08,84.71
5074,430,2025-04-22,82.38
5075,482,2025-05-12,104.0
5076,42,2025-11-13,96.37
5077,618,2025-03-26,26.31
5078,269,2025-09-26,73.86
5079,870,2025-02-08,35.99
5080,862,2025-07-11,15.93
5081,1186,2025-12-10,131.0
5082,40,2025-04-12,157.87
5083,847,2025-06-22,153.49
5084,1030,2025-05-09,185.17
5085,1224,2025-08-12,147.98
5086,901,2025-07-21,362.63
5087,999,2025-01-10,201.15
5088,601,2025-01-14,144.95
5089,934,2025-08-15,37.86
5090,777,2025-12-11,204.6
5091,325,2025-04-12,115.04
5092,124,2025-09-30,12.19
5093,187,2025-07-20,67.85
5094,547,2025-05-08,200.15
5095,975,2025-08-27,155.37
5096,1290,2025-03-25,129.21
5097,1237,2025-07-12,107.73
5098,297,2025-04-08,30.32
5099,1006,2025-12-13,327.24
5100,609,2025-04-07,149.36
5101,203,2025-12-16,215.61
5102,902,2025-06-04,145.94
5103,277,2025-03-11,200.25
5104,117,2025-06-09,65.43
5105,1264,2025-05-19,19.13
5106,1090,2025-12-30,138.65
5107,891,2025-08-12,21.62
5108,771,2025-01-04,124.32
5109,375,2025-12-12,160.4
5110,277,2025-03-18,127.32
5111,933,2025-07-25,256.43
5112,399,2025-03-30,69.51
5113,902,2025-12-13,63.3
5114,607,2025-07-05,263.88
5115,1100,2025-04-24,91.47
5116,23,2025-06-07,99.07
5117,1221,2025-02-05,359.2
5118,387,2025-01-20,218.3
5119,91,2025-04-04,277.18
5120,1155,2025-05-29,27.25
5121,886,2025-10-02,137.04
5122,1136,2025-09-21,296.64
5123,146,2025-04-18,155.34
5124,788,2025-12-26,279.26
5125,880,2025-04-25,78.76
5126,639,2025-02-20,376.36
5127,138,2025-10-19,57.24
5128,895,2025-12-26,76.29
5129,716,2025-09-12,221.96
5130,1057,2025-10-06,161.46
5131,1026,2025-01-17,101.82
5132,68,2025-10-27,55.32
5133,982,2025-05-10,66.69
5134,345,2025-08-01,75.27
5135,590,2025-04-22,67.13
5136,415,2025-10-31,154.24
5137,818,2025-08-15,83.2
5138,352,2025-01-13,42.01
5139,145,2025-09-26,96.96
5140,974,2025-09-04,175.79
5141,686,2025-04-23,58.91
5142,503,2025-03-20,93.09
5143,526,2025-02-12,59.14
5144,102,2025-09-05,133.27
5145,1265,2025-01-19,130.72
5146,944,2025-03-31,101.12
5147,410,2025-01-07,153.06
5148,1262,2025-06-08,40.75
5149,393,2025-12-14,75.09
5150,26,2025-03-15,25.27
5151,1089,2025-02-23,37.51
5152,821,2025-06-26,79.56
5153,77,2025-07-10,204.73
5154,54,2025-10-22,48.07
5155,905,2025-05-28,71.08
5156,450,2025-11-11,166.06
5157,1093,2025-04-14,36.79
5158,349,2025-06-11,40.44
5159,830,2025-03-26,213.48
5160,1179,2025-02-07,27.93
5161,579,2025-05-19,41.28
5162,331,2025-12-09,46.79
5163,280,2025-05-19,107.08
5164,964,2025-02-27,102.69
5165,581,2025-03-29,147.09
5166,962,2025-11-14,197.21
5167,874,2025-04-23,201.14
5168,285,2025-05-19,72.51
5169,823,2025-11-29,199.34
5170,409,2025-09-28,164.26
5171,1090,2025-09-24,238.53
5172,263,2025-08-29,75.0
5173,948,2025-06-02,132.55
5174,983,2025-07-17,32.37
5175,377,2025-04-02,89.01
5176,624,2025-11-12,168.35
5177,860,2025-11-03,126.19
5178,557,2025-02-16,137.66
5179,779,2025-08-26,44.75
5180,1123,2025-12-03,100.53
5181,1094,2025-07-05,230.8
5182,699,2025-10-18,55.0
5183,204,2025-01-08,140.93
5184,632,2025-07-30,45.94
5185,1207,2025-01-11,189.09
5186,502,2025-01-29,56.13
5187,974,2025-11-20,179.72
5188,605,2025-04-22,128.08
5189,297,2025-12-03,174.45
5190,1262,2025-11-17,207.29
5191,931,2025-04-09,361.55
5192,19,2025-04-16,131.14
5193,837,2025-04-14,106.25
5194,10,2025-09-05,90.06
5195,143,2025-10-27,119.06
5196,294,2025-05-26,91.23
5197,564,2025-12-01,47.1
5198,114,2025-04-12,52.3
5199,981,2025-03-10,80.8
5200,1245,2025-10-05,241.4
5201,192,2025-03-12,162.23
5202,696,2025-09-08,83.36
5203,27,2025-10-20,136.15
5204,416,2025-05-10,207.98
5205,363,2025-02-12,165.59
5206,1258,2025-10-22,99.37
5207,1087,2025-04-03,57.02
5208,959,2025-08-23,174.55
5209,640,2025-07-30,216.73
5210,533,2025-05-01,344.78
5211,1187,2025-02-14,422.36
5212,733,2025-08-04,137.8
5213,877,2025-12-14,39.88
5214,537,2025-04-11,114.38
5215,776,2025-10-18,305.0
5216,689,2025-06-20,52.08
5217,383,2025-11-24,135.41
5218,48,2025-03-18,196.26
5219,348,2025-12-19,139.52
5220,614,2025-10-22,244.52
5221,209,2025-03-13,105.97
5222,641,2025-02-13,433.9
5223,788,2025-01-10,75.93
5224,107,2025-07-07,225.55
5225,66,2025-04-30,430.09
5226,940,2025-11-20,200.59
5227,373,2025-12-11,165.39
5228,796,2025-08-14,216.91
5229,585,2025-12-23,38.79
5230,789,2025-08-11,140.47
5231,401,2025-09-09,112.44
5232,16,2025-10-04,159.77
5233,614,2025-06-09,95.34
5234,856,2025-06-22,133.09
5235,34,2025-03-02,4.74
5236,445,2025-11-15,59.88
5237,495,2025-01-23,35.75
5238,1125,2025-02-23,177.31
5239,532,2025-04-17,163.97
5240,254,2025-03-02,35.67
5241,685,2025-10-27,172.93
5242,821,2025-08-04,534.03
5243,320,2025-06-21,55.66
5244,198,2025-04-12,84.06
5245,263,2025-12-08,118.36
5246,218,2025-07-21,219.08
5247,475,2025-09-24,297.83
5248,125,2025-01-30,139.58
5249,246,2025-01-25,23.12
5250,448,2025-09-02,226.34
5251,723,2025-07-04,55.94
5252,992,2025-09-06,52.67
5253,355,2025-03-11,40.68
5254,1282,2025-06-13,113.71
5255,1112,2025-07-24,115.36
5256,286,2025-03-30,34.9
5257,669,2025-08-17,129.57
5258,72,2025-04-18,22.01
5259,1047,2025-07-27,87.56
5260,22,2025-11-03,83.78
5261,146,2025-04-08,275.62
5262,580,2025-10-08,29.7
5263,932,2025-09-27,41.24
5264,161,2025-09-01,162.37
5265,875,2025-04-10,312.33
5266,155,2025-06-04,29.25
5267,1031,2025-07-10,129.85
5268,991,2025-06-30,88.0
5269,286,2025-11-30,261.8
5270,21,2025-04-08,181.79
5271,560,2025-09-02,125.96
5272,123,2025-10-31,263.74
5273,215,2025-12-23,67.55
5274,393,2025-10-04,78.96
5275,797,2025-02-12,28.41
5276,1162,2025-10-19,61.95
5277,608,2025-10-14,134.76
5278,797,2025-04-26,85.75
5279,957,2025-03-05,62.76
5280,1157,2025-04-14,113.9
5281,1151,2025-06-19,114.86
5282,744,2025-12-20,129.5
5283,44,2025-05-17,113.65
5284,1103,2025-12-05,73.89
5285,191,2025-07-20,98.87
5286,421,2025-04-30,83.25
5287,664,2025-11-13,50.11
5288,18,2025-08-29,173.56
5289,1074,2025-05-17,145.18
5290,582,2025-12-28,308.8
5291,834,2025-06-02,373.83
5292,276,2025-02-03,479.07
5293,961,2025-04-26,163.18
5294,505,2025-05-18,158.24
5295,788,2025-08-01,135.12
5296,412,2025-07-15,54.74
5297,635,2025-05-13,21.71
5298,111,2025-08-23,206.08
5299,761,2025-05-16,87.59
5300,1288,2025-01-31,84.8
5301,316,2025-01-16,61.55
5302,1151,2025-09-24,155.13
5303,998,2025-03-26,264.88
5304,916,2025-05-27,216.27
5305,499,2025-10-15,199.16
5306,434,2025-11-17,192.82
5307,450,2025-10-15,41.78
5308,177,2025-10-22,269.82
5309,538,2025-03-22,272.77
5310,1199,2025-04-18,27.59
5311,314,2025-02-15,72.99
5312,1238,2025-03-30,58.96
5313,191,2025-05-08,38.15
5314,451,2025-01-07,368.62
5315,1019,2025-02-16,130.97
5316,520,2025-12-19,50.95
5317,81,2025-01-22,137.94
5318,79,2025-08-06,110.58
5319,73,2025-04-15,151.07
5320,473,2025-02-07,337.49
5321,309,2025-07-31,61.86
5322,300,2025-01-16,61.99
5323,151,2025-09-28,147.56
5324,871,2025-10-21,127.58
5325,285,2025-01-20,41.74
5326,53,2025-03-23,190.66
5327,723,2025-06-11,155.04
5328,450,2025-07-04,20.75
5329,573,2025-04-09,156.98
5330,678,2025-05-26,31.7
5331,688,2025-02-23,39.66
5332,789,2025-05-13,51.03
5333,19,2025-01-17,225.69
5334,414,2025-05-14,8.8
5335,224,2025-09-13,149.39
5336,730,2025-06-25,106.97
5337,1017,2025-07-08,175.46
5338,997,2025-01-20,120.48
5339,1058,2025-09-05,247.12
5340,840,2025-01-09,38.66
5341,1294,2025-06-30,139.79
5342,766,2025-01-04,231.37
5343,294,2025-04-04,140.87
5344,124,2025-05-22,179.92
5345,591,2025-07-22,14.89
5346,1224,2025-12-04,154.54
5347,831,2025-06-01,184.45
5348,893,2025-04-16,44.64
5349,1151,2025-10-03,137.41
5350,383,2025-01-10,167.45
5351,1141,2025-08-21,12.16
5352,585,2025-12-06,166.67
5353,341,2025-08-22,109.74
5354,1276,2025-08-09,124.05
5355,945,2025-09-29,69.18
5356,1002,2025-01-15,18.65
5357,319,2025-09-12,171.66
5358,1236,2025-10-10,143.26
5359,333,2025-08-02,20.94
5360,148,2025-11-14,104.77
5361,658,2025-10-11,301.68
5362,1268,2025-01-22,296.94
5363,609,2025-09-13,263.84
5364,385,2025-04-02,91.65
5365,555,2025-02-03,207.93
5366,680,2025-04-30,108.43
5367,1261,2025-12-25,259.91
5368,1042,2025-10-21,35.92
5369,559,2025-02-06,296.53
5370,240,2025-02-09,98.52
5371,328,2025-02-27,211.01
5372,1016,2025-07-17,150.91
5373,445,2025-12-05,186.55
5374,1069,2025-02-19,105.07
5375,1131,2025-04-14,202.26
5376,220,2025-07-15,157.87
5377,392,2025-12-22,39.79
5378,66,2025-09-16,158.62
5379,307,2025-08-15,37.12
5380,1261,2025-10-14,51.06
5381,1268,2025-08-26,150.57
5382,377,2025-06-19,133.37
5383,383,2025-01-22,295.89
5384,881,2025-05-19,37.81
5385,15,2025-05-31,170.58
5386,962,2025-06-19,63.65
5387,218,2025-12-19,81.96
5388,1021,2025-06-27,51.42
5389,907,2025-09-24,143.27
5390,910,2025-05-05,90.21
5391,875,2025-10-08,349.65
5392,768,2025-10-06,98.12
5393,219,2025-05-16,11.43
5394,1111,2025-02-19,138.5
5395,571,2025-01-24,118.97
5396,1078,2025-08-14,157.45
5397,459,2025-12-10,15.59
5398,415,2025-10-20,16.54
5399,1264,2025-05-08,96.39
5400,1282,2025-04-01,57.33
5401,851,2025-08-27,192.43
5402,1167,2025-06-02,58.18
5403,764,2025-10-10,196.46
5404,132,2025-09-30,358.25
5405,1070,2025-02-14,128.22
5406,496,2025-12-30,166.06
5407,1066,2025-05-08,329.77
5408,263,2025-08-07,336.47
5409,912,2025-07-11,76.77
5410,320,2025-10-25,131.15
5411,499,2025-07-10,67.26
5412,52,2025-03-01,138.02
5413,1224,2025-02-23,29.93
5414,729,2025-09-25,170.91
5415,259,2025-07-02,88.15
5416,942,2025-12-19,17.25
5417,863,2025-12-17,33.18
5418,27,2025-06-07,27.8
5419,1224,2025-07-10,102.78
5420,688,2025-09-15,281.48
5421,67,2025-04-07,49.99
5422,302,2025-11-05,213.91
5423,922,2025-12-11,146.39
5424,629,2025-05-03,66.13
5425,1145,2025-11-20,402.77
5426,509,2025-05-20,254.47
5427,10,2025-08-28,107.11
5428,1269,2025-09-10,55.74
5429,132,2025-04-18,41.12
5430,821,2025-02-27,116.38
5431,814,2025-05-11,194.37
5432,406,2025-01-13,45.87
5433,155,2025-10-24,124.15
5434,1177,2025-07-31,108.63
5435,420,2025-09-24,312.05
5436,851,2025-11-12,16.41
5437,1235,2025-05-07,31.29
5438,666,2025-05-23,35.26
5439,269,2025-06-29,21.97
5440,833,2025-05-09,59.15
5441,276,2025-09-24,75.89
5442,890,2025-01-13,93.85
5443,56,2025-03-15,204.37
5444,1129,2025-07-10,55.26
5445,1250,2025-08-28,28.69
5446,1054,2025-04-06,18.81
5447,478,2025-03-03,82.4
5448,734,2025-02-22,152.25
5449,938,2025-06-04,47.22
5450,865,2025-02-18,76.66
5451,282,2025-09-18,164.44
5452,1160,2025-10-04,241.72
5453,247,2025-03-01,161.45
5454,709,2025-01-26,90.69
5455,1164,2025-04-28,53.82
5456,1212,2025-07-29,176.04
5457,745,2025-12-19,167.6
5458,573,2025-09-12,134.0
5459,362,2025-11-03,109.25
5460,1296,2025-01-12,107.22
5461,251,2025-12-27,132.5
5462,547,2025-10-03,44.22
5463,793,2025-03-13,67.09
5464,956,2025-05-17,193.57
5465,912,2025-05-23,171.22
5466,461,2025-02-08,27.06
5467,342,2025-07-31,14.29
5468,338,2025-10-24,15.33
5469,1160,2025-10-22,28.93
5470,918,2025-05-04,81.35
5471,1126,2025-12-12,31.64
5472,1178,2025-06-01,61.7
5473,352,2025-04-27,137.01
5474,1209,2025-03-05,71.03
5475,734,2025-12-18,211.49
5476,378,2025-05-29,174.99
5477,305,2025-01-04,84.63
5478,722,2025-03-04,88.76
5479,412,2025-07-17,27.58
5480,450,2025-02-25,57.93
5481,677,2025-12-16,85.12
5482,302,2025-04-23,182.04
5483,1072,2025-04-30,125.82
5484,195,2025-10-19,23.17
5485,1213,2025-11-16,104.14
5486,476,2025-09-20,193.53
5487,427,2025-06-21,327.3
5488,1196,2025-10-14,76.26
5489,285,2025-09-18,214.6
5490,260,2025-09-05,43.17
5491,811,2025-10-09,136.6
5492,92,2025-07-07,113.17
5493,3,2025-06-05,29.01
5494,1112,2025-04-06,105.9
5495,142,2025-08-31,223.15
5496,630,2025-02-23,182.03
5497,884,2025-10-04,113.66
5498,1231,2025-07-21,96.13
5499,328,2025-09-22,184.69
5500,859,2025-07-27,273.36
5501,599,2025-05-02,179.04
5502,1088,2025-07-18,202.2
5503,768,2025-08-04,252.75
5504,889,2025-07-02,167.3
5505,1234,2025-06-12,23.66
5506,1086,2025-05-15,22.97
5507,210,2025-02-02,102.34
5508,1087,2025-12-17,119.03
5509,731,2025-08-25,189.02
5510,468,2025-01-21,123.7
5511,787,2025-07-14,18.96
5512,919,2025-11-18,242.02
5513,230,2025-12-02,64.02
5514,474,2025-06-12,63.9
5515,104,2025-11-15,174.23
5516,322,2025-01-24,77.52
5517,991,2025-02-13,103.22
5518,216,2025-04-22,57.41
5519,119,2025-08-28,23.28
5520,507,2025-04-08,109.94
5521,325,2025-03-11,127.02
5522,962,2025-05-12,199.75
5523,516,2025-12-06,63.85
5524,979,2025-11-15,154.01
5525,1288,2025-12-12,263.01
5526,191,2025-03-13,94.52
5527,35,2025-07-11,251.27
5528,20,2025-08-09,126.84
5529,148,2025-06-17,52.41
5530,731,2025-08-06,80.79
5531,979,2025-07-19,116.09
5532,884,2025-03-14,36.1
5533,1160,2025-04-27,131.91
5534,686,2025-09-09,250.89
5535,652,2025-10-18,42.84
5536,837,2025-06-11,39.39
5537,951,2025-11-16,452.9
5538,666,2025-02-06,25.92
5539,914,2025-10-21,85.56
5540,288,2025-11-01,123.79
5541,1125,2025-04-02,31.0
5542,753,2025-11-05,141.92
5543,611,2025-03-29,222.78
5544,1209,2025-05-15,50.81
5545,488,2025-11-14,202.46
5546,934,2025-04-03,63.92
5547,1254,2025-08-30,148.02
5548,1245,2025-04-26,125.81
5549,792,2025-07-13,54.05
5550,645,2025-12-08,56.75
5551,274,2025-01-02,154.33
5552,112,2025-04-01,171.32
5553,779,2025-12-19,92.04
5554,76,2025-03-29,54.51
5555,18,2025-06-17,32.9
5556,369,2025-02-27,73.31
5557,1098,2025-11-04,63.89
5558,188,2025-04-24,98.06
5559,434,2025-08-31,142.87
5560,401,2025-07-24,49.53
5561,54,2025-01-25,245.85
5562,24,2025-08-10,179.07
5563,753,2025-09-14,163.55
5564,299,2025-01-26,222.57
5565,1149,2025-03-05,463.72
5566,1235,2025-01-04,149.98
5567,18,2025-12-22,121.38
5568,188,2025-07-05,66.36
5569,795,2025-05-28,264.8
5570,256,2025-07-09,129.97
5571,892,2025-09-11,424.02
5572,29,2025-07-06,100.5
5573,996,2025-09-27,94.43
5574,1192,2025-01-09,166.21
5575,1130,2025-10-11,142.04
5576,1053,2025-06-13,150.91
5577,124,2025-07-07,29.22
5578,290,2025-05-02,265.17
5579,1084,2025-07-24,88.16
5580,685,2025-10-23,143.98
5581,802,2025-07-05,125.07
5582,842,2025-05-17,111.9
5583,729,2025-01-02,516.85
5584,699,2025-04-06,62.43
5585,1133,2025-03-21,19.38
5586,1137,2025-01-08,294.01
5587,573,2025-03-10,80.95
5588,581,2025-09-27,64.26
5589,968,2025-07-17,83.53
5590,418,2025-12-04,330.84
5591,129,2025-12-14,128.05
5592,435,2025-12-20,89.15
5593,1076,2025-07-03,169.38
5594,35,2025-03-06,162.79
5595,884,2025-05-15,97.44
5596,632,2025-03-24,223.63
5597,424,2025-04-17,334.38
5598,1190,2025-08-09,100.25
5599,470,2025-12-01,101.04
5600,291,2025-04-15,265.8
5601,402,2025-08-19,118.59
5602,1002,2025-01-17,138.44
5603,161,2025-11-20,147.21
5604,761,2025-05-27,99.59
5605,1170,2025-11-14,20.98
5606,1022,2025-11-15,79.88
5607,399,2025-11-26,225.5
5608,541,2025-01-17,317.32
5609,357,2025-01-02,39.27
5610,298,2025-12-01,99.31
5611,1011,2025-03-14,443.73
5612,1265,2025-08-21,217.76
5613,217,2025-07-27,63.97
5614,691,2025-01-30,154.76
5615,506,2025-10-25,41.36
5616,1298,2025-06-06,36.24
5617,63,2025-01-17,238.02
5618,1248,2025-01-05,244.6
5619,822,2025-06-26,37.7
5620,516,2025-07-30,185.32
5621,933,2025-08-25,34.62
5622,629,2025-03-31,127.95
5623,868,2025-03-11,81.52
5624,1017,2025-09-07,45.68
5625,921,2025-10-21,160.03
5626,16,2025-03-12,145.55
5627,67,2025-07-26,232.63
5628,1115,2025-12-19,115.97
5629,716,2025-01-01,44.53
5630,364,2025-10-19,172.63
5631,1185,2025-10-08,153.3
5632,114,2025-03-07,60.16
5633,292,2025-08-03,117.08
5634,22,2025-05-05,145.8
5635,563,2025-06-16,115.2
5636,460,2025-03-20,61.3
5637,216,2025-07-05,7.29
5638,259,2025-05-16,168.65
5639,886,2025-05-17,141.12
5640,1068,2025-05-26,85.06
5641,363,2025-09-03,107.15
5642,831,2025-02-14,140.05
5643,243,2025-03-07,193.91
5644,1099,2025-11-28,25.88
5645,249,2025-11-25,81.39
5646,1185,2025-06-02,97.56
5647,757,2025-04-01,64.76
5648,365,2025-11-16,144.39
5649,221,2025-05-01,88.68
5650,1177,2025-10-22,154.55
5651,71,2025-02-08,56.02
5652,1042,2025-03-23,171.21
5653,472,2025-02-03,212.13
5654,964,2025-03-10,73.9
5655,528,2025-12-25,36.31
5656,448,2025-03-23,178.24
5657,869,2025-01-08,121.32
5658,829,2025-08-08,160.05
5659,307,2025-09-10,82.64
5660,285,2025-05-27,36.48
5661,851,2025-09-12,5.48
5662,955,2025-02-18,37.11
5663,809,2025-09-16,68.15
5664,590,2025-12-28,164.59
5665,1053,2025-08-08,99.52
5666,485,2025-05-10,75.34
5667,1106,2025-02-05,84.14
5668,807,2025-02-14,194.73
5669,484,2025-08-07,86.71
5670,94,2025-04-05,141.16
5671,573,2025-03-13,72.34
5672,285,2025-12-27,101.99
5673,922,2025-06-22,77.68
5674,1032,2025-12-17,87.14
5675,1137,2025-03-21,28.47
5676,1056,2025-03-09,108.07
5677,1283,2025-09-16,37.77
5678,1082,2025-07-11,303.46
5679,591,2025-07-18,124.08
5680,1014,2025-12-18,319.95
5681,730,2025-03-07,225.46
5682,1095,2025-05-21,470.53
5683,21,2025-01-02,16.86
5684,46,2025-05-27,312.98
5685,454,2025-11-10,191.63
5686,460,2025-11-20,56.29
5687,641,2025-03-27,72.47
5688,353,2025-11-22,33.99
5689,771,2025-07-22,75.57
5690,1262,2025-05-01,158.99
5691,206,2025-07-14,101.91
5692,1214,2025-05-15,64.34
5693,190,2025-10-02,21.19
5694,1056,2025-07-24,395.65
5695,782,2025-02-20,89.94
5696,763,2025-10-20,68.85
5697,237,2025-04-21,33.93
5698,301,2025-07-18,181.32
5699,276,2025-03-26,68.8
5700,291,2025-03-01,232.57
5701,806,2025-05-10,155.69
5702,933,2025-11-12,152.43
5703,75,2025-03-07,246.39
5704,808,2025-06-23,69.08
5705,371,2025-03-08,254.29
5706,245,2025-06-22,142.48
5707,1173,2025-01-15,196.05
5708,857,2025-03-17,345.65
5709,34,2025-07-03,30.16
5710,351,2025-08-19,38.68
5711,137,2025-07-13,25.51
5712,713,2025-12-05,219.65
5713,835,2025-06-17,187.4
5714,474,2025-09-15,129.61
5715,1173,2025-02-22,72.4
5716,965,2025-03-29,164.53
5717,1237,2025-02-26,213.4
5718,611,2025-12-06,152.08
5719,1022,2025-04-11,227.78
5720,87,2025-08-21,112.82
5721,112,2025-04-05,184.52
5722,843,2025-10-09,193.86
5723,117,2025-06-17,23.13
5724,123,2025-11-16,137.55
5725,605,2025-03-02,38.32
5726,1231,2025-07-02,66.04
5727,234,2025-07-09,123.03
5728,875,2025-06-10,138.78
5729,199,2025-06-10,95.78
5730,1068,2025-11-22,160.19
5731,754,2025-07-05,199.52
5732,514,2025-03-31,49.66
5733,774,2025-10-05,76.77
5734,103,2025-05-04,255.55
5735,12,2025-08-03,61.65
5736,838,2025-11-20,39.64
5737,299,2025-09-08,31.77
5738,109,2025-07-17,30.76
5739,433,2025-01-15,48.41
5740,854,2025-07-24,121.93
5741,21,2025-02-18,114.56
5742,663,2025-04-29,24.59
5743,722,2025-08-29,200.42
5744,241,2025-02-19,219.0
5745,1250,2025-12-23,139.16
5746,616,2025-03-21,240.1
5747,632,2025-04-04,346.24
5748,1233,2025-06-21,60.22
5749,745,2025-10-26,40.11
5750,30,2025-06-26,78.99
5751,1298,2025-06-28,92.81
5752,405,2025-02-05,61.33
5753,929,2025-11-09,254.19
5754,789,2025-02-18,154.24
5755,53,2025-04-30,194.83
5756,158,2025-12-28,76.21
5757,1181,2025-10-07,61.75
5758,1127,2025-04-28,104.94
5759,814,2025-08-26,50.74
5760,396,2025-11-29,165.09
5761,1210,2025-06-19,144.3
5762,811,2025-03-04,120.59
5763,254,2025-05-13,96.11
5764,52,2025-11-05,176.76
5765,292,2025-01-29,101.22
5766,1000,2025-01-30,102.83
5767,162,2025-05-01,129.01
5768,241,2025-12-17,68.69
5769,956,2025-04-20,104.58
5770,94,2025-11-06,186.77
5771,1162,2025-05-08,86.54
5772,1019,2025-11-17,42.21
5773,172,2025-11-01,32.34
5774,854,2025-04-08,51.15
5775,9,2025-12-19,96.99
5776,554,2025-01-02,132.54
5777,1047,2025-08-02,79.22
5778,1223,2025-04-03,97.83
5779,280,2025-08-21,51.72
5780,1079,2025-09-02,63.3
5781,1227,2025-05-13,187.1
5782,588,2025-06-06,92.23
5783,87,2025-10-11,48.64
5784,62,2025-03-22,351.74
5785,18,2025-10-05,84.92
5786,213,2025-09-01,246.29
5787,719,2025-08-01,60.27
5788,672,2025-11-29,117.31
5789,554,2025-05-09,133.71
5790,306,2025-11-19,56.39
5791,977,2025-02-11,99.7
5792,78,2025-07-19,198.03
5793,1057,2025-01-21,53.47
5794,1225,2025-04-04,252.62
5795,1261,2025-04-26,59.87
5796,465,2025-09-12,184.3
5797,873,2025-01-26,6.67
5798,480,2025-02-27,169.25
5799,494,2025-02-22,88.62
5800,975,2025-07-20,123.07
5801,1124,2025-06-08,36.76
5802,833,2025-05-12,115.49
5803,1179,2025-05-19,27.2
5804,227,2025-05-15,253.6
5805,6,2025-05-24,90.23
5806,1193,2025-02-04,158.03
5807,535,2025-05-15,73.22
5808,1139,2025-02-24,137.58
5809,458,2025-12-19,253.72
5810,163,2025-12-08,87.99
5811,883,2025-08-25,195.66
5812,450,2025-07-17,187.14
5813,427,2025-12-25,115.94
5814,364,2025-08-01,112.97
5815,1126,2025-10-16,74.23
5816,1098,2025-03-11,185.53
5817,76,2025-05-16,127.89
5818,324,2025-06-02,100.15
5819,399,2025-07-18,69.19
5820,784,2025-07-16,97.71
5821,479,2025-06-21,157.92
5822,288,2025-09-05,89.41
5823,399,2025-09-05,132.57
5824,462,2025-08-22,57.36
5825,266,2025-08-17,49.85
5826,342,2025-01-18,149.39
5827,1062,2025-06-07,69.26
5828,1153,2025-05-21,82.96
5829,444,2025-08-18,83.47
5830,919,2025-12-13,44.3
5831,92,2025-06-28,315.92
5832,479,2025-11-25,175.48
5833,998,2025-10-04,266.69
5834,307,2025-09-26,29.39
5835,1166,2025-05-25,49.64
5836,164,2025-12-08,51.53
5837,679,2025-01-18,237.15
5838,332,2025-05-27,79.47
5839,720,2025-05-17,320.09
5840,803,2025-09-02,149.33
5841,224,2025-08-26,291.87
5842,876,2025-10-19,116.52
5843,1056,2025-05-27,128.8
5844,1085,2025-08-26,51.68
5845,1004,2025-12-03,35.52
5846,301,2025-06-03,30.27
5847,682,2025-10-20,184.98
5848,816,2025-04-01,162.23
5849,716,2025-04-23,145.98
5850,807,2025-03-09,51.75
5851,981,2025-08-17,123.46
5852,950,2025-02-14,177.27
5853,1295,2025-11-10,142.2
5854,909,2025-07-09,254.25
5855,1141,2025-07-11,49.66
5856,46,2025-08-22,69.44
5857,329,2025-02-09,117.11
5858,1166,2025-02-07,6.02
5859,808,2025-10-21,161.24
5860,497,2025-01-22,163.06
5861,356,2025-09-12,160.52
5862,880,2025-04-24,78.27
5863,368,2025-03-04,57.72
5864,219,2025-07-16,98.06
5865,23,2025-09-15,62.33
5866,888,2025-09-19,42.35
5867,13,2025-11-18,107.25
5868,1178,2025-06-08,22.74
5869,1225,2025-02-14,138.5
5870,893,2025-11-28,81.71
5871,571,2025-12-21,191.15
5872,591,2025-08-18,7.51
5873,76,2025-04-01,138.32
5874,1121,2025-10-30,110.53
5875,842,2025-08-02,18.99
5876,1120,2025-12-24,70.8
5877,827,2025-09-28,110.91
5878,678,2025-06-17,16.47
5879,774,2025-03-18,275.47
5880,172,2025-06-29,169.01
5881,591,2025-03-26,150.8
5882,960,2025-07-05,51.96
5883,945,2025-03-08,114.87
5884,209,2025-06-16,54.04
5885,887,2025-08-20,324.39
5886,1241,2025-08-28,43.85
5887,368,2025-11-01,107.85
5888,788,2025-11-14,79.53
5889,1024,2025-09-15,181.52
5890,792,2025-10-17,110.85
5891,1046,2025-09-08,18.39
5892,1260,2025-12-05,31.06
5893,1106,2025-09-18,272.79
5894,1284,2025-05-11,435.98
5895,505,2025-09-04,197.88
5896,850,2025-04-06,82.19
5897,1076,2025-02-10,59.84
5898,1077,2025-06-28,107.66
5899,771,2025-06-05,150.23
5900,593,2025-06-06,85.36
5901,975,2025-01-01,95.42
5902,129,2025-01-17,306.93
5903,489,2025-04-14,115.29
5904,598,2025-02-03,108.04
5905,861,2025-04-08,32.66
5906,1186,2025-11-22,148.64
5907,1219,2025-02-05,111.28
5908,283,2025-07-23,264.67
5909,938,2025-04-15,177.65
5910,608,2025-06-13,162.35
5911,711,2025-07-28,120.24
5912,1227,2025-12-19,103.62
5913,97,2025-10-01,104.76
5914,740,2025-10-01,289.25
5915,1179,2025-08-26,20.46
5916,365,2025-07-02,65.39
5917,456,2025-04-18,223.18
5918,1063,2025-06-16,135.53
5919,116,2025-02-20,116.46
5920,1228,2025-02-17,19.92
5921,1285,2025-01-12,252.99
5922,339,2025-01-19,56.74
5923,1170,2025-02-04,192.79
5924,162,2025-06-23,263.48
5925,312,2025-07-24,131.82
5926,494,2025-09-24,35.29
5927,644,2025-12-10,78.62
5928,380,2025-01-03,379.1
5929,817,2025-08-24,141.99
5930,1009,2025-04-15,179.53
5931,99,2025-12-05,97.97
5932,709,2025-10-13,10.82
5933,500,2025-02-24,273.68
5934,118,2025-09-16,56.44
5935,747,2025-04-22,145.63
5936,746,2025-03-25,160.14
5937,813,2025-01-23,220.71
5938,375,2025-05-29,241.6
5939,738,2025-01-28,95.56
5940,1152,2025-12-25,78.47
5941,683,2025-02-24,88.99
5942,1198,2025-03-09,101.34
5943,159,2025-03-21,56.67
5944,1287,2025-02-24,76.46
5945,189,2025-01-12,19.65
5946,1262,2025-09-17,156.72
5947,133,2025-08-31,259.33
5948,1294,2025-08-27,151.83
5949,784,2025-11-08,178.48
5950,611,2025-08-19,86.7
5951,157,2025-03-27,115.54
5952,664,2025-11-03,36.71
5953,920,2025-06-30,27.98
5954,720,2025-11-01,301.41
5955,1232,2025-01-05,175.56
5956,93,2025-08-08,220.7
5957,695,2025-09-11,268.91
5958,271,2025-05-01,97.81
5959,481,2025-08-05,61.23
5960,12,2025-11-16,109.06
5961,289,2025-05-11,347.87
5962,223,2025-12-25,71.18
5963,76,2025-11-04,90.36
5964,1294,2025-02-10,102.54
5965,831,2025-09-27,76.31
5966,564,2025-03-07,190.22
5967,261,2025-09-06,62.63
5968,437,2025-02-28,117.81
5969,1006,2025-05-14,36.79
5970,984,2025-07-29,149.65
5971,862,2025-02-03,57.57
5972,30,2025-05-21,73.78
5973,944,2025-03-08,150.01
5974,903,2025-03-11,101.46
5975,91,2025-01-18,63.51
5976,1237,2025-12-05,54.9
5977,904,2025-06-28,192.0
5978,382,2025-10-10,195.86
5979,1048,2025-04-23,173.76
5980,1140,2025-11-21,77.75
5981,1010,2025-10-17,50.19
5982,415,2025-12-23,81.1
5983,999,2025-12-16,71.05
5984,1115,2025-11-28,165.15
5985,135,2025-05-27,198.87
5986,1170,2025-09-22,305.21
5987,796,2025-09-26,57.73
5988,146,2025-06-23,104.14
5989,479,2025-07-01,162.3
5990,1133,2025-07-02,162.93
5991,1267,2025-10-13,114.87
5992,961,2025-09-07,48.37
5993,216,2025-08-31,264.52
5994,39,2025-03-15,56.22
5995,1127,2025-11-02,124.28
5996,493,2025-04-15,168.94
5997,986,2025-04-29,80.78
5998,1063,2025-04-15,27.96
5999,375,2025-06-07,155.69
6000,348,2025-01-29,61.96
6001,59,2025-06-08,59.73
6002,42,2025-04-11,105.07
6003,389,2025-06-17,52.38
6004,1134,2025-01-24,113.27
6005,456,2025-08-25,28.42
6006,1037,2025-04-16,92.83
6007,445,2025-09-14,53.5
6008,797,2025-06-10,304.52
6009,1082,2025-10-06,94.5
6010,616,2025-04-30,524.74
6011,1014,2025-02-09,209.25
6012,313,2025-11-14,155.7
6013,713,2025-06-23,133.85
6014,662,2025-11-18,3.76
6015,262,2025-09-08,65.62
6016,957,2025-05-27,71.3
6017,906,2025-06-06,200.85
6018,1140,2025-05-27,14.27
6019,23,2025-09-13,99.09
6020,1046,2025-06-24,63.42
6021,332,2025-01-07,230.73
6022,1074,2025-04-21,43.56
6023,1116,2025-03-23,130.47
6024,1117,2025-02-01,60.92
6025,1203,2025-12-20,176.26
6026,796,2025-03-23,104.29
6027,78,2025-07-24,98.45
6028,1085,2025-12-23,149.46
6029,687,2025-01-07,122.38
6030,560,2025-07-22,41.64
6031,295,2025-03-09,77.6
6032,707,2025-05-17,59.99
6033,657,2025-06-12,326.68
6034,710,2025-12-28,160.77
6035,26,2025-10-31,78.87
6036,862,2025-06-28,52.1
6037,968,2025-02-03,53.03
6038,529,2025-09-29,80.83
6039,1156,2025-10-10,48.7
6040,211,2025-06-17,98.22
6041,907,2025-08-06,44.36
6042,1131,2025-04-06,262.53
6043,858,2025-02-02,20.46
6044,182,2025-04-15,56.14
6045,730,2025-07-07,55.36
6046,122,2025-09-06,127.19
6047,1132,2025-09-26,36.15
6048,481,2025-10-16,52.68
6049,871,2025-06-28,15.96
6050,225,2025-02-22,213.4
6051,807,2025-05-04,247.13
6052,455,2025-11-02,56.86
6053,717,2025-03-30,63.1
6054,1201,2025-12-25,168.22
6055,682,2025-03-20,66.83
6056,90,2025-03-28,150.61
6057,55,2025-10-24,140.81
6058,350,2025-12-20,73.35
6059,236,2025-12-29,171.78
6060,823,2025-12-05,103.06
6061,485,2025-10-13,33.99
6062,835,2025-06-14,89.11
6063,380,2025-08-15,143.11
6064,571,2025-11-21,117.14
6065,267,2025-01-09,226.88
6066,633,2025-04-10,272.63
6067,576,2025-05-03,69.46
6068,50,2025-12-19,128.11
6069,486,2025-12-16,52.86
6070,511,2025-03-03,162.07
6071,655,2025-04-08,106.84
6072,245,2025-04-22,97.07
6073,610,2025-10-03,70.34
6074,264,2025-01-30,63.74
6075,522,2025-01-23,61.25
6076,110,2025-11-11,47.71
6077,731,2025-08-28,86.41
6078,148,2025-09-18,49.08
6079,925,2025-09-06,49.63
6080,1081,2025-12-04,87.67
6081,1000,2025-10-09,197.73
6082,180,2025-10-03,141.9
6083,886,2025-09-08,8.26
6084,550,2025-11-09,15.04
6085,738,2025-05-31,174.05
6086,450,2025-03-10,224.97
6087,81,2025-06-18,450.6
6088,808,2025-11-21,69.26
6089,395,2025-12-16,115.48
6090,562,2025-01-25,135.72
6091,656,2025-10-31,45.12
6092,466,2025-04-11,41.78
6093,1279,2025-02-03,20.18
6094,347,2025-05-16,142.27
6095,553,2025-08-02,135.71
6096,922,2025-12-31,46.52
6097,1092,2025-11-22,71.71
6098,71,2025-01-02,247.76
6099,194,2025-05-09,124.18
6100,343,2025-11-10,209.34
6101,497,2025-12-07,172.6
6102,146,2025-06-20,366.01
6103,965,2025-10-20,97.58
6104,25,2025-03-10,170.2
6105,754,2025-03-26,108.1
6106,205,2025-02-09,16.3
6107,753,2025-12-15,152.66
6108,352,2025-12-24,186.7
6109,227,2025-01-02,144.19
6110,228,2025-07-20,152.07
6111,578,2025-09-14,119.75
6112,596,2025-04-02,67.63
6113,678,2025-03-03,231.46
6114,532,2025-08-10,187.68
6115,463,2025-03-12,119.18
6116,422,2025-02-16,362.68
6117,1035,2025-02-27,417.27
6118,74,2025-06-19,67.34
6119,326,2025-12-19,238.53
6120,313,2025-11-25,13.27
6121,201,2025-03-22,148.37
6122,60,2025-08-11,194.22
6123,705,2025-09-29,236.95
6124,905,2025-07-20,40.65
6125,297,2025-10-18,122.54
6126,523,2025-06-22,77.69
6127,271,2025-11-06,104.29
6128,400,2025-08-06,98.0
6129,772,2025-02-14,213.96
6130,329,2025-03-24,9.05
6131,604,2025-03-17,182.52
6132,1042,2025-04-15,13.54
6133,284,2025-02-17,297.55
6134,581,2025-10-16,380.99
6135,36,2025-07-04,109.99
6136,990,2025-05-25,67.97
6137,1008,2025-11-03,133.22
6138,835,2025-02-11,40.77
6139,1152,2025-09-03,263.83
6140,421,2025-06-08,225.28
6141,113,2025-05-19,277.33
6142,966,2025-02-18,322.3
6143,184,2025-01-26,48.71
6144,299,2025-08-29,188.11
6145,797,2025-09-28,52.92
6146,935,2025-01-22,114.34
6147,1226,2025-12-10,109.48
6148,706,2025-10-28,93.66
6149,559,2025-06-29,50.89
6150,19,2025-07-06,234.8
6151,939,2025-04-27,60.39
6152,1245,2025-01-28,125.24
6153,1196,2025-01-30,212.57
6154,598,2025-07-17,46.91
6155,838,2025-08-13,195.56
6156,1184,2025-09-02,56.81
6157,1004,2025-03-28,90.19
6158,12,2025-05-25,95.06
6159,770,2025-02-02,25.6
6160,554,2025-03-16,178.85
6161,705,2025-08-31,57.82
6162,513,2025-07-21,121.39
6163,32,2025-09-14,198.8
6164,158,2025-01-11,39.92
6165,30,2025-06-12,144.86
6166,920,2025-04-16,44.47
6167,164,2025-07-01,116.26
6168,1214,2025-04-04,114.84
6169,1067,2025-12-16,85.91
6170,1044,2025-07-06,19.94
6171,676,2025-09-03,25.08
6172,864,2025-10-09,236.48
6173,223,2025-12-18,169.59
6174,335,2025-07-20,27.49
6175,26,2025-11-02,123.84
6176,1287,2025-11-08,177.89
6177,479,2025-08-15,46.05
6178,999,2025-10-06,206.49
6179,1141,2025-02-13,139.23
6180,1147,2025-12-06,41.07
6181,582,2025-10-28,254.72
6182,785,2025-12-31,39.75
6183,836,2025-08-06,253.08
6184,833,2025-02-01,82.89
6185,227,2025-08-10,57.55
6186,589,2025-02-17,13.9
6187,851,2025-12-26,158.59
6188,872,2025-11-14,84.98
6189,375,2025-06-04,255.17
6190,838,2025-06-05,176.36
6191,228,2025-04-03,357.78
6192,748,2025-04-14,158.05
6193,1001,2025-08-15,77.79
6194,100,2025-04-25,76.11
6195,135,2025-07-03,39.97
6196,702,2025-10-30,136.9
6197,694,2025-07-11,51.08
6198,1170,2025-09-26,142.52
6199,140,2025-08-18,219.88
6200,722,2025-04-07,116.13
6201,915,2025-06-02,72.84
6202,525,2025-03-07,42.53
6203,225,2025-03-14,62.71
6204,156,2025-11-07,158.05
6205,16,2025-02-19,44.64
6206,1197,2025-05-07,87.52
6207,408,2025-02-03,351.16
6208,70,2025-05-22,320.86
6209,812,2025-07-15,266.88
6210,125,2025-07-09,253.42
6211,316,2025-09-08,53.88
6212,68,2025-03-04,101.85
6213,796,2025-04-25,93.89
6214,120,2025-03-03,118.08
6215,529,2025-01-30,85.4
6216,1007,2025-11-01,14.81
6217,1179,2025-01-14,89.68
6218,541,2025-11-10,69.37
6219,14,2025-05-20,388.51
6220,344,2025-07-21,61.93
6221,716,2025-02-04,305.19
6222,361,2025-11-30,81.7
6223,1235,2025-04-24,134.34
6224,244,2025-12-13,62.44
6225,277,2025-06-19,66.37
6226,485,2025-03-19,144.4
6227,1216,2025-04-03,44.86
6228,377,2025-06-21,117.32
6229,361,2025-07-17,83.23
6230,1131,2025-12-20,52.23
6231,698,2025-01-02,177.66
6232,756,2025-11-23,6.81
6233,782,2025-11-05,57.08
6234,1035,2025-11-21,62.14
6235,62,2025-11-09,200.52
6236,972,2025-05-04,92.26
6237,1297,2025-06-20,37.07
6238,274,2025-09-21,84.2
6239,341,2025-12-26,330.37
6240,6,2025-10-31,256.35
6241,404,2025-05-10,65.29
6242,450,2025-11-29,83.39
6243,1227,2025-07-03,185.15
6244,273,2025-04-26,40.76
6245,635,2025-08-24,49.45
6246,193,2025-07-18,92.04
6247,649,2025-01-08,70.27
6248,732,2025-11-18,155.5
6249,59,2025-02-16,160.65
6250,729,2025-02-26,149.46
6251,506,2025-09-22,16.29
6252,1259,2025-05-23,204.01
6253,297,2025-08-05,121.78
6254,632,2025-06-17,71.22
6255,1244,2025-01-07,147.34
6256,209,2025-08-31,72.94
6257,472,2025-05-05,396.07
6258,830,2025-10-22,100.22
6259,991,2025-07-24,147.61
6260,466,2025-08-27,104.6
6261,534,2025-02-22,78.2
6262,66,2025-04-26,253.02
6263,1164,2025-02-28,160.98
6264,265,2025-02-25,48.05
6265,17,2025-03-23,85.0
6266,436,2025-01-29,53.46
6267,671,2025-07-01,43.55
6268,954,2025-03-28,26.67
6269,1120,2025-03-15,252.14
6270,831,2025-06-03,355.94
6271,1136,2025-04-23,157.56
6272,520,2025-03-03,160.47
6273,908,2025-06-14,343.07
6274,865,2025-06-08,168.78
6275,1269,2025-07-19,45.54
6276,864,2025-08-17,181.77
6277,22,2025-07-12,152.04
6278,131,2025-06-08,84.04
6279,56,2025-02-22,70.79
6280,888,2025-04-23,139.34
6281,805,2025-05-10,161.07
6282,142,2025-09-03,133.41
6283,580,2025-05-12,239.43
6284,135,2025-07-07,36.75
6285,258,2025-01-10,25.36
6286,431,2025-12-31,109.83
6287,844,2025-08-13,35.9
6288,1050,2025-03-29,32.21
6289,972,2025-10-15,231.49
6290,121,2025-08-19,85.62
6291,410,2025-04-19,31.24
6292,1023,2025-01-03,22.31
6293,922,2025-05-27,21.35
6294,335,2025-07-01,25.7
6295,929,2025-03-30,53.92
6296,220,2025-04-22,44.19
6297,156,2025-06-17,215.43
6298,641,2025-08-27,105.96
6299,1240,2025-08-01,81.46
6300,564,2025-02-14,178.69
6301,313,2025-05-03,211.1
6302,1088,2025-09-08,44.31
6303,1194,2025-03-15,389.45
6304,814,2025-09-23,158.18
6305,797,2025-10-16,103.44
6306,599,2025-07-17,198.15
6307,334,2025-09-10,88.94
6308,57,2025-11-27,190.91
6309,270,2025-07-06,48.79
6310,462,2025-12-18,51.81
6311,879,2025-05-13,210.59
6312,617,2025-08-07,54.23
6313,441,2025-01-03,43.81
6314,274,2025-08-27,241.03
6315,101,2025-07-31,311.46
6316,118,2025-11-16,175.74
6317,556,2025-01-17,96.85
6318,977,2025-07-29,83.34
6319,252,2025-07-21,29.75
6320,808,2025-12-11,123.72
6321,294,2025-04-23,292.93
6322,247,2025-02-27,109.99
6323,710,2025-01-26,30.24
6324,1240,2025-03-13,40.64
6325,42,2025-05-05,158.4
6326,708,2025-10-28,52.5
6327,290,2025-10-22,100.4
6328,1219,2025-04-06,42.91
6329,1061,2025-05-12,400.2
6330,295,2025-10-13,105.16
6331,411,2025-11-05,48.53
6332,1268,2025-02-08,76.84
6333,1136,2025-10-23,285.41
6334,597,2025-03-17,69.63
6335,778,2025-08-11,16.17
6336,973,2025-07-13,208.84
6337,371,2025-12-25,38.54
6338,458,2025-10-05,147.19
6339,841,2025-05-16,160.02
6340,604,2025-08-15,59.01
6341,642,2025-07-25,54.8
6342,974,2025-07-22,109.0
6343,392,2025-03-17,74.31
6344,110,2025-12-23,7.91
6345,138,2025-04-01,54.03
6346,214,2025-07-07,8.85
6347,73,2025-04-16,179.34
6348,292,2025-02-13,524.32
6349,968,2025-01-15,69.83
6350,245,2025-08-30,20.95
6351,809,2025-01-29,66.36
6352,1282,2025-06-07,316.58
6353,129,2025-08-05,201.3
6354,1075,2025-01-26,191.18
6355,642,2025-09-10,18.73
6356,592,2025-08-13,169.07
6357,644,2025-11-12,154.24
6358,134,2025-08-15,129.7
6359,866,2025-08-25,234.75
6360,432,2025-04-02,64.18
6361,85,2025-11-24,66.98
6362,378,2025-04-06,14.01
6363,966,2025-03-08,95.1
6364,313,2025-04-11,391.54
6365,1173,2025-10-20,157.9
6366,264,2025-08-26,127.88
6367,1212,2025-03-02,126.09
6368,857,2025-12-28,279.46
6369,1197,2025-02-26,67.56
6370,818,2025-09-06,45.34
6371,1098,2025-11-10,141.95
6372,775,2025-12-18,159.83
6373,755,2025-11-20,116.45
6374,171,2025-07-23,687.24
6375,976,2025-05-23,341.52
6376,1215,2025-11-22,199.29
6377,589,2025-07-26,479.66
6378,1009,2025-02-24,91.17
6379,446,2025-05-29,51.71
6380,155,2025-05-08,22.84
6381,12,2025-12-13,123.14
6382,334,2025-01-26,35.33
6383,447,2025-04-04,150.88
6384,882,2025-09-28,123.59
6385,738,2025-12-15,152.45
6386,399,2025-04-18,125.13
6387,140,2025-01-06,208.42
6388,630,2025-11-13,188.7
6389,1292,2025-05-08,57.12
6390,611,2025-07-12,34.69
6391,304,2025-08-19,213.88
6392,153,2025-06-05,98.59
6393,119,2025-02-05,134.83
6394,481,2025-05-20,122.03
6395,992,2025-05-03,299.58
6396,50,2025-04-25,398.81
6397,209,2025-04-25,67.94
6398,842,2025-03-30,44.51
6399,622,2025-04-27,130.02
6400,65,2025-05-15,126.82
6401,1073,2025-04-02,28.73
6402,1115,2025-01-23,46.54
6403,1224,2025-07-07,99.99
6404,292,2025-03-13,79.34
6405,932,2025-06-24,75.47
6406,553,2025-03-17,210.82
6407,399,2025-09-19,150.56
6408,909,2025-07-03,295.53
6409,1184,2025-03-04,281.77
6410,566,2025-07-08,155.44
6411,107,2025-05-15,3.72
6412,324,2025-12-03,296.85
6413,837,2025-10-09,127.18
6414,72,2025-04-08,72.77
6415,836,2025-11-03,55.59
6416,29,2025-09-07,335.5
6417,45,2025-12-31,52.87
6418,1009,2025-03-17,76.24
6419,1026,2025-02-21,59.3
6420,715,2025-07-04,129.07
6421,586,2025-01-10,91.97
6422,1135,2025-04-26,165.57
6423,179,2025-08-30,129.77
6424,1085,2025-11-19,105.37
6425,1211,2025-10-22,184.73
6426,417,2025-10-06,39.74
6427,927,2025-12-28,31.32
6428,219,2025-08-15,44.86
6429,1254,2025-03-01,392.4
6430,785,2025-06-15,135.98
6431,324,2025-10-10,165.08
6432,359,2025-03-28,70.41
6433,779,2025-08-15,27.27
6434,265,2025-05-09,9.7
6435,1030,2025-01-19,21.57
6436,158,2025-08-20,143.87
6437,809,2025-01-05,30.7
6438,167,2025-12-06,79.51
6439,956,2025-08-08,41.19
6440,746,2025-01-22,94.32
6441,51,2025-04-18,98.3
6442,622,2025-08-01,103.35
6443,587,2025-01-29,49.04
6444,507,2025-07-07,128.75
6445,856,2025-01-08,149.61
6446,272,2025-09-02,26.5
6447,877,2025-01-29,52.67
6448,52,2025-03-14,76.95
6449,719,2025-02-13,167.56
6450,666,2025-07-30,12.72
6451,1150,2025-12-06,72.98
6452,512,2025-10-09,303.82
6453,1232,2025-11-08,40.03
6454,52,2025-05-04,107.56
6455,768,2025-11-08,143.98
6456,493,2025-04-23,42.58
6457,509,2025-05-01,62.8
6458,1257,2025-09-11,89.72
6459,946,2025-01-06,47.87
6460,43,2025-04-07,2.51
6461,21,2025-04-18,52.6
6462,1118,2025-04-11,97.84
6463,298,2025-09-29,280.51
6464,644,2025-06-04,119.7
6465,204,2025-12-10,84.19
6466,1024,2025-04-29,172.93
6467,874,2025-10-05,239.59
6468,459,2025-12-21,87.47
6469,702,2025-09-11,208.12
6470,288,2025-10-26,32.73
6471,725,2025-11-23,19.7
6472,1142,2025-12-05,202.73
6473,640,2025-05-15,93.93
6474,921,2025-04-15,172.06
6475,190,2025-06-18,177.15
6476,576,2025-07-15,150.3
6477,538,2025-06-13,234.66
6478,219,2025-10-10,79.43
6479,1100,2025-10-19,69.36
6480,229,2025-01-26,270.04
6481,225,2025-09-23,49.58
6482,1086,2025-06-06,10.28
6483,1186,2025-02-12,145.69
6484,992,2025-03-15,160.61
6485,1273,2025-02-20,122.6
6486,230,2025-06-27,97.86
6487,1027,2025-01-20,259.88
6488,137,2025-05-18,18.55
6489,897,2025-07-07,130.22
6490,640,2025-12-05,87.84
6491,523,2025-10-26,17.35
6492,731,2025-10-23,91.6
6493,450,2025-12-15,144.61
6494,155,2025-02-11,11.03
6495,124,2025-03-07,359.27
6496,39,2025-07-28,99.88
6497,652,2025-12-28,158.47
6498,703,2025-09-16,247.87
6499,1221,2025-12-25,273.46
6500,66,2025-07-04,152.76
