ticket_id,date,priority,first_response_hours,resolution_hours,csat
1,2025-12-31 06:00:00,Low,13.35,,
2,2025-12-18 11:00:00,Medium,2.57,41.40196747009845,
3,2025-12-09 02:00:00,Medium,18.8,55.81324225734927,
4,2025-12-10 10:00:00,High,16.47,63.458027315605754,
5,2025-12-17 18:00:00,Medium,11.83,151.20226437724338,
6,2025-12-20 13:00:00,Medium,1.55,83.65710709285688,3.0
7,2025-12-15 05:00:00,High,23.96,37.883010620687,
8,2025-12-31 19:00:00,Low,1.97,,
9,2025-12-29 13:00:00,Medium,4.14,30.32408172619474,
10,2025-12-20 14:00:00,Medium,5.47,93.15607808219478,
11,2025-12-01 10:00:00,Low,3.11,6.951002571548679,
12,2025-12-18 17:00:00,Medium,2.03,241.2423266780834,
13,2025-12-03 04:00:00,Medium,1.89,69.30615105252004,
14,2025-12-10 02:00:00,Medium,2.52,136.65200184386373,5.0
15,2025-12-30 09:00:00,Medium,17.57,,
16,2025-12-07 04:00:00,Low,0.09,241.06019157860698,4.0
17,2025-12-04 15:00:00,Medium,10.06,120.10497431694243,
18,2025-12-31 16:00:00,Low,1.59,,
19,2025-12-03 08:00:00,Medium,5.24,22.415679888861135,4.0
20,2025-12-23 17:00:00,High,1.99,85.4256091327391,
21,2025-12-27 18:00:00,Low,3.15,42.72850956133078,3.0
22,2025-12-02 01:00:00,Medium,1.78,23.839256637595007,5.0
23,2025-12-15 16:00:00,High,3.54,112.55580963473935,4.0
24,2025-12-25 05:00:00,High,1.53,5.8566144948502386,1.0
25,2025-12-07 00:00:00,High,4.54,34.21909612361417,
26,2025-12-03 20:00:00,High,8.99,134.76642331715715,5.0
27,2025-12-29 01:00:00,Medium,6.96,11.047873339834545,1.0
28,2025-12-30 23:00:00,Low,6.39,22.658724749713464,
29,2025-12-23 02:00:00,Low,7.05,52.24028526307496,4.0
30,2025-12-20 03:00:00,Low,30.94,77.3655815018739,1.0
31,2025-12-22 03:00:00,Low,7.87,18.565738128772324,
32,2025-12-30 14:00:00,Medium,7.51,,
33,2025-12-01 16:00:00,Low,23.6,63.89290834808997,
34,2025-12-14 02:00:00,Medium,1.09,2.517478090641088,
35,2025-12-28 08:00:00,Low,8.14,15.339451430014684,1.0
36,2025-12-26 21:00:00,Medium,6.86,96.11351527597897,2.0
37,2025-12-30 07:00:00,Medium,8.49,21.86264416312249,
38,2025-12-18 19:00:00,High,8.98,118.00372851930935,4.0
39,2025-12-12 17:00:00,Medium,23.26,100.96581575801689,2.0
40,2025-12-21 03:00:00,High,12.44,87.3915823417284,
41,2025-12-12 23:00:00,High,13.73,42.92044689272207,5.0
42,2025-12-26 17:00:00,Medium,27.93,65.58018426756603,2.0
43,2025-12-03 07:00:00,Medium,0.11,20.173796328909972,5.0
44,2025-12-25 03:00:00,Medium,9.48,15.227605514233286,5.0
45,2025-12-17 18:00:00,Medium,1.53,85.28102035407495,1.0
46,2025-12-10 07:00:00,Low,33.81,158.02604377869653,2.0
47,2025-12-29 17:00:00,Medium,46.52,,
48,2025-12-03 03:00:00,High,7.09,273.0315272873902,3.0
49,2025-12-25 05:00:00,Low,3.18,37.032503538926726,2.0
50,2025-12-07 22:00:00,High,2.17,37.159361691463495,
51,2025-12-14 17:00:00,Medium,1.11,21.321794169163493,3.0
52,2025-12-07 00:00:00,Low,35.3,41.26438627306578,2.0
53,2025-12-29 09:00:00,Low,3.9,7.147591532054119,
54,2025-12-20 22:00:00,Low,11.32,149.2706259431781,2.0
55,2025-12-22 09:00:00,Medium,8.04,13.619255028248103,
56,2025-12-19 08:00:00,Medium,6.54,76.80412483238797,3.0
57,2025-12-13 22:00:00,High,19.7,27.693821303857025,
58,2025-12-10 14:00:00,High,0.17,71.39391176301156,3.0
59,2025-12-11 16:00:00,Low,13.38,82.57496059294523,2.0
60,2025-12-03 12:00:00,Low,0.16,231.50317598332822,
61,2025-12-29 12:00:00,Medium,4.03,50.83601080288184,2.0
62,2025-12-21 00:00:00,Medium,3.59,24.138682933881153,
63,2025-12-11 16:00:00,Medium,6.23,76.49076356597774,
64,2025-12-08 20:00:00,Medium,1.2,19.99967104911113,3.0
65,2025-12-19 07:00:00,Medium,7.65,52.62551779576828,
66,2025-12-02 12:00:00,Medium,8.53,120.34584729897911,
67,2025-12-30 00:00:00,Low,13.28,27.496545102140963,5.0
68,2025-12-19 12:00:00,High,3.54,36.51307058841839,2.0
69,2025-12-09 16:00:00,Medium,0.54,177.13127631874897,1.0
70,2025-12-19 05:00:00,Medium,8.03,200.4178551996813,
71,2025-12-20 13:00:00,High,10.88,20.338272189945997,
72,2025-12-07 07:00:00,Medium,2.82,6.961416978688094,
73,2025-12-28 01:00:00,Medium,0.51,,
74,2025-12-22 06:00:00,Medium,13.2,51.760372620022665,5.0
75,2025-12-18 19:00:00,Medium,8.98,42.57930517563365,3.0
76,2025-12-17 05:00:00,Low,7.17,40.49084362545135,
77,2025-12-24 14:00:00,Medium,5.93,99.73771584020236,5.0
78,2025-12-10 12:00:00,Medium,27.11,219.2000497790125,
79,2025-12-24 16:00:00,Low,41.62,47.70268072322967,
80,2025-12-15 02:00:00,Medium,27.62,50.31023171194346,
81,2025-12-21 00:00:00,High,8.57,25.20028961060653,2.0
82,2025-12-13 05:00:00,Medium,52.74,205.9651571716055,3.0
83,2025-12-02 21:00:00,Medium,13.84,38.13487879977329,
84,2025-12-06 23:00:00,Medium,4.08,15.148041636891096,1.0
85,2025-12-04 07:00:00,Medium,1.59,51.91035108305497,
86,2025-12-21 21:00:00,Low,18.2,80.98419859015303,
87,2025-12-23 13:00:00,High,3.61,12.192502141317036,2.0
88,2025-12-05 23:00:00,High,16.42,448.3561646048206,
89,2025-12-05 15:00:00,Medium,23.28,185.08612227008646,
90,2025-12-30 10:00:00,Medium,8.35,,
91,2025-12-13 00:00:00,Medium,5.23,300.1003800105217,
92,2025-12-27 04:00:00,High,6.63,,
93,2025-12-14 16:00:00,Medium,31.88,49.55673179368583,1.0
94,2025-12-14 02:00:00,High,2.71,19.04473537849298,1.0
95,2025-12-18 09:00:00,Medium,4.52,138.86541587389783,
96,2025-12-01 22:00:00,Medium,0.46,114.79272902361171,3.0
97,2025-12-25 16:00:00,High,16.5,,
98,2025-12-10 23:00:00,Low,6.23,56.029175447166594,
99,2025-12-08 11:00:00,Low,9.4,31.398842015523073,2.0
100,2025-12-26 20:00:00,Medium,13.88,25.109262153115203,5.0
101,2025-12-17 15:00:00,Medium,4.92,72.90674757276318,4.0
102,2025-12-20 00:00:00,Low,11.69,55.57938214948451,5.0
103,2025-12-02 21:00:00,Medium,8.7,37.30804127589416,5.0
104,2025-12-22 07:00:00,Medium,4.0,4.224088877724324,
105,2025-12-02 00:00:00,Low,3.87,48.36657005856538,2.0
106,2025-12-15 11:00:00,Low,6.72,43.38888987294092,
107,2025-12-22 16:00:00,Medium,36.91,62.3663869143173,
108,2025-12-17 10:00:00,Medium,2.97,42.66500007441293,3.0
109,2025-12-05 13:00:00,High,5.17,23.53563406775121,2.0
110,2025-12-08 16:00:00,Low,0.4,110.314014546478,1.0
111,2025-12-22 09:00:00,High,0.15,,
112,2025-12-12 23:00:00,Medium,16.9,45.43756759104372,
113,2025-12-15 17:00:00,High,8.05,62.53410178122515,5.0
114,2025-12-20 03:00:00,Medium,13.64,191.13540720552498,
115,2025-12-24 02:00:00,Medium,5.15,94.65477306709481,3.0
116,2025-12-13 05:00:00,High,9.43,141.62889443818963,
117,2025-12-28 14:00:00,Medium,0.2,67.05845252240238,2.0
118,2025-12-08 06:00:00,Medium,0.94,62.07789334684831,
119,2025-12-11 08:00:00,Medium,13.66,18.943681344276072,4.0
120,2025-12-26 02:00:00,Low,1.38,41.05454435260605,
121,2025-12-10 09:00:00,Medium,24.84,113.05048957654007,
122,2025-12-05 18:00:00,Low,7.59,22.882449346358747,3.0
123,2025-12-26 06:00:00,Medium,7.25,17.867590956976613,4.0
124,2025-12-27 07:00:00,Low,5.39,91.35422036970179,2.0
125,2025-12-02 09:00:00,High,4.95,108.38797934256738,
126,2025-12-20 16:00:00,High,13.47,136.86183310658592,2.0
127,2025-12-09 08:00:00,Medium,13.33,97.56587873769942,
128,2025-12-30 22:00:00,Medium,8.47,,
129,2025-12-20 15:00:00,Medium,22.4,260.8838026270915,
130,2025-12-09 01:00:00,High,40.64,42.24926411826761,
131,2025-12-16 11:00:00,Medium,0.6,86.36217544893961,
132,2025-12-17 04:00:00,Medium,1.51,44.529368459522814,
133,2025-12-17 23:00:00,Medium,2.28,95.80349994094584,4.0
134,2025-12-07 11:00:00,Medium,8.88,99.37804080076447,3.0
135,2025-12-12 20:00:00,Medium,17.64,71.03156765104808,
136,2025-12-12 01:00:00,High,0.3,10.387600016461795,
137,2025-12-30 06:00:00,High,3.21,34.60573541292086,1.0
138,2025-12-05 03:00:00,Medium,6.71,63.77019432048785,
139,2025-12-14 01:00:00,Medium,21.66,55.00498442944681,
140,2025-12-24 03:00:00,Medium,8.38,30.20902270171849,
141,2025-12-12 13:00:00,Medium,23.61,31.818974507236707,3.0
142,2025-12-15 23:00:00,Medium,26.24,77.64618059326118,
143,2025-12-18 14:00:00,High,0.55,89.8057105458571,
144,2025-12-19 21:00:00,Medium,1.65,45.606994644013916,5.0
145,2025-12-11 08:00:00,Medium,3.26,10.133747470089123,2.0
146,2025-12-17 08:00:00,High,11.74,179.47143818063486,
147,2025-12-13 04:00:00,Low,0.91,28.72838380327056,
148,2025-12-06 13:00:00,Low,20.3,154.81406980205392,2.0
149,2025-12-03 18:00:00,High,16.31,19.08939001327444,
150,2025-12-09 06:00:00,High,1.26,36.02708260308501,
151,2025-12-02 15:00:00,High,5.05,13.808900538660286,
152,2025-12-27 13:00:00,Medium,26.34,78.41723878157384,
153,2025-12-30 02:00:00,High,16.28,,
154,2025-12-23 20:00:00,Medium,2.0,42.277150470098476,
155,2025-12-01 10:00:00,High,16.83,30.281938073937944,
156,2025-12-17 20:00:00,Low,2.73,77.2380769914029,
157,2025-12-23 19:00:00,High,18.81,127.48193218535444,5.0
158,2025-12-03 08:00:00,Medium,4.9,169.219429528897,2.0
159,2025-12-22 04:00:00,Medium,1.87,5.859366289031893,1.0
160,2025-12-12 02:00:00,Medium,3.15,46.53933648372035,
161,2025-12-11 05:00:00,Low,0.6,55.634072282520904,
162,2025-12-22 15:00:00,Medium,3.15,80.83450552149041,
163,2025-12-26 20:00:00,Medium,5.51,88.12953534365442,
164,2025-12-12 03:00:00,High,17.96,51.27247378723344,
165,2025-12-29 15:00:00,Medium,24.66,,
166,2025-12-25 06:00:00,High,4.43,35.762103993768854,4.0
167,2025-12-29 17:00:00,Medium,1.52,31.154870098376193,
168,2025-12-20 12:00:00,High,10.02,,
169,2025-12-03 13:00:00,Low,19.67,70.39715617791397,
170,2025-12-04 08:00:00,Low,12.14,58.8553869893752,3.0
171,2025-12-19 17:00:00,High,5.25,40.88607296792275,
172,2025-12-07 19:00:00,Low,7.28,61.17832148915273,
173,2025-12-10 11:00:00,Medium,0.13,50.03101937452617,
174,2025-12-20 13:00:00,Medium,2.39,26.550139427313475,
175,2025-12-18 21:00:00,Medium,28.44,46.397626409670494,1.0
176,2025-12-25 22:00:00,Low,2.33,10.684310259434707,5.0
177,2025-12-22 05:00:00,Medium,1.14,4.192078018853869,
178,2025-12-18 00:00:00,Low,24.64,86.92770548466541,
179,2025-12-22 15:00:00,Low,7.36,14.118603112561583,
180,2025-12-22 16:00:00,Medium,26.67,39.01662196193707,2.0
181,2025-12-14 04:00:00,Medium,2.43,21.001485737030364,4.0
182,2025-12-23 08:00:00,Low,31.53,110.69082550675182,2.0
183,2025-12-18 06:00:00,Low,7.46,46.35879565175853,4.0
184,2025-12-01 12:00:00,Medium,3.15,65.08040540676116,
185,2025-12-18 14:00:00,High,19.4,54.04752182733259,
186,2025-12-27 04:00:00,Medium,1.01,,
187,2025-12-05 08:00:00,Medium,7.1,48.22127629736212,
188,2025-12-03 22:00:00,High,4.27,28.542699351322707,5.0
189,2025-12-10 06:00:00,High,9.74,84.69708919569511,2.0
190,2025-12-24 18:00:00,Medium,0.65,1.118901807451687,
191,2025-12-21 08:00:00,Medium,8.78,40.585767278944935,
192,2025-12-18 09:00:00,Medium,6.68,301.9229438693963,
193,2025-12-20 18:00:00,Medium,5.07,57.563097639133304,
194,2025-12-28 13:00:00,High,2.63,,
195,2025-12-27 12:00:00,Low,0.58,12.313058202625196,
196,2025-12-13 07:00:00,Medium,2.81,4.170156187087055,
197,2025-12-29 20:00:00,Low,7.47,29.401750071982015,1.0
198,2025-12-09 19:00:00,Medium,0.76,3.6842127290507145,
199,2025-12-09 07:00:00,Low,9.51,67.06488809458632,5.0
200,2025-12-10 04:00:00,Low,3.29,407.3618644039489,
201,2025-12-24 01:00:00,Medium,2.34,20.95427662467514,
202,2025-12-24 21:00:00,High,8.48,69.7208189497164,2.0
203,2025-12-07 15:00:00,Medium,3.66,78.02625656834914,5.0
204,2025-12-26 06:00:00,High,0.99,,
205,2025-12-23 15:00:00,High,6.39,60.88063893397246,
206,2025-12-17 15:00:00,Low,8.81,36.516022565316035,
207,2025-12-14 16:00:00,Low,3.04,246.77360733533538,5.0
208,2025-12-02 03:00:00,Medium,4.83,33.94919902421143,4.0
209,2025-12-17 20:00:00,Medium,10.25,17.80664634483325,4.0
210,2025-12-22 08:00:00,High,1.19,138.64002519937284,
211,2025-12-03 21:00:00,Low,11.82,31.846206211964947,3.0
212,2025-12-25 22:00:00,High,20.35,77.18352742109474,
213,2025-12-06 06:00:00,Low,1.49,38.14279098865909,
214,2025-12-31 12:00:00,Low,,,
215,2025-12-30 04:00:00,Medium,2.6,,
216,2025-12-08 02:00:00,Low,28.73,30.25716092423252,
217,2025-12-16 20:00:00,Low,8.7,20.950119049684304,4.0
218,2025-12-06 02:00:00,Medium,2.4,48.46616339302433,4.0
219,2025-12-30 11:00:00,Low,4.67,,
220,2025-12-19 01:00:00,Medium,0.11,171.40031252619514,
221,2025-12-05 13:00:00,Medium,3.76,205.77317225352613,
222,2025-12-23 20:00:00,Medium,0.2,54.19253871322256,1.0
223,2025-12-16 07:00:00,Medium,13.41,65.30200154988353,4.0
224,2025-12-28 12:00:00,Medium,3.57,24.175954073503167,1.0
225,2025-12-12 05:00:00,Medium,0.35,2.1159327346814742,3.0
226,2025-12-10 10:00:00,Medium,4.85,68.97919490217011,
227,2025-12-25 07:00:00,Low,3.98,32.80972395834203,5.0
228,2025-12-27 16:00:00,Medium,30.38,54.991638823756475,4.0
229,2025-12-22 14:00:00,Medium,29.81,124.58635865488137,5.0
230,2025-12-17 22:00:00,Low,32.43,104.47928778504732,
231,2025-12-29 11:00:00,Medium,3.72,31.53880522078168,5.0
232,2025-12-31 20:00:00,High,,,
233,2025-12-18 05:00:00,Medium,9.42,26.70715466115049,
234,2025-12-10 03:00:00,Medium,1.88,48.88090463379865,2.0
235,2025-12-29 05:00:00,Medium,31.66,,
236,2025-12-12 04:00:00,Medium,9.23,57.24010266790093,1.0
237,2025-12-01 06:00:00,Low,1.11,98.26929343340355,4.0
238,2025-12-14 08:00:00,Medium,0.87,357.049493946355,
239,2025-12-08 08:00:00,High,9.82,147.5981700630547,3.0
240,2025-12-24 05:00:00,Medium,0.31,0.8597754670651141,3.0
241,2025-12-17 20:00:00,Low,0.08,84.65297724421798,2.0
242,2025-12-10 03:00:00,Medium,10.68,47.242915439976805,1.0
243,2025-12-22 16:00:00,Low,6.2,39.678000540670226,
244,2025-12-02 09:00:00,Low,4.63,44.52147536083117,1.0
245,2025-12-20 10:00:00,Low,1.46,84.97679169368968,4.0
246,2025-12-11 00:00:00,Medium,32.01,52.58417609173385,2.0
247,2025-12-12 09:00:00,Low,36.89,49.27609665425423,
248,2025-12-26 11:00:00,Low,5.62,57.82197276821137,2.0
249,2025-12-03 07:00:00,Low,2.6,97.03041466838486,4.0
250,2025-12-17 10:00:00,Medium,7.0,24.008488668110864,1.0
251,2025-12-04 01:00:00,Low,8.42,121.06722314457403,5.0
252,2025-12-21 23:00:00,High,1.24,114.42227134128807,2.0
253,2025-12-14 22:00:00,Low,6.65,60.49916281023833,2.0
254,2025-12-08 20:00:00,Medium,4.65,27.317283059214873,
255,2025-12-16 18:00:00,Low,15.66,255.91987801146172,4.0
256,2025-12-05 05:00:00,Low,0.98,25.79073599361626,3.0
257,2025-12-14 10:00:00,Medium,28.72,56.44211090642035,
258,2025-12-12 18:00:00,High,5.87,68.11518603602256,
259,2025-12-27 17:00:00,High,4.8,27.20950619742608,3.0
260,2025-12-12 14:00:00,Medium,12.78,56.08366599923954,4.0
261,2025-12-13 15:00:00,Low,16.2,234.88618649847027,
262,2025-12-14 18:00:00,High,21.67,33.21979573187725,2.0
263,2025-12-20 05:00:00,High,12.97,38.068082533749084,3.0
264,2025-12-13 14:00:00,Medium,15.64,31.59478966078566,
265,2025-12-05 07:00:00,Medium,8.05,14.517261718235757,
266,2025-12-11 17:00:00,Medium,5.94,6.923204568217333,5.0
267,2025-12-24 03:00:00,Medium,43.13,,
268,2025-12-29 09:00:00,Medium,13.87,,
269,2025-12-06 22:00:00,High,1.39,15.005707165314758,5.0
270,2025-12-25 18:00:00,Medium,0.63,,
271,2025-12-14 02:00:00,Low,4.49,34.61454706556937,2.0
272,2025-12-19 16:00:00,Medium,2.84,43.36004704295971,5.0
273,2025-12-25 04:00:00,Low,35.48,136.6767874600773,
274,2025-12-13 05:00:00,Medium,16.07,40.8418997372259,3.0
275,2025-12-01 12:00:00,Medium,2.51,140.95591120982567,
276,2025-12-25 23:00:00,High,10.8,25.74754723155788,
277,2025-12-05 19:00:00,Medium,0.19,38.21702923908605,5.0
278,2025-12-19 07:00:00,Low,9.37,108.67212444480116,3.0
279,2025-12-22 18:00:00,High,0.71,75.32616725393233,2.0
280,2025-12-18 16:00:00,Medium,0.19,84.51294471803978,1.0
281,2025-12-07 08:00:00,Low,17.71,38.73053037329559,
282,2025-12-25 06:00:00,Medium,21.32,54.955585589307375,4.0
283,2025-12-13 12:00:00,Low,0.91,73.68247169462487,
284,2025-12-23 17:00:00,Low,11.08,26.572301355540894,1.0
285,2025-12-17 14:00:00,Low,6.65,44.43761317573888,3.0
286,2025-12-07 15:00:00,Low,14.64,69.70703687308833,
287,2025-12-29 23:00:00,Low,5.02,40.45918010217861,
288,2025-12-26 04:00:00,Medium,15.51,69.21543953111728,
289,2025-12-07 22:00:00,Medium,4.76,82.29832536432752,2.0
290,2025-12-10 17:00:00,Medium,10.07,56.86111036517973,
291,2025-12-31 21:00:00,Medium,,,
292,2025-12-05 19:00:00,Low,9.55,15.340040014412292,1.0
293,2025-12-01 23:00:00,High,0.29,78.99677659639444,
294,2025-12-13 14:00:00,Low,8.38,58.94017273293827,
295,2025-12-11 14:00:00,Medium,12.3,25.086816526674795,
296,2025-12-31 03:00:00,Low,11.85,,
297,2025-12-22 18:00:00,Medium,15.83,179.7296623156145,
298,2025-12-09 04:00:00,Medium,0.25,2.701863747349935,3.0
299,2025-12-28 01:00:00,Low,5.96,6.316757687567308,5.0
300,2025-12-03 13:00:00,Medium,8.72,15.930165715676232,
301,2025-12-17 15:00:00,Medium,0.92,43.03834013048994,2.0
302,2025-12-02 10:00:00,Medium,9.48,102.25400625557488,5.0
303,2025-12-22 14:00:00,High,17.18,58.239945292319774,
304,2025-12-13 03:00:00,Medium,7.63,191.00070819409228,
305,2025-12-17 23:00:00,Low,14.41,46.00317415306091,5.0
306,2025-12-23 11:00:00,Low,10.06,31.480822695059437,3.0
307,2025-12-27 02:00:00,Medium,4.57,89.59475259834508,
308,2025-12-25 11:00:00,High,19.6,22.106348529041675,3.0
309,2025-12-23 18:00:00,High,0.69,,
310,2025-12-03 01:00:00,Low,29.15,57.73136723543272,
311,2025-12-27 02:00:00,Medium,3.62,78.97543478606728,
312,2025-12-23 09:00:00,High,0.06,92.1364378871788,5.0
313,2025-12-02 11:00:00,Medium,6.75,32.858134700444175,2.0
314,2025-12-02 01:00:00,Low,12.54,39.02316044108976,2.0
315,2025-12-21 05:00:00,Medium,6.42,16.284178801381035,5.0
316,2025-12-20 08:00:00,High,21.54,168.4721839900216,2.0
317,2025-12-02 22:00:00,Medium,4.6,11.625089053467844,4.0
318,2025-12-23 13:00:00,Medium,11.45,31.657365603776043,
319,2025-12-17 21:00:00,Medium,11.55,53.05300945483623,3.0
320,2025-12-28 21:00:00,Low,6.94,7.644190250433858,
321,2025-12-29 01:00:00,Medium,13.39,,
322,2025-12-19 19:00:00,Medium,3.15,30.304105211099003,4.0
323,2025-12-11 02:00:00,Medium,2.5,57.67801702806404,
324,2025-12-01 21:00:00,Low,2.7,99.89087846278717,
325,2025-12-05 09:00:00,Medium,0.04,31.407568985817843,5.0
326,2025-12-23 10:00:00,Low,2.7,35.00165510919011,
327,2025-12-07 11:00:00,Low,5.2,95.68079690174396,5.0
328,2025-12-19 20:00:00,Medium,6.51,194.7753368674646,
329,2025-12-06 08:00:00,Medium,9.42,77.91705951775565,
330,2025-12-04 14:00:00,Medium,46.72,137.53094740518614,
331,2025-12-02 11:00:00,Medium,9.88,48.783770848936705,2.0
332,2025-12-29 13:00:00,High,23.28,43.643756839288464,1.0
333,2025-12-14 08:00:00,Medium,14.2,61.360159922883156,
334,2025-12-03 08:00:00,Medium,2.33,7.471138418363339,5.0
335,2025-12-25 05:00:00,Medium,9.61,58.45078545938459,4.0
336,2025-12-02 04:00:00,Medium,4.35,105.68395829243958,4.0
337,2025-12-26 20:00:00,Medium,9.5,57.512439107541375,4.0
338,2025-12-15 22:00:00,High,18.83,95.15684798792076,2.0
339,2025-12-22 04:00:00,High,7.44,17.623149379750775,
340,2025-12-23 07:00:00,Low,19.9,27.460242531847527,1.0
341,2025-12-23 21:00:00,Medium,1.84,32.49754601301818,
342,2025-12-21 14:00:00,Medium,6.01,138.40408394682865,1.0
343,2025-12-15 18:00:00,High,0.28,116.63530840247557,
344,2025-12-17 06:00:00,High,16.98,116.0370297539664,5.0
345,2025-12-28 07:00:00,Medium,16.88,,
346,2025-12-10 03:00:00,Medium,1.23,129.2064168482226,2.0
347,2025-12-20 06:00:00,High,0.82,35.49960619079975,
348,2025-12-15 08:00:00,Medium,12.64,147.2567647068626,5.0
349,2025-12-31 07:00:00,High,14.01,,
350,2025-12-30 00:00:00,Low,18.66,42.77551404234997,
351,2025-12-12 19:00:00,Medium,2.92,132.88140937956936,4.0
352,2025-12-01 19:00:00,Medium,13.62,65.08480403915573,
353,2025-12-01 18:00:00,Medium,8.84,108.79015286511331,4.0
354,2025-12-20 16:00:00,Medium,10.04,36.04169012284635,
355,2025-12-09 00:00:00,Medium,2.72,83.62606552928906,4.0
356,2025-12-28 07:00:00,Medium,19.96,,
357,2025-12-11 04:00:00,Medium,3.49,54.604322027363565,
358,2025-12-10 21:00:00,Low,22.65,126.81514374450688,4.0
359,2025-12-17 01:00:00,Medium,3.85,57.57491708400129,
360,2025-12-04 16:00:00,Medium,23.27,79.64012301822059,5.0
361,2025-12-30 17:00:00,Medium,6.09,,
362,2025-12-23 10:00:00,High,8.18,108.68305900545445,
363,2025-12-20 18:00:00,Low,2.22,64.24931564443914,1.0
364,2025-12-14 16:00:00,Medium,18.68,113.66280139539674,
365,2025-12-15 12:00:00,Medium,17.21,90.07105601753568,5.0
366,2025-12-15 02:00:00,Low,9.2,170.19296710919363,
367,2025-12-17 23:00:00,Medium,2.82,94.57903785922606,2.0
368,2025-12-31 01:00:00,Low,2.11,,
369,2025-12-16 15:00:00,High,14.77,89.92140788378833,5.0
370,2025-12-16 14:00:00,Low,1.32,64.83691927370171,2.0
371,2025-12-17 17:00:00,Medium,15.49,48.19449050193703,
372,2025-12-14 20:00:00,Low,1.42,18.382930823564955,
373,2025-12-01 08:00:00,Low,21.86,47.12718114736516,
374,2025-12-30 09:00:00,High,9.36,34.50940191653416,2.0
375,2025-12-10 03:00:00,Low,3.49,88.29429502435883,
376,2025-12-11 23:00:00,Medium,1.7,20.363000605166384,
377,2025-12-06 11:00:00,High,19.27,142.00620361703065,2.0
378,2025-12-29 16:00:00,Low,1.53,12.281116162590243,3.0
379,2025-12-11 01:00:00,Low,3.19,16.551640537975157,
380,2025-12-29 23:00:00,Low,7.75,20.664559923388808,
381,2025-12-28 01:00:00,Low,12.34,32.15097101225625,1.0
382,2025-12-30 19:00:00,Low,0.79,,
383,2025-12-23 04:00:00,Medium,22.91,27.139853002954837,
384,2025-12-23 05:00:00,Low,17.4,71.19327488498618,3.0
385,2025-12-08 17:00:00,Medium,26.69,333.4057253777312,
386,2025-12-03 11:00:00,Medium,8.71,78.8294514584625,
387,2025-12-16 05:00:00,Medium,19.62,29.864472530868646,3.0
388,2025-12-17 17:00:00,Medium,4.84,16.654217019665367,3.0
389,2025-12-22 02:00:00,Medium,2.9,70.96130936554916,5.0
390,2025-12-03 16:00:00,Medium,15.91,58.08785620008439,
391,2025-12-25 13:00:00,Medium,15.05,,
392,2025-12-20 03:00:00,Low,25.62,47.686288825846034,2.0
393,2025-12-10 22:00:00,Medium,1.17,92.78421291039199,3.0
394,2025-12-27 01:00:00,Medium,3.03,14.04672699495305,
395,2025-12-17 13:00:00,Medium,15.98,123.31885492078437,
396,2025-12-14 18:00:00,Medium,8.92,97.7530190812394,1.0
397,2025-12-02 12:00:00,Medium,0.81,27.541758422438388,
398,2025-12-03 16:00:00,Medium,0.54,269.3407851681421,1.0
399,2025-12-17 17:00:00,Medium,18.09,60.169914348419084,5.0
400,2025-12-29 14:00:00,Medium,2.23,,
401,2025-12-27 12:00:00,High,23.3,,
402,2025-12-14 13:00:00,Medium,0.98,6.296954323992848,
403,2025-12-31 04:00:00,Medium,11.7,,
404,2025-12-05 22:00:00,High,3.84,61.302178492840596,
405,2025-12-19 08:00:00,High,1.01,42.67325880647381,3.0
406,2025-12-30 11:00:00,Low,1.37,,
407,2025-12-06 20:00:00,Low,3.77,55.752063774888164,5.0
408,2025-12-01 06:00:00,Low,7.03,41.04605731954276,3.0
409,2025-12-23 20:00:00,Medium,9.19,,
410,2025-12-25 00:00:00,High,15.12,40.47458401598694,1.0
411,2025-12-27 08:00:00,Medium,7.39,16.250321804639793,
412,2025-12-13 20:00:00,Low,3.54,97.15508646685993,
413,2025-12-11 10:00:00,Low,5.95,57.11849450718341,4.0
414,2025-12-03 14:00:00,Low,7.86,287.76241276036137,
415,2025-12-07 10:00:00,Medium,7.97,142.8233749710227,
416,2025-12-28 18:00:00,Medium,7.9,17.446803432254626,3.0
417,2025-12-29 09:00:00,Low,2.74,46.86280990723896,
418,2025-12-02 10:00:00,Medium,21.13,84.22866069521383,2.0
419,2025-12-30 03:00:00,High,14.47,,
420,2025-12-09 15:00:00,Medium,7.81,19.689727384553006,3.0
421,2025-12-31 14:00:00,Low,,,
422,2025-12-30 15:00:00,Medium,7.04,,
423,2025-12-19 20:00:00,Medium,9.47,35.067322542585224,
424,2025-12-07 06:00:00,Medium,1.8,105.47563638761083,
425,2025-12-22 17:00:00,Medium,22.6,26.568933976510944,2.0
426,2025-12-05 19:00:00,High,11.75,127.98862119813184,
427,2025-12-20 23:00:00,Medium,2.35,9.814427961644155,5.0
428,2025-12-01 03:00:00,High,3.57,309.94747956848266,
429,2025-12-21 22:00:00,Low,5.71,148.76540957890757,
430,2025-12-06 01:00:00,Medium,3.37,12.740785687645467,3.0
431,2025-12-09 07:00:00,High,20.13,25.76004248662488,
432,2025-12-15 02:00:00,Medium,2.33,52.89333577011883,
433,2025-12-12 15:00:00,High,7.15,34.26641263102653,
434,2025-12-16 03:00:00,Medium,0.32,83.52265761342822,
435,2025-12-29 11:00:00,High,0.19,,
436,2025-12-28 05:00:00,Medium,12.29,,
437,2025-12-04 22:00:00,Low,0.45,73.03939011808028,
438,2025-12-28 11:00:00,Medium,14.32,,
439,2025-12-04 05:00:00,Low,4.83,92.91794543824646,3.0
440,2025-12-19 04:00:00,High,4.45,37.4199545070022,4.0
441,2025-12-12 10:00:00,Medium,12.78,26.768982133349404,
442,2025-12-08 09:00:00,Medium,2.99,68.31678068069456,
443,2025-12-06 07:00:00,High,7.57,17.08375234490083,1.0
444,2025-12-28 05:00:00,High,6.18,77.3185977245733,
445,2025-12-07 14:00:00,Medium,7.04,121.35069555843135,3.0
446,2025-12-29 06:00:00,Medium,0.47,29.958679216783015,3.0
447,2025-12-11 20:00:00,Medium,9.77,23.16890765579398,3.0
448,2025-12-22 02:00:00,Low,10.91,10.984222095290743,1.0
449,2025-12-17 14:00:00,Medium,7.46,44.62121886940566,5.0
450,2025-12-23 20:00:00,Low,18.15,33.35983213819891,4.0
451,2025-12-15 08:00:00,Low,10.49,31.60106814941401,
452,2025-12-29 00:00:00,Low,5.8,21.131593113269535,3.0
453,2025-12-30 15:00:00,High,12.97,,
454,2025-12-01 13:00:00,High,8.94,10.075809914635293,3.0
455,2025-12-04 01:00:00,Medium,1.45,149.6643490273498,3.0
456,2025-12-19 10:00:00,Low,0.24,20.450962328660292,5.0
457,2025-12-11 10:00:00,High,0.68,15.876315334451228,
458,2025-12-01 12:00:00,Low,9.86,43.49945512249322,1.0
459,2025-12-09 18:00:00,High,2.22,13.821679239733015,2.0
460,2025-12-18 03:00:00,Medium,6.55,119.85002003591093,
461,2025-12-07 09:00:00,Medium,12.45,32.97157724430548,4.0
462,2025-12-01 03:00:00,Medium,25.78,51.97901855308673,
463,2025-12-25 17:00:00,Low,14.03,29.340360555487006,
464,2025-12-20 08:00:00,Medium,8.08,29.862643040357447,5.0
465,2025-12-19 18:00:00,Medium,14.56,92.2301567986916,
466,2025-12-29 11:00:00,Low,19.29,,
467,2025-12-20 22:00:00,Medium,3.28,21.51791269721599,
468,2025-12-03 04:00:00,Medium,5.42,11.236760884629472,1.0
469,2025-12-12 07:00:00,Medium,11.87,297.48551047312145,1.0
470,2025-12-19 08:00:00,Low,23.47,104.40941699806041,
471,2025-12-20 22:00:00,High,5.83,,
472,2025-12-14 02:00:00,Low,1.86,27.240469791804056,
473,2025-12-09 10:00:00,Medium,5.75,73.30893343940853,4.0
474,2025-12-10 06:00:00,High,16.77,87.43231985317836,
475,2025-12-24 01:00:00,Low,0.75,50.21598932675114,2.0
476,2025-12-13 16:00:00,Medium,0.09,51.28294212584641,4.0
477,2025-12-18 12:00:00,Medium,3.22,248.3699804151721,
478,2025-12-31 09:00:00,High,4.42,,
479,2025-12-14 20:00:00,Low,0.2,116.77547361660936,
480,2025-12-22 21:00:00,Medium,2.06,107.59400905416622,
481,2025-12-07 20:00:00,High,16.09,126.0617736351011,3.0
482,2025-12-10 09:00:00,High,1.09,32.79220999443447,
483,2025-12-09 19:00:00,Low,0.91,53.81765385113902,4.0
484,2025-12-22 05:00:00,Medium,18.66,30.911469410947515,
485,2025-12-21 10:00:00,High,8.28,84.64061980696646,3.0
486,2025-12-07 18:00:00,Medium,0.47,76.79881755735771,4.0
487,2025-12-14 02:00:00,High,2.34,35.05180002320178,1.0
488,2025-12-26 01:00:00,Medium,4.29,76.6543517322493,
489,2025-12-05 01:00:00,Low,16.98,173.8348466332734,2.0
490,2025-12-07 01:00:00,Medium,11.06,28.392883379469417,5.0
491,2025-12-31 10:00:00,Medium,1.99,,
492,2025-12-17 09:00:00,Low,1.91,65.49795081664234,3.0
493,2025-12-08 16:00:00,High,3.0,71.86442144491781,4.0
494,2025-12-16 14:00:00,Medium,0.9,148.05847745079396,4.0
495,2025-12-18 06:00:00,Medium,2.02,12.595509555093447,
496,2025-12-10 13:00:00,Medium,12.93,31.153500672824954,2.0
497,2025-12-29 17:00:00,Low,33.0,,
498,2025-12-29 09:00:00,High,1.96,,
499,2025-12-23 07:00:00,Medium,8.56,53.63022476022052,2.0
500,2025-12-14 04:00:00,Medium,0.84,106.95011637595027,
501,2025-12-02 00:00:00,Medium,4.59,72.19316592676381,5.0
502,2025-12-26 08:00:00,Medium,4.01,8.575413544939867,
503,2025-12-13 08:00:00,Medium,5.26,11.020852813083351,3.0
504,2025-12-04 16:00:00,Low,5.78,52.833909722444744,5.0
505,2025-12-21 04:00:00,High,7.32,12.405101588457033,
506,2025-12-02 11:00:00,Medium,8.31,11.589538510866145,
507,2025-12-05 05:00:00,Medium,21.62,153.64386669241188,
508,2025-12-17 21:00:00,Medium,15.82,195.08764078041312,2.0
509,2025-12-05 05:00:00,Medium,1.22,76.46250672668575,4.0
510,2025-12-31 20:00:00,Low,,,
511,2025-12-26 07:00:00,High,21.47,,
512,2025-12-05 16:00:00,Medium,5.83,7.78736528553781,
513,2025-12-09 18:00:00,High,3.86,25.047262519521055,
514,2025-12-14 15:00:00,Medium,6.1,14.1373743950492,5.0
515,2025-12-10 14:00:00,Low,10.25,121.67136722890908,2.0
516,2025-12-26 03:00:00,Low,12.73,71.14115192139289,
517,2025-12-11 13:00:00,High,16.86,84.15650055627053,1.0
518,2025-12-15 23:00:00,Low,20.27,107.09175358580531,5.0
519,2025-12-29 05:00:00,Low,15.26,,
520,2025-12-21 10:00:00,Low,4.59,4.6018772798590355,4.0
521,2025-12-06 01:00:00,High,13.35,22.08735299765528,
522,2025-12-02 01:00:00,Low,0.8,87.6878129511256,4.0
523,2025-12-23 02:00:00,High,10.36,122.90835143627135,
524,2025-12-30 04:00:00,Medium,3.43,43.92875644558168,3.0
525,2025-12-25 00:00:00,Medium,6.56,,
526,2025-12-13 01:00:00,Low,2.6,31.307672176174684,5.0
527,2025-12-26 20:00:00,Medium,1.36,14.433600054953114,
528,2025-12-16 04:00:00,High,9.16,26.53154844358246,2.0
529,2025-12-16 18:00:00,High,1.36,12.891163020970032,
530,2025-12-24 12:00:00,Low,0.09,6.312691726539223,2.0
531,2025-12-15 10:00:00,High,15.18,94.26513161450058,
532,2025-12-04 07:00:00,Medium,4.01,23.010303009914033,
533,2025-12-25 01:00:00,Low,0.88,109.20564078501661,
534,2025-12-26 05:00:00,Medium,4.25,8.63170818441428,
535,2025-12-03 13:00:00,High,10.15,299.02056884120867,
536,2025-12-23 14:00:00,Medium,1.88,11.262141363094631,3.0
537,2025-12-21 12:00:00,Medium,4.53,217.52979731921832,
538,2025-12-08 01:00:00,Low,20.94,60.10127671058255,4.0
539,2025-12-19 02:00:00,Medium,1.58,53.08562643139082,4.0
540,2025-12-08 20:00:00,Medium,2.39,47.7941372637038,
541,2025-12-18 02:00:00,Medium,2.95,90.1521128636618,
542,2025-12-17 20:00:00,High,0.39,40.588447864113434,4.0
543,2025-12-25 18:00:00,High,9.88,18.4888223689221,1.0
544,2025-12-17 02:00:00,Low,34.5,47.41048267857783,
545,2025-12-19 02:00:00,Medium,2.59,300.8326375892207,1.0
546,2025-12-19 22:00:00,Medium,3.99,97.59227683346263,4.0
547,2025-12-06 05:00:00,Medium,3.35,115.79465429259803,4.0
548,2025-12-13 15:00:00,High,19.46,186.33352134005298,
549,2025-12-27 10:00:00,Low,8.37,,
550,2025-12-29 10:00:00,Medium,7.05,,
551,2025-12-06 01:00:00,High,2.03,27.109078582802205,3.0
552,2025-12-20 06:00:00,Low,27.67,30.581603287848168,
553,2025-12-19 00:00:00,Medium,22.53,59.009719762323144,2.0
554,2025-12-18 16:00:00,Low,13.17,15.287742712995694,
555,2025-12-29 08:00:00,High,0.75,22.48035025853017,
556,2025-12-09 04:00:00,High,12.37,88.74364296627138,1.0
557,2025-12-17 17:00:00,Low,1.23,59.354910890124,5.0
558,2025-12-07 06:00:00,Low,17.33,216.67106180569243,3.0
559,2025-12-25 15:00:00,Low,1.7,116.29755170812572,
560,2025-12-22 11:00:00,Low,1.71,26.30984952661374,3.0
561,2025-12-01 05:00:00,High,28.31,30.344728914726765,5.0
562,2025-12-27 06:00:00,Low,13.18,84.425147495348,3.0
563,2025-12-01 01:00:00,Medium,1.59,241.67571139527087,
564,2025-12-05 19:00:00,High,16.81,116.6694261205363,1.0
565,2025-12-15 21:00:00,High,30.11,64.98052833445456,
566,2025-12-19 20:00:00,Medium,2.14,6.348384814017546,4.0
567,2025-12-09 22:00:00,Low,1.74,3.8702454334678844,5.0
568,2025-12-12 23:00:00,Medium,12.88,164.90536429527089,1.0
569,2025-12-15 05:00:00,Low,2.26,69.67175558962104,2.0
570,2025-12-17 13:00:00,Medium,1.84,297.1683567843396,4.0
571,2025-12-22 01:00:00,Low,2.08,75.87717151653023,3.0
572,2025-12-22 09:00:00,Medium,4.06,131.58861822786332,
573,2025-12-28 03:00:00,Medium,31.31,54.50915427564274,4.0
574,2025-12-16 10:00:00,Medium,0.77,119.40528492769653,4.0
575,2025-12-20 03:00:00,Medium,1.23,129.4300397715301,1.0
576,2025-12-20 06:00:00,Low,0.0,5.745601778185712,3.0
577,2025-12-20 08:00:00,Medium,1.97,20.881287193931797,
578,2025-12-11 11:00:00,Low,0.92,126.5016757358044,
579,2025-12-07 11:00:00,High,13.57,35.44937263001164,
580,2025-12-04 01:00:00,Low,4.02,38.45860959203081,4.0
581,2025-12-09 03:00:00,Low,0.52,19.651094516504507,
582,2025-12-03 06:00:00,Medium,3.28,87.49680593014479,3.0
583,2025-12-29 04:00:00,High,12.45,62.66432739927026,
584,2025-12-07 11:00:00,High,8.34,88.5704040388555,3.0
585,2025-12-27 19:00:00,Low,9.08,31.852212884939945,
586,2025-12-29 14:00:00,High,0.8,33.89856485105926,
587,2025-12-19 03:00:00,Medium,21.0,99.0719382837865,
588,2025-12-27 00:00:00,High,2.45,,
589,2025-12-06 08:00:00,Low,2.39,11.392496314169293,
590,2025-12-22 07:00:00,Medium,6.4,43.00500034504843,2.0
591,2025-12-11 07:00:00,Medium,2.51,114.30189898299157,4.0
592,2025-12-03 13:00:00,Medium,2.66,40.585625421499174,4.0
593,2025-12-02 15:00:00,Medium,7.33,14.28839353380711,3.0
594,2025-12-26 20:00:00,Medium,8.3,25.14663213762427,3.0
595,2025-12-27 12:00:00,Medium,10.34,68.76436288894547,3.0
596,2025-12-24 10:00:00,Low,4.55,117.53788184626387,4.0
597,2025-12-04 09:00:00,Medium,25.99,34.73820794184337,
598,2025-12-23 05:00:00,Low,0.75,28.636840000271558,5.0
599,2025-12-04 02:00:00,Low,10.19,194.1770186672507,2.0
600,2025-12-16 05:00:00,Medium,21.6,321.6682159668494,
601,2025-12-19 03:00:00,High,4.08,123.52217316627343,
602,2025-12-17 04:00:00,Medium,15.52,20.540617376436664,
603,2025-12-28 01:00:00,Low,12.5,29.105721646136516,3.0
604,2025-12-06 13:00:00,Low,3.18,48.134919126606896,1.0
605,2025-12-08 21:00:00,Low,18.61,37.81667564109015,
606,2025-12-20 22:00:00,High,0.36,36.3364970530792,4.0
607,2025-12-30 10:00:00,High,6.43,,
608,2025-12-18 19:00:00,Medium,15.91,104.72776171057612,
609,2025-12-31 11:00:00,High,4.25,,
610,2025-12-22 20:00:00,High,1.59,73.97234084737862,4.0
611,2025-12-16 08:00:00,High,7.42,90.16326168045394,5.0
612,2025-12-29 23:00:00,Medium,14.26,,
613,2025-12-01 20:00:00,Low,19.83,67.07927389465077,
614,2025-12-08 06:00:00,Low,18.81,103.21807536165883,3.0
615,2025-12-28 22:00:00,Medium,3.82,35.44703651248665,
616,2025-12-15 22:00:00,Medium,0.31,22.626606504250955,
617,2025-12-11 10:00:00,Low,3.43,68.01899207999966,
618,2025-12-31 05:00:00,High,,,
619,2025-12-17 20:00:00,High,10.98,27.92569207531485,
620,2025-12-05 11:00:00,Medium,4.99,60.53801395762058,5.0
621,2025-12-26 18:00:00,High,5.82,114.6931869465426,3.0
622,2025-12-18 14:00:00,Medium,1.17,28.875793698312087,3.0
623,2025-12-03 22:00:00,Medium,14.02,156.35193214342596,5.0
624,2025-12-28 16:00:00,High,4.89,,
625,2025-12-29 23:00:00,Medium,0.21,43.07511648435338,5.0
626,2025-12-29 10:00:00,Medium,10.29,,
627,2025-12-08 08:00:00,Medium,5.33,13.964835835891018,
628,2025-12-30 20:00:00,Medium,3.71,,
629,2025-12-03 06:00:00,Medium,25.85,26.839725890282775,3.0
630,2025-12-15 06:00:00,Medium,4.62,30.087117978598485,5.0
631,2025-12-21 10:00:00,Low,0.46,69.70664126862012,4.0
632,2025-12-12 14:00:00,Medium,5.63,32.93854394012657,
633,2025-12-07 19:00:00,Medium,12.95,58.053042818452695,
634,2025-12-08 12:00:00,Medium,10.05,120.80367073899902,2.0
635,2025-12-08 08:00:00,High,3.34,24.733741585973785,4.0
636,2025-12-16 08:00:00,Low,3.7,86.82588643388307,
637,2025-12-30 05:00:00,Low,4.28,,
638,2025-12-31 10:00:00,Medium,11.91,,
639,2025-12-25 06:00:00,Low,14.01,102.85679671449532,3.0
640,2025-12-08 22:00:00,High,5.55,105.9119148521832,
641,2025-12-11 03:00:00,Medium,16.61,133.71364912824004,
642,2025-12-17 09:00:00,Low,0.02,183.30745054131805,
643,2025-12-04 11:00:00,Medium,2.06,88.17844898457243,
644,2025-12-23 08:00:00,Low,6.06,160.69006340824492,4.0
645,2025-12-15 21:00:00,Medium,14.7,23.750755696466076,5.0
646,2025-12-12 06:00:00,High,6.86,16.161213837572205,
647,2025-12-29 06:00:00,Low,7.0,28.41917740527865,3.0
648,2025-12-30 01:00:00,Low,11.3,,
649,2025-12-27 23:00:00,High,3.64,19.310283051096196,1.0
650,2025-12-25 05:00:00,High,5.24,,
651,2025-12-20 16:00:00,Low,5.56,,
652,2025-12-24 20:00:00,Medium,1.85,60.84413032539936,5.0
653,2025-12-08 07:00:00,High,12.08,41.17161506944862,
654,2025-12-31 17:00:00,Low,,,
655,2025-12-14 08:00:00,Medium,2.19,170.03388961868987,2.0
656,2025-12-09 08:00:00,Low,0.96,51.36186189331119,1.0
657,2025-12-21 12:00:00,Medium,0.43,4.6314199580087685,1.0
658,2025-12-10 17:00:00,Medium,4.29,105.76327591169289,1.0
659,2025-12-28 21:00:00,Low,1.36,,
660,2025-12-28 02:00:00,Medium,23.46,35.733677153250824,4.0
661,2025-12-23 18:00:00,Medium,0.36,57.33321478236085,
662,2025-12-24 19:00:00,Medium,11.92,78.80838821619696,
663,2025-12-29 05:00:00,Medium,3.41,20.58815881565994,3.0
664,2025-12-30 04:00:00,High,8.3,,
665,2025-12-25 22:00:00,Low,4.82,71.29874115887219,1.0
666,2025-12-01 04:00:00,High,6.04,80.1330291509627,4.0
667,2025-12-31 05:00:00,Low,1.93,,
668,2025-12-22 20:00:00,Medium,0.26,92.56713963851936,5.0
669,2025-12-27 11:00:00,Low,2.0,13.116527534859513,
670,2025-12-15 03:00:00,Low,13.34,122.66633871703507,3.0
671,2025-12-21 17:00:00,Medium,1.12,13.415714545639329,4.0
672,2025-12-07 16:00:00,High,6.81,48.25875325224782,4.0
673,2025-12-18 07:00:00,Medium,3.44,66.56359463210596,
674,2025-12-19 07:00:00,Medium,3.46,,
675,2025-12-13 23:00:00,Medium,2.8,144.24160881761418,3.0
676,2025-12-10 17:00:00,Medium,6.24,276.0943766767821,
677,2025-12-28 18:00:00,High,4.29,,
678,2025-12-09 16:00:00,Medium,6.11,40.168852769963536,2.0
679,2025-12-01 03:00:00,High,10.79,55.968248216706925,5.0
680,2025-12-13 18:00:00,Medium,4.98,57.77920076379394,
681,2025-12-01 08:00:00,Low,16.78,34.2855378330995,5.0
682,2025-12-05 13:00:00,High,2.93,120.54196457744123,3.0
683,2025-12-31 06:00:00,Medium,0.85,,
684,2025-12-20 01:00:00,High,3.66,106.92680129354711,3.0
685,2025-12-10 23:00:00,High,2.79,26.18572955320446,
686,2025-12-24 02:00:00,Medium,6.9,14.752732413983646,
687,2025-12-29 19:00:00,High,2.4,,
688,2025-12-25 23:00:00,Low,5.34,91.09136016254192,1.0
689,2025-12-21 00:00:00,Medium,19.41,183.10246104765284,3.0
690,2025-12-05 04:00:00,Low,15.63,111.91312248932348,3.0
691,2025-12-31 21:00:00,Low,2.62,,
692,2025-12-01 15:00:00,Low,5.46,41.07705328992199,1.0
693,2025-12-20 13:00:00,Medium,5.32,59.77554344129835,2.0
694,2025-12-15 13:00:00,Low,0.25,18.241247879655393,
695,2025-12-15 07:00:00,Low,21.85,107.44197258036954,1.0
696,2025-12-22 23:00:00,Medium,8.28,,
697,2025-12-12 01:00:00,Medium,5.97,25.899648073554992,
698,2025-12-13 07:00:00,High,1.31,44.256869707256364,
699,2025-12-10 01:00:00,High,9.12,82.30183514609438,3.0
700,2025-12-26 01:00:00,High,15.81,35.830693437304,1.0
701,2025-12-21 13:00:00,Low,8.78,19.404923163503177,2.0
702,2025-12-26 01:00:00,High,30.94,47.69787474085456,3.0
703,2025-12-01 15:00:00,Medium,13.38,181.00728343203966,
704,2025-12-01 02:00:00,Medium,17.2,230.59830896019935,2.0
705,2025-12-02 13:00:00,Medium,22.21,65.61878564338849,1.0
706,2025-12-26 04:00:00,Medium,0.51,46.6765413838702,4.0
707,2025-12-21 12:00:00,Medium,2.99,222.01422600353635,4.0
708,2025-12-23 23:00:00,Medium,0.84,31.645838620216196,
709,2025-12-12 16:00:00,High,9.51,132.076006599549,
710,2025-12-07 21:00:00,Medium,0.47,110.78050210672546,4.0
711,2025-12-12 12:00:00,Medium,3.64,31.22216861641072,
712,2025-12-21 01:00:00,Medium,5.86,11.815975980158917,2.0
713,2025-12-31 20:00:00,Medium,,,
714,2025-12-07 11:00:00,High,5.14,53.88934302571098,5.0
715,2025-12-18 21:00:00,Low,1.48,138.0493885221734,4.0
716,2025-12-01 04:00:00,Low,8.5,68.04179905261087,2.0
717,2025-12-11 02:00:00,Medium,2.26,124.0935373270084,
718,2025-12-22 15:00:00,Medium,2.98,5.042066136638774,
719,2025-12-21 02:00:00,Medium,7.07,108.37842614704394,
720,2025-12-11 06:00:00,Low,15.39,52.08981922226228,
721,2025-12-08 05:00:00,Low,25.47,33.73942426930624,1.0
722,2025-12-15 22:00:00,Low,1.9,16.98523380661704,
723,2025-12-20 22:00:00,Medium,4.45,94.0322571652838,5.0
724,2025-12-25 00:00:00,Low,9.64,14.561006360187843,3.0
725,2025-12-28 17:00:00,Medium,0.8,59.796402624811556,1.0
726,2025-12-13 03:00:00,Medium,2.46,61.24495167505979,
727,2025-12-26 08:00:00,Low,7.19,38.493845901665274,
728,2025-12-24 22:00:00,Medium,4.8,,
729,2025-12-06 08:00:00,Medium,8.72,71.9379398332466,
730,2025-12-09 23:00:00,Medium,24.33,65.58245643070443,
731,2025-12-29 15:00:00,High,7.31,,
732,2025-12-28 08:00:00,Medium,5.29,7.539213235860876,
733,2025-12-24 08:00:00,High,3.56,86.12150900785635,1.0
734,2025-12-20 00:00:00,High,0.25,2.141800570007633,
735,2025-12-29 20:00:00,Medium,4.94,12.130429016567714,
736,2025-12-02 16:00:00,Medium,7.6,83.79377300175268,3.0
737,2025-12-08 19:00:00,Low,0.47,119.87696832321934,
738,2025-12-30 15:00:00,Medium,15.74,,
739,2025-12-13 18:00:00,Low,6.05,72.39682830063295,
740,2025-12-25 08:00:00,Medium,16.45,20.280816476063844,2.0
741,2025-12-05 04:00:00,Low,2.7,91.52300777686455,5.0
742,2025-12-12 19:00:00,Low,25.05,32.93106178897732,
743,2025-12-21 11:00:00,Medium,12.82,20.450876677277776,4.0
744,2025-12-15 04:00:00,Low,2.58,14.062282148565394,1.0
745,2025-12-14 14:00:00,Medium,5.5,155.0530153100976,1.0
746,2025-12-14 11:00:00,Medium,0.65,35.14597424594946,
747,2025-12-07 07:00:00,High,15.92,58.999651127521005,
748,2025-12-05 13:00:00,High,6.06,14.273109766323195,3.0
749,2025-12-23 21:00:00,High,9.14,77.80409530287488,
750,2025-12-17 23:00:00,Medium,6.27,51.9161659790943,1.0
751,2025-12-21 10:00:00,Medium,24.28,48.116621972889334,
752,2025-12-06 05:00:00,High,6.64,77.42153921908132,3.0
753,2025-12-01 04:00:00,Low,1.4,43.80072604725986,3.0
754,2025-12-02 03:00:00,Low,5.5,102.37145751347163,
755,2025-12-30 20:00:00,Medium,18.85,,
756,2025-12-11 13:00:00,Medium,10.61,122.24983654767021,2.0
757,2025-12-14 13:00:00,High,13.87,188.52190978882257,4.0
758,2025-12-25 10:00:00,Medium,22.4,28.774414951882104,
759,2025-12-21 08:00:00,Medium,17.13,17.788228641580183,
760,2025-12-18 18:00:00,Low,3.1,227.39164981411867,
761,2025-12-15 17:00:00,Medium,39.82,170.4616922407548,5.0
762,2025-12-31 18:00:00,Medium,,,
763,2025-12-06 06:00:00,Medium,5.01,188.4665421218296,4.0
764,2025-12-18 05:00:00,Low,0.83,152.4918783750856,
765,2025-12-24 01:00:00,Medium,1.05,6.126058354676239,1.0
766,2025-12-28 17:00:00,Low,7.17,27.840956547800452,1.0
767,2025-12-30 09:00:00,Medium,1.36,,
768,2025-12-26 22:00:00,Medium,14.66,,
769,2025-12-27 05:00:00,Low,13.13,59.82086164624358,5.0
770,2025-12-04 03:00:00,Medium,3.74,281.0775809577549,
771,2025-12-15 00:00:00,Medium,2.01,12.165189754055918,3.0
772,2025-12-09 16:00:00,Low,3.24,20.05484365894442,
773,2025-12-20 03:00:00,Low,22.48,105.97681834455511,5.0
774,2025-12-22 03:00:00,Medium,4.23,40.33597250588622,4.0
775,2025-12-16 14:00:00,Medium,7.52,10.52653232026193,
776,2025-12-26 12:00:00,Medium,2.5,24.41774391776373,
777,2025-12-12 16:00:00,Medium,14.9,49.772940976955546,5.0
778,2025-12-22 14:00:00,High,4.24,56.5609379460378,4.0
779,2025-12-02 17:00:00,Medium,3.38,43.01335564772875,1.0
780,2025-12-23 10:00:00,Medium,3.88,22.21590381894344,
781,2025-12-02 23:00:00,Medium,9.52,40.29209498570887,1.0
782,2025-12-02 17:00:00,High,9.12,12.791965712228869,5.0
783,2025-12-12 23:00:00,High,22.37,115.82004266043373,3.0
784,2025-12-03 18:00:00,Medium,6.41,44.245939088723034,2.0
785,2025-12-16 10:00:00,Medium,5.75,26.83920788884875,2.0
786,2025-12-13 08:00:00,Medium,48.48,231.05283732522608,2.0
787,2025-12-28 06:00:00,Low,16.95,23.04269676523208,
788,2025-12-27 03:00:00,Low,6.34,,
789,2025-12-27 22:00:00,Low,12.03,89.37237015734097,4.0
790,2025-12-05 01:00:00,High,4.74,75.29275201609273,
791,2025-12-08 21:00:00,High,7.7,96.3565445560772,2.0
792,2025-12-07 22:00:00,Medium,8.27,57.98614971232192,2.0
793,2025-12-09 23:00:00,Medium,0.63,11.663735471019221,3.0
794,2025-12-24 11:00:00,Medium,15.93,,
795,2025-12-26 16:00:00,Low,6.37,,
796,2025-12-08 21:00:00,Medium,6.34,25.127240682676643,4.0
797,2025-12-15 22:00:00,Medium,2.8,14.590204626950364,3.0
798,2025-12-23 02:00:00,Low,1.35,107.14290389518516,
799,2025-12-29 22:00:00,Medium,12.63,,
800,2025-12-04 03:00:00,High,12.44,151.14464255294243,2.0
801,2025-12-24 17:00:00,Medium,0.74,2.6591071576337293,
802,2025-12-04 19:00:00,Low,0.02,6.298442290605893,2.0
803,2025-12-28 08:00:00,Low,11.5,,
804,2025-12-24 22:00:00,Medium,1.55,11.85169130496709,
805,2025-12-28 07:00:00,Low,7.45,,
806,2025-12-18 08:00:00,Low,12.29,35.574837146857696,3.0
807,2025-12-19 06:00:00,Low,15.98,60.7307534461404,
808,2025-12-13 22:00:00,Medium,6.92,112.35721011409582,
809,2025-12-13 12:00:00,High,5.07,46.56800816550352,5.0
810,2025-12-31 07:00:00,Low,,,
811,2025-12-12 07:00:00,Low,11.34,190.16848882622625,1.0
812,2025-12-14 07:00:00,Medium,3.93,24.303532133006414,4.0
813,2025-12-23 18:00:00,Medium,3.57,71.098603758631,
814,2025-12-22 09:00:00,High,0.46,58.54315872987539,
815,2025-12-31 21:00:00,Low,,,
816,2025-12-01 09:00:00,Medium,8.27,33.398154377684605,
817,2025-12-26 21:00:00,High,15.99,,
818,2025-12-19 23:00:00,Medium,16.17,33.65497223970971,3.0
819,2025-12-14 15:00:00,Medium,6.48,64.03195597347303,
820,2025-12-05 05:00:00,Low,5.83,105.46090189251805,
821,2025-12-08 19:00:00,High,14.67,25.591068551102317,2.0
822,2025-12-09 23:00:00,High,20.17,128.89338042635052,
823,2025-12-20 22:00:00,Low,1.48,66.00382609942957,4.0
824,2025-12-12 16:00:00,Low,9.48,72.93707726030497,4.0
825,2025-12-16 23:00:00,Medium,15.57,,
826,2025-12-17 17:00:00,Medium,28.09,238.6735134862887,4.0
827,2025-12-28 18:00:00,Medium,8.73,,
828,2025-12-21 01:00:00,Medium,1.61,107.6484358428336,5.0
829,2025-12-18 16:00:00,Low,9.73,23.04961508679773,4.0
830,2025-12-06 15:00:00,Medium,1.75,129.328619456871,
831,2025-12-28 22:00:00,Low,0.04,71.2827596820788,4.0
832,2025-12-21 05:00:00,Medium,7.72,73.8010845456223,
833,2025-12-03 19:00:00,High,17.3,71.36592196439705,1.0
834,2025-12-21 04:00:00,Medium,7.89,71.01836278992101,
835,2025-12-24 12:00:00,High,4.55,25.763424222033446,5.0
836,2025-12-01 07:00:00,Low,11.89,16.168173192075177,
837,2025-12-03 14:00:00,Low,19.9,47.61477756968422,3.0
838,2025-12-08 17:00:00,Medium,1.15,125.00624541169698,4.0
839,2025-12-18 18:00:00,Low,5.63,130.04946577385385,2.0
840,2025-12-22 01:00:00,Low,20.71,180.6906259914788,
841,2025-12-27 08:00:00,Low,2.44,,
842,2025-12-25 12:00:00,Medium,3.09,,
843,2025-12-23 05:00:00,High,7.38,52.99938960021822,
844,2025-12-08 01:00:00,Low,15.93,34.14467542896334,5.0
845,2025-12-29 17:00:00,Medium,6.69,,
846,2025-12-24 02:00:00,Low,4.22,8.544399233912994,
847,2025-12-31 16:00:00,Low,,,
848,2025-12-16 10:00:00,Medium,3.41,5.723053312342766,
849,2025-12-08 18:00:00,Medium,18.61,49.574514983286164,
850,2025-12-22 04:00:00,Medium,4.73,116.2674850557706,
851,2025-12-17 10:00:00,Medium,2.39,38.84685127812181,4.0
852,2025-12-14 09:00:00,Medium,24.88,60.92534524544871,
853,2025-12-11 05:00:00,Low,8.84,24.89413210922914,2.0
854,2025-12-04 12:00:00,Medium,10.2,62.41873567456156,3.0
855,2025-12-01 11:00:00,Low,10.98,112.12084953266941,5.0
856,2025-12-24 19:00:00,Medium,7.03,73.68137910021353,2.0
857,2025-12-23 19:00:00,Medium,8.5,144.73428440914375,4.0
858,2025-12-25 14:00:00,Low,1.53,,
859,2025-12-14 03:00:00,Low,4.09,64.4268980709366,1.0
860,2025-12-06 11:00:00,High,1.21,15.388125100579874,5.0
861,2025-12-18 16:00:00,Low,2.42,26.707277081081102,
862,2025-12-12 02:00:00,Low,1.01,43.954582638544174,2.0
863,2025-12-22 04:00:00,Medium,7.2,16.396266820017555,
864,2025-12-26 07:00:00,Low,3.58,,
865,2025-12-23 23:00:00,Medium,4.87,9.200973308193266,1.0
866,2025-12-22 23:00:00,Medium,0.75,89.42638064671782,
867,2025-12-26 10:00:00,Medium,0.99,,
868,2025-12-21 23:00:00,High,13.38,37.73217021985319,
869,2025-12-26 09:00:00,Medium,8.21,9.429636632232357,
870,2025-12-19 14:00:00,High,6.42,105.77492995879292,3.0
871,2025-12-01 04:00:00,Medium,0.91,202.37970414298593,
872,2025-12-11 10:00:00,Medium,11.92,215.47721100249774,5.0
873,2025-12-15 12:00:00,Medium,0.25,42.91278816247695,4.0
874,2025-12-01 05:00:00,Medium,2.18,13.227714182560742,
875,2025-12-23 18:00:00,Low,1.74,152.96005550915024,3.0
876,2025-12-16 14:00:00,Low,8.62,61.62881158826134,1.0
877,2025-12-17 18:00:00,Low,10.54,145.14922012732245,
878,2025-12-16 15:00:00,Medium,5.5,51.11317108697858,
879,2025-12-28 02:00:00,Medium,7.87,,
880,2025-12-23 19:00:00,Medium,4.43,108.76650542333635,3.0
881,2025-12-30 14:00:00,Medium,10.12,,
882,2025-12-26 18:00:00,Medium,17.31,98.03081150664676,
883,2025-12-20 05:00:00,Medium,11.27,98.94746517380746,4.0
884,2025-12-31 10:00:00,Low,,,
885,2025-12-31 10:00:00,Medium,7.26,,
886,2025-12-14 04:00:00,High,47.7,84.73789729179316,3.0
887,2025-12-10 18:00:00,Low,17.25,93.47001081932343,
888,2025-12-30 01:00:00,Medium,1.74,20.723637498834,2.0
889,2025-12-16 07:00:00,Medium,0.03,2.7596874501672968,4.0
890,2025-12-22 10:00:00,Low,7.13,110.00268872095113,5.0
891,2025-12-21 01:00:00,Medium,30.52,102.46007354429698,4.0
892,2025-12-18 09:00:00,High,2.03,51.05187462212609,1.0
893,2025-12-01 06:00:00,High,7.47,122.55732322523934,
894,2025-12-19 11:00:00,Medium,7.94,48.068708520727085,1.0
895,2025-12-07 09:00:00,High,12.34,43.626514525684655,
896,2025-12-02 12:00:00,High,8.39,58.588048841531084,
897,2025-12-17 13:00:00,Medium,4.42,52.2204021968096,
898,2025-12-05 01:00:00,Medium,3.47,105.01433815565484,4.0
899,2025-12-03 04:00:00,Medium,14.28,35.61342860702331,
900,2025-12-30 14:00:00,Medium,1.82,,
901,2025-12-02 03:00:00,Medium,15.48,204.06467562231776,
902,2025-12-02 18:00:00,High,0.15,8.632179294465752,2.0
903,2025-12-14 01:00:00,High,0.07,168.61300121447934,
904,2025-12-11 10:00:00,High,16.27,34.42738579893426,
905,2025-12-06 17:00:00,Low,0.97,53.6734668236182,
906,2025-12-28 00:00:00,Low,0.82,26.817551171128436,3.0
907,2025-12-16 23:00:00,Low,3.34,64.80956770274679,4.0
908,2025-12-30 12:00:00,Medium,0.33,,
909,2025-12-04 06:00:00,Medium,2.54,61.018811442478416,2.0
910,2025-12-13 10:00:00,Medium,9.2,12.254024917385621,
911,2025-12-15 05:00:00,Low,6.04,185.08387623340732,1.0
912,2025-12-07 19:00:00,Low,1.26,22.22223960095748,
913,2025-12-30 19:00:00,Medium,7.08,,
914,2025-12-08 16:00:00,High,25.08,178.50781534648166,1.0
915,2025-12-26 06:00:00,High,2.86,18.764466346854586,1.0
916,2025-12-23 20:00:00,High,3.5,132.62125293909784,
917,2025-12-22 17:00:00,Low,9.76,24.737056207249726,
918,2025-12-20 20:00:00,High,35.53,40.34555526923127,4.0
919,2025-12-15 04:00:00,Medium,13.54,40.860297556435704,3.0
920,2025-12-26 17:00:00,Medium,0.83,15.880372551522958,3.0
921,2025-12-01 21:00:00,Low,4.03,158.75713993432464,1.0
922,2025-12-01 19:00:00,Medium,1.1,198.611773492903,
923,2025-12-10 08:00:00,Medium,6.11,181.05296720687375,1.0
924,2025-12-30 09:00:00,Medium,0.65,1.9442057779898825,
925,2025-12-20 12:00:00,Medium,3.67,57.765908722371016,
926,2025-12-01 18:00:00,Low,9.25,91.26996591424209,
927,2025-12-27 04:00:00,High,4.33,30.961635377444622,
928,2025-12-15 11:00:00,Medium,2.5,186.77116237221114,
929,2025-12-01 14:00:00,Medium,7.51,51.35438733593164,5.0
930,2025-12-29 14:00:00,Medium,6.01,17.769899808202922,
931,2025-12-17 06:00:00,High,3.12,38.31477992267887,
932,2025-12-09 17:00:00,Medium,7.84,18.796547817979814,1.0
933,2025-12-03 17:00:00,Low,0.3,223.25648652332382,
934,2025-12-10 02:00:00,Low,3.92,91.11828823994607,4.0
935,2025-12-27 14:00:00,Medium,20.09,,
936,2025-12-20 13:00:00,High,16.63,136.063600709701,2.0
937,2025-12-30 22:00:00,Medium,,,
938,2025-12-30 12:00:00,High,5.49,,
939,2025-12-22 00:00:00,Medium,21.52,75.59119888902353,
940,2025-12-28 13:00:00,Low,6.26,71.60070140650554,2.0
941,2025-12-19 11:00:00,Low,3.79,220.0457985762911,3.0
942,2025-12-14 08:00:00,Low,4.0,68.58272970836099,4.0
943,2025-12-18 09:00:00,Medium,20.42,36.06534912313514,1.0
944,2025-12-14 21:00:00,Low,0.93,301.86072186472643,3.0
945,2025-12-23 01:00:00,Medium,1.62,131.60786633525615,
946,2025-12-23 09:00:00,Medium,8.38,18.730529487351205,
947,2025-12-04 12:00:00,High,11.1,58.48851212846722,3.0
948,2025-12-29 03:00:00,High,1.52,5.798778331493516,
949,2025-12-12 11:00:00,Medium,0.77,45.89679453221666,
950,2025-12-23 04:00:00,High,0.83,91.63344574941354,5.0
951,2025-12-30 09:00:00,High,5.26,,
952,2025-12-28 14:00:00,Medium,15.98,36.918714588959375,2.0
953,2025-12-06 03:00:00,Medium,3.3,32.62796990991139,3.0
954,2025-12-05 08:00:00,Medium,1.37,7.380795111067972,
955,2025-12-13 15:00:00,High,4.86,123.21908357786896,
956,2025-12-29 17:00:00,Low,6.11,,
957,2025-12-29 19:00:00,Low,1.2,20.620516747606718,2.0
958,2025-12-24 19:00:00,High,18.94,129.12874705211976,
959,2025-12-05 10:00:00,High,16.41,20.433188293312277,
960,2025-12-30 18:00:00,High,19.74,,
961,2025-12-08 00:00:00,Medium,1.41,9.051200507140663,
962,2025-12-03 17:00:00,Medium,5.43,69.6099827195093,
963,2025-12-26 17:00:00,Medium,51.82,54.00636490547674,1.0
964,2025-12-10 02:00:00,High,3.05,78.11171842701181,1.0
965,2025-12-10 19:00:00,Low,6.7,65.78676344864606,
966,2025-12-09 21:00:00,High,4.57,15.595666076782607,
967,2025-12-18 08:00:00,Medium,31.27,36.12069157075743,
968,2025-12-26 08:00:00,High,1.25,9.264135235846535,1.0
969,2025-12-19 19:00:00,Low,20.37,22.997996323107415,5.0
970,2025-12-20 02:00:00,High,0.17,70.07344632084317,3.0
971,2025-12-04 02:00:00,Medium,11.64,113.74640021224597,2.0
972,2025-12-13 02:00:00,High,12.81,86.27092127992567,1.0
973,2025-12-10 13:00:00,Medium,1.92,33.92329454193481,
974,2025-12-15 16:00:00,Medium,7.85,16.937977628999437,1.0
975,2025-12-27 00:00:00,High,22.28,76.49312806671033,
976,2025-12-04 19:00:00,Medium,5.61,214.2579184039417,3.0
977,2025-12-22 14:00:00,Medium,9.84,48.21762634484631,2.0
978,2025-12-13 11:00:00,Medium,4.39,109.2818989902316,2.0
979,2025-12-29 00:00:00,Medium,5.66,,
980,2025-12-06 20:00:00,Medium,7.27,39.9703765005883,
981,2025-12-25 21:00:00,High,18.7,86.86577399400235,3.0
982,2025-12-23 00:00:00,Medium,8.96,55.9126113081994,1.0
983,2025-12-01 16:00:00,Medium,19.39,61.49941590694826,4.0
984,2025-12-06 10:00:00,High,1.98,5.170830097293029,
985,2025-12-22 00:00:00,Medium,15.69,188.6707425923512,
986,2025-12-22 15:00:00,Low,15.68,201.60377156122996,
987,2025-12-06 03:00:00,Medium,5.78,38.48904412748906,
988,2025-12-01 16:00:00,Medium,4.24,212.31296850120572,1.0
989,2025-12-08 18:00:00,Medium,37.26,65.16562356996238,4.0
990,2025-12-25 01:00:00,Medium,41.04,47.59701050814938,
991,2025-12-18 13:00:00,Low,16.33,58.71940004700703,1.0
992,2025-12-25 18:00:00,Medium,15.62,85.33862635276294,
993,2025-12-08 14:00:00,Low,0.45,3.9690131901531482,
994,2025-12-06 18:00:00,Medium,14.58,23.190400439715,4.0
995,2025-12-17 02:00:00,Low,13.13,107.72138710885363,
996,2025-12-03 05:00:00,Low,0.07,23.840408957255445,
997,2025-12-17 21:00:00,Medium,0.12,44.41461940374064,3.0
998,2025-12-27 09:00:00,Low,5.87,14.843620651727953,
999,2025-12-07 02:00:00,High,1.99,45.70597884060652,
1000,2025-12-03 21:00:00,Medium,12.78,20.42227978527249,
1001,2025-12-04 13:00:00,Medium,2.95,21.22065661378554,4.0
1002,2025-12-30 04:00:00,High,13.25,,
1003,2025-12-08 03:00:00,Low,4.18,56.90364806668165,1.0
1004,2025-12-05 16:00:00,Medium,3.05,115.33320515061615,
1005,2025-12-15 14:00:00,Medium,10.46,20.865205014292922,
1006,2025-12-10 12:00:00,Medium,0.94,47.71593923596003,
1007,2025-12-13 23:00:00,Medium,19.43,51.72637924088339,2.0
1008,2025-12-26 15:00:00,Low,36.72,,
1009,2025-12-09 14:00:00,Medium,5.75,30.432850769797792,
1010,2025-12-14 07:00:00,Medium,7.11,19.066758113116293,4.0
1011,2025-12-07 19:00:00,Low,0.96,21.77586928242106,2.0
1012,2025-12-09 00:00:00,Medium,15.75,173.49849614539934,4.0
1013,2025-12-17 09:00:00,High,5.39,75.78700497147557,
1014,2025-12-29 16:00:00,Medium,28.61,,
1015,2025-12-30 19:00:00,Low,9.25,,
1016,2025-12-31 08:00:00,Medium,4.96,5.691348814124609,5.0
1017,2025-12-22 12:00:00,High,5.95,68.87160784682447,
1018,2025-12-26 01:00:00,Low,1.4,106.02965838533866,4.0
1019,2025-12-20 19:00:00,High,4.04,61.645971730148396,3.0
1020,2025-12-21 09:00:00,Medium,15.88,40.38384971276296,4.0
1021,2025-12-06 11:00:00,Low,5.86,27.749301810485576,
1022,2025-12-01 03:00:00,High,3.48,63.78049785310073,2.0
1023,2025-12-01 14:00:00,High,5.19,17.226990722352426,2.0
1024,2025-12-22 01:00:00,Medium,4.81,62.992683939333666,1.0
1025,2025-12-06 01:00:00,High,11.07,31.095200291340227,2.0
1026,2025-12-20 20:00:00,Medium,11.64,235.812048163096,2.0
1027,2025-12-01 15:00:00,Low,0.5,26.42185510076103,5.0
1028,2025-12-31 18:00:00,Medium,,,
1029,2025-12-17 03:00:00,High,6.17,19.935156694852544,3.0
1030,2025-12-26 01:00:00,Medium,8.76,77.85193473964823,1.0
1031,2025-12-02 18:00:00,Low,1.66,19.677327180886504,3.0
1032,2025-12-26 16:00:00,Medium,46.99,,
1033,2025-12-06 09:00:00,High,15.31,129.94921061768164,
1034,2025-12-17 07:00:00,Medium,1.43,52.206271395892514,4.0
1035,2025-12-03 19:00:00,High,18.61,36.56142780841709,4.0
1036,2025-12-15 02:00:00,Low,5.75,147.39488206169753,2.0
1037,2025-12-29 04:00:00,High,11.03,12.293845375795755,
1038,2025-12-25 15:00:00,High,8.76,23.540186574702346,
1039,2025-12-22 07:00:00,High,13.38,126.16501441286462,1.0
1040,2025-12-20 21:00:00,Medium,3.52,19.466489470566554,5.0
1041,2025-12-05 15:00:00,Medium,23.68,108.07077992131866,5.0
1042,2025-12-11 09:00:00,Medium,6.71,53.92515697754531,3.0
1043,2025-12-14 09:00:00,Medium,12.52,71.61322713913466,
1044,2025-12-02 15:00:00,Medium,0.4,6.737892959560392,
1045,2025-12-21 00:00:00,Medium,19.27,230.82088983929756,4.0
1046,2025-12-31 03:00:00,Medium,3.65,,
1047,2025-12-20 08:00:00,Medium,1.02,4.908800189514167,
1048,2025-12-23 03:00:00,Medium,4.63,202.26091247595014,4.0
1049,2025-12-23 15:00:00,Low,0.31,2.017696895411488,5.0
1050,2025-12-01 18:00:00,Medium,30.08,39.36260334771367,
1051,2025-12-07 10:00:00,Medium,13.01,114.83604640665959,2.0
1052,2025-12-27 15:00:00,Medium,10.25,,
1053,2025-12-17 21:00:00,Medium,9.31,198.4574921230574,
1054,2025-12-03 20:00:00,Low,9.54,45.04561027739958,3.0
1055,2025-12-21 05:00:00,Medium,22.35,99.19855683405035,
1056,2025-12-14 05:00:00,Medium,8.01,20.01886246045818,
1057,2025-12-30 13:00:00,Medium,11.88,15.051454476149612,
1058,2025-12-06 19:00:00,Medium,6.65,217.77720107474835,2.0
1059,2025-12-31 08:00:00,Low,3.06,,
1060,2025-12-05 12:00:00,Low,1.28,52.70317840032546,4.0
1061,2025-12-23 10:00:00,Low,29.1,164.75863795706272,1.0
1062,2025-12-01 00:00:00,High,8.12,128.51550550615033,3.0
1063,2025-12-12 22:00:00,High,24.29,66.79298810792264,4.0
1064,2025-12-15 11:00:00,Low,4.06,,
1065,2025-12-13 18:00:00,High,3.95,60.570217855626645,4.0
1066,2025-12-10 15:00:00,Medium,4.88,6.664409246746354,3.0
1067,2025-12-11 20:00:00,High,16.0,52.496706156813815,5.0
1068,2025-12-12 02:00:00,Medium,2.56,46.55361098999794,
1069,2025-12-16 00:00:00,Low,6.01,138.1561996330633,1.0
1070,2025-12-07 08:00:00,Low,4.75,17.19298334944301,2.0
1071,2025-12-27 20:00:00,High,5.71,9.057417624330219,4.0
1072,2025-12-20 00:00:00,Medium,1.38,64.84994017567745,1.0
1073,2025-12-01 23:00:00,Medium,45.36,69.74627160151414,1.0
1074,2025-12-20 17:00:00,High,8.04,17.958280997467774,
1075,2025-12-20 09:00:00,Low,0.98,63.64771895652752,
1076,2025-12-10 16:00:00,Low,0.76,71.30128269980723,
1077,2025-12-09 10:00:00,Low,2.86,33.014666887826216,4.0
1078,2025-12-02 12:00:00,Low,24.78,38.47133613474929,3.0
1079,2025-12-18 11:00:00,Medium,22.5,23.128586799013043,4.0
1080,2025-12-30 18:00:00,Medium,,,
1081,2025-12-27 20:00:00,High,23.83,,
1082,2025-12-26 01:00:00,Medium,3.14,84.26602871793112,
1083,2025-12-03 13:00:00,High,2.11,43.93878520102315,4.0
1084,2025-12-07 04:00:00,Low,8.07,33.40009034695896,3.0
1085,2025-12-05 04:00:00,Medium,12.59,24.33151884225742,4.0
1086,2025-12-12 00:00:00,Medium,0.25,77.79354069169237,
1087,2025-12-04 18:00:00,Low,6.85,24.70635039069804,
1088,2025-12-23 13:00:00,Medium,1.27,37.601230017227635,4.0
1089,2025-12-15 16:00:00,Medium,18.52,27.440782535498567,
1090,2025-12-05 05:00:00,High,27.59,104.35257722185801,5.0
1091,2025-12-08 04:00:00,High,19.39,85.30173072118158,3.0
1092,2025-12-23 15:00:00,Medium,1.54,26.35855379140346,
1093,2025-12-13 23:00:00,Medium,3.57,31.12966204120091,3.0
1094,2025-12-17 15:00:00,Medium,4.99,156.71437761201076,1.0
1095,2025-12-19 12:00:00,Medium,12.71,104.9660716269016,4.0
1096,2025-12-25 10:00:00,Low,3.08,153.69696006399408,2.0
1097,2025-12-18 06:00:00,Medium,6.66,30.230373733637872,
1098,2025-12-20 20:00:00,High,3.09,46.18233444160809,5.0
1099,2025-12-03 02:00:00,High,20.03,102.06596032048407,
1100,2025-12-15 12:00:00,Low,0.39,10.0661442166886,
1101,2025-12-09 04:00:00,Low,4.72,123.17826195599412,1.0
1102,2025-12-19 12:00:00,Low,5.32,40.5260384612838,4.0
1103,2025-12-28 23:00:00,Medium,0.98,,
1104,2025-12-04 01:00:00,High,7.87,26.024115808308697,5.0
1105,2025-12-27 16:00:00,Medium,1.08,,
1106,2025-12-17 18:00:00,Low,14.11,42.82972678155788,1.0
1107,2025-12-19 01:00:00,High,3.27,51.91079867408896,
1108,2025-12-05 21:00:00,Medium,5.37,9.159393024552275,
1109,2025-12-14 05:00:00,Medium,7.01,178.26770866356904,2.0
1110,2025-12-05 16:00:00,Medium,17.75,113.0485410618464,
1111,2025-12-17 04:00:00,Medium,10.71,29.598178913238826,
1112,2025-12-27 01:00:00,Medium,1.64,33.521182701284786,5.0
1113,2025-12-14 06:00:00,High,3.25,59.883738031391054,5.0
1114,2025-12-24 08:00:00,Low,26.16,101.92916763914542,2.0
1115,2025-12-10 09:00:00,Low,3.87,39.12131783878365,2.0
1116,2025-12-04 07:00:00,Medium,7.43,63.79152927157059,1.0
1117,2025-12-11 05:00:00,Medium,2.54,2.727647640999471,5.0
1118,2025-12-10 12:00:00,Medium,6.15,60.40419826448787,
1119,2025-12-03 09:00:00,Medium,1.63,129.66181114293897,2.0
1120,2025-12-03 09:00:00,Medium,5.91,57.23356279704471,1.0
1121,2025-12-08 15:00:00,High,1.01,37.26709468465265,
1122,2025-12-03 19:00:00,Low,0.81,51.68340711950521,5.0
1123,2025-12-09 15:00:00,Low,31.18,52.674435830894076,
1124,2025-12-04 18:00:00,High,8.45,45.45099564034149,1.0
1125,2025-12-13 09:00:00,Low,7.67,53.29684203711976,3.0
1126,2025-12-22 02:00:00,Low,21.55,133.54263665242303,5.0
1127,2025-12-21 16:00:00,Low,1.15,80.74051389485838,
1128,2025-12-09 08:00:00,Medium,11.72,60.68641987836026,4.0
1129,2025-12-24 08:00:00,Low,7.24,89.12298874609994,4.0
1130,2025-12-05 22:00:00,Low,10.07,58.72445196583436,2.0
1131,2025-12-16 16:00:00,Medium,20.68,82.20965751817783,
1132,2025-12-23 01:00:00,Medium,14.17,29.920584684510224,
1133,2025-12-22 19:00:00,High,14.86,49.97787868925741,5.0
1134,2025-12-13 05:00:00,High,9.77,96.9081825429006,4.0
1135,2025-12-21 05:00:00,Medium,2.35,69.66724479783967,1.0
1136,2025-12-30 11:00:00,Low,6.8,,
1137,2025-12-11 12:00:00,High,4.45,6.215973086683709,
1138,2025-12-03 20:00:00,Medium,10.46,18.970685623405984,
1139,2025-12-21 00:00:00,Medium,2.18,6.514148469443242,5.0
1140,2025-12-12 14:00:00,Medium,3.43,41.67877424868795,
1141,2025-12-09 07:00:00,High,0.08,46.1348609592776,3.0
1142,2025-12-13 02:00:00,Medium,2.03,18.40957890148069,1.0
1143,2025-12-28 11:00:00,Medium,22.16,74.55949720563191,
1144,2025-12-07 05:00:00,High,6.27,31.67183295917185,
1145,2025-12-09 14:00:00,Medium,24.07,89.0324859947998,
1146,2025-12-17 10:00:00,Low,5.87,257.7746816469149,
1147,2025-12-12 00:00:00,High,2.82,4.403990008434528,2.0
1148,2025-12-15 12:00:00,Low,18.17,36.156534543046305,
1149,2025-12-21 06:00:00,High,1.11,11.191304356728072,1.0
1150,2025-12-21 01:00:00,High,40.04,181.88817095056143,2.0
1151,2025-12-05 22:00:00,Low,4.01,50.324194874998355,
1152,2025-12-07 20:00:00,Low,3.55,11.351273074837758,
1153,2025-12-12 17:00:00,Medium,7.75,129.20725271777178,1.0
1154,2025-12-14 06:00:00,Low,5.21,80.71254955543579,2.0
1155,2025-12-17 00:00:00,Medium,0.97,35.2075795233181,
1156,2025-12-16 12:00:00,Low,3.63,119.5920811798082,1.0
1157,2025-12-01 19:00:00,Medium,21.18,215.5055133573245,
1158,2025-12-01 20:00:00,High,1.06,54.69870307261572,
1159,2025-12-08 09:00:00,Medium,0.2,29.604691233025317,
1160,2025-12-02 07:00:00,Low,34.84,41.78579779634693,3.0
1161,2025-12-05 04:00:00,Medium,4.25,80.87388848468724,4.0
1162,2025-12-17 05:00:00,Medium,0.92,29.187126293366898,3.0
1163,2025-12-15 13:00:00,Low,6.81,10.832345185076967,
1164,2025-12-23 04:00:00,Low,22.95,31.489479407095516,
1165,2025-12-08 12:00:00,Medium,12.99,56.72545101616063,
1166,2025-12-27 23:00:00,Low,4.97,,
1167,2025-12-24 22:00:00,High,1.34,89.47586947975567,1.0
1168,2025-12-01 21:00:00,Low,4.62,53.29966455951417,
1169,2025-12-24 22:00:00,Medium,3.7,,
1170,2025-12-14 07:00:00,Medium,1.96,90.11525795612809,2.0
1171,2025-12-22 10:00:00,Medium,8.73,22.855094594160832,4.0
1172,2025-12-20 02:00:00,Low,9.82,72.18368602692394,
1173,2025-12-15 10:00:00,Medium,3.79,220.90041767897827,
1174,2025-12-02 13:00:00,Low,4.15,14.734815907951637,
1175,2025-12-27 13:00:00,Medium,1.19,27.410025843656815,
1176,2025-12-11 19:00:00,High,2.85,106.26865561681623,
1177,2025-12-01 18:00:00,Medium,0.17,36.95635491114564,5.0
1178,2025-12-11 23:00:00,Medium,16.36,138.11988982526003,3.0
1179,2025-12-14 08:00:00,Medium,8.61,62.51178158158023,
1180,2025-12-23 20:00:00,Medium,16.48,183.95037912060968,
1181,2025-12-09 15:00:00,Medium,3.83,8.924057614950419,
1182,2025-12-10 13:00:00,Medium,0.97,147.8454748505972,
1183,2025-12-15 18:00:00,Medium,8.61,143.64314411355787,2.0
1184,2025-12-12 08:00:00,Low,1.59,33.81126296136221,
1185,2025-12-30 07:00:00,Low,35.88,,
1186,2025-12-15 07:00:00,Medium,13.19,28.493732627338034,5.0
1187,2025-12-20 20:00:00,Low,3.05,103.48635253415277,2.0
1188,2025-12-28 03:00:00,Medium,4.21,,
1189,2025-12-01 18:00:00,High,8.3,72.90094177378911,
1190,2025-12-01 01:00:00,High,3.45,467.5781326936291,
1191,2025-12-21 12:00:00,Low,7.84,62.180323768617995,
1192,2025-12-12 12:00:00,Medium,2.6,9.337520838202959,
1193,2025-12-26 11:00:00,Medium,5.79,118.75285822639164,
1194,2025-12-28 14:00:00,Medium,1.29,10.851760183640902,
1195,2025-12-15 20:00:00,Medium,8.52,101.5184929222923,5.0
1196,2025-12-02 15:00:00,High,58.74,183.71647037108718,2.0
1197,2025-12-02 08:00:00,Medium,5.54,67.6327978364724,1.0
1198,2025-12-29 12:00:00,Medium,37.27,59.338859550935304,
1199,2025-12-12 03:00:00,Medium,25.35,144.92142674483912,
1200,2025-12-21 05:00:00,High,11.89,146.50114328182184,3.0
1201,2025-12-01 19:00:00,High,18.25,182.22128994130742,3.0
1202,2025-12-18 08:00:00,Medium,16.71,67.56450281075973,4.0
1203,2025-12-18 00:00:00,Medium,4.21,16.710403648132075,1.0
1204,2025-12-13 04:00:00,Medium,3.37,143.4932841104839,
1205,2025-12-19 22:00:00,Low,18.38,25.914583066162095,1.0
1206,2025-12-07 19:00:00,Medium,12.2,85.52262434325361,
1207,2025-12-08 00:00:00,Low,9.56,47.289880814065434,
1208,2025-12-28 20:00:00,Medium,0.41,66.83893193115551,4.0
1209,2025-12-22 07:00:00,Low,19.75,75.28944894008538,5.0
1210,2025-12-14 05:00:00,Medium,7.17,54.22320538660287,5.0
1211,2025-12-03 04:00:00,Medium,23.42,121.20605576562684,5.0
1212,2025-12-04 08:00:00,Low,15.08,171.22084895557603,
1213,2025-12-21 17:00:00,Low,14.93,94.90766785025082,
1214,2025-12-03 02:00:00,Medium,4.25,11.824118309017718,
1215,2025-12-31 21:00:00,Low,,,
1216,2025-12-24 04:00:00,Medium,2.06,13.4535078497772,
1217,2025-12-13 02:00:00,Medium,14.29,90.78588586843563,5.0
1218,2025-12-22 06:00:00,Medium,16.94,155.46212746032145,5.0
1219,2025-12-06 00:00:00,Medium,8.07,45.070313552674904,
1220,2025-12-02 23:00:00,High,13.42,136.932011473624,4.0
1221,2025-12-18 03:00:00,Low,0.82,13.999052878268444,
1222,2025-12-20 05:00:00,Low,11.46,99.87374304960949,
1223,2025-12-21 21:00:00,Low,0.84,5.430671514994749,1.0
1224,2025-12-19 23:00:00,Medium,1.29,55.15552364696074,
1225,2025-12-30 16:00:00,Medium,3.56,12.886113561684477,
1226,2025-12-12 10:00:00,Low,7.22,24.311262258154994,2.0
1227,2025-12-04 13:00:00,High,8.78,27.313478005601553,4.0
1228,2025-12-01 05:00:00,Low,24.32,31.09390034380681,1.0
1229,2025-12-22 13:00:00,Medium,26.64,37.28556265947159,
1230,2025-12-31 09:00:00,Medium,11.77,12.14283607075927,4.0
1231,2025-12-23 11:00:00,Low,12.16,51.59017034171873,
1232,2025-12-15 18:00:00,Medium,12.74,23.972094799992412,
1233,2025-12-23 17:00:00,Medium,0.88,141.8490311626408,
1234,2025-12-19 06:00:00,High,10.46,42.04986727984004,3.0
1235,2025-12-25 23:00:00,Low,7.52,8.311547126925255,5.0
1236,2025-12-13 08:00:00,Medium,4.1,27.1289577722249,5.0
1237,2025-12-17 23:00:00,Low,3.18,12.607121471555775,
1238,2025-12-07 20:00:00,Low,0.58,18.135690102246024,5.0
1239,2025-12-12 16:00:00,Medium,12.27,137.01586583644934,1.0
1240,2025-12-21 22:00:00,Low,3.7,29.948924586832103,5.0
1241,2025-12-16 19:00:00,Low,5.09,14.571108989185381,3.0
1242,2025-12-07 00:00:00,Low,26.13,94.01713894596631,5.0
1243,2025-12-06 17:00:00,Low,2.42,5.531823140924633,2.0
1244,2025-12-27 01:00:00,Low,0.64,97.50414672388406,
1245,2025-12-13 15:00:00,Medium,0.32,14.150812127048757,
1246,2025-12-08 17:00:00,Medium,16.95,60.50550880812149,
1247,2025-12-20 17:00:00,Medium,2.22,40.983169456547174,5.0
1248,2025-12-10 11:00:00,Medium,13.18,138.61655115659485,
1249,2025-12-30 03:00:00,Medium,8.46,,
1250,2025-12-21 17:00:00,Medium,1.72,55.03674680694816,3.0
1251,2025-12-06 11:00:00,Medium,18.3,129.06442883595932,
1252,2025-12-27 01:00:00,Low,0.63,94.54978772223149,1.0
1253,2025-12-06 12:00:00,Low,4.96,199.76482064293114,
1254,2025-12-30 08:00:00,Medium,9.52,,
1255,2025-12-22 04:00:00,Low,5.86,67.76854655511038,
1256,2025-12-23 02:00:00,High,4.08,28.65163920008677,
1257,2025-12-02 00:00:00,Medium,10.06,39.83501771624982,
1258,2025-12-09 16:00:00,Low,2.6,249.0140273460044,3.0
1259,2025-12-27 12:00:00,Low,10.15,,
1260,2025-12-01 08:00:00,Low,4.86,37.04403561129835,
1261,2025-12-23 00:00:00,Low,2.42,41.749304962588766,
1262,2025-12-04 05:00:00,High,7.99,66.29237407893109,5.0
1263,2025-12-18 17:00:00,Medium,5.73,14.816769787374875,2.0
1264,2025-12-24 18:00:00,Medium,0.55,51.24221647995587,
1265,2025-12-31 06:00:00,Medium,4.35,,
1266,2025-12-06 05:00:00,High,6.39,75.35246808704736,5.0
1267,2025-12-24 09:00:00,Medium,6.03,7.991934086063198,
1268,2025-12-13 13:00:00,Medium,5.07,45.14051364128462,
1269,2025-12-09 08:00:00,Low,29.01,101.83757556586863,
1270,2025-12-01 10:00:00,Low,5.57,38.36349603797866,
1271,2025-12-31 10:00:00,Medium,,,
1272,2025-12-07 16:00:00,Medium,11.35,37.75797099688543,
1273,2025-12-14 19:00:00,Medium,4.64,83.00480868033303,1.0
1274,2025-12-05 12:00:00,High,14.86,21.23062737717013,
1275,2025-12-31 02:00:00,Medium,13.41,,
1276,2025-12-28 07:00:00,Low,4.44,,
1277,2025-12-19 09:00:00,Medium,2.23,16.750008654482535,2.0
1278,2025-12-18 06:00:00,Medium,9.29,27.934668436198294,
1279,2025-12-25 20:00:00,Low,1.09,68.54849383224001,3.0
1280,2025-12-26 22:00:00,Medium,9.99,,
1281,2025-12-05 22:00:00,High,2.53,79.79828811997828,2.0
1282,2025-12-04 15:00:00,Medium,1.03,245.48585470962638,5.0
1283,2025-12-09 22:00:00,High,4.1,147.0202620983073,
1284,2025-12-14 07:00:00,Medium,5.55,12.608638298779269,4.0
1285,2025-12-01 21:00:00,High,14.71,34.913604610011106,
1286,2025-12-29 21:00:00,Low,15.92,17.115144342539743,3.0
1287,2025-12-16 17:00:00,High,1.79,66.7888051833415,4.0
1288,2025-12-29 15:00:00,Medium,15.07,49.53822431759491,4.0
1289,2025-12-31 18:00:00,Medium,5.68,,
1290,2025-12-25 20:00:00,Low,12.88,36.083775388867494,3.0
1291,2025-12-17 16:00:00,High,3.05,15.09046899752025,2.0
1292,2025-12-25 06:00:00,Medium,0.97,27.332898052696727,2.0
1293,2025-12-14 15:00:00,High,12.65,47.013990211697404,
1294,2025-12-22 22:00:00,Medium,9.49,64.69650773310732,2.0
1295,2025-12-09 16:00:00,Medium,2.23,46.401845442072975,4.0
1296,2025-12-16 15:00:00,Medium,4.35,337.7738892397154,
1297,2025-12-30 22:00:00,High,13.38,,
1298,2025-12-14 06:00:00,Medium,5.42,90.49277106507375,1.0
1299,2025-12-04 00:00:00,Medium,6.48,135.12708478000644,4.0
1300,2025-12-25 08:00:00,Medium,13.37,56.409038210470946,
1301,2025-12-15 17:00:00,High,34.71,40.99625625097964,1.0
1302,2025-12-01 17:00:00,Medium,0.7,6.354201966297288,2.0
1303,2025-12-24 03:00:00,Medium,9.33,98.70886405662984,1.0
1304,2025-12-08 07:00:00,Medium,0.92,51.65350717906068,
1305,2025-12-31 03:00:00,Medium,1.18,,
1306,2025-12-31 22:00:00,Low,,,
1307,2025-12-04 08:00:00,Low,0.8,28.78290360352187,1.0
1308,2025-12-18 06:00:00,Low,7.56,12.371539384671323,
1309,2025-12-16 07:00:00,High,6.02,72.49522180172673,4.0
1310,2025-12-04 13:00:00,Medium,10.96,106.94055795893235,
1311,2025-12-16 02:00:00,Low,1.07,2.2255580617560304,
1312,2025-12-06 09:00:00,Medium,3.34,186.05932191661503,2.0
1313,2025-12-10 12:00:00,High,7.06,199.40789368336914,2.0
1314,2025-12-17 09:00:00,Medium,11.43,16.32066469648653,2.0
1315,2025-12-26 23:00:00,Low,12.42,,
1316,2025-12-14 16:00:00,High,4.43,73.22082841241823,4.0
1317,2025-12-05 12:00:00,Medium,15.13,98.82990716666124,1.0
1318,2025-12-16 13:00:00,Low,14.36,61.81856393345832,
1319,2025-12-04 03:00:00,Medium,0.84,132.02697629497953,5.0
1320,2025-12-29 15:00:00,High,16.81,,
1321,2025-12-01 04:00:00,Medium,0.45,47.450588746345545,
1322,2025-12-15 06:00:00,Low,25.8,59.89408151459786,
1323,2025-12-22 16:00:00,High,8.92,41.35318913812984,3.0
1324,2025-12-23 08:00:00,Medium,6.3,90.24441039425655,4.0
1325,2025-12-29 18:00:00,Medium,3.11,,
1326,2025-12-13 21:00:00,Medium,0.13,37.37339668893839,2.0
1327,2025-12-29 16:00:00,Medium,3.64,26.77143146554692,2.0
1328,2025-12-15 16:00:00,Low,11.24,57.76874531338153,1.0
1329,2025-12-10 03:00:00,Medium,26.65,66.45346682576107,2.0
1330,2025-12-29 20:00:00,Medium,3.91,,
1331,2025-12-05 04:00:00,Medium,9.1,25.666097932335724,
1332,2025-12-19 17:00:00,Low,7.5,51.570771741489885,1.0
1333,2025-12-29 08:00:00,Low,6.02,63.96959491640118,1.0
1334,2025-12-29 10:00:00,Medium,3.83,,
1335,2025-12-20 13:00:00,Medium,16.28,41.579607668200296,2.0
1336,2025-12-18 11:00:00,High,2.53,26.413794748097786,
1337,2025-12-08 07:00:00,Medium,2.95,11.97596824827021,
1338,2025-12-26 17:00:00,Medium,20.37,96.41524160012607,
1339,2025-12-11 00:00:00,High,2.09,134.13612339517942,2.0
1340,2025-12-02 16:00:00,Low,1.28,104.10528602936003,
1341,2025-12-21 05:00:00,Low,0.15,47.88778707866076,
1342,2025-12-10 08:00:00,High,30.78,54.697741027765474,
1343,2025-12-29 05:00:00,Medium,24.82,26.4985662870147,4.0
1344,2025-12-24 22:00:00,Medium,4.33,,
1345,2025-12-10 06:00:00,Medium,9.5,207.13462323061646,5.0
1346,2025-12-12 03:00:00,Low,7.6,78.71852802408958,
1347,2025-12-31 21:00:00,High,,,
1348,2025-12-13 19:00:00,Medium,6.29,28.769400216889334,2.0
1349,2025-12-28 15:00:00,Medium,3.7,32.990991127041134,5.0
1350,2025-12-05 23:00:00,Medium,17.79,39.21153180068356,5.0
1351,2025-12-08 11:00:00,Medium,6.97,26.276012238289134,2.0
1352,2025-12-28 13:00:00,Medium,14.78,17.204485380672587,4.0
1353,2025-12-22 22:00:00,Medium,5.27,64.2498725817606,1.0
1354,2025-12-22 13:00:00,Medium,2.84,132.96969712446483,4.0
1355,2025-12-06 11:00:00,Medium,6.9,68.28353147717766,1.0
1356,2025-12-04 11:00:00,Low,16.07,66.20819161146632,
1357,2025-12-08 12:00:00,High,4.2,155.9911017597586,1.0
1358,2025-12-14 06:00:00,Medium,5.91,57.008955428711374,
1359,2025-12-20 02:00:00,Low,2.77,144.89248910821266,3.0
1360,2025-12-27 12:00:00,Low,4.98,93.61226553034547,4.0
1361,2025-12-18 15:00:00,High,31.37,77.22564386904506,
1362,2025-12-29 19:00:00,Medium,3.55,32.720401764999934,2.0
1363,2025-12-03 18:00:00,Medium,1.2,89.37299460349124,5.0
1364,2025-12-25 00:00:00,Low,22.29,23.718085046355057,3.0
1365,2025-12-27 03:00:00,High,22.56,42.13233111131059,
1366,2025-12-08 08:00:00,Medium,16.46,57.7845283072837,4.0
1367,2025-12-16 15:00:00,Low,20.62,87.34939557364999,3.0
1368,2025-12-23 12:00:00,Low,24.03,107.61472297530428,
1369,2025-12-26 11:00:00,Low,1.8,63.399378728412685,3.0
1370,2025-12-22 12:00:00,Medium,1.2,222.6034476882706,1.0
1371,2025-12-02 04:00:00,Medium,1.21,13.2422759360254,2.0
1372,2025-12-14 07:00:00,Low,19.6,30.21038798010779,
1373,2025-12-28 04:00:00,High,3.92,50.43216411726215,
1374,2025-12-13 02:00:00,High,6.67,22.483719483548317,3.0
1375,2025-12-15 04:00:00,Medium,15.72,146.05523248389986,4.0
1376,2025-12-19 00:00:00,High,9.98,164.3656752309795,1.0
1377,2025-12-25 11:00:00,Medium,11.43,,
1378,2025-12-27 19:00:00,High,30.97,,
1379,2025-12-26 04:00:00,Medium,4.17,54.35638087671413,
1380,2025-12-09 11:00:00,Medium,2.09,9.110212124213886,
1381,2025-12-09 03:00:00,High,8.44,39.59040974616335,
1382,2025-12-15 08:00:00,Medium,6.03,113.98088932556423,2.0
1383,2025-12-26 12:00:00,Medium,6.23,11.064254944922961,
1384,2025-12-04 19:00:00,Low,4.85,69.46631658161128,3.0
1385,2025-12-15 14:00:00,Medium,3.46,66.66949137590294,
1386,2025-12-08 02:00:00,Medium,5.71,14.115026635261856,
1387,2025-12-28 23:00:00,Low,1.17,,
1388,2025-12-13 09:00:00,Medium,11.03,42.861674841267416,
1389,2025-12-25 14:00:00,Medium,10.78,,
1390,2025-12-28 09:00:00,Medium,15.28,61.79828479951373,3.0
1391,2025-12-07 16:00:00,Medium,8.1,11.504486292325202,5.0
1392,2025-12-06 15:00:00,Medium,0.29,31.461813080888522,
1393,2025-12-19 12:00:00,Medium,43.05,65.44753469096463,2.0
1394,2025-12-07 23:00:00,Low,2.99,31.0662380089475,5.0
1395,2025-12-15 01:00:00,Low,22.37,73.68283197284012,
1396,2025-12-25 22:00:00,Medium,0.31,73.83069531742761,
1397,2025-12-09 02:00:00,Medium,6.31,230.86425780639348,1.0
1398,2025-12-29 22:00:00,Medium,8.59,16.969488793765667,
1399,2025-12-12 17:00:00,Low,0.19,139.5535747536528,5.0
1400,2025-12-22 11:00:00,Medium,6.44,,
1401,2025-12-25 23:00:00,Medium,2.86,37.55291698436724,3.0
1402,2025-12-08 06:00:00,Medium,17.27,162.50674128242284,
1403,2025-12-13 15:00:00,Medium,1.1,20.310308970818493,
1404,2025-12-04 21:00:00,Medium,1.36,152.65908389497696,1.0
1405,2025-12-04 01:00:00,Medium,3.04,177.955834233975,
1406,2025-12-04 14:00:00,Low,3.19,30.35751368409421,
1407,2025-12-29 19:00:00,Medium,32.74,,
1408,2025-12-27 07:00:00,Low,5.48,49.77229743361177,2.0
1409,2025-12-25 11:00:00,High,4.1,72.46195238280666,4.0
1410,2025-12-20 19:00:00,High,7.8,60.92156418404748,5.0
1411,2025-12-30 13:00:00,Medium,,,
1412,2025-12-28 00:00:00,Medium,1.22,21.82470825472654,2.0
1413,2025-12-10 16:00:00,Low,1.42,119.70644613153826,5.0
1414,2025-12-14 18:00:00,Medium,0.89,102.54766878081139,5.0
1415,2025-12-26 17:00:00,Low,0.01,97.02921986691413,
1416,2025-12-14 05:00:00,High,10.19,47.49456418235554,3.0
1417,2025-12-16 18:00:00,High,1.16,20.71651257767084,3.0
1418,2025-12-17 23:00:00,Low,21.73,,
1419,2025-12-22 08:00:00,Low,3.68,59.97743271664875,4.0
1420,2025-12-23 11:00:00,Medium,4.12,127.48826055624805,
1421,2025-12-25 06:00:00,Medium,12.41,31.19574614544627,3.0
1422,2025-12-22 01:00:00,Medium,5.19,38.17554734001519,
1423,2025-12-31 09:00:00,Medium,8.04,14.125638587614077,3.0
1424,2025-12-09 03:00:00,Medium,17.17,203.00509504032829,
1425,2025-12-30 22:00:00,Medium,19.76,,
1426,2025-12-24 20:00:00,Low,4.13,52.843029999795405,
1427,2025-12-06 19:00:00,Medium,8.18,89.21874784688987,1.0
1428,2025-12-09 12:00:00,Low,3.72,16.157450395252226,5.0
1429,2025-12-04 17:00:00,High,9.29,110.26353604427328,
1430,2025-12-01 23:00:00,Medium,22.9,44.954113167082106,4.0
1431,2025-12-05 04:00:00,Medium,7.93,20.78054476335641,5.0
1432,2025-12-02 02:00:00,Medium,13.78,30.383767584553958,4.0
1433,2025-12-23 22:00:00,Medium,17.45,,
1434,2025-12-21 04:00:00,Medium,16.63,47.61297879161178,
1435,2025-12-18 17:00:00,Medium,4.36,113.86284759974318,4.0
1436,2025-12-19 19:00:00,Low,31.5,141.2067776779374,5.0
1437,2025-12-08 13:00:00,High,8.75,109.62330057423472,
1438,2025-12-13 15:00:00,Low,0.81,117.96937920970365,
1439,2025-12-14 17:00:00,Medium,0.45,0.9022807633107265,1.0
1440,2025-12-17 03:00:00,Medium,4.91,82.19421076090795,
1441,2025-12-24 15:00:00,High,8.7,65.75527792167351,3.0
1442,2025-12-06 06:00:00,Medium,6.71,40.112336092988436,1.0
1443,2025-12-04 20:00:00,Medium,8.22,142.41089543311844,
1444,2025-12-13 05:00:00,Medium,6.35,21.65297905963722,
1445,2025-12-09 06:00:00,Medium,1.11,13.204439535600248,2.0
1446,2025-12-11 02:00:00,Medium,6.83,24.806826124503765,1.0
1447,2025-12-06 02:00:00,Low,4.97,27.573667540668158,5.0
1448,2025-12-05 08:00:00,Medium,38.37,197.6608243419506,1.0
1449,2025-12-13 18:00:00,Medium,13.32,18.039664381454575,1.0
1450,2025-12-12 12:00:00,High,22.67,25.80212391570715,4.0
1451,2025-12-16 12:00:00,Medium,8.32,32.034533504467774,1.0
1452,2025-12-22 13:00:00,Low,14.71,62.72891825684386,4.0
1453,2025-12-07 21:00:00,High,14.55,131.8410887309944,
1454,2025-12-07 14:00:00,Medium,3.85,35.26487055311053,1.0
1455,2025-12-25 08:00:00,Low,12.74,87.09635426442887,1.0
1456,2025-12-16 19:00:00,Low,30.3,42.239335125071676,
1457,2025-12-06 20:00:00,Low,13.29,41.7919864730763,4.0
1458,2025-12-14 11:00:00,Medium,5.72,24.738793931407386,
1459,2025-12-28 00:00:00,High,11.09,51.7213407966284,
1460,2025-12-21 11:00:00,Medium,5.61,47.69559777914234,2.0
1461,2025-12-18 11:00:00,Medium,1.07,11.942613028788289,
1462,2025-12-13 17:00:00,High,0.38,27.79490870186172,5.0
1463,2025-12-22 20:00:00,Low,2.77,52.641258462024005,5.0
1464,2025-12-24 18:00:00,Medium,0.34,2.5240850148034744,
1465,2025-12-04 12:00:00,Low,0.5,4.086828658245661,
1466,2025-12-25 16:00:00,High,6.01,18.209195466111456,2.0
1467,2025-12-03 10:00:00,Medium,5.94,21.0410435721178,3.0
1468,2025-12-10 18:00:00,Low,6.71,83.96042078282196,5.0
1469,2025-12-07 05:00:00,Low,19.75,76.16593783105701,5.0
1470,2025-12-26 08:00:00,Medium,3.43,4.307065161345216,4.0
1471,2025-12-14 03:00:00,Medium,4.88,16.837065270797066,
1472,2025-12-25 23:00:00,Medium,2.54,8.805490188978746,4.0
1473,2025-12-25 05:00:00,Low,11.03,16.65348419934631,
1474,2025-12-14 09:00:00,Medium,5.31,11.682125951726327,
1475,2025-12-11 15:00:00,Low,3.72,89.50238771409514,4.0
1476,2025-12-22 05:00:00,Medium,14.76,15.385269326534587,4.0
1477,2025-12-08 17:00:00,Low,0.69,11.362571870372333,1.0
1478,2025-12-30 09:00:00,Medium,1.35,,
1479,2025-12-07 11:00:00,Medium,10.97,18.266902091732774,2.0
1480,2025-12-19 16:00:00,Low,6.95,8.76996133817068,
1481,2025-12-05 14:00:00,Medium,3.39,39.78977923537162,5.0
1482,2025-12-23 01:00:00,Medium,5.33,14.485935548406703,
1483,2025-12-18 01:00:00,Medium,21.92,27.590863202459044,3.0
1484,2025-12-14 11:00:00,Medium,13.45,36.48876372309907,1.0
1485,2025-12-03 16:00:00,Medium,14.53,19.746187369094525,
1486,2025-12-21 18:00:00,Medium,14.95,60.46054029511343,
1487,2025-12-15 00:00:00,Medium,22.88,117.04380196017055,4.0
1488,2025-12-31 08:00:00,High,5.9,,
1489,2025-12-01 05:00:00,Medium,8.51,14.666018069566487,
1490,2025-12-01 05:00:00,Low,28.99,192.3959962099778,4.0
1491,2025-12-22 22:00:00,Medium,4.66,54.22634084235179,
1492,2025-12-13 22:00:00,Medium,15.64,97.8544315507937,3.0
1493,2025-12-04 16:00:00,Low,11.6,73.4988910857978,
1494,2025-12-09 15:00:00,Low,33.3,43.488781894537595,
1495,2025-12-07 18:00:00,High,3.91,14.136836770391778,3.0
1496,2025-12-31 00:00:00,Medium,6.8,,
1497,2025-12-20 19:00:00,Low,19.16,20.895409325143913,
1498,2025-12-07 14:00:00,Low,2.08,3.2304847474620813,1.0
1499,2025-12-20 04:00:00,Low,0.21,48.226945637751406,
1500,2025-12-11 08:00:00,Low,8.54,108.31012969009467,5.0
1501,2025-12-10 02:00:00,High,18.48,22.463365226830298,3.0
1502,2025-12-10 02:00:00,High,17.99,25.57254795458901,4.0
1503,2025-12-31 08:00:00,Low,3.18,,
1504,2025-12-14 21:00:00,Low,2.56,70.52030257360033,4.0
1505,2025-12-29 17:00:00,High,16.85,,
1506,2025-12-12 21:00:00,High,4.39,87.52660972151088,4.0
1507,2025-12-29 06:00:00,Medium,0.45,59.692819246411,
1508,2025-12-15 08:00:00,Low,10.51,32.58961969323607,3.0
1509,2025-12-13 20:00:00,Medium,19.42,42.73253856323859,1.0
1510,2025-12-31 11:00:00,Low,5.7,,
1511,2025-12-22 14:00:00,Low,3.27,47.74035036902872,5.0
1512,2025-12-28 00:00:00,Low,1.22,,
1513,2025-12-11 10:00:00,Low,17.32,104.2510564564023,
1514,2025-12-14 08:00:00,Medium,7.97,24.58991870632319,1.0
1515,2025-12-05 00:00:00,High,18.62,85.05459421643906,
1516,2025-12-11 18:00:00,Medium,0.82,6.458957996922177,
1517,2025-12-25 03:00:00,Medium,15.31,117.79220556223193,
1518,2025-12-05 15:00:00,High,3.38,14.639900354432612,1.0
1519,2025-12-22 13:00:00,Low,18.18,45.99243905976312,
1520,2025-12-10 16:00:00,Medium,3.98,35.23979507848578,3.0
1521,2025-12-30 15:00:00,Low,8.24,,
1522,2025-12-11 12:00:00,Medium,47.75,175.13695466386852,
1523,2025-12-22 04:00:00,Medium,31.67,101.21911917547834,
1524,2025-12-06 23:00:00,Low,9.01,11.485609253054754,
1525,2025-12-12 18:00:00,Medium,24.03,25.492326546772862,
1526,2025-12-21 23:00:00,High,5.79,85.15552606355892,2.0
1527,2025-12-13 06:00:00,Medium,1.11,4.293445451573163,
1528,2025-12-19 20:00:00,Medium,7.71,30.76339934165886,4.0
1529,2025-12-19 08:00:00,High,7.32,89.6684347588172,
1530,2025-12-27 22:00:00,High,6.28,,
1531,2025-12-01 20:00:00,Medium,7.2,22.805331531190777,
1532,2025-12-23 05:00:00,High,3.93,35.186456862710365,
1533,2025-12-27 00:00:00,Medium,9.58,50.93057896985834,
1534,2025-12-18 19:00:00,High,20.56,190.60355021833928,5.0
1535,2025-12-18 07:00:00,Low,0.33,34.66387363870765,
1536,2025-12-30 13:00:00,High,1.34,,
1537,2025-12-13 23:00:00,Low,4.81,11.134732928987761,
1538,2025-12-01 22:00:00,Low,6.89,101.15993055265892,2.0
1539,2025-12-10 08:00:00,High,20.12,26.30466271018134,3.0
1540,2025-12-18 13:00:00,High,0.09,155.45776859811605,1.0
1541,2025-12-12 14:00:00,Medium,14.54,75.4239073997347,
1542,2025-12-16 15:00:00,High,1.38,25.16784596466247,
1543,2025-12-13 14:00:00,Low,31.56,137.90400598705725,2.0
1544,2025-12-02 11:00:00,Low,8.47,18.49937520889732,1.0
1545,2025-12-20 08:00:00,Low,4.9,13.640860381176982,4.0
1546,2025-12-23 16:00:00,Low,0.09,30.866776318501646,
1547,2025-12-10 19:00:00,Low,5.63,35.51907487117279,
1548,2025-12-15 03:00:00,Low,0.32,101.68733916893333,3.0
1549,2025-12-02 00:00:00,High,4.8,19.006976593315585,
1550,2025-12-01 09:00:00,Low,12.15,210.47836494104047,4.0
1551,2025-12-30 05:00:00,Medium,1.53,,
1552,2025-12-10 02:00:00,High,7.29,46.648433048563795,4.0
1553,2025-12-08 02:00:00,High,0.03,44.343248691849425,
1554,2025-12-22 13:00:00,Medium,7.09,52.71019935863478,
1555,2025-12-01 03:00:00,Medium,4.6,26.952616594899247,4.0
1556,2025-12-28 20:00:00,Low,4.6,23.74388620022298,
1557,2025-12-08 13:00:00,Low,4.19,223.7433861541983,5.0
1558,2025-12-02 11:00:00,High,21.09,81.1392272823206,3.0
1559,2025-12-25 17:00:00,Low,15.89,51.015957169002895,
1560,2025-12-28 23:00:00,Medium,12.05,,
1561,2025-12-13 16:00:00,Medium,20.72,93.1110928722434,
1562,2025-12-16 06:00:00,Medium,26.98,54.75201389724244,4.0
1563,2025-12-05 23:00:00,Medium,13.95,120.41415006063097,2.0
1564,2025-12-10 02:00:00,Low,1.66,66.68847310682995,1.0
1565,2025-12-30 14:00:00,Low,3.0,7.599756374677391,1.0
1566,2025-12-27 11:00:00,Medium,3.39,,
1567,2025-12-11 12:00:00,Medium,10.09,143.18674958172755,3.0
1568,2025-12-29 13:00:00,Low,7.13,,
1569,2025-12-30 13:00:00,Low,14.8,,
1570,2025-12-23 22:00:00,Medium,10.69,85.59691945753157,2.0
1571,2025-12-18 16:00:00,Medium,2.97,20.26224918149013,
1572,2025-12-10 17:00:00,Medium,3.31,234.61768841906692,4.0
1573,2025-12-25 13:00:00,High,3.25,63.81950608574372,4.0
1574,2025-12-26 06:00:00,Medium,7.39,60.042534321843824,
1575,2025-12-18 16:00:00,Medium,0.46,29.91036526274961,
1576,2025-12-14 07:00:00,High,5.37,36.161811358965714,2.0
1577,2025-12-28 12:00:00,Low,1.62,32.61215549969765,2.0
1578,2025-12-06 14:00:00,High,22.81,73.27952999722987,3.0
1579,2025-12-12 14:00:00,Low,2.95,155.35914634199517,3.0
1580,2025-12-04 05:00:00,Low,4.16,84.45536226953804,
1581,2025-12-04 09:00:00,Low,41.88,133.61966477259585,4.0
1582,2025-12-26 01:00:00,Medium,23.36,26.85920880829998,
1583,2025-12-11 04:00:00,Medium,0.45,96.84753633183331,4.0
1584,2025-12-28 13:00:00,Low,27.13,79.55125776309919,5.0
1585,2025-12-15 05:00:00,Low,0.88,73.62529041961358,4.0
1586,2025-12-18 10:00:00,Low,0.23,10.23178412691437,
1587,2025-12-26 10:00:00,Medium,11.5,54.20016124542127,2.0
1588,2025-12-05 23:00:00,Low,10.01,68.32743181651662,2.0
1589,2025-12-20 05:00:00,Medium,1.58,32.3949309193763,5.0
1590,2025-12-12 08:00:00,Low,2.19,9.46974419720304,1.0
1591,2025-12-28 18:00:00,High,8.08,,
1592,2025-12-06 07:00:00,Medium,8.11,12.108680725249158,
1593,2025-12-05 14:00:00,Medium,9.36,54.43328411917686,
1594,2025-12-15 13:00:00,Low,10.12,86.78677153511521,3.0
1595,2025-12-28 20:00:00,Low,0.32,30.386311559705078,4.0
1596,2025-12-06 13:00:00,Medium,16.26,26.4209576258526,3.0
1597,2025-12-22 08:00:00,Medium,4.86,148.63557268395422,3.0
1598,2025-12-24 00:00:00,High,17.35,24.05631538731166,
1599,2025-12-18 00:00:00,Medium,6.56,57.28297973798981,5.0
1600,2025-12-06 22:00:00,High,18.49,43.17769592507894,4.0
1601,2025-12-07 00:00:00,Medium,22.84,294.1846765221381,
1602,2025-12-03 21:00:00,Medium,0.59,77.8228339473761,5.0
1603,2025-12-11 07:00:00,Medium,1.85,19.49613974762867,
1604,2025-12-11 22:00:00,High,5.49,108.8418962215517,
1605,2025-12-29 20:00:00,High,0.62,,
1606,2025-12-02 13:00:00,Medium,1.74,53.45297448129841,5.0
1607,2025-12-24 08:00:00,Low,1.03,150.3127748899921,3.0
1608,2025-12-31 16:00:00,Medium,,,
1609,2025-12-29 15:00:00,Medium,2.59,48.5622374925271,4.0
1610,2025-12-12 21:00:00,Medium,5.62,120.7848262412709,4.0
1611,2025-12-05 12:00:00,Low,13.6,56.63600570047128,
1612,2025-12-14 08:00:00,Low,7.92,17.763360670793155,3.0
1613,2025-12-26 12:00:00,Low,6.12,10.200842374448158,2.0
1614,2025-12-30 22:00:00,Low,0.01,5.8194301423946495,
1615,2025-12-10 10:00:00,Medium,16.52,53.52808172967492,3.0
1616,2025-12-21 06:00:00,Low,7.56,43.551706584926094,5.0
1617,2025-12-31 21:00:00,High,1.97,,
1618,2025-12-19 20:00:00,Low,7.96,230.4859378162696,3.0
1619,2025-12-01 22:00:00,High,1.61,29.449685295594037,5.0
1620,2025-12-30 14:00:00,High,4.74,13.587549861578372,
1621,2025-12-10 03:00:00,High,10.45,28.670220858416496,2.0
1622,2025-12-10 11:00:00,Medium,17.34,310.1676607060369,5.0
1623,2025-12-25 18:00:00,Low,8.11,60.406288856405496,
1624,2025-12-15 12:00:00,High,6.85,35.74019455904098,3.0
1625,2025-12-22 06:00:00,Medium,1.05,33.62944561420723,
1626,2025-12-07 05:00:00,High,6.05,76.42252185299425,4.0
1627,2025-12-13 06:00:00,High,0.55,20.124049085387814,
1628,2025-12-28 05:00:00,High,17.13,22.813131699959328,
1629,2025-12-28 02:00:00,High,5.57,52.007037752835814,
1630,2025-12-09 10:00:00,Medium,5.17,218.95586803752724,2.0
1631,2025-12-02 21:00:00,Medium,2.11,33.788578566916705,5.0
1632,2025-12-24 08:00:00,High,1.4,94.45511205533016,
1633,2025-12-05 12:00:00,Medium,8.62,38.428450618522795,
1634,2025-12-11 13:00:00,Low,7.27,52.03496013522805,
1635,2025-12-26 11:00:00,Low,1.66,132.11836897297638,3.0
1636,2025-12-01 01:00:00,Medium,3.73,85.44284885001336,5.0
1637,2025-12-14 21:00:00,Medium,1.59,268.0405175427834,2.0
1638,2025-12-27 14:00:00,High,1.21,38.66261301544851,
1639,2025-12-03 11:00:00,Low,0.48,161.58976283144958,2.0
1640,2025-12-12 04:00:00,Medium,4.01,70.24131321135468,5.0
1641,2025-12-21 00:00:00,Medium,4.13,4.554232045853564,4.0
1642,2025-12-08 21:00:00,Low,12.27,82.00455018524937,
1643,2025-12-19 11:00:00,Medium,2.33,57.35122148429402,2.0
1644,2025-12-16 12:00:00,Medium,16.17,86.4273557951288,
1645,2025-12-01 11:00:00,Medium,12.25,83.76149553444532,4.0
1646,2025-12-19 10:00:00,Medium,3.95,40.31203455643985,
1647,2025-12-09 11:00:00,High,2.41,64.02322531378442,4.0
1648,2025-12-10 01:00:00,Medium,28.23,90.03165824320014,4.0
1649,2025-12-20 08:00:00,High,8.54,133.35981169362032,
1650,2025-12-26 03:00:00,High,4.05,101.69219365921863,4.0
1651,2025-12-14 06:00:00,Medium,1.81,70.58981187500808,1.0
1652,2025-12-29 20:00:00,High,1.17,,
1653,2025-12-01 21:00:00,Medium,3.94,78.94267468218615,
1654,2025-12-14 18:00:00,Low,2.93,181.48528364664284,
1655,2025-12-20 22:00:00,Medium,13.75,26.222776336801857,5.0
1656,2025-12-04 21:00:00,Medium,46.73,113.47896227815511,4.0
1657,2025-12-02 03:00:00,Medium,2.3,13.031698407666013,
1658,2025-12-16 09:00:00,Low,13.22,73.53276025371846,
1659,2025-12-12 10:00:00,Medium,3.6,39.6256257556858,2.0
1660,2025-12-23 19:00:00,Low,10.66,22.901919264042476,
1661,2025-12-14 19:00:00,Low,8.01,81.72355758131008,
1662,2025-12-19 08:00:00,Medium,7.01,156.95011869154246,1.0
1663,2025-12-01 12:00:00,Medium,20.57,32.69339793171936,2.0
1664,2025-12-14 03:00:00,Medium,3.23,76.51262398316308,2.0
1665,2025-12-08 20:00:00,Medium,12.55,99.1766175713408,4.0
1666,2025-12-13 12:00:00,Low,2.21,70.8840678597143,5.0
1667,2025-12-23 04:00:00,Medium,19.93,91.26120594639056,
1668,2025-12-09 05:00:00,Medium,4.77,37.233289730001616,
1669,2025-12-23 23:00:00,Low,1.05,32.23778801718385,
1670,2025-12-14 17:00:00,Low,3.68,5.853053995267053,1.0
1671,2025-12-04 17:00:00,Low,3.9,40.443258280818156,3.0
1672,2025-12-19 01:00:00,High,4.3,62.906984304636254,3.0
1673,2025-12-30 19:00:00,Medium,3.56,,
1674,2025-12-30 16:00:00,High,1.05,,
1675,2025-12-16 23:00:00,Medium,3.94,23.553862106690318,
1676,2025-12-22 23:00:00,Medium,1.64,55.66022870464025,5.0
1677,2025-12-29 03:00:00,High,16.16,,
1678,2025-12-03 12:00:00,High,3.36,32.87020114003341,
1679,2025-12-14 01:00:00,Medium,6.11,241.30722687908948,5.0
1680,2025-12-03 04:00:00,Low,20.82,50.601778875841276,
1681,2025-12-20 05:00:00,Medium,3.43,,
1682,2025-12-13 19:00:00,Medium,7.44,93.0271202790192,
1683,2025-12-12 18:00:00,Medium,17.26,84.06862249383919,
1684,2025-12-18 10:00:00,Medium,2.36,31.39121001135648,
1685,2025-12-05 12:00:00,Low,3.86,107.59108807153476,
1686,2025-12-16 21:00:00,Medium,7.15,45.638656117834564,5.0
1687,2025-12-14 20:00:00,Low,12.05,24.73448269795935,
1688,2025-12-01 17:00:00,Medium,9.84,76.79296892286501,4.0
1689,2025-12-11 19:00:00,Medium,5.09,14.448288370230987,2.0
1690,2025-12-28 12:00:00,Medium,4.43,64.25635188924346,
1691,2025-12-27 10:00:00,Medium,4.92,,
1692,2025-12-19 07:00:00,Medium,4.35,16.815934259531417,
1693,2025-12-25 09:00:00,Low,17.07,69.04452009648472,1.0
1694,2025-12-11 02:00:00,High,0.04,86.58414454450869,
1695,2025-12-14 10:00:00,Low,36.84,160.7165847413188,
1696,2025-12-14 08:00:00,Medium,1.58,65.93522052115101,4.0
1697,2025-12-01 07:00:00,Medium,2.57,12.147093614051512,3.0
1698,2025-12-17 03:00:00,Low,5.45,24.16513769544406,
1699,2025-12-13 14:00:00,Low,2.5,182.30204402425693,3.0
1700,2025-12-22 11:00:00,Medium,15.02,71.23949418970597,
1701,2025-12-17 13:00:00,Low,12.37,40.41408189780686,2.0
1702,2025-12-31 08:00:00,Low,13.13,,
1703,2025-12-19 15:00:00,Low,2.63,33.74516903998032,4.0
1704,2025-12-30 06:00:00,Low,2.55,,
1705,2025-12-13 14:00:00,Medium,15.46,28.20495490299738,4.0
1706,2025-12-12 06:00:00,Low,4.52,66.28166120277602,3.0
1707,2025-12-28 11:00:00,Low,0.58,36.83510297606528,
1708,2025-12-15 16:00:00,Medium,4.4,143.10434571952547,2.0
1709,2025-12-10 10:00:00,High,22.15,53.68722704074206,
1710,2025-12-29 15:00:00,Medium,4.74,,
1711,2025-12-12 22:00:00,Medium,0.61,95.33204864775576,3.0
1712,2025-12-06 15:00:00,High,7.18,67.83061198591176,3.0
1713,2025-12-20 10:00:00,Medium,0.3,82.64736741341929,2.0
1714,2025-12-08 14:00:00,Medium,6.12,21.506248356504642,
1715,2025-12-16 17:00:00,Medium,7.14,198.23832343752863,
1716,2025-12-29 11:00:00,Low,0.98,,
1717,2025-12-25 14:00:00,Low,0.09,38.57042935185236,
1718,2025-12-02 10:00:00,High,2.63,81.61917505802012,2.0
1719,2025-12-27 14:00:00,High,6.3,31.88412100219091,5.0
1720,2025-12-17 14:00:00,High,7.87,52.703948037072124,3.0
1721,2025-12-22 03:00:00,Low,2.17,56.17731748259889,3.0
1722,2025-12-20 07:00:00,Low,0.52,201.8872892688216,
1723,2025-12-05 15:00:00,Medium,3.61,39.583752264073155,
1724,2025-12-28 08:00:00,Medium,6.21,,
1725,2025-12-19 00:00:00,Medium,11.74,21.1094615963419,
1726,2025-12-16 15:00:00,Low,5.22,230.79173050798113,1.0
1727,2025-12-01 14:00:00,Medium,17.64,39.2953860170127,5.0
1728,2025-12-28 14:00:00,Low,7.1,52.139037142298385,2.0
1729,2025-12-14 13:00:00,Medium,2.37,20.433739321730467,
1730,2025-12-17 03:00:00,Low,9.43,22.81438299464061,4.0
1731,2025-12-05 06:00:00,Medium,6.53,163.41559756671043,4.0
1732,2025-12-24 21:00:00,High,15.37,41.11233624421809,1.0
1733,2025-12-04 06:00:00,Low,4.66,21.171719905211575,
1734,2025-12-08 22:00:00,Medium,8.81,72.79026024394241,5.0
1735,2025-12-17 05:00:00,Medium,2.27,143.5764247719383,5.0
1736,2025-12-27 19:00:00,Low,3.89,,
1737,2025-12-20 02:00:00,Low,5.53,9.587464269822403,
1738,2025-12-08 22:00:00,Medium,9.26,59.92509472970767,5.0
1739,2025-12-22 20:00:00,Medium,0.02,145.82900515807168,1.0
1740,2025-12-18 11:00:00,High,2.59,12.558859430233953,2.0
1741,2025-12-11 12:00:00,Low,15.6,20.553786883269836,
1742,2025-12-27 15:00:00,Medium,5.23,,
1743,2025-12-08 19:00:00,Low,16.57,93.75497851000483,
1744,2025-12-15 23:00:00,High,26.12,109.48461440587569,4.0
1745,2025-12-31 16:00:00,High,,,
1746,2025-12-19 00:00:00,Low,2.97,178.93325467357076,
1747,2025-12-31 05:00:00,Medium,,,
1748,2025-12-25 19:00:00,Medium,0.39,75.1797111039615,1.0
1749,2025-12-11 21:00:00,Medium,2.37,5.707685574607291,
1750,2025-12-31 18:00:00,Low,1.88,,
1751,2025-12-30 13:00:00,Low,,,
1752,2025-12-31 02:00:00,Low,,,
1753,2025-12-07 16:00:00,Medium,8.22,88.38199176090531,1.0
1754,2025-12-07 10:00:00,Low,1.25,70.57255970161927,4.0
1755,2025-12-30 00:00:00,Medium,33.23,38.41521882999095,
1756,2025-12-28 20:00:00,Medium,11.35,24.07185016980892,3.0
1757,2025-12-25 18:00:00,Medium,1.17,1.9476337979431557,4.0
1758,2025-12-27 16:00:00,Medium,11.97,15.444713894571326,2.0
1759,2025-12-23 21:00:00,Medium,11.33,16.860582869171008,1.0
1760,2025-12-14 04:00:00,Low,2.71,53.813561224799514,
1761,2025-12-16 11:00:00,Medium,10.89,244.01797536097473,1.0
1762,2025-12-12 22:00:00,High,3.63,196.56284055163965,5.0
1763,2025-12-15 03:00:00,Low,21.02,159.48242304434285,
1764,2025-12-25 06:00:00,Low,0.02,11.820174357670364,3.0
1765,2025-12-21 16:00:00,Medium,1.97,105.70448608525624,1.0
1766,2025-12-09 05:00:00,High,3.81,142.9792228005771,
1767,2025-12-04 00:00:00,Low,13.85,156.79275665760153,
1768,2025-12-30 06:00:00,Low,18.63,37.75845795132585,1.0
1769,2025-12-01 23:00:00,Medium,8.46,12.012885791680727,4.0
1770,2025-12-25 04:00:00,High,8.69,51.23133694952568,1.0
1771,2025-12-15 22:00:00,Low,1.37,198.57543092173745,
1772,2025-12-27 18:00:00,High,3.44,61.33556919272614,
1773,2025-12-16 05:00:00,High,38.41,63.73135198572126,5.0
1774,2025-12-05 04:00:00,Medium,12.87,41.44251308075817,
1775,2025-12-11 22:00:00,Medium,0.11,16.207930427371004,3.0
1776,2025-12-11 06:00:00,Medium,0.22,20.200099459207937,3.0
1777,2025-12-28 10:00:00,High,0.01,,
1778,2025-12-16 11:00:00,Low,25.59,27.306684630388144,
1779,2025-12-11 23:00:00,Medium,1.28,35.449029613139615,
1780,2025-12-12 05:00:00,High,16.43,118.8659948746139,3.0
1781,2025-12-03 23:00:00,Medium,5.0,48.15793516088184,1.0
1782,2025-12-18 19:00:00,Medium,0.13,86.1225255511029,1.0
1783,2025-12-12 04:00:00,High,0.6,237.63483415300513,3.0
1784,2025-12-30 12:00:00,Low,20.38,29.358628965589393,5.0
1785,2025-12-04 06:00:00,Low,8.38,21.461646058501813,1.0
1786,2025-12-03 06:00:00,High,11.07,83.45097440095105,1.0
1787,2025-12-22 22:00:00,Low,1.06,58.08656265014117,
1788,2025-12-14 04:00:00,Medium,11.47,233.6248726139884,2.0
1789,2025-12-16 09:00:00,Medium,19.99,217.36533129944237,3.0
1790,2025-12-21 14:00:00,Medium,2.68,121.34245557827103,5.0
1791,2025-12-11 19:00:00,Low,2.65,335.7629174957199,2.0
1792,2025-12-17 23:00:00,Medium,11.3,26.168733810047755,
1793,2025-12-01 01:00:00,Medium,1.34,116.7320535204405,
1794,2025-12-21 21:00:00,Medium,5.9,50.57183677122375,
1795,2025-12-11 03:00:00,Low,0.02,102.12858814840891,4.0
1796,2025-12-21 01:00:00,Low,17.0,29.22512811913762,
1797,2025-12-11 07:00:00,Medium,4.11,10.429724465805089,4.0
1798,2025-12-07 21:00:00,Medium,0.56,1.9116880176340736,
1799,2025-12-29 03:00:00,High,3.16,,
1800,2025-12-16 00:00:00,High,9.64,55.59054440992176,
1801,2025-12-02 03:00:00,High,1.35,7.169561584399439,1.0
1802,2025-12-26 16:00:00,Medium,17.21,41.30901507637664,3.0
1803,2025-12-15 09:00:00,Low,14.1,22.79825448969578,2.0
1804,2025-12-13 22:00:00,High,2.54,12.416237783708223,
1805,2025-12-11 04:00:00,Medium,11.99,211.32759748607742,5.0
1806,2025-12-22 08:00:00,Medium,3.48,22.672763059616855,
1807,2025-12-11 23:00:00,Medium,16.65,39.1123149409525,2.0
1808,2025-12-16 03:00:00,Medium,28.5,129.11835438364818,3.0
1809,2025-12-11 05:00:00,Medium,0.15,42.431486401563966,5.0
1810,2025-12-20 14:00:00,Medium,1.49,91.95279092938787,1.0
1811,2025-12-02 14:00:00,High,6.68,25.29159538516514,5.0
1812,2025-12-28 14:00:00,Medium,0.82,17.420153971734543,
1813,2025-12-10 23:00:00,Medium,41.64,422.3120226169902,
1814,2025-12-30 08:00:00,High,22.9,,
1815,2025-12-14 16:00:00,High,28.57,125.44351198926626,
1816,2025-12-26 07:00:00,Medium,7.66,,
1817,2025-12-01 04:00:00,Low,7.19,8.395743148700417,1.0
1818,2025-12-28 16:00:00,Low,1.24,3.4658087282501127,4.0
1819,2025-12-05 12:00:00,Medium,6.59,179.87881222357288,
1820,2025-12-19 04:00:00,Medium,19.63,29.38273653591309,2.0
1821,2025-12-10 05:00:00,Low,21.09,109.79217368816158,3.0
1822,2025-12-16 16:00:00,Low,5.11,61.09073536252537,3.0
1823,2025-12-14 05:00:00,Low,8.31,16.210539867515088,
1824,2025-12-25 04:00:00,Medium,0.34,2.9159903778422303,
1825,2025-12-31 13:00:00,Low,6.92,,
1826,2025-12-28 14:00:00,Low,4.88,60.92041295798945,5.0
1827,2025-12-19 03:00:00,Medium,4.56,46.083563227147266,5.0
1828,2025-12-24 22:00:00,Medium,7.85,29.10443928069057,
1829,2025-12-04 22:00:00,Medium,18.7,133.27053238612632,
1830,2025-12-02 15:00:00,Medium,2.12,70.52269817272249,5.0
1831,2025-12-17 15:00:00,Medium,10.02,42.41297752590013,5.0
1832,2025-12-27 01:00:00,High,3.19,21.054838925341773,
1833,2025-12-05 18:00:00,High,19.64,137.90918199403583,3.0
1834,2025-12-09 10:00:00,Low,51.45,196.37196303065184,
1835,2025-12-11 22:00:00,Low,13.51,14.671951615479449,5.0
1836,2025-12-17 09:00:00,Medium,4.09,10.127328098031487,3.0
1837,2025-12-08 08:00:00,Low,7.91,43.320966685517305,5.0
1838,2025-12-10 10:00:00,Medium,3.0,14.348532015469845,2.0
1839,2025-12-18 13:00:00,High,0.22,45.48195541807661,
1840,2025-12-17 10:00:00,Medium,2.1,75.76873751127802,3.0
1841,2025-12-24 19:00:00,Low,8.28,8.41969425792402,
1842,2025-12-30 07:00:00,Medium,19.49,,
1843,2025-12-01 15:00:00,Low,8.65,53.560032676195036,
1844,2025-12-07 12:00:00,Low,9.41,148.80385817003338,
1845,2025-12-20 17:00:00,Medium,8.64,96.90893187538262,3.0
1846,2025-12-18 04:00:00,Low,17.39,94.04880630003868,2.0
1847,2025-12-07 14:00:00,High,4.68,29.646626451554507,3.0
1848,2025-12-22 04:00:00,High,28.4,190.3883109079085,2.0
1849,2025-12-24 22:00:00,High,5.12,32.59872853356352,2.0
1850,2025-12-10 21:00:00,High,6.72,250.7446551086476,
1851,2025-12-20 18:00:00,Medium,18.11,145.45462615272882,
1852,2025-12-12 17:00:00,High,0.62,61.62934316791889,
1853,2025-12-24 00:00:00,Medium,5.4,147.7325503831622,
1854,2025-12-21 18:00:00,High,7.04,27.21455207118459,3.0
1855,2025-12-25 00:00:00,High,5.86,91.6207063430812,
1856,2025-12-11 11:00:00,Low,17.0,22.172804970633507,5.0
1857,2025-12-28 20:00:00,Medium,5.52,26.282129790297397,3.0
1858,2025-12-24 13:00:00,Low,3.86,4.868883835752577,
1859,2025-12-23 21:00:00,High,8.27,17.134357800865835,
1860,2025-12-28 11:00:00,Medium,14.04,22.049627665589703,
1861,2025-12-27 23:00:00,Low,1.04,22.51934864650873,1.0
1862,2025-12-31 16:00:00,Medium,,,
1863,2025-12-23 01:00:00,Low,38.96,168.64242706130204,3.0
1864,2025-12-03 08:00:00,Low,0.01,4.076041818013813,
1865,2025-12-20 23:00:00,Low,13.28,127.72460778530916,2.0
1866,2025-12-28 06:00:00,Medium,1.95,13.117216491394041,2.0
1867,2025-12-14 11:00:00,Low,7.66,189.29705561812216,5.0
1868,2025-12-16 16:00:00,Medium,9.75,107.34740468638236,
1869,2025-12-25 06:00:00,Low,0.87,109.35020544664339,5.0
1870,2025-12-26 20:00:00,Low,2.88,109.1756819636208,5.0
1871,2025-12-01 15:00:00,Low,6.93,59.360444954041995,
1872,2025-12-10 20:00:00,Medium,10.68,17.943361362520157,
1873,2025-12-27 03:00:00,Medium,26.42,34.40728650705453,
1874,2025-12-01 05:00:00,Low,12.76,77.12263600640746,4.0
1875,2025-12-06 20:00:00,Low,5.03,24.09885735091897,4.0
1876,2025-12-23 09:00:00,Low,13.74,26.054869724974054,
1877,2025-12-06 23:00:00,Medium,1.28,52.43896421571698,5.0
1878,2025-12-25 08:00:00,Medium,10.71,,
1879,2025-12-17 05:00:00,Low,4.11,32.123276413161605,
1880,2025-12-27 02:00:00,Medium,8.09,19.969767904666167,1.0
1881,2025-12-27 05:00:00,Medium,6.73,36.888624804221486,1.0
1882,2025-12-31 01:00:00,Medium,8.7,,
1883,2025-12-02 04:00:00,Low,1.25,68.36955356865774,5.0
1884,2025-12-30 04:00:00,Medium,1.65,,
1885,2025-12-12 22:00:00,Low,1.2,75.90432737318406,
1886,2025-12-18 04:00:00,Low,4.49,103.18568892436129,
1887,2025-12-12 02:00:00,Medium,8.26,127.50215522840158,3.0
1888,2025-12-07 15:00:00,Medium,9.84,23.7094964582403,4.0
1889,2025-12-12 09:00:00,Medium,0.69,93.50392167396546,
1890,2025-12-14 17:00:00,Medium,12.05,114.51512203421295,4.0
1891,2025-12-02 08:00:00,High,22.72,291.96941707615804,
1892,2025-12-20 05:00:00,Medium,2.28,91.17902092487303,2.0
1893,2025-12-24 08:00:00,High,0.02,10.843095981600682,4.0
1894,2025-12-06 18:00:00,Medium,8.63,106.99409581784477,
1895,2025-12-17 12:00:00,Low,12.94,70.7507183954963,
1896,2025-12-21 17:00:00,Medium,4.9,90.39347714914503,3.0
1897,2025-12-06 05:00:00,Low,3.77,80.2547981323992,
1898,2025-12-11 04:00:00,Low,0.82,20.085070128834527,
1899,2025-12-15 06:00:00,Low,1.69,7.797641133622163,4.0
1900,2025-12-19 02:00:00,Low,13.66,33.91079887079336,2.0
1901,2025-12-19 12:00:00,Low,6.35,19.653981740631217,
1902,2025-12-30 07:00:00,High,19.35,,
1903,2025-12-25 19:00:00,Medium,9.77,85.12988655728869,
1904,2025-12-21 03:00:00,Low,1.42,246.30124481817091,
1905,2025-12-06 07:00:00,Medium,0.41,100.44173883583395,1.0
1906,2025-12-23 03:00:00,Medium,3.6,58.478603369645874,2.0
1907,2025-12-01 16:00:00,Medium,1.1,7.755481202595366,
1908,2025-12-07 09:00:00,Medium,1.48,84.64312491262109,5.0
1909,2025-12-06 08:00:00,Low,0.98,24.614600710653328,
1910,2025-12-19 22:00:00,Low,7.67,52.20929544242993,
1911,2025-12-16 09:00:00,Low,10.64,109.9217933831345,1.0
1912,2025-12-15 21:00:00,Low,3.97,9.23402466526506,
1913,2025-12-05 13:00:00,Low,15.17,79.98910609199064,2.0
1914,2025-12-20 20:00:00,Medium,0.51,3.1727824802445133,2.0
1915,2025-12-30 02:00:00,Medium,1.85,,
1916,2025-12-31 17:00:00,Medium,,,
1917,2025-12-05 08:00:00,Medium,7.74,28.981844142437502,3.0
1918,2025-12-11 09:00:00,Medium,4.13,27.67585709914523,1.0
1919,2025-12-08 22:00:00,Medium,0.27,123.3352429683353,
1920,2025-12-02 04:00:00,High,10.22,112.81569933476815,3.0
1921,2025-12-23 03:00:00,Medium,2.8,19.217372430420085,
1922,2025-12-26 07:00:00,Medium,0.26,89.88441870828527,
1923,2025-12-04 12:00:00,High,2.98,46.534944130881954,
1924,2025-12-30 07:00:00,Medium,23.49,,
1925,2025-12-03 06:00:00,High,2.77,131.98877305573345,4.0
1926,2025-12-03 15:00:00,Low,10.81,74.12769016237888,
1927,2025-12-26 08:00:00,Medium,10.83,,
1928,2025-12-23 16:00:00,Medium,12.23,99.04008816659913,
1929,2025-12-15 18:00:00,High,4.2,34.38616535349736,
1930,2025-12-18 21:00:00,Medium,1.24,178.88353777447304,
1931,2025-12-08 14:00:00,Medium,5.7,37.17597458502429,
1932,2025-12-07 02:00:00,Low,11.32,29.087260334639577,3.0
1933,2025-12-10 02:00:00,High,7.73,213.1977307800979,4.0
1934,2025-12-11 04:00:00,Medium,26.97,40.919326635107176,
1935,2025-12-16 07:00:00,High,2.41,36.51062225281268,1.0
1936,2025-12-27 04:00:00,Low,3.31,37.199798887600195,4.0
1937,2025-12-15 19:00:00,Medium,19.12,81.92393089737264,
1938,2025-12-16 05:00:00,Medium,1.02,145.82602424607967,4.0
1939,2025-12-23 09:00:00,High,2.09,16.407420490197445,2.0
1940,2025-12-03 13:00:00,High,17.4,33.734660982760204,
1941,2025-12-27 09:00:00,Medium,2.85,15.3227591905595,4.0
1942,2025-12-17 01:00:00,Low,14.73,152.13865908477618,2.0
1943,2025-12-06 02:00:00,Low,1.24,96.06895409645453,
1944,2025-12-06 19:00:00,Medium,18.99,80.11087173688284,
1945,2025-12-23 07:00:00,Low,1.99,,
1946,2025-12-09 10:00:00,Medium,12.01,92.77204826840637,2.0
1947,2025-12-16 06:00:00,Low,7.29,15.470658437258873,4.0
1948,2025-12-04 10:00:00,Medium,12.69,55.343750507945785,4.0
1949,2025-12-24 21:00:00,Low,8.02,38.314767368396524,2.0
1950,2025-12-24 02:00:00,Medium,13.75,63.36660870038626,
1951,2025-12-30 16:00:00,Low,15.11,29.660386774734384,
1952,2025-12-21 07:00:00,High,3.92,104.21405758697405,2.0
1953,2025-12-30 11:00:00,High,2.6,33.62129909693093,
1954,2025-12-27 13:00:00,Medium,0.8,14.244604617362322,5.0
1955,2025-12-01 23:00:00,Medium,25.18,210.19111117834606,
1956,2025-12-05 04:00:00,Medium,2.34,24.447634719576328,2.0
1957,2025-12-25 07:00:00,High,25.12,155.5402239874495,
1958,2025-12-28 00:00:00,Medium,10.84,46.79498366249794,3.0
1959,2025-12-23 22:00:00,Low,2.45,51.2131934673642,
1960,2025-12-30 06:00:00,Low,0.51,,
1961,2025-12-14 21:00:00,Low,12.31,71.33208669226894,1.0
1962,2025-12-30 04:00:00,Low,13.11,,
1963,2025-12-20 18:00:00,Medium,10.85,67.75870123810031,3.0
1964,2025-12-20 19:00:00,Low,3.48,131.64659530162282,
1965,2025-12-21 04:00:00,Medium,11.14,190.49013129308753,
1966,2025-12-30 22:00:00,Medium,,,
1967,2025-12-31 21:00:00,Medium,,,
1968,2025-12-18 06:00:00,Medium,6.04,65.76641784762157,
1969,2025-12-11 05:00:00,Medium,1.1,63.60872711842257,
1970,2025-12-14 08:00:00,Low,21.82,66.9779428538819,5.0
1971,2025-12-17 23:00:00,High,18.36,24.306060771716467,
1972,2025-12-05 23:00:00,Medium,2.94,158.6067152858265,1.0
1973,2025-12-03 22:00:00,High,8.74,26.876252323138196,
1974,2025-12-27 19:00:00,Medium,0.82,14.463863828484095,5.0
1975,2025-12-11 18:00:00,Low,0.21,18.411095548207864,3.0
1976,2025-12-22 06:00:00,Low,4.92,15.31530332850736,3.0
1977,2025-12-20 17:00:00,Medium,11.67,23.8330938716769,3.0
1978,2025-12-11 08:00:00,Medium,8.47,38.708591200556285,1.0
1979,2025-12-14 12:00:00,Medium,36.08,66.7173289644555,
1980,2025-12-31 05:00:00,Low,2.8,,
1981,2025-12-19 20:00:00,Low,5.77,24.194074413843918,5.0
1982,2025-12-22 09:00:00,Low,58.6,148.44644099220565,
1983,2025-12-08 16:00:00,Medium,6.81,113.90699747401119,1.0
1984,2025-12-31 20:00:00,Low,,,
1985,2025-12-17 20:00:00,Medium,12.3,14.756820496495013,5.0
1986,2025-12-21 15:00:00,Medium,3.23,83.6516003855511,4.0
1987,2025-12-10 05:00:00,Medium,3.56,108.91630632792284,4.0
1988,2025-12-07 11:00:00,Medium,0.49,46.7357566476376,5.0
1989,2025-12-02 03:00:00,High,4.55,49.74635784524949,
1990,2025-12-23 16:00:00,Low,1.1,14.145166439515446,2.0
1991,2025-12-28 05:00:00,Low,10.36,45.19383713259212,
1992,2025-12-16 00:00:00,Medium,6.83,66.76931242124907,4.0
1993,2025-12-02 23:00:00,High,0.05,175.79261954638707,1.0
1994,2025-12-05 22:00:00,High,0.5,70.10222065123,
1995,2025-12-16 21:00:00,Medium,1.51,81.43501427727058,2.0
1996,2025-12-06 13:00:00,Medium,1.94,45.940823550837756,
1997,2025-12-12 08:00:00,Medium,12.05,39.40309131330276,3.0
1998,2025-12-26 22:00:00,Low,14.22,,
1999,2025-12-06 18:00:00,High,18.84,21.842080392208373,4.0
2000,2025-12-04 19:00:00,Medium,0.13,41.29981632435858,
2001,2025-12-26 00:00:00,Low,14.4,84.57535544460787,5.0
2002,2025-12-13 06:00:00,High,1.14,445.0606659515508,4.0
2003,2025-12-18 03:00:00,High,19.62,26.502136856038923,
2004,2025-12-29 09:00:00,Medium,4.61,5.913654050253728,4.0
2005,2025-12-18 18:00:00,Medium,0.39,64.12866974445977,
2006,2025-12-25 08:00:00,Medium,8.07,40.03084866879493,5.0
2007,2025-12-11 08:00:00,Medium,9.63,168.14339942384686,3.0
2008,2025-12-23 05:00:00,Medium,20.87,124.64949050767913,
2009,2025-12-18 00:00:00,Low,5.92,86.05914957623122,4.0
2010,2025-12-30 17:00:00,High,18.43,,
2011,2025-12-19 06:00:00,High,9.55,60.49944664735831,
2012,2025-12-18 15:00:00,Low,1.59,112.24149328307354,3.0
2013,2025-12-01 04:00:00,Medium,3.42,52.94996510272501,4.0
2014,2025-12-27 06:00:00,Medium,9.09,20.810339439880686,
2015,2025-12-28 13:00:00,High,5.28,29.765025708087784,3.0
2016,2025-12-15 07:00:00,Medium,2.38,25.173553554908278,3.0
2017,2025-12-29 16:00:00,Medium,3.52,25.767130430076925,
2018,2025-12-24 03:00:00,Low,2.67,10.560347229283911,
2019,2025-12-31 19:00:00,Low,,,
2020,2025-12-19 12:00:00,Medium,10.64,41.26163541724098,
2021,2025-12-04 03:00:00,Medium,59.11,68.94337874020215,
2022,2025-12-05 01:00:00,Low,10.93,13.740313349767899,2.0
2023,2025-12-30 22:00:00,Low,1.41,11.460192243111164,5.0
2024,2025-12-30 10:00:00,Low,4.51,,
2025,2025-12-02 04:00:00,Medium,25.67,68.6469563001003,
2026,2025-12-08 13:00:00,Medium,2.96,253.93669738856116,2.0
2027,2025-12-30 19:00:00,High,13.61,,
2028,2025-12-19 03:00:00,Medium,11.67,203.36867228949944,
2029,2025-12-24 10:00:00,Low,23.62,28.84664250256196,
2030,2025-12-22 05:00:00,High,4.94,72.09718569860874,4.0
2031,2025-12-17 08:00:00,High,1.8,17.494434033988423,
2032,2025-12-05 06:00:00,Low,3.14,7.78378456157183,4.0
2033,2025-12-21 17:00:00,Low,1.75,20.241453502803253,3.0
2034,2025-12-29 05:00:00,Medium,10.88,,
2035,2025-12-11 09:00:00,High,6.94,13.86154604331708,5.0
2036,2025-12-25 14:00:00,Medium,4.02,53.236095140408466,
2037,2025-12-30 16:00:00,Low,6.05,,
2038,2025-12-16 08:00:00,Medium,30.96,85.19176968871318,1.0
2039,2025-12-29 03:00:00,Medium,11.47,38.47507543587969,
2040,2025-12-11 09:00:00,Low,2.95,128.09329946613002,1.0
2041,2025-12-17 15:00:00,Medium,5.6,14.64674113670547,
2042,2025-12-04 22:00:00,Low,11.5,46.551105761519324,3.0
2043,2025-12-18 11:00:00,Low,1.54,49.79038609278612,5.0
2044,2025-12-12 12:00:00,Low,10.4,188.6687130280457,3.0
2045,2025-12-10 20:00:00,Low,1.05,61.118284938281114,4.0
2046,2025-12-25 01:00:00,High,29.73,36.80849728665983,5.0
2047,2025-12-02 09:00:00,Medium,8.04,32.383792370158105,3.0
2048,2025-12-04 04:00:00,Medium,13.46,213.54291132814228,1.0
2049,2025-12-11 13:00:00,Medium,5.94,9.336052265286897,
2050,2025-12-04 00:00:00,Low,5.39,205.85266408394506,3.0
2051,2025-12-03 11:00:00,High,5.61,36.5171769139713,2.0
2052,2025-12-08 14:00:00,Low,0.9,145.18842219300643,2.0
2053,2025-12-04 07:00:00,Medium,9.65,82.59695090804136,
2054,2025-12-20 10:00:00,Medium,0.42,9.379534619535736,2.0
2055,2025-12-01 23:00:00,Medium,20.0,156.4798878246073,3.0
2056,2025-12-09 16:00:00,Medium,17.98,60.56699695691603,1.0
2057,2025-12-01 08:00:00,High,0.07,72.23041825412889,5.0
2058,2025-12-11 02:00:00,Low,2.1,179.8571890711349,
2059,2025-12-18 03:00:00,Low,17.77,80.5233159814194,1.0
2060,2025-12-30 03:00:00,Medium,4.94,,
2061,2025-12-18 06:00:00,Low,17.14,123.78618189576257,4.0
2062,2025-12-24 07:00:00,Medium,6.53,,
2063,2025-12-14 12:00:00,High,0.04,98.12337311734584,5.0
2064,2025-12-22 21:00:00,High,0.57,17.602228086703466,
2065,2025-12-12 17:00:00,High,9.09,27.79007005712963,
2066,2025-12-17 02:00:00,Medium,13.45,141.96889031441017,3.0
2067,2025-12-27 09:00:00,Medium,7.2,48.60273965631144,
2068,2025-12-09 22:00:00,Medium,12.82,213.16422356913495,
2069,2025-12-10 18:00:00,High,20.15,81.35906550472012,
2070,2025-12-09 16:00:00,Medium,10.66,85.71465442214306,1.0
2071,2025-12-20 02:00:00,Low,21.36,63.6366150942296,1.0
2072,2025-12-10 14:00:00,Low,0.37,85.89964225629875,5.0
2073,2025-12-20 06:00:00,Medium,3.6,41.66182443642167,
2074,2025-12-22 20:00:00,Low,21.84,54.355288446219305,1.0
2075,2025-12-20 19:00:00,Medium,3.65,15.950013521316514,1.0
2076,2025-12-09 23:00:00,Medium,5.02,180.59118385704735,5.0
2077,2025-12-11 11:00:00,Low,25.29,223.4256322110837,4.0
2078,2025-12-26 06:00:00,High,14.91,58.67365411993977,4.0
2079,2025-12-09 01:00:00,Medium,0.31,19.30638071635779,
2080,2025-12-31 12:00:00,High,0.82,,
2081,2025-12-17 15:00:00,Medium,5.46,6.871932431976912,
2082,2025-12-29 14:00:00,Low,10.76,,
2083,2025-12-19 18:00:00,Medium,0.4,10.431971959933655,
2084,2025-12-31 17:00:00,Medium,2.09,,
2085,2025-12-10 09:00:00,Medium,1.01,24.183774868602594,
2086,2025-12-19 23:00:00,Medium,2.9,228.43048889366924,2.0
2087,2025-12-06 11:00:00,Low,18.25,23.753669795470998,5.0
2088,2025-12-02 17:00:00,Medium,1.72,9.977870876649348,
2089,2025-12-23 10:00:00,Medium,2.98,36.52233643103139,4.0
2090,2025-12-31 15:00:00,Medium,8.9,,
2091,2025-12-07 22:00:00,Medium,11.52,122.64817593163669,3.0
2092,2025-12-26 09:00:00,Low,3.52,59.18283860482633,3.0
2093,2025-12-16 23:00:00,Low,4.63,262.116302007628,
2094,2025-12-24 07:00:00,Medium,6.01,8.325993945249962,1.0
2095,2025-12-03 20:00:00,Medium,25.73,57.7454812114609,
2096,2025-12-24 20:00:00,Medium,0.01,136.540578975069,
2097,2025-12-04 08:00:00,High,7.55,62.08317577389912,
2098,2025-12-24 13:00:00,Medium,15.5,28.20311287184196,
2099,2025-12-28 22:00:00,High,3.66,18.135358038843727,
2100,2025-12-03 08:00:00,High,1.8,80.6105695982291,
2101,2025-12-24 12:00:00,Low,9.68,178.9208306194175,
2102,2025-12-09 07:00:00,Low,1.19,33.233804451443255,
2103,2025-12-11 04:00:00,Low,4.47,41.8147081906134,2.0
2104,2025-12-28 03:00:00,Medium,16.5,,
2105,2025-12-11 07:00:00,Low,19.37,102.40643846669644,
2106,2025-12-11 23:00:00,High,14.24,316.79743062929555,
2107,2025-12-10 06:00:00,Medium,0.26,124.92133200806421,3.0
2108,2025-12-12 17:00:00,Medium,11.17,43.582152918432385,
2109,2025-12-26 02:00:00,Medium,6.59,100.35767785066169,
2110,2025-12-12 10:00:00,High,7.8,154.95472248914345,
2111,2025-12-24 10:00:00,High,0.29,24.98649739929902,4.0
2112,2025-12-18 02:00:00,Medium,5.32,21.167916450324824,1.0
2113,2025-12-19 20:00:00,Medium,1.84,54.953823473856914,
2114,2025-12-19 09:00:00,Low,12.16,55.44065993881169,1.0
2115,2025-12-13 05:00:00,Medium,1.86,155.41468999503093,2.0
2116,2025-12-06 16:00:00,Medium,4.38,248.75957538982811,3.0
2117,2025-12-16 01:00:00,Medium,4.82,106.21031360788601,1.0
2118,2025-12-12 00:00:00,Medium,0.07,24.507168846924763,1.0
2119,2025-12-12 12:00:00,High,3.4,45.62823121533354,1.0
2120,2025-12-07 04:00:00,Medium,7.8,259.68062772796435,4.0
2121,2025-12-24 15:00:00,High,7.35,60.592622150347395,5.0
2122,2025-12-13 19:00:00,Low,19.05,48.78516601064898,5.0
2123,2025-12-17 16:00:00,Medium,6.01,257.4754850041383,2.0
2124,2025-12-26 07:00:00,Medium,4.18,74.60618260873972,
2125,2025-12-01 08:00:00,Low,6.2,27.27868763503312,
2126,2025-12-15 22:00:00,Medium,12.65,41.64834418705211,
2127,2025-12-24 03:00:00,High,2.02,7.83205814798718,5.0
2128,2025-12-22 12:00:00,Medium,5.62,88.04882933546715,
2129,2025-12-07 08:00:00,Medium,2.71,109.8487194536216,1.0
2130,2025-12-02 23:00:00,Medium,4.61,296.50368601451527,1.0
2131,2025-12-14 16:00:00,Low,3.06,358.2644570048641,1.0
2132,2025-12-02 05:00:00,Low,12.01,91.48550381016821,
2133,2025-12-27 16:00:00,High,12.12,13.014313971767008,4.0
2134,2025-12-03 06:00:00,Low,2.54,20.60907760369901,
2135,2025-12-26 12:00:00,Medium,24.62,,
2136,2025-12-15 12:00:00,Low,12.14,113.92916716797713,3.0
2137,2025-12-07 05:00:00,Medium,16.25,160.54133399041928,
2138,2025-12-27 07:00:00,High,2.71,4.969881699560908,
2139,2025-12-16 12:00:00,Medium,0.68,26.60270268700813,2.0
2140,2025-12-10 04:00:00,Medium,14.75,29.830179762467637,
2141,2025-12-17 15:00:00,Low,1.48,29.637617706621914,1.0
2142,2025-12-15 03:00:00,Low,4.77,29.95079208447982,5.0
2143,2025-12-26 18:00:00,Medium,2.54,38.121790971217905,
2144,2025-12-04 11:00:00,High,3.28,17.032320638471184,5.0
2145,2025-12-19 12:00:00,Medium,3.42,21.78995395131276,
2146,2025-12-30 03:00:00,Medium,0.19,22.441170415131154,3.0
2147,2025-12-24 08:00:00,Low,6.87,28.44712879368466,
2148,2025-12-10 07:00:00,Medium,5.59,20.39935752910515,2.0
2149,2025-12-16 20:00:00,Low,7.38,146.05288057925443,1.0
2150,2025-12-28 11:00:00,Low,9.45,21.821755932380015,1.0
2151,2025-12-22 14:00:00,Medium,11.19,20.19589693650319,2.0
2152,2025-12-20 19:00:00,Medium,16.01,26.677588156437203,
2153,2025-12-03 01:00:00,Medium,21.88,141.35336672889423,
2154,2025-12-16 16:00:00,Medium,5.04,39.34281609849277,
2155,2025-12-14 05:00:00,Low,1.1,13.618981865259835,4.0
2156,2025-12-14 21:00:00,High,5.21,41.473658512046356,4.0
2157,2025-12-28 12:00:00,High,45.36,,
2158,2025-12-11 17:00:00,Medium,7.3,53.89160198640551,1.0
2159,2025-12-18 08:00:00,Low,4.45,11.964264356084836,1.0
2160,2025-12-09 05:00:00,Medium,5.92,58.39664303506443,
2161,2025-12-03 21:00:00,Medium,5.46,6.267260750660525,
2162,2025-12-17 17:00:00,Low,7.39,43.03844538156779,4.0
2163,2025-12-22 04:00:00,Medium,16.01,25.042694430012975,
2164,2025-12-20 13:00:00,High,7.82,98.10249200996509,3.0
2165,2025-12-25 12:00:00,Medium,4.91,50.9396104107599,
2166,2025-12-24 00:00:00,Low,0.98,17.509699644917998,4.0
2167,2025-12-27 13:00:00,Medium,3.01,32.431675191500524,1.0
2168,2025-12-13 16:00:00,Medium,2.46,25.22428840977749,
2169,2025-12-23 21:00:00,Low,10.09,35.78115797403394,3.0
2170,2025-12-13 15:00:00,High,6.27,8.69420246254883,
2171,2025-12-27 19:00:00,High,21.21,,
2172,2025-12-30 20:00:00,Medium,12.8,,
2173,2025-12-14 15:00:00,Medium,12.83,96.6260734044566,3.0
2174,2025-12-08 07:00:00,Medium,10.57,78.31012129505675,
2175,2025-12-19 07:00:00,Low,3.77,116.58811987256544,
2176,2025-12-09 23:00:00,High,1.22,125.73060646107481,2.0
2177,2025-12-19 05:00:00,Medium,8.74,50.1659969436351,5.0
2178,2025-12-08 16:00:00,Low,20.61,184.18057115117836,2.0
2179,2025-12-12 17:00:00,Low,8.5,65.13027673685379,3.0
2180,2025-12-21 04:00:00,Low,2.7,189.96204187598818,4.0
2181,2025-12-10 08:00:00,Medium,9.18,21.878817120743015,
2182,2025-12-24 09:00:00,Medium,25.28,101.19554125398514,
2183,2025-12-05 12:00:00,Medium,0.16,109.63829553547728,5.0
2184,2025-12-03 22:00:00,Medium,6.21,162.8116350221227,2.0
2185,2025-12-02 11:00:00,Medium,30.46,137.09543943757885,
2186,2025-12-14 10:00:00,Medium,1.12,37.96588776971636,
2187,2025-12-09 19:00:00,High,3.21,147.37245938276686,
2188,2025-12-04 09:00:00,Medium,17.02,81.92751185313017,5.0
2189,2025-12-29 18:00:00,Medium,2.51,,
2190,2025-12-01 05:00:00,Low,4.95,57.12029562954737,4.0
2191,2025-12-10 07:00:00,High,3.97,45.38147311910934,2.0
2192,2025-12-05 23:00:00,High,6.3,25.33957091785124,
2193,2025-12-15 02:00:00,Medium,8.29,51.09306189085653,
2194,2025-12-30 09:00:00,High,1.15,,
2195,2025-12-25 23:00:00,Medium,20.6,,
2196,2025-12-04 01:00:00,Medium,6.56,130.11157856837724,3.0
2197,2025-12-29 16:00:00,Low,24.89,46.07633941519539,1.0
2198,2025-12-26 06:00:00,High,25.24,107.27013459945513,2.0
2199,2025-12-07 04:00:00,Low,8.17,71.43042588512921,1.0
2200,2025-12-26 15:00:00,Medium,8.04,109.57042456829072,3.0
2201,2025-12-07 03:00:00,Low,9.74,252.33137528457803,3.0
2202,2025-12-22 11:00:00,High,11.58,149.7487442803662,1.0
2203,2025-12-14 19:00:00,Low,16.04,56.58895852778745,5.0
2204,2025-12-28 12:00:00,Low,4.76,,
2205,2025-12-24 03:00:00,Medium,5.82,31.531088554718867,3.0
2206,2025-12-24 17:00:00,Low,4.52,10.016204852369722,
2207,2025-12-26 16:00:00,Medium,5.67,33.74443514959331,
2208,2025-12-17 16:00:00,Medium,32.77,65.4004732393553,3.0
2209,2025-12-28 22:00:00,High,9.98,,
2210,2025-12-20 05:00:00,High,0.86,15.270886906947535,4.0
2211,2025-12-23 18:00:00,Medium,2.92,119.10479816034193,5.0
2212,2025-12-26 01:00:00,High,3.02,44.005063005913605,
2213,2025-12-10 11:00:00,Medium,15.64,73.02059191144379,5.0
2214,2025-12-22 01:00:00,Low,15.09,22.587675113451354,3.0
2215,2025-12-04 17:00:00,Low,17.84,342.15898636269236,3.0
2216,2025-12-12 04:00:00,Medium,8.98,50.4981804171547,5.0
2217,2025-12-22 18:00:00,Low,0.51,36.1222434278457,2.0
2218,2025-12-27 16:00:00,Medium,0.52,95.61386855055669,
2219,2025-12-26 10:00:00,Medium,15.18,41.43058681525166,
2220,2025-12-10 19:00:00,Medium,8.78,67.5615910480604,4.0
2221,2025-12-16 16:00:00,Medium,13.15,172.06467522403554,4.0
2222,2025-12-07 19:00:00,Medium,6.15,11.364970009995245,1.0
2223,2025-12-12 01:00:00,High,11.9,97.31669661623695,
2224,2025-12-21 23:00:00,Medium,2.33,63.92601712759272,
2225,2025-12-29 06:00:00,Medium,6.76,6.76967508214506,
2226,2025-12-03 18:00:00,Medium,0.65,24.988617660164113,
2227,2025-12-25 00:00:00,Medium,16.4,39.9005571579323,
2228,2025-12-28 21:00:00,Low,9.23,,
2229,2025-12-31 03:00:00,High,2.85,,
2230,2025-12-19 05:00:00,Medium,6.65,146.65094673333564,
2231,2025-12-21 13:00:00,Low,0.98,62.59285304053959,3.0
2232,2025-12-06 02:00:00,Medium,0.76,147.07979115914068,
2233,2025-12-29 10:00:00,High,6.35,,
2234,2025-12-10 13:00:00,Medium,3.84,17.671178603827357,
2235,2025-12-16 06:00:00,Medium,4.24,7.759772328170941,3.0
2236,2025-12-05 16:00:00,Medium,1.06,111.79768031355678,3.0
2237,2025-12-07 21:00:00,Medium,19.89,99.00978910130064,5.0
2238,2025-12-13 13:00:00,High,0.25,50.56156107546761,3.0
2239,2025-12-04 17:00:00,Medium,18.25,24.653753322056982,4.0
2240,2025-12-27 04:00:00,Low,2.7,52.52911879595313,3.0
2241,2025-12-13 16:00:00,Medium,7.75,38.77117265309142,2.0
2242,2025-12-22 05:00:00,Low,1.56,35.72360896050799,
2243,2025-12-03 07:00:00,High,0.29,1.9370947853418383,
2244,2025-12-18 05:00:00,High,5.44,56.581296288292265,
2245,2025-12-06 09:00:00,Low,6.01,34.4315204372387,
2246,2025-12-21 01:00:00,Low,14.5,22.065115553745784,
2247,2025-12-03 12:00:00,Low,8.82,66.18079711527409,
2248,2025-12-27 05:00:00,Medium,0.5,29.953347102326696,2.0
2249,2025-12-13 12:00:00,High,6.53,19.98802671611221,1.0
2250,2025-12-23 13:00:00,Medium,0.51,25.482895784842075,5.0
2251,2025-12-28 23:00:00,Medium,1.93,,
2252,2025-12-27 18:00:00,Medium,3.33,38.237425397550595,
2253,2025-12-22 21:00:00,High,1.64,97.42845347283898,
2254,2025-12-09 21:00:00,Low,17.22,223.5438184256986,1.0
2255,2025-12-20 14:00:00,High,8.89,161.4453619365201,2.0
2256,2025-12-31 11:00:00,Low,4.72,,
2257,2025-12-31 22:00:00,Medium,,,
2258,2025-12-13 17:00:00,Medium,0.35,140.72625524786847,
2259,2025-12-11 01:00:00,Medium,0.01,125.78898925799527,
2260,2025-12-02 16:00:00,High,0.55,32.98513578119823,
2261,2025-12-15 15:00:00,Low,3.22,93.27312995169866,
2262,2025-12-16 10:00:00,Medium,6.0,39.3675397837489,4.0
2263,2025-12-28 19:00:00,Medium,5.46,,
2264,2025-12-01 04:00:00,Medium,10.85,64.67439090546638,3.0
2265,2025-12-27 18:00:00,Low,2.15,16.247725333517735,
2266,2025-12-05 06:00:00,Medium,10.49,53.82855802604707,
2267,2025-12-22 06:00:00,Medium,5.33,59.283094868077654,5.0
2268,2025-12-14 10:00:00,Medium,5.69,44.45216480399585,4.0
2269,2025-12-04 10:00:00,Low,26.83,46.87496114959174,4.0
2270,2025-12-11 12:00:00,Medium,2.68,142.8464716382199,3.0
2271,2025-12-03 21:00:00,Medium,20.1,90.73734681989424,2.0
2272,2025-12-14 09:00:00,Medium,1.08,8.703724171103893,2.0
2273,2025-12-05 11:00:00,Low,9.1,211.80736725306213,4.0
2274,2025-12-04 06:00:00,Medium,19.39,58.09425137093164,5.0
2275,2025-12-05 12:00:00,Medium,20.25,153.91395466923888,
2276,2025-12-19 16:00:00,Medium,9.82,61.71224684749993,1.0
2277,2025-12-30 12:00:00,High,6.05,,
2278,2025-12-27 16:00:00,Low,1.64,,
2279,2025-12-04 02:00:00,Medium,13.38,76.65740122386212,3.0
2280,2025-12-26 09:00:00,High,5.97,59.2013164767523,
2281,2025-12-28 11:00:00,Low,39.99,64.36283033771467,
2282,2025-12-04 23:00:00,Medium,6.86,58.86621088947145,
2283,2025-12-11 22:00:00,Medium,15.11,56.41523741328837,3.0
2284,2025-12-24 15:00:00,Medium,3.57,35.07567765869669,
2285,2025-12-31 23:00:00,High,,,
2286,2025-12-26 00:00:00,Medium,3.4,9.326398932550683,1.0
2287,2025-12-09 03:00:00,High,0.66,103.93865324424425,
2288,2025-12-02 01:00:00,Medium,0.52,19.473231383504395,
2289,2025-12-19 23:00:00,High,9.35,47.615538851265725,3.0
2290,2025-12-24 04:00:00,Low,9.04,32.62680773155107,
2291,2025-12-16 05:00:00,High,9.1,62.35483743434784,5.0
2292,2025-12-13 09:00:00,High,0.42,25.621070002190038,3.0
2293,2025-12-08 14:00:00,Medium,4.78,65.60280778166349,
2294,2025-12-29 02:00:00,Low,5.46,,
2295,2025-12-18 12:00:00,High,5.3,18.358109376120687,
2296,2025-12-07 10:00:00,Medium,2.75,109.41635280229109,
2297,2025-12-01 05:00:00,Medium,12.67,149.65534937929255,1.0
2298,2025-12-11 18:00:00,High,21.15,285.440750870501,1.0
2299,2025-12-16 06:00:00,High,0.34,36.568113906711474,
2300,2025-12-12 23:00:00,Medium,2.32,15.369942832816985,
2301,2025-12-07 23:00:00,Low,22.89,47.06552907664918,
2302,2025-12-25 15:00:00,Low,4.59,,
2303,2025-12-20 22:00:00,Medium,9.36,43.050462075475984,2.0
2304,2025-12-15 23:00:00,Medium,7.12,116.51381473124906,2.0
2305,2025-12-08 07:00:00,Low,19.27,79.94293783805387,3.0
2306,2025-12-16 06:00:00,Medium,3.76,3.9337457899827886,1.0
2307,2025-12-04 08:00:00,Medium,7.53,10.073792868974936,4.0
2308,2025-12-08 15:00:00,Low,9.19,212.57719429490993,3.0
2309,2025-12-25 01:00:00,Low,4.16,22.2064698945614,
2310,2025-12-23 15:00:00,Medium,19.47,31.7261169537706,
2311,2025-12-24 23:00:00,Medium,13.17,73.43795682129767,
2312,2025-12-17 02:00:00,Medium,6.84,9.30282440787147,
2313,2025-12-19 03:00:00,Low,14.0,22.638421274958276,
2314,2025-12-02 05:00:00,Low,0.04,2.615138163409165,1.0
2315,2025-12-09 09:00:00,Medium,0.43,22.704710128900043,
2316,2025-12-02 04:00:00,High,0.81,50.215649656675794,
2317,2025-12-29 02:00:00,Low,9.03,,
2318,2025-12-27 04:00:00,Low,16.99,67.69912329068059,
2319,2025-12-20 01:00:00,Low,7.29,84.9158857985808,2.0
2320,2025-12-20 15:00:00,Medium,5.12,189.859333107207,1.0
2321,2025-12-04 02:00:00,Medium,30.75,229.127275344013,
2322,2025-12-14 05:00:00,Medium,23.86,43.1923354101187,
2323,2025-12-03 22:00:00,Low,7.44,258.5098611061916,
2324,2025-12-19 17:00:00,Medium,4.34,82.32284231353367,
2325,2025-12-29 09:00:00,High,10.98,31.641889727623465,
2326,2025-12-21 08:00:00,Medium,7.15,36.23189646110944,2.0
2327,2025-12-03 04:00:00,Medium,25.45,50.59872276182861,
2328,2025-12-29 19:00:00,Low,6.41,,
2329,2025-12-27 07:00:00,Medium,0.93,6.50827045329749,2.0
2330,2025-12-17 15:00:00,Low,17.47,37.48727957755467,
2331,2025-12-18 10:00:00,High,12.08,18.21524137414887,5.0
2332,2025-12-23 22:00:00,High,32.42,102.06200437527826,
2333,2025-12-17 07:00:00,High,5.14,64.74277609843067,5.0
2334,2025-12-24 00:00:00,High,18.8,67.97541942747434,4.0
2335,2025-12-17 06:00:00,High,2.95,25.122006615637698,
2336,2025-12-12 13:00:00,Medium,1.08,23.928945427518755,4.0
2337,2025-12-19 01:00:00,Medium,2.0,41.55185013790322,5.0
2338,2025-12-08 18:00:00,Low,1.19,100.33144183601605,3.0
2339,2025-12-15 19:00:00,Medium,3.21,102.97011774060955,
2340,2025-12-26 03:00:00,High,0.06,71.0624284661037,
2341,2025-12-09 19:00:00,Medium,6.66,29.903559324357076,
2342,2025-12-16 06:00:00,Low,0.5,221.4606374937465,2.0
2343,2025-12-14 08:00:00,Medium,7.54,51.16822419268502,
2344,2025-12-20 12:00:00,Low,48.66,60.187784030329716,3.0
2345,2025-12-20 00:00:00,High,11.31,116.36979560585382,2.0
2346,2025-12-13 21:00:00,Medium,3.52,280.15101058414916,4.0
2347,2025-12-15 18:00:00,Low,24.93,42.09131775767475,
2348,2025-12-10 18:00:00,Low,12.65,23.302040156322207,5.0
2349,2025-12-28 17:00:00,Low,42.51,,
2350,2025-12-22 08:00:00,Low,4.63,6.909360226119212,2.0
2351,2025-12-12 02:00:00,Medium,2.68,26.286048505480746,2.0
2352,2025-12-22 15:00:00,High,4.33,96.63032884511645,1.0
2353,2025-12-24 03:00:00,Low,21.9,48.166015592131885,2.0
2354,2025-12-08 06:00:00,Low,0.27,8.496914433766756,
2355,2025-12-02 14:00:00,High,42.86,74.63698385525362,
2356,2025-12-05 15:00:00,Medium,14.2,26.58903786304161,
2357,2025-12-09 21:00:00,Medium,22.25,30.341396400133657,2.0
2358,2025-12-17 14:00:00,High,3.62,26.297131547199402,3.0
2359,2025-12-03 05:00:00,Low,9.29,20.103667014059532,3.0
2360,2025-12-08 16:00:00,Medium,11.77,22.425348517884032,2.0
2361,2025-12-30 07:00:00,Medium,5.22,,
2362,2025-12-15 21:00:00,High,4.48,65.91335698921813,2.0
2363,2025-12-01 10:00:00,Medium,5.65,171.2019422413438,4.0
2364,2025-12-22 06:00:00,Medium,1.26,3.4494963777390666,5.0
2365,2025-12-06 02:00:00,Low,7.73,19.282649827544496,5.0
2366,2025-12-29 04:00:00,Medium,3.24,,
2367,2025-12-24 12:00:00,Low,0.11,59.00548971284452,1.0
2368,2025-12-01 23:00:00,Medium,2.49,7.076209939971907,2.0
2369,2025-12-17 18:00:00,Low,18.6,60.55306362259906,
2370,2025-12-10 01:00:00,Low,4.85,80.25136715965688,3.0
2371,2025-12-06 19:00:00,Low,5.44,135.80243370366924,
2372,2025-12-12 16:00:00,Medium,0.01,32.42057330873527,3.0
2373,2025-12-26 16:00:00,Medium,31.34,,
2374,2025-12-09 04:00:00,Low,3.71,52.43503112576983,
2375,2025-12-28 10:00:00,Low,1.0,,
2376,2025-12-16 03:00:00,Medium,4.78,114.81728451615665,1.0
2377,2025-12-01 20:00:00,Medium,4.61,69.73156827309289,
2378,2025-12-24 18:00:00,Medium,0.96,75.59559198202564,
2379,2025-12-04 07:00:00,High,0.52,13.94479028211672,2.0
2380,2025-12-04 09:00:00,Medium,23.96,27.398016482845314,1.0
2381,2025-12-31 13:00:00,Low,3.38,,
2382,2025-12-15 09:00:00,Low,0.36,12.924870425388498,3.0
2383,2025-12-11 13:00:00,High,18.9,394.88310293522363,
2384,2025-12-03 09:00:00,Medium,7.11,126.72621402546737,
2385,2025-12-04 03:00:00,Medium,2.94,113.49748113086639,
2386,2025-12-11 12:00:00,Low,14.48,304.62363296111914,2.0
2387,2025-12-10 11:00:00,Medium,0.52,73.4979114708324,4.0
2388,2025-12-05 13:00:00,Medium,0.14,85.65315125316249,1.0
2389,2025-12-22 11:00:00,Low,22.86,91.42197722383126,4.0
2390,2025-12-16 20:00:00,Medium,7.99,305.5448224302627,5.0
2391,2025-12-17 04:00:00,Medium,2.58,8.222568983247085,
2392,2025-12-25 13:00:00,Low,10.99,95.09179924680427,2.0
2393,2025-12-27 11:00:00,Medium,3.0,71.11676908109077,
2394,2025-12-29 21:00:00,Low,4.65,,
2395,2025-12-12 07:00:00,High,14.5,17.7735236755977,
2396,2025-12-02 04:00:00,Low,1.03,82.74409326550526,
2397,2025-12-13 18:00:00,Medium,1.16,206.32372974465537,
2398,2025-12-02 11:00:00,High,7.86,30.278801747485847,5.0
2399,2025-12-30 22:00:00,Medium,1.27,,
2400,2025-12-31 14:00:00,Medium,0.8,,
2401,2025-12-14 18:00:00,Medium,7.81,42.52712814176488,2.0
2402,2025-12-17 23:00:00,Medium,10.89,135.14374397619332,
2403,2025-12-08 19:00:00,Medium,1.63,7.830861839752834,5.0
2404,2025-12-16 14:00:00,Medium,3.71,255.26488677269484,3.0
2405,2025-12-21 19:00:00,Low,4.94,27.504354603708848,
2406,2025-12-04 08:00:00,Medium,0.57,24.40071266896951,2.0
2407,2025-12-31 17:00:00,Medium,,,
2408,2025-12-26 01:00:00,Medium,9.47,14.31037797371413,2.0
2409,2025-12-28 16:00:00,Medium,11.69,,
2410,2025-12-20 13:00:00,High,17.29,57.10166249384788,2.0
2411,2025-12-07 15:00:00,Medium,7.56,17.784543704138308,1.0
2412,2025-12-09 04:00:00,Medium,35.25,111.77698770278668,
2413,2025-12-26 23:00:00,Low,19.74,,
2414,2025-12-02 04:00:00,High,3.01,98.50185879631348,3.0
2415,2025-12-10 06:00:00,Medium,23.07,105.11774374502937,5.0
2416,2025-12-07 21:00:00,Medium,0.11,3.806029196705971,2.0
2417,2025-12-21 15:00:00,Low,3.94,96.18142835024052,
2418,2025-12-19 07:00:00,Low,1.24,111.50008704603354,4.0
2419,2025-12-07 05:00:00,Medium,3.47,25.445546385073122,
2420,2025-12-27 13:00:00,Low,9.25,73.52345573059776,
2421,2025-12-06 02:00:00,Medium,5.44,80.96466035591155,2.0
2422,2025-12-20 04:00:00,Medium,18.81,35.53892194373223,
2423,2025-12-26 19:00:00,Medium,16.53,40.35366597399724,
2424,2025-12-28 10:00:00,Medium,10.4,11.35316787734439,
2425,2025-12-14 01:00:00,Medium,17.47,76.8298463387944,
2426,2025-12-29 01:00:00,Medium,8.68,,
2427,2025-12-17 14:00:00,Low,0.08,148.77814049370505,5.0
2428,2025-12-28 10:00:00,Medium,9.58,68.11600546230505,4.0
2429,2025-12-22 11:00:00,Medium,82.1,107.98649988882508,3.0
2430,2025-12-06 05:00:00,Low,4.81,33.88036959796884,2.0
2431,2025-12-02 21:00:00,Low,2.27,208.2690557647903,1.0
2432,2025-12-13 07:00:00,Medium,1.66,76.42802274831014,
2433,2025-12-04 08:00:00,Low,10.47,23.486494502961822,
2434,2025-12-18 06:00:00,Low,5.71,19.040071994680464,
2435,2025-12-14 04:00:00,Low,13.94,25.878691287073238,
2436,2025-12-21 09:00:00,Medium,25.19,61.41912099133218,
2437,2025-12-14 03:00:00,Medium,5.46,8.20435224515038,4.0
2438,2025-12-30 12:00:00,Medium,2.42,,
2439,2025-12-25 02:00:00,Low,0.0,54.32990320873315,4.0
2440,2025-12-06 00:00:00,Medium,6.44,282.0789523207972,4.0
2441,2025-12-01 18:00:00,Medium,5.01,41.89236047125194,4.0
2442,2025-12-19 18:00:00,Medium,10.67,61.24444871487721,
2443,2025-12-12 06:00:00,Low,3.5,25.626462437754356,1.0
2444,2025-12-28 17:00:00,Low,29.89,,
2445,2025-12-28 19:00:00,Medium,10.72,12.048625495056204,1.0
2446,2025-12-02 10:00:00,Medium,4.62,70.09304774382456,
2447,2025-12-11 11:00:00,Medium,1.05,3.7238137669335067,
2448,2025-12-03 12:00:00,Low,1.15,48.168238628562975,2.0
2449,2025-12-25 19:00:00,Medium,7.65,,
2450,2025-12-03 14:00:00,Medium,3.33,66.17415909638775,
2451,2025-12-22 20:00:00,Medium,8.86,18.900332809795906,3.0
2452,2025-12-10 20:00:00,Medium,10.16,119.05018580077164,2.0
2453,2025-12-04 22:00:00,High,1.17,122.25608259662633,
2454,2025-12-19 16:00:00,Medium,10.89,22.600938417558204,2.0
2455,2025-12-08 02:00:00,Low,4.57,94.79959793325736,
2456,2025-12-22 22:00:00,Medium,5.95,27.668992154162357,5.0
2457,2025-12-07 12:00:00,Low,1.49,51.84950892236998,4.0
2458,2025-12-07 18:00:00,Medium,2.31,9.344762308317131,
2459,2025-12-21 04:00:00,Medium,3.32,57.71075190021752,4.0
2460,2025-12-12 08:00:00,Low,8.64,127.48592283266098,4.0
2461,2025-12-13 13:00:00,Low,4.11,10.476090236382134,3.0
2462,2025-12-18 09:00:00,Medium,13.63,34.08862277607173,
2463,2025-12-14 17:00:00,Medium,0.4,28.495727734008412,2.0
2464,2025-12-27 22:00:00,Low,2.67,,
2465,2025-12-13 12:00:00,Medium,12.9,31.703705331324976,5.0
2466,2025-12-17 20:00:00,Low,17.6,23.436108337268845,
2467,2025-12-20 23:00:00,High,28.9,63.26730241548701,3.0
2468,2025-12-28 09:00:00,Medium,8.47,,
2469,2025-12-03 17:00:00,Low,16.96,49.324352794318415,
2470,2025-12-19 03:00:00,Medium,6.16,170.5880936214806,4.0
2471,2025-12-04 23:00:00,Medium,3.21,75.3446512030886,5.0
2472,2025-12-06 18:00:00,Low,14.19,58.23261856671109,4.0
2473,2025-12-04 06:00:00,High,3.71,117.57763496960628,1.0
2474,2025-12-20 16:00:00,Medium,10.92,88.3711314003493,
2475,2025-12-10 15:00:00,Medium,5.45,12.557096692242286,
2476,2025-12-09 11:00:00,High,0.63,39.012587232957216,
2477,2025-12-12 22:00:00,High,13.03,37.932694448325215,
2478,2025-12-04 04:00:00,Medium,0.46,21.29307501308798,4.0
2479,2025-12-24 18:00:00,Medium,27.81,54.41878704294106,
2480,2025-12-19 11:00:00,Low,38.09,94.71934958962743,5.0
2481,2025-12-12 20:00:00,High,6.27,448.56878380008794,5.0
2482,2025-12-28 06:00:00,Low,9.3,,
2483,2025-12-18 14:00:00,Medium,1.06,36.134846617419505,
2484,2025-12-17 16:00:00,High,11.66,24.961477451735767,1.0
2485,2025-12-22 07:00:00,Medium,2.97,3.1327673478773344,2.0
2486,2025-12-09 03:00:00,Medium,1.31,136.35135400254384,1.0
2487,2025-12-16 09:00:00,Medium,9.07,152.11156667354513,
2488,2025-12-03 23:00:00,Medium,38.4,57.59957661800894,
2489,2025-12-04 21:00:00,Low,23.31,36.897016616811015,5.0
2490,2025-12-15 17:00:00,Low,0.05,97.37407195862109,1.0
2491,2025-12-19 01:00:00,Low,14.14,87.17356598170443,2.0
2492,2025-12-17 04:00:00,Low,50.52,117.0846186132404,
2493,2025-12-22 10:00:00,Medium,25.73,129.69758655417374,1.0
2494,2025-12-16 03:00:00,Low,14.79,96.77897659072494,2.0
2495,2025-12-29 10:00:00,Medium,19.73,,
2496,2025-12-23 18:00:00,Medium,8.53,11.39921496875877,2.0
2497,2025-12-19 09:00:00,High,31.62,39.04785192006622,
2498,2025-12-01 15:00:00,Medium,23.73,207.48329922405674,1.0
2499,2025-12-03 20:00:00,High,1.7,90.0570865070022,
2500,2025-12-24 21:00:00,Medium,13.98,121.96935046400851,1.0
2501,2025-12-10 03:00:00,Low,7.6,230.27502034950896,
2502,2025-12-30 04:00:00,Low,3.31,25.403285842693382,4.0
2503,2025-12-18 03:00:00,High,20.36,25.54856825026806,2.0
2504,2025-12-11 06:00:00,Medium,6.1,54.91349550245806,
2505,2025-12-28 04:00:00,High,10.4,71.42173323748177,
2506,2025-12-27 01:00:00,Low,7.76,56.35252832547808,3.0
2507,2025-12-13 02:00:00,Medium,13.94,164.29101180548685,
2508,2025-12-22 02:00:00,Medium,1.57,,
2509,2025-12-08 10:00:00,High,13.56,318.233795985669,2.0
2510,2025-12-18 04:00:00,High,11.37,59.97434067888868,5.0
2511,2025-12-23 06:00:00,High,2.99,98.25868959419478,
2512,2025-12-10 15:00:00,Medium,0.91,3.5343983501487752,4.0
2513,2025-12-02 13:00:00,Low,27.86,48.678352465156756,3.0
2514,2025-12-12 09:00:00,Low,2.0,26.83556227871017,4.0
2515,2025-12-04 19:00:00,Low,6.43,47.808493391768444,
2516,2025-12-16 15:00:00,High,8.78,43.28747815565502,
2517,2025-12-09 21:00:00,Medium,12.17,21.45768965926581,3.0
2518,2025-12-07 04:00:00,Medium,16.63,128.96661520361621,1.0
2519,2025-12-17 15:00:00,Medium,8.47,34.63863587630719,
2520,2025-12-19 18:00:00,High,0.95,29.40419811122694,2.0
2521,2025-12-23 06:00:00,Medium,10.15,32.370098515888415,
2522,2025-12-01 11:00:00,High,19.26,179.42082369391065,4.0
2523,2025-12-05 16:00:00,Medium,7.67,43.89660180153729,
2524,2025-12-07 22:00:00,Low,4.5,6.815121549642481,
2525,2025-12-12 12:00:00,Medium,9.87,13.695603973442587,1.0
2526,2025-12-18 21:00:00,Medium,8.88,51.12395547546827,
2527,2025-12-07 09:00:00,Low,3.27,189.84963373940667,3.0
2528,2025-12-31 11:00:00,High,0.95,,
2529,2025-12-01 07:00:00,Medium,1.33,30.414997356820322,3.0
2530,2025-12-27 18:00:00,Low,2.82,26.98810738342476,
2531,2025-12-25 11:00:00,High,2.67,81.74886178279131,5.0
2532,2025-12-11 03:00:00,Medium,0.91,154.88120124094166,
2533,2025-12-28 03:00:00,Low,3.14,27.024400257918455,
2534,2025-12-06 22:00:00,Medium,1.91,36.27222402267404,4.0
2535,2025-12-22 03:00:00,Medium,4.3,19.805926151726492,
2536,2025-12-26 11:00:00,Low,1.06,75.7050889704288,
2537,2025-12-02 23:00:00,Medium,3.96,161.7298933083946,
2538,2025-12-22 05:00:00,Low,21.52,67.22031431381163,
2539,2025-12-31 00:00:00,Medium,4.06,,
2540,2025-12-20 03:00:00,Low,10.27,37.50063772122806,2.0
2541,2025-12-12 06:00:00,Low,2.04,5.190396431201061,3.0
2542,2025-12-20 13:00:00,Medium,38.2,202.83925060856626,2.0
2543,2025-12-09 00:00:00,Medium,1.39,65.40443990475279,
2544,2025-12-26 21:00:00,Medium,16.85,50.17138730483064,
2545,2025-12-19 01:00:00,Low,0.91,8.00859355018619,
2546,2025-12-24 16:00:00,Medium,12.15,93.5702845337537,1.0
2547,2025-12-13 04:00:00,Low,7.07,77.97546956936725,4.0
2548,2025-12-02 01:00:00,High,11.52,146.71471559609606,
2549,2025-12-26 17:00:00,Medium,2.66,25.156319581980497,
2550,2025-12-14 07:00:00,Medium,33.03,45.945311950506905,
2551,2025-12-20 20:00:00,Low,2.63,188.90100268589273,
2552,2025-12-19 21:00:00,Medium,24.4,25.008137881848537,
2553,2025-12-01 06:00:00,High,0.58,74.95490595624432,3.0
2554,2025-12-14 00:00:00,Medium,3.47,23.879487593590177,3.0
2555,2025-12-04 21:00:00,High,1.17,59.52210392988173,3.0
2556,2025-12-17 01:00:00,Medium,11.9,45.89442935327124,5.0
2557,2025-12-20 16:00:00,High,26.84,27.015644241176844,3.0
2558,2025-12-14 17:00:00,Medium,10.32,91.25327906374616,1.0
2559,2025-12-13 22:00:00,High,5.04,30.255274607781,
2560,2025-12-15 15:00:00,Medium,2.55,49.71922528172861,5.0
2561,2025-12-01 05:00:00,Low,3.56,149.67454007562915,
2562,2025-12-19 04:00:00,Low,1.47,52.66418375257582,
2563,2025-12-30 06:00:00,High,0.07,,
2564,2025-12-19 21:00:00,Medium,5.92,50.21222756158302,1.0
2565,2025-12-03 17:00:00,Medium,11.81,64.99248850600164,
2566,2025-12-05 12:00:00,Low,2.65,24.03864700785631,3.0
2567,2025-12-09 00:00:00,Medium,13.48,64.56494402876302,
2568,2025-12-24 11:00:00,Low,9.75,95.71154179040674,3.0
2569,2025-12-21 03:00:00,Medium,2.53,24.570645139627906,5.0
2570,2025-12-28 23:00:00,Medium,7.97,15.19595067382389,3.0
2571,2025-12-08 21:00:00,Medium,1.52,11.455651895776164,5.0
2572,2025-12-08 01:00:00,High,9.42,30.302537220791983,1.0
2573,2025-12-21 11:00:00,Medium,2.72,10.963357126788724,
2574,2025-12-03 06:00:00,Low,4.27,34.100220914354196,
2575,2025-12-29 20:00:00,Medium,5.51,11.632846212640082,4.0
2576,2025-12-19 12:00:00,Low,9.5,49.72596544891641,3.0
2577,2025-12-16 12:00:00,Medium,3.92,129.9897070883414,2.0
2578,2025-12-13 01:00:00,High,17.91,44.683474276483565,1.0
2579,2025-12-15 23:00:00,Medium,30.91,82.38335277590024,
2580,2025-12-06 04:00:00,Medium,20.43,49.436006087796756,
2581,2025-12-07 18:00:00,Medium,11.64,203.02847081772944,
2582,2025-12-12 10:00:00,Low,6.6,15.905940066574523,
2583,2025-12-11 14:00:00,Low,20.4,45.410071081643466,4.0
2584,2025-12-24 18:00:00,Medium,21.97,102.55846411865234,4.0
2585,2025-12-06 13:00:00,Medium,17.17,50.06023693434557,5.0
2586,2025-12-09 22:00:00,Medium,13.7,37.12086688482627,3.0
2587,2025-12-20 14:00:00,Medium,2.69,37.24233092623064,
2588,2025-12-29 10:00:00,Medium,12.69,17.571931507992005,2.0
2589,2025-12-14 01:00:00,Low,4.94,80.05772069613842,
2590,2025-12-21 15:00:00,Medium,8.07,132.127518061304,5.0
2591,2025-12-03 05:00:00,High,3.06,35.37198226452076,
2592,2025-12-28 11:00:00,Medium,26.78,,
2593,2025-12-05 03:00:00,Low,5.4,98.60865184725537,2.0
2594,2025-12-07 12:00:00,Medium,8.56,87.77346127167098,1.0
2595,2025-12-16 07:00:00,Low,17.93,64.02540123158985,1.0
2596,2025-12-05 09:00:00,Medium,6.11,19.148101527517493,2.0
2597,2025-12-21 12:00:00,Low,25.63,114.8145272717449,
2598,2025-12-26 04:00:00,Low,13.87,80.84290122844156,5.0
2599,2025-12-01 13:00:00,Medium,0.48,38.31207528547812,4.0
2600,2025-12-21 08:00:00,Medium,8.68,18.026017184538095,3.0
2601,2025-12-12 11:00:00,High,14.46,73.2311147037071,5.0
2602,2025-12-17 16:00:00,Medium,31.78,55.84510999110111,
2603,2025-12-12 22:00:00,Low,4.37,59.567563226672085,
2604,2025-12-23 00:00:00,Medium,2.26,186.4885432975653,1.0
2605,2025-12-06 20:00:00,Medium,15.82,66.7696605894757,4.0
2606,2025-12-06 19:00:00,Medium,0.44,31.31665974347491,4.0
2607,2025-12-27 22:00:00,Low,9.64,,
2608,2025-12-12 03:00:00,Medium,0.57,193.64701682798247,3.0
2609,2025-12-24 00:00:00,Medium,10.13,163.9507942380827,
2610,2025-12-29 16:00:00,Low,1.39,,
2611,2025-12-07 18:00:00,Low,10.05,87.32539207561923,1.0
2612,2025-12-08 05:00:00,High,5.6,205.25532680777462,2.0
2613,2025-12-30 12:00:00,High,13.96,,
2614,2025-12-11 21:00:00,Low,19.67,181.88320373431782,3.0
2615,2025-12-29 00:00:00,High,14.06,55.23674618416423,5.0
2616,2025-12-30 15:00:00,Low,2.39,5.4290268227075895,3.0
2617,2025-12-23 14:00:00,Low,0.91,3.828272806000305,
2618,2025-12-29 05:00:00,Medium,20.8,,
2619,2025-12-23 15:00:00,Medium,12.53,99.20960083943751,5.0
2620,2025-12-21 15:00:00,High,11.48,22.77074196484434,1.0
2621,2025-12-20 23:00:00,High,6.03,82.5477065643436,2.0
2622,2025-12-09 22:00:00,Medium,0.75,62.37789088127465,4.0
2623,2025-12-29 17:00:00,High,5.26,29.40508282306432,4.0
2624,2025-12-08 13:00:00,Low,2.85,6.6185421707119065,
2625,2025-12-22 22:00:00,Low,14.45,45.495391309618114,4.0
2626,2025-12-02 22:00:00,Medium,6.64,42.41715137078129,
2627,2025-12-17 07:00:00,Medium,0.71,70.76401922204464,2.0
2628,2025-12-24 18:00:00,Low,6.53,30.14935929874054,3.0
2629,2025-12-25 07:00:00,Low,5.84,21.93791492442905,5.0
2630,2025-12-18 04:00:00,Medium,8.18,81.34277830832195,5.0
2631,2025-12-25 00:00:00,Medium,4.04,89.8162181572431,4.0
2632,2025-12-31 16:00:00,Medium,0.6,,
2633,2025-12-23 10:00:00,High,1.94,53.815350179650665,1.0
2634,2025-12-07 15:00:00,Medium,23.15,82.31532504950735,4.0
2635,2025-12-31 13:00:00,Low,1.89,5.752382581670625,1.0
2636,2025-12-05 14:00:00,Medium,0.09,2.529436491024997,
2637,2025-12-16 23:00:00,Medium,0.64,19.875945551805344,
2638,2025-12-30 08:00:00,Medium,24.77,,
2639,2025-12-06 04:00:00,Medium,21.44,66.28463865682413,2.0
2640,2025-12-07 21:00:00,High,13.2,111.10020652410132,
2641,2025-12-14 13:00:00,Medium,0.49,80.68588625464817,1.0
2642,2025-12-04 00:00:00,Medium,13.35,103.0279705895006,
2643,2025-12-28 12:00:00,Medium,15.59,64.33837844685478,
2644,2025-12-07 21:00:00,Medium,5.44,18.770272879963127,5.0
2645,2025-12-25 19:00:00,Low,7.23,48.1178422017433,
2646,2025-12-06 04:00:00,Low,2.85,72.78000264892336,1.0
2647,2025-12-26 18:00:00,Medium,5.89,18.7581522670895,4.0
2648,2025-12-26 11:00:00,Medium,4.46,21.21731576281107,
2649,2025-12-19 01:00:00,Medium,22.75,47.31469457678345,2.0
2650,2025-12-13 21:00:00,Medium,6.14,20.52739715882306,5.0
2651,2025-12-16 23:00:00,High,12.97,26.663370136426263,1.0
2652,2025-12-20 18:00:00,Medium,16.9,91.58968199548781,2.0
2653,2025-12-13 21:00:00,Medium,45.87,148.5449204053356,
2654,2025-12-10 16:00:00,Medium,2.33,106.70393124943823,4.0
2655,2025-12-31 02:00:00,High,8.39,,
2656,2025-12-26 00:00:00,High,5.48,12.612145037875287,
2657,2025-12-23 11:00:00,Medium,0.59,88.96201724469425,5.0
2658,2025-12-14 15:00:00,Medium,22.45,26.217607759777497,3.0
2659,2025-12-04 07:00:00,Low,24.09,74.28935883535775,5.0
2660,2025-12-26 22:00:00,Medium,15.72,76.82005093421628,
2661,2025-12-07 11:00:00,High,1.88,13.115804160005542,5.0
2662,2025-12-31 23:00:00,Medium,,,
2663,2025-12-31 15:00:00,Low,0.59,,
2664,2025-12-09 16:00:00,Medium,3.83,30.617638349068095,3.0
2665,2025-12-23 17:00:00,High,32.44,61.46720917871481,
2666,2025-12-08 12:00:00,Low,3.96,25.261449084874386,2.0
2667,2025-12-03 01:00:00,High,5.35,47.88823164570647,5.0
2668,2025-12-07 07:00:00,Medium,37.93,134.21336510811344,3.0
2669,2025-12-21 15:00:00,Low,15.54,205.77675945755968,
2670,2025-12-14 08:00:00,Low,7.02,148.06356924411148,3.0
2671,2025-12-31 00:00:00,Medium,0.12,19.20793919285159,2.0
2672,2025-12-31 06:00:00,Low,4.43,6.6507988266563585,2.0
2673,2025-12-03 13:00:00,Medium,4.96,39.90221648461395,
2674,2025-12-15 15:00:00,High,10.64,29.984690007746025,
2675,2025-12-18 13:00:00,Medium,7.41,131.86966592753566,
2676,2025-12-09 22:00:00,Low,8.5,40.12993876480179,5.0
2677,2025-12-21 01:00:00,Low,9.02,24.271948543268252,2.0
2678,2025-12-25 02:00:00,Medium,9.52,20.18388304995957,
2679,2025-12-02 21:00:00,High,3.93,46.67250780603122,
2680,2025-12-09 11:00:00,Low,1.49,17.249149084254128,1.0
2681,2025-12-27 05:00:00,Medium,13.32,31.686049924971485,2.0
2682,2025-12-03 23:00:00,Low,4.13,229.1955435480432,
2683,2025-12-24 23:00:00,Medium,2.23,63.71680643654087,1.0
2684,2025-12-07 04:00:00,Medium,23.07,48.95998251914992,5.0
2685,2025-12-05 14:00:00,High,3.2,153.74385925138031,4.0
2686,2025-12-22 15:00:00,Low,24.59,41.61191578032144,
2687,2025-12-27 21:00:00,Medium,26.79,,
2688,2025-12-05 09:00:00,Medium,15.23,72.99333537380862,3.0
2689,2025-12-03 01:00:00,High,15.11,110.48340371963283,4.0
2690,2025-12-02 14:00:00,Low,17.57,115.95585348344406,4.0
2691,2025-12-28 12:00:00,Medium,9.34,48.580817155079885,3.0
2692,2025-12-30 00:00:00,High,38.05,,
2693,2025-12-14 01:00:00,Low,24.77,180.06478592384283,2.0
2694,2025-12-02 07:00:00,Medium,12.23,74.81068623146895,3.0
2695,2025-12-08 04:00:00,Medium,2.56,18.870295561619994,1.0
2696,2025-12-17 01:00:00,High,6.55,21.92664156725797,
2697,2025-12-09 10:00:00,Medium,4.3,5.8684061571791455,2.0
2698,2025-12-18 05:00:00,High,20.54,152.22338300268822,
2699,2025-12-19 08:00:00,Low,2.31,173.09081094556896,
2700,2025-12-23 22:00:00,Low,19.11,20.190978768353197,
2701,2025-12-31 20:00:00,Medium,1.8,,
2702,2025-12-23 06:00:00,Low,1.44,40.059130073454746,2.0
2703,2025-12-19 01:00:00,Medium,20.26,51.719402762233656,5.0
2704,2025-12-06 13:00:00,Medium,8.02,98.82190672547215,2.0
2705,2025-12-15 00:00:00,High,10.27,15.798969523635346,
2706,2025-12-10 23:00:00,High,10.09,16.814547279222452,1.0
2707,2025-12-20 14:00:00,Low,0.01,118.44844141642085,4.0
2708,2025-12-25 10:00:00,Medium,7.91,68.5453467866149,1.0
2709,2025-12-08 05:00:00,Medium,2.23,31.033140755004695,5.0
2710,2025-12-03 09:00:00,Medium,0.67,135.82007093606592,3.0
2711,2025-12-24 03:00:00,High,1.16,24.22459159812681,1.0
2712,2025-12-31 13:00:00,Medium,,,
2713,2025-12-17 22:00:00,Medium,15.98,63.95478019800744,
2714,2025-12-16 11:00:00,High,2.32,62.270289975329945,
2715,2025-12-27 03:00:00,Medium,1.61,108.97006003395693,3.0
2716,2025-12-12 07:00:00,Low,11.64,95.86792500117754,
2717,2025-12-09 17:00:00,High,18.49,61.27920470752092,
2718,2025-12-28 15:00:00,Low,21.03,51.06877638036393,
2719,2025-12-01 22:00:00,Medium,2.9,38.89676858765318,
2720,2025-12-09 21:00:00,Medium,8.41,60.01570645216533,
2721,2025-12-29 20:00:00,High,12.35,,
2722,2025-12-01 16:00:00,High,0.8,76.655055028282,2.0
2723,2025-12-12 14:00:00,Medium,1.59,22.23158594983773,3.0
2724,2025-12-03 10:00:00,Medium,8.42,186.76273979647362,
2725,2025-12-12 11:00:00,Medium,37.31,38.83023024942004,2.0
2726,2025-12-08 08:00:00,Medium,5.81,10.597267588485906,3.0
2727,2025-12-13 00:00:00,Medium,2.89,96.13595156391631,1.0
2728,2025-12-09 08:00:00,Low,12.34,53.49438892248199,
2729,2025-12-12 12:00:00,Medium,8.71,77.73580603256056,1.0
2730,2025-12-21 17:00:00,Low,1.73,25.408471301463255,
2731,2025-12-23 01:00:00,High,28.03,63.89259051273389,5.0
2732,2025-12-06 20:00:00,Low,0.4,5.225139054586912,5.0
2733,2025-12-12 10:00:00,Medium,0.77,114.51145538208493,
2734,2025-12-15 12:00:00,Medium,12.43,113.22395271504078,2.0
2735,2025-12-03 21:00:00,Medium,4.44,53.3393002838279,
2736,2025-12-23 10:00:00,Low,47.65,146.74596616796356,4.0
2737,2025-12-22 13:00:00,High,3.5,9.504906691113332,
2738,2025-12-09 17:00:00,Low,6.4,20.067050558913966,
2739,2025-12-16 19:00:00,Medium,2.5,24.145836699439283,2.0
2740,2025-12-22 11:00:00,Low,7.25,12.575594300717908,
2741,2025-12-25 17:00:00,High,0.76,15.537841913127785,2.0
2742,2025-12-19 02:00:00,Medium,1.75,194.02383086422537,4.0
2743,2025-12-16 20:00:00,Medium,3.66,6.551818919412485,5.0
2744,2025-12-15 02:00:00,Low,3.32,12.665241477354751,1.0
2745,2025-12-03 11:00:00,Low,0.7,55.69151122149428,2.0
2746,2025-12-31 16:00:00,High,2.91,,
2747,2025-12-23 04:00:00,Medium,6.42,,
2748,2025-12-04 14:00:00,High,3.13,6.821698668353266,
2749,2025-12-13 23:00:00,Medium,5.36,94.46954947812677,1.0
2750,2025-12-15 08:00:00,Low,11.05,51.38855939809859,1.0
2751,2025-12-31 12:00:00,Medium,,,
2752,2025-12-14 16:00:00,High,4.57,65.97047849082927,
2753,2025-12-08 21:00:00,Medium,13.33,56.96180835151751,4.0
2754,2025-12-17 03:00:00,Medium,1.44,31.585286112287168,
2755,2025-12-11 07:00:00,Medium,17.3,63.20292326425303,2.0
2756,2025-12-24 18:00:00,Medium,9.04,50.99624962520463,5.0
2757,2025-12-25 10:00:00,Low,15.55,52.82191940061607,2.0
2758,2025-12-07 12:00:00,High,22.1,44.06706967728093,3.0
2759,2025-12-14 12:00:00,Medium,0.44,12.060343508183312,5.0
2760,2025-12-14 06:00:00,Medium,0.12,141.12449399799053,5.0
2761,2025-12-18 19:00:00,Medium,2.04,61.77171772653762,
2762,2025-12-02 03:00:00,Medium,16.97,93.71531911936269,
2763,2025-12-28 05:00:00,Medium,2.37,,
2764,2025-12-16 10:00:00,High,7.67,136.94316136909814,2.0
2765,2025-12-25 01:00:00,High,6.5,121.79187611565267,3.0
2766,2025-12-16 01:00:00,Medium,0.42,4.2786336252998165,
2767,2025-12-25 03:00:00,Medium,1.09,85.04124713875048,
2768,2025-12-20 00:00:00,Medium,8.32,63.17103102040351,
2769,2025-12-26 20:00:00,High,19.69,,
2770,2025-12-16 06:00:00,Low,11.71,79.72770373289848,5.0
2771,2025-12-31 08:00:00,Low,15.74,,
2772,2025-12-08 17:00:00,Medium,1.08,30.1660329139714,2.0
2773,2025-12-07 08:00:00,Medium,1.24,102.67441764246539,5.0
2774,2025-12-13 00:00:00,Medium,18.5,37.983342759952585,
2775,2025-12-23 04:00:00,Medium,1.66,67.0330665396782,
2776,2025-12-15 11:00:00,High,0.22,64.85715957183794,
2777,2025-12-22 23:00:00,Low,1.42,,
2778,2025-12-23 10:00:00,Medium,7.52,57.47822948645329,
2779,2025-12-25 09:00:00,Low,1.49,17.74239545340798,
2780,2025-12-06 02:00:00,Medium,12.99,33.843619586974015,
2781,2025-12-28 01:00:00,Medium,5.8,,
2782,2025-12-04 00:00:00,Medium,3.91,9.239844752749352,2.0
2783,2025-12-14 23:00:00,Medium,5.23,86.63242380559822,1.0
2784,2025-12-02 00:00:00,Medium,0.39,32.7639985699643,
2785,2025-12-13 12:00:00,Medium,7.0,93.2200188642944,5.0
2786,2025-12-08 07:00:00,Low,3.59,13.760220690766936,5.0
2787,2025-12-09 03:00:00,Low,5.12,59.437487262429634,3.0
2788,2025-12-30 00:00:00,High,2.28,,
2789,2025-12-04 00:00:00,Medium,25.08,49.37409865322533,
2790,2025-12-30 16:00:00,Medium,6.26,,
2791,2025-12-30 13:00:00,Medium,4.7,,
2792,2025-12-24 09:00:00,Medium,11.29,107.09967184768226,5.0
2793,2025-12-25 05:00:00,Low,5.31,,
2794,2025-12-17 10:00:00,Medium,15.03,25.27176217658011,
2795,2025-12-09 17:00:00,High,18.89,72.82991153016312,
2796,2025-12-28 10:00:00,Medium,8.24,,
2797,2025-12-21 04:00:00,Medium,13.72,89.20465571415376,
2798,2025-12-12 03:00:00,Low,4.04,52.394823460972816,
2799,2025-12-18 21:00:00,High,6.54,61.67534046224804,
2800,2025-12-05 04:00:00,Medium,10.53,58.20463963431758,
2801,2025-12-31 17:00:00,Low,0.38,,
2802,2025-12-29 17:00:00,Low,0.38,49.39227565995146,5.0
2803,2025-12-04 09:00:00,Medium,24.58,34.70409206303474,
2804,2025-12-11 10:00:00,Low,15.85,129.76065277775209,
2805,2025-12-10 00:00:00,Medium,12.98,25.623930053607538,
2806,2025-12-16 22:00:00,Low,23.05,45.875107126907885,2.0
2807,2025-12-04 13:00:00,Low,1.0,12.252868339078583,
2808,2025-12-10 20:00:00,Medium,11.04,442.04850202015933,
2809,2025-12-04 14:00:00,Medium,1.1,108.29903015502119,1.0
2810,2025-12-15 04:00:00,Medium,11.92,54.00504545017264,
2811,2025-12-11 17:00:00,Low,14.01,31.08535978717964,2.0
2812,2025-12-31 22:00:00,Medium,,,
2813,2025-12-15 13:00:00,High,6.1,89.53795121337882,2.0
2814,2025-12-27 12:00:00,Low,3.36,39.40869330496847,
2815,2025-12-09 19:00:00,Medium,11.11,62.67412481974139,4.0
2816,2025-12-05 11:00:00,Medium,20.01,41.52861809422029,
2817,2025-12-22 09:00:00,Medium,27.12,75.32395739086243,2.0
2818,2025-12-25 22:00:00,Low,5.01,,
2819,2025-12-19 15:00:00,High,6.7,99.35251307202691,
2820,2025-12-16 11:00:00,Medium,6.38,38.66583276507864,1.0
2821,2025-12-23 21:00:00,Low,3.39,39.26232543960879,5.0
2822,2025-12-04 02:00:00,Low,8.06,170.21974304897017,
2823,2025-12-25 07:00:00,Medium,9.19,31.284935703386218,4.0
2824,2025-12-11 14:00:00,Low,16.07,120.15976620398223,
2825,2025-12-06 22:00:00,High,14.46,30.48806601192769,
2826,2025-12-29 07:00:00,Medium,16.64,50.10419953318829,5.0
2827,2025-12-20 01:00:00,Low,4.94,9.99466005225332,3.0
2828,2025-12-24 19:00:00,Low,0.71,123.74814892842596,
2829,2025-12-31 05:00:00,Medium,1.15,14.545502734222325,
2830,2025-12-11 11:00:00,Low,4.94,76.55308063237135,1.0
2831,2025-12-18 07:00:00,Medium,4.01,27.726598330702195,1.0
2832,2025-12-24 06:00:00,High,6.68,147.54908342508736,5.0
2833,2025-12-29 21:00:00,Medium,34.54,,
2834,2025-12-21 04:00:00,Medium,14.09,51.91795049977193,
2835,2025-12-08 01:00:00,Medium,7.08,23.71796766236458,3.0
2836,2025-12-11 15:00:00,Medium,0.49,35.19570385395771,
2837,2025-12-21 19:00:00,Medium,1.33,23.161832314255427,2.0
2838,2025-12-09 23:00:00,Medium,2.62,17.518054634891836,
2839,2025-12-01 12:00:00,Medium,2.99,201.2736278042986,3.0
2840,2025-12-01 17:00:00,Low,10.38,35.63982598410575,1.0
2841,2025-12-14 04:00:00,Medium,0.48,31.33526119762506,
2842,2025-12-20 09:00:00,Medium,8.37,93.26191535759375,
2843,2025-12-07 05:00:00,Medium,5.22,37.29975432196391,
2844,2025-12-20 12:00:00,Low,0.73,23.858940700668814,
2845,2025-12-12 20:00:00,Low,0.09,149.53990496584527,
2846,2025-12-06 09:00:00,High,10.84,496.2513737634323,3.0
2847,2025-12-28 16:00:00,Low,1.9,,
2848,2025-12-31 10:00:00,Low,6.51,,
2849,2025-12-13 17:00:00,High,3.09,83.10052230292264,3.0
2850,2025-12-06 10:00:00,Low,10.92,79.29562534351867,
2851,2025-12-31 08:00:00,Low,4.18,,
2852,2025-12-15 22:00:00,Medium,19.75,200.65493194016818,3.0
2853,2025-12-08 07:00:00,Medium,30.94,128.76996178602553,1.0
2854,2025-12-05 09:00:00,Medium,9.47,45.32141573790257,
2855,2025-12-14 00:00:00,Medium,26.05,97.6171221806197,
2856,2025-12-26 17:00:00,Low,6.96,39.323079010704554,
2857,2025-12-20 06:00:00,Medium,2.28,126.7056252458555,
2858,2025-12-11 13:00:00,Low,19.85,107.93271066966955,
2859,2025-12-28 16:00:00,Low,42.53,57.94413227286313,5.0
2860,2025-12-21 06:00:00,High,5.56,84.50851321184203,5.0
2861,2025-12-29 20:00:00,Low,4.19,12.785472550230914,4.0
2862,2025-12-10 06:00:00,Medium,6.14,13.402682266284803,
2863,2025-12-13 10:00:00,Medium,1.97,68.52536389250334,4.0
2864,2025-12-17 13:00:00,Medium,1.16,3.3110810636423764,
2865,2025-12-14 01:00:00,High,1.4,310.0678744657724,4.0
2866,2025-12-27 00:00:00,Medium,6.41,28.403547638941184,
2867,2025-12-15 18:00:00,Low,35.75,152.87769004768816,
2868,2025-12-05 01:00:00,High,10.12,108.07765866875286,5.0
2869,2025-12-16 21:00:00,High,6.9,24.022020902556967,
2870,2025-12-18 05:00:00,High,20.75,68.81010220993764,
2871,2025-12-12 04:00:00,Medium,10.3,73.64894513887216,4.0
2872,2025-12-18 05:00:00,Low,8.38,74.535712600728,
2873,2025-12-22 12:00:00,Low,3.27,123.16625345690598,1.0
2874,2025-12-27 04:00:00,Medium,2.26,,
2875,2025-12-02 02:00:00,Low,24.91,59.147196835066794,4.0
2876,2025-12-27 15:00:00,Low,1.05,11.779802250139554,
2877,2025-12-31 11:00:00,Medium,,,
2878,2025-12-16 12:00:00,Medium,31.16,89.17763362303874,
2879,2025-12-07 11:00:00,Low,30.28,80.47443996679684,
2880,2025-12-19 23:00:00,High,7.1,8.637666378259453,
2881,2025-12-23 02:00:00,Medium,12.93,99.17628537373153,
2882,2025-12-06 14:00:00,Medium,29.87,42.6751484218865,
2883,2025-12-19 02:00:00,Medium,1.01,15.553779850824386,
2884,2025-12-29 09:00:00,Low,14.76,,
2885,2025-12-13 15:00:00,Medium,4.94,33.30024020860689,4.0
2886,2025-12-11 12:00:00,Medium,26.8,88.10899481109561,2.0
2887,2025-12-25 08:00:00,Medium,1.11,125.10637248343417,4.0
2888,2025-12-02 02:00:00,High,11.57,83.86406487895744,
2889,2025-12-08 00:00:00,Low,1.02,3.195543213659921,
2890,2025-12-25 02:00:00,Medium,5.19,11.201537242701125,4.0
2891,2025-12-08 20:00:00,High,2.45,7.700829117486543,
2892,2025-12-04 08:00:00,High,7.82,18.98008436910134,
2893,2025-12-17 01:00:00,Low,3.11,109.86969232864011,5.0
2894,2025-12-21 03:00:00,Low,17.06,169.57048945208965,
2895,2025-12-08 02:00:00,Low,15.0,96.60086359741541,
2896,2025-12-01 17:00:00,Low,6.04,34.543966771843266,
2897,2025-12-11 19:00:00,Medium,2.64,13.965464534333886,5.0
2898,2025-12-18 23:00:00,Low,3.4,121.83188201186927,1.0
2899,2025-12-31 09:00:00,Medium,3.14,,
2900,2025-12-17 00:00:00,Low,35.69,100.01108512076598,2.0
2901,2025-12-08 04:00:00,High,1.66,57.54006748760803,2.0
2902,2025-12-27 02:00:00,Low,0.46,113.54614445677922,
2903,2025-12-25 18:00:00,Low,25.72,76.0840421590503,
2904,2025-12-22 06:00:00,Low,4.41,115.99590660573564,
2905,2025-12-13 19:00:00,High,19.67,99.14075942799047,
2906,2025-12-15 21:00:00,Medium,13.51,37.48871751719042,5.0
2907,2025-12-30 01:00:00,Low,1.22,24.77690017568767,4.0
2908,2025-12-30 05:00:00,Medium,12.41,,
2909,2025-12-20 16:00:00,Medium,5.41,56.040421483637985,4.0
2910,2025-12-11 06:00:00,High,11.73,311.80215412197794,3.0
2911,2025-12-24 10:00:00,Low,9.26,62.90183477279767,4.0
2912,2025-12-08 21:00:00,Medium,6.71,14.276132178251888,
2913,2025-12-24 00:00:00,Medium,14.72,75.62502844401213,
2914,2025-12-15 19:00:00,Medium,21.23,54.67943815422653,2.0
2915,2025-12-20 21:00:00,Medium,1.87,173.69530609944394,1.0
2916,2025-12-02 09:00:00,Medium,22.66,66.26590443363617,
2917,2025-12-30 22:00:00,High,1.93,13.554891477601107,
2918,2025-12-07 13:00:00,High,28.58,141.9600727582818,
2919,2025-12-30 10:00:00,Low,17.19,,
2920,2025-12-06 01:00:00,Medium,0.7,231.612843674496,
2921,2025-12-10 16:00:00,High,0.91,112.25294280051622,2.0
2922,2025-12-29 08:00:00,Medium,1.04,,
2923,2025-12-26 02:00:00,Low,6.02,8.794519712174917,
2924,2025-12-29 04:00:00,Medium,0.84,,
2925,2025-12-11 20:00:00,Low,4.1,19.144401356461458,4.0
2926,2025-12-30 16:00:00,Low,9.16,,
2927,2025-12-16 20:00:00,Medium,4.53,78.95893378107706,3.0
2928,2025-12-19 09:00:00,Medium,2.46,13.675150162893594,
2929,2025-12-13 19:00:00,Medium,5.71,41.296006910915715,
2930,2025-12-17 13:00:00,Medium,0.29,43.8273419479199,5.0
2931,2025-12-25 00:00:00,Medium,8.31,44.41470606500166,
2932,2025-12-27 06:00:00,Medium,13.69,,
2933,2025-12-27 23:00:00,Low,4.97,,
2934,2025-12-11 12:00:00,Medium,5.17,49.22495420526324,1.0
2935,2025-12-21 00:00:00,Low,0.38,127.94482684918253,
2936,2025-12-16 05:00:00,Medium,1.57,123.38629044301055,2.0
2937,2025-12-10 17:00:00,High,9.73,66.04836684929002,5.0
2938,2025-12-05 06:00:00,Medium,12.44,50.79260014625025,
2939,2025-12-04 00:00:00,High,33.29,82.8974910534332,3.0
2940,2025-12-24 10:00:00,High,13.78,42.75586886847733,5.0
2941,2025-12-09 03:00:00,Low,6.64,80.18696962899241,2.0
2942,2025-12-21 01:00:00,Medium,2.6,165.37832671423405,
2943,2025-12-25 16:00:00,Medium,8.21,60.2050182738068,
2944,2025-12-25 15:00:00,Medium,13.42,,
2945,2025-12-17 15:00:00,Low,17.68,50.5753129513557,2.0
2946,2025-12-26 12:00:00,Medium,21.1,,
2947,2025-12-31 19:00:00,Low,,,
2948,2025-12-24 07:00:00,Low,0.82,3.0843437814833665,3.0
2949,2025-12-26 19:00:00,Low,0.25,,
2950,2025-12-08 06:00:00,Medium,1.53,15.009768529157473,2.0
2951,2025-12-23 20:00:00,Medium,7.25,84.60985691459595,
2952,2025-12-20 15:00:00,High,5.99,109.65390558588345,
2953,2025-12-12 06:00:00,Low,17.73,18.537028966898824,5.0
2954,2025-12-27 00:00:00,Medium,0.39,12.197917825697617,4.0
2955,2025-12-09 11:00:00,Low,8.91,28.38369000774978,5.0
2956,2025-12-02 14:00:00,High,9.33,37.38868448432923,
2957,2025-12-06 22:00:00,Low,42.65,122.35043093079886,
2958,2025-12-02 04:00:00,Medium,4.99,9.762029215561059,
2959,2025-12-26 13:00:00,Low,8.87,,
2960,2025-12-29 13:00:00,Low,15.19,57.25689199902406,
2961,2025-12-02 23:00:00,Low,4.71,203.28399351928144,
2962,2025-12-22 22:00:00,High,47.37,80.17720668006704,2.0
2963,2025-12-28 22:00:00,Medium,3.59,,
2964,2025-12-16 19:00:00,Low,0.69,21.376466414586346,3.0
2965,2025-12-14 07:00:00,Medium,29.36,32.718512225376806,2.0
2966,2025-12-14 16:00:00,Medium,12.14,342.94018176360976,4.0
2967,2025-12-23 04:00:00,Medium,12.18,53.06693984986194,
2968,2025-12-13 22:00:00,Medium,9.18,37.81583551268852,
2969,2025-12-25 14:00:00,Medium,9.29,65.96411998098037,2.0
2970,2025-12-08 03:00:00,High,9.64,157.21525805175082,2.0
2971,2025-12-30 02:00:00,Medium,11.16,,
2972,2025-12-21 18:00:00,Medium,35.15,170.56521707883198,
2973,2025-12-19 12:00:00,Medium,6.51,103.8729733495016,2.0
2974,2025-12-14 20:00:00,High,1.14,30.63903888104769,
2975,2025-12-25 02:00:00,Medium,30.85,,
2976,2025-12-11 18:00:00,Medium,4.09,102.33078683860121,5.0
2977,2025-12-08 15:00:00,Medium,2.18,118.89588861830511,
2978,2025-12-06 21:00:00,Medium,0.05,119.6274762746385,5.0
2979,2025-12-28 13:00:00,Medium,1.73,48.53852002678745,
2980,2025-12-15 14:00:00,Medium,5.08,24.650767736272897,
2981,2025-12-18 20:00:00,Low,9.87,40.88870357295885,1.0
2982,2025-12-28 15:00:00,Low,1.43,,
2983,2025-12-28 08:00:00,Low,12.77,,
2984,2025-12-30 08:00:00,High,3.0,7.797569264118332,4.0
2985,2025-12-02 00:00:00,Low,20.39,50.94241029545826,5.0
2986,2025-12-10 23:00:00,Medium,0.42,171.18866532892633,
2987,2025-12-25 17:00:00,Medium,0.68,16.235938904337306,
2988,2025-12-27 02:00:00,Medium,11.66,62.05421440514401,
2989,2025-12-18 16:00:00,Low,13.05,151.63580561216492,
2990,2025-12-22 20:00:00,Low,18.04,82.6954405400943,2.0
2991,2025-12-22 06:00:00,Medium,6.07,33.30588338210126,3.0
2992,2025-12-04 07:00:00,Medium,0.27,31.27882758067136,5.0
2993,2025-12-22 19:00:00,Medium,10.83,12.429071336969212,
2994,2025-12-24 11:00:00,Low,6.05,107.40225416586728,4.0
2995,2025-12-11 15:00:00,Medium,3.92,114.72641330882873,
2996,2025-12-08 10:00:00,High,6.75,27.33831206088618,5.0
2997,2025-12-09 19:00:00,Medium,10.78,159.16016641399693,3.0
2998,2025-12-18 11:00:00,Medium,22.89,39.44663142273957,
2999,2025-12-18 08:00:00,Medium,15.28,193.29211932785012,3.0
3000,2025-12-13 10:00:00,Medium,4.15,83.95380135505087,
3001,2025-12-21 16:00:00,Low,4.36,115.36074936643972,1.0
3002,2025-12-16 08:00:00,Low,0.94,35.15711416302628,3.0
3003,2025-12-24 12:00:00,Low,14.8,15.766686885974405,2.0
3004,2025-12-13 23:00:00,Low,31.19,195.56663091223737,4.0
3005,2025-12-12 18:00:00,High,15.53,25.98790187369479,2.0
3006,2025-12-10 03:00:00,Low,9.24,187.5003322921538,4.0
3007,2025-12-09 16:00:00,Medium,38.2,103.73330427543578,3.0
3008,2025-12-13 06:00:00,Low,8.46,99.69550124946579,
3009,2025-12-26 10:00:00,Medium,24.15,42.25029997482973,
3010,2025-12-08 19:00:00,High,28.8,102.88081755263022,
3011,2025-12-12 14:00:00,High,0.22,2.552209620997085,
3012,2025-12-28 11:00:00,High,20.74,,
3013,2025-12-21 06:00:00,High,6.38,82.36916567726337,5.0
3014,2025-12-15 13:00:00,Medium,1.59,18.18617834553389,
3015,2025-12-19 10:00:00,Medium,24.39,59.83852562057111,
3016,2025-12-17 08:00:00,High,3.44,25.733514144514697,1.0
3017,2025-12-04 16:00:00,Low,1.56,31.547001625405326,2.0
3018,2025-12-16 16:00:00,High,13.19,19.352433846698737,3.0
3019,2025-12-11 21:00:00,Low,1.29,21.942754460240405,3.0
3020,2025-12-27 00:00:00,Medium,21.66,65.50436233490561,1.0
3021,2025-12-12 17:00:00,Medium,19.91,87.65414624296145,
3022,2025-12-30 02:00:00,High,20.99,,
3023,2025-12-11 17:00:00,Medium,3.15,36.05510826428155,1.0
3024,2025-12-11 07:00:00,Medium,18.94,56.10591369675008,
3025,2025-12-26 22:00:00,Low,3.0,29.508575106997142,3.0
3026,2025-12-27 15:00:00,Low,0.82,,
3027,2025-12-16 11:00:00,Medium,9.96,79.7077760255998,5.0
3028,2025-12-05 19:00:00,Medium,2.89,19.94862476472134,2.0
3029,2025-12-15 09:00:00,Medium,30.34,41.04460945038923,1.0
3030,2025-12-22 15:00:00,Medium,2.54,60.44167514827077,
3031,2025-12-16 21:00:00,Medium,4.8,35.51622003480291,
3032,2025-12-26 09:00:00,Medium,3.74,32.9314308225412,3.0
3033,2025-12-26 13:00:00,Low,6.37,49.60962970552293,
3034,2025-12-05 00:00:00,High,0.96,36.686328303376364,1.0
3035,2025-12-09 20:00:00,Medium,8.27,136.92307063761504,2.0
3036,2025-12-15 10:00:00,Medium,5.77,166.70002807838216,2.0
3037,2025-12-25 21:00:00,Low,0.39,,
3038,2025-12-05 12:00:00,Medium,8.18,9.250827705526744,2.0
3039,2025-12-22 07:00:00,Medium,3.69,145.63633666339678,3.0
3040,2025-12-03 10:00:00,Medium,12.32,56.285813450190744,
3041,2025-12-17 05:00:00,Medium,14.08,26.28862491233867,
3042,2025-12-19 11:00:00,Low,4.1,92.27081065776655,
3043,2025-12-27 15:00:00,Medium,0.85,15.030335299229169,
3044,2025-12-16 00:00:00,Medium,8.54,80.11552731432175,
3045,2025-12-19 08:00:00,Low,2.68,83.44927304977362,
3046,2025-12-18 14:00:00,High,3.98,33.935023591674465,
3047,2025-12-07 03:00:00,High,1.1,66.64238255919507,
3048,2025-12-31 19:00:00,Low,,,
3049,2025-12-28 23:00:00,High,1.42,38.73984159395238,3.0
3050,2025-12-19 23:00:00,Medium,0.14,126.84750397420132,3.0
3051,2025-12-23 07:00:00,Medium,3.61,131.345840721987,
3052,2025-12-27 05:00:00,Medium,2.36,64.4129763650875,3.0
3053,2025-12-10 06:00:00,Low,0.66,22.245619460552756,
3054,2025-12-02 11:00:00,High,2.6,8.953200891257243,2.0
3055,2025-12-16 15:00:00,High,12.97,74.36351418614218,
3056,2025-12-06 16:00:00,Low,10.59,282.75894258339304,1.0
3057,2025-12-06 01:00:00,High,1.29,112.06184165463773,1.0
3058,2025-12-31 10:00:00,Medium,0.11,,
3059,2025-12-19 07:00:00,Medium,2.05,5.856578214064671,
3060,2025-12-25 03:00:00,Medium,4.62,17.117332432109684,2.0
3061,2025-12-18 13:00:00,Medium,1.34,172.15481576010373,1.0
3062,2025-12-30 03:00:00,Medium,0.24,,
3063,2025-12-26 18:00:00,Medium,3.78,,
3064,2025-12-27 04:00:00,Medium,9.94,20.37783282533737,5.0
3065,2025-12-10 16:00:00,Medium,4.38,32.86767720642314,2.0
3066,2025-12-11 14:00:00,Medium,2.35,41.718380689702286,
3067,2025-12-22 05:00:00,Low,0.04,91.36609978863841,
3068,2025-12-07 22:00:00,Medium,9.18,9.634292494531437,3.0
3069,2025-12-23 01:00:00,Medium,0.01,18.93983624085095,
3070,2025-12-18 07:00:00,Medium,1.45,25.965134991871604,2.0
3071,2025-12-27 10:00:00,Medium,6.26,,
3072,2025-12-25 06:00:00,High,0.33,1.18436167167432,
3073,2025-12-21 23:00:00,Medium,0.28,107.42709604752272,
3074,2025-12-20 19:00:00,Medium,3.06,123.43164449105322,
3075,2025-12-05 09:00:00,Low,4.1,21.89675005131862,
3076,2025-12-19 02:00:00,High,2.43,126.39628352680458,1.0
3077,2025-12-30 22:00:00,Low,10.42,,
3078,2025-12-13 19:00:00,Medium,15.47,21.17300345244975,2.0
3079,2025-12-10 15:00:00,Low,8.38,84.20878693807654,1.0
3080,2025-12-21 23:00:00,Medium,10.87,38.39418152173005,
3081,2025-12-04 10:00:00,Low,4.13,82.05878016906483,
3082,2025-12-28 20:00:00,High,3.36,4.794000751614691,1.0
3083,2025-12-01 20:00:00,High,5.91,8.19555893279288,
3084,2025-12-12 01:00:00,Medium,32.37,47.05339816313574,
3085,2025-12-29 11:00:00,Low,3.56,23.039765279713496,2.0
3086,2025-12-21 02:00:00,High,0.55,39.78903757172948,
3087,2025-12-27 08:00:00,Low,0.37,,
3088,2025-12-06 12:00:00,Medium,10.67,62.28486842336102,2.0
3089,2025-12-10 21:00:00,Medium,18.71,90.31135337669656,1.0
3090,2025-12-03 18:00:00,Medium,7.18,102.51529205254562,
3091,2025-12-04 13:00:00,High,2.47,42.47922590001211,3.0
3092,2025-12-22 20:00:00,Medium,0.97,38.307876574057744,1.0
3093,2025-12-28 00:00:00,Low,3.58,,
3094,2025-12-03 17:00:00,High,1.53,43.48526506154619,
3095,2025-12-06 01:00:00,High,4.16,107.33995916063519,
3096,2025-12-30 04:00:00,High,11.21,,
3097,2025-12-16 21:00:00,Low,16.94,58.63877826451049,5.0
3098,2025-12-08 22:00:00,Low,0.75,57.29350610200749,
3099,2025-12-12 11:00:00,Medium,0.45,70.9760540361363,1.0
3100,2025-12-15 10:00:00,Low,7.13,49.05903816156368,1.0
3101,2025-12-31 02:00:00,Medium,8.72,,
3102,2025-12-27 01:00:00,Medium,10.96,,
3103,2025-12-18 13:00:00,Low,7.97,12.50951908280105,
3104,2025-12-01 21:00:00,Low,20.25,21.00986173785643,
3105,2025-12-05 17:00:00,Medium,19.38,245.13589843724927,4.0
3106,2025-12-25 19:00:00,Low,16.9,61.45894389709472,4.0
3107,2025-12-02 16:00:00,Medium,19.2,33.88779325566612,
3108,2025-12-04 04:00:00,Medium,8.53,187.43308813475554,3.0
3109,2025-12-25 00:00:00,Medium,14.74,16.06702564492351,
3110,2025-12-13 10:00:00,Medium,4.05,417.7961492146212,4.0
3111,2025-12-19 18:00:00,Medium,21.38,106.38577295007775,5.0
3112,2025-12-16 07:00:00,High,6.97,134.36516096567271,
3113,2025-12-21 04:00:00,Low,1.51,34.4886495933601,
3114,2025-12-30 19:00:00,Medium,2.81,7.385836864124409,
3115,2025-12-07 21:00:00,Medium,1.16,33.59156778657317,2.0
3116,2025-12-01 09:00:00,High,2.76,27.139952844656513,
3117,2025-12-29 11:00:00,High,28.35,,
3118,2025-12-22 11:00:00,High,5.29,27.40714243655572,
3119,2025-12-24 19:00:00,Medium,16.42,110.42541720399072,5.0
3120,2025-12-21 16:00:00,Medium,3.55,54.94538497648273,4.0
3121,2025-12-02 01:00:00,Medium,4.95,103.27957098542312,4.0
3122,2025-12-10 14:00:00,High,4.33,69.22991552973461,
3123,2025-12-04 04:00:00,Medium,1.35,169.1739745173573,3.0
3124,2025-12-24 07:00:00,Low,2.72,27.77568837072414,
3125,2025-12-27 07:00:00,Low,2.83,,
3126,2025-12-28 08:00:00,High,7.48,13.443716973701447,
3127,2025-12-01 10:00:00,High,2.74,24.608366948617125,
3128,2025-12-28 07:00:00,Low,0.12,11.201801840977321,2.0
3129,2025-12-18 20:00:00,Low,11.82,293.68007092269374,
3130,2025-12-13 20:00:00,Low,5.47,13.47865775441284,
3131,2025-12-05 18:00:00,High,31.18,88.63106611072602,2.0
3132,2025-12-11 15:00:00,Low,6.57,7.446042646044492,
3133,2025-12-09 17:00:00,Medium,6.66,88.52963298133051,
3134,2025-12-22 12:00:00,High,1.54,13.839930978647192,
3135,2025-12-25 00:00:00,High,5.6,11.188844904589205,1.0
3136,2025-12-14 16:00:00,Medium,0.84,153.05197033018396,
3137,2025-12-27 21:00:00,High,0.01,58.7798702679948,
3138,2025-12-25 13:00:00,High,25.46,,
3139,2025-12-13 15:00:00,Low,30.38,66.40567191158509,3.0
3140,2025-12-25 16:00:00,Medium,3.28,143.73546579061556,4.0
3141,2025-12-24 15:00:00,Medium,3.15,9.072564564779263,5.0
3142,2025-12-10 23:00:00,Medium,15.99,25.504066173324198,2.0
3143,2025-12-08 11:00:00,Medium,0.06,96.42354487515026,4.0
3144,2025-12-03 10:00:00,Medium,1.22,12.352287678655792,
3145,2025-12-11 02:00:00,Medium,5.03,11.06714737758519,
3146,2025-12-04 08:00:00,Medium,9.63,106.45570077131713,
3147,2025-12-08 01:00:00,Medium,0.69,161.06604763415947,
3148,2025-12-23 00:00:00,High,4.99,206.32545571627463,2.0
3149,2025-12-18 23:00:00,Low,1.61,36.28973311572059,
3150,2025-12-26 17:00:00,High,0.36,59.33745611824459,
3151,2025-12-30 12:00:00,Medium,4.31,8.369165885849968,
3152,2025-12-21 02:00:00,Low,0.11,77.93279597407631,
3153,2025-12-25 09:00:00,High,0.43,53.776184675926665,
3154,2025-12-26 21:00:00,Medium,20.72,41.17265672007823,2.0
3155,2025-12-17 05:00:00,Medium,12.51,184.2301219311511,5.0
3156,2025-12-18 16:00:00,Medium,3.32,25.683245517192614,
3157,2025-12-04 11:00:00,Medium,4.04,25.702360313282075,2.0
3158,2025-12-08 18:00:00,Low,13.35,73.25059938877268,2.0
3159,2025-12-14 11:00:00,Low,16.43,115.68187210975427,
3160,2025-12-27 20:00:00,High,1.09,86.67817041787752,1.0
3161,2025-12-13 13:00:00,Medium,25.06,103.91469340391467,
3162,2025-12-25 12:00:00,Medium,3.47,93.01216903137066,3.0
3163,2025-12-21 15:00:00,Medium,13.58,62.989924444457,4.0
3164,2025-12-03 01:00:00,Medium,3.5,93.93242421332239,
3165,2025-12-30 10:00:00,Medium,3.39,,
3166,2025-12-27 08:00:00,Medium,23.79,,
3167,2025-12-13 22:00:00,Medium,0.22,78.55840270809152,
3168,2025-12-30 04:00:00,Medium,4.08,31.934017561679397,1.0
3169,2025-12-04 23:00:00,High,17.48,21.74362428716565,5.0
3170,2025-12-20 07:00:00,Medium,2.71,15.254069815503222,
3171,2025-12-27 02:00:00,Low,6.53,11.313576580358072,
3172,2025-12-23 03:00:00,Medium,1.15,14.905249540100533,
3173,2025-12-30 19:00:00,Medium,1.85,23.35900635484,1.0
3174,2025-12-19 23:00:00,Medium,21.33,51.176469407542214,2.0
3175,2025-12-30 17:00:00,Medium,1.11,13.080482516491024,
3176,2025-12-13 18:00:00,High,10.64,33.016143410239096,
3177,2025-12-29 21:00:00,Medium,14.69,48.91531227230634,2.0
3178,2025-12-20 02:00:00,Low,7.97,121.05066473085195,
3179,2025-12-25 13:00:00,Low,11.59,26.81610723344501,
3180,2025-12-31 06:00:00,Low,5.57,,
3181,2025-12-30 13:00:00,Medium,17.14,,
3182,2025-12-27 06:00:00,Medium,17.04,44.511855059782114,1.0
3183,2025-12-16 20:00:00,Medium,4.1,45.82874460975486,4.0
3184,2025-12-12 05:00:00,Medium,2.29,51.91574871043692,3.0
3185,2025-12-05 22:00:00,High,26.15,152.9203206568163,
3186,2025-12-06 15:00:00,Medium,1.35,79.18253396988013,3.0
3187,2025-12-13 09:00:00,Low,14.71,110.79982942173066,
3188,2025-12-19 09:00:00,Medium,20.03,53.27339318635211,2.0
3189,2025-12-24 10:00:00,Medium,15.33,,
3190,2025-12-26 06:00:00,Medium,4.15,26.86341404975991,
3191,2025-12-08 09:00:00,Medium,6.43,7.142099586991291,
3192,2025-12-13 03:00:00,Medium,1.03,102.69877774031312,
3193,2025-12-12 21:00:00,Medium,37.69,61.510834677500505,
3194,2025-12-15 08:00:00,Medium,15.88,21.70031116299319,
3195,2025-12-27 21:00:00,Low,6.9,73.28241224494116,
3196,2025-12-20 18:00:00,Medium,6.32,124.94108445773904,4.0
3197,2025-12-17 11:00:00,Medium,35.29,204.82385968696389,
3198,2025-12-26 13:00:00,High,6.48,64.11840453345845,
3199,2025-12-24 01:00:00,High,3.33,65.44923278115618,
3200,2025-12-06 19:00:00,Low,1.98,26.2147672751443,2.0
3201,2025-12-13 00:00:00,High,7.79,94.69847702116721,2.0
3202,2025-12-07 21:00:00,Low,9.33,93.90118453149607,
3203,2025-12-03 13:00:00,Medium,1.1,11.68151622052351,1.0
3204,2025-12-25 06:00:00,Low,2.6,19.603653289254762,1.0
3205,2025-12-17 15:00:00,Medium,4.17,50.51647080343078,
3206,2025-12-13 05:00:00,Low,4.29,61.44936834172626,5.0
3207,2025-12-04 20:00:00,Medium,21.12,29.415521298022334,5.0
3208,2025-12-22 15:00:00,Low,3.38,124.27755968470808,
3209,2025-12-14 06:00:00,High,4.04,25.97127553452739,2.0
3210,2025-12-28 07:00:00,Low,0.12,17.918686028140947,3.0
3211,2025-12-29 02:00:00,High,9.93,,
3212,2025-12-18 04:00:00,Medium,18.43,67.88268262387386,
3213,2025-12-22 11:00:00,Medium,22.15,65.02138473582744,5.0
3214,2025-12-13 05:00:00,Low,4.31,106.86334103252705,1.0
3215,2025-12-31 19:00:00,Medium,,,
3216,2025-12-24 22:00:00,Low,7.12,42.2450172599853,
3217,2025-12-27 05:00:00,Medium,23.7,104.30770827360561,5.0
3218,2025-12-01 06:00:00,Low,4.07,39.93641906788128,
3219,2025-12-10 18:00:00,Medium,2.87,34.3124392715155,
3220,2025-12-31 09:00:00,Medium,0.72,,
3221,2025-12-14 06:00:00,Medium,9.36,248.90309516404227,1.0
3222,2025-12-06 15:00:00,Medium,0.49,30.421784171559715,
3223,2025-12-19 01:00:00,Low,29.75,62.35048069330231,
3224,2025-12-31 06:00:00,Medium,8.73,,
3225,2025-12-23 05:00:00,Medium,3.48,97.51622960629243,
3226,2025-12-05 19:00:00,Low,5.67,57.725340829581235,
3227,2025-12-21 23:00:00,Low,12.37,239.97843161627623,
3228,2025-12-03 21:00:00,High,36.65,146.18592130638606,
3229,2025-12-04 22:00:00,Low,2.6,15.673538641184047,4.0
3230,2025-12-28 12:00:00,Medium,1.6,50.376946698054695,
3231,2025-12-07 09:00:00,Medium,3.07,55.17854026229274,2.0
3232,2025-12-25 20:00:00,High,1.21,110.35014914107272,2.0
3233,2025-12-25 00:00:00,Medium,1.54,18.02026904769604,
3234,2025-12-30 01:00:00,Medium,0.05,7.513256812888097,1.0
3235,2025-12-21 18:00:00,Medium,1.95,75.7821231536064,2.0
3236,2025-12-31 21:00:00,Medium,,,
3237,2025-12-21 15:00:00,Low,12.96,76.46906781426364,
3238,2025-12-02 14:00:00,Medium,8.17,182.82865456817146,2.0
3239,2025-12-14 08:00:00,Medium,0.01,11.431650894826161,
3240,2025-12-29 20:00:00,High,9.77,,
3241,2025-12-11 09:00:00,Low,6.33,29.760895537571905,4.0
3242,2025-12-10 08:00:00,Medium,3.52,153.56060039768838,
3243,2025-12-06 22:00:00,Medium,0.38,85.52698119889845,3.0
3244,2025-12-02 04:00:00,Medium,2.52,121.80211139199974,1.0
3245,2025-12-18 21:00:00,Medium,2.32,18.957163421844374,3.0
3246,2025-12-18 13:00:00,Low,4.88,125.34375450895921,3.0
3247,2025-12-27 17:00:00,Medium,9.48,,
3248,2025-12-14 01:00:00,High,0.26,18.952301177053904,
3249,2025-12-09 19:00:00,Low,22.2,35.143871360045736,2.0
3250,2025-12-19 19:00:00,High,0.87,18.4820857329514,1.0
3251,2025-12-07 14:00:00,Medium,10.82,26.726202599703054,1.0
3252,2025-12-14 06:00:00,Low,1.17,67.7389292790482,
3253,2025-12-17 13:00:00,Medium,8.86,58.392559775189504,
3254,2025-12-08 11:00:00,High,6.4,143.54566377209724,5.0
3255,2025-12-11 01:00:00,Medium,23.42,42.71594375902444,
3256,2025-12-16 16:00:00,Medium,16.43,18.579690985518354,
3257,2025-12-15 08:00:00,Low,0.72,7.112331911346243,3.0
3258,2025-12-05 04:00:00,High,0.09,183.13134033158875,
3259,2025-12-10 08:00:00,Medium,3.96,129.79478716157743,
3260,2025-12-20 06:00:00,Medium,1.87,135.41453200349247,1.0
3261,2025-12-01 19:00:00,Medium,3.05,204.5563882686892,5.0
3262,2025-12-13 13:00:00,Medium,18.03,111.38995311252411,
3263,2025-12-15 23:00:00,High,24.83,87.71817532164877,5.0
3264,2025-12-09 00:00:00,High,1.36,109.90282122719208,1.0
3265,2025-12-22 02:00:00,Medium,3.69,132.4366289852074,
3266,2025-12-20 05:00:00,Low,3.99,45.32188408867305,
3267,2025-12-03 06:00:00,Medium,1.8,2.0166871890125586,
3268,2025-12-08 02:00:00,Medium,2.54,167.49280017055105,3.0
3269,2025-12-10 08:00:00,High,29.28,138.69031782382555,
3270,2025-12-02 10:00:00,Medium,13.53,59.276740280391785,
3271,2025-12-17 15:00:00,High,27.02,30.64450954664919,1.0
3272,2025-12-02 21:00:00,High,12.96,42.701719851788184,
3273,2025-12-24 04:00:00,Medium,16.48,96.59720243551068,
3274,2025-12-20 12:00:00,Medium,22.51,35.09833326069784,2.0
3275,2025-12-18 21:00:00,Medium,0.14,43.78278874687009,
3276,2025-12-02 00:00:00,Medium,10.91,35.88174757641362,3.0
3277,2025-12-04 04:00:00,Medium,13.16,84.22342668286046,
3278,2025-12-13 20:00:00,Low,27.98,54.7706148327713,
3279,2025-12-07 16:00:00,High,3.87,31.579978662662757,
3280,2025-12-08 13:00:00,High,13.95,79.65005614323915,
3281,2025-12-17 02:00:00,High,13.42,47.33655292936842,
3282,2025-12-17 14:00:00,Medium,8.05,26.968899388708582,
3283,2025-12-19 20:00:00,Medium,2.45,281.6676854446375,
3284,2025-12-02 17:00:00,Medium,7.74,26.33356181554211,5.0
3285,2025-12-25 21:00:00,Low,1.25,,
3286,2025-12-29 07:00:00,High,22.55,,
3287,2025-12-18 16:00:00,Medium,0.02,197.59644186985867,3.0
3288,2025-12-09 15:00:00,Low,18.53,63.52732221855526,3.0
3289,2025-12-19 16:00:00,Medium,9.8,24.3246499551143,4.0
3290,2025-12-25 22:00:00,Medium,19.69,99.45492040423728,
3291,2025-12-07 23:00:00,Medium,20.91,68.02002817851975,
3292,2025-12-21 06:00:00,High,8.58,102.28471171948708,
3293,2025-12-17 00:00:00,Low,4.21,67.72483217402329,
3294,2025-12-12 18:00:00,Medium,1.46,24.714545020729275,2.0
3295,2025-12-26 08:00:00,Medium,1.29,39.97786222856631,4.0
3296,2025-12-25 21:00:00,Low,4.22,5.190870841592436,4.0
3297,2025-12-13 17:00:00,Medium,15.65,21.71941747352551,
3298,2025-12-26 03:00:00,High,29.41,126.47039224882197,2.0
3299,2025-12-15 00:00:00,Medium,9.72,76.46173528444932,4.0
3300,2025-12-04 09:00:00,Medium,18.37,62.761647915240644,
3301,2025-12-26 20:00:00,Medium,6.13,55.69133801137202,
3302,2025-12-13 22:00:00,Medium,9.59,17.814459569423665,3.0
3303,2025-12-30 15:00:00,Medium,7.68,,
3304,2025-12-20 23:00:00,Medium,0.88,39.33439022659127,4.0
3305,2025-12-11 00:00:00,High,19.45,24.770258034340408,1.0
3306,2025-12-16 01:00:00,Medium,8.77,96.11092318746057,
3307,2025-12-25 02:00:00,Low,3.67,,
3308,2025-12-08 19:00:00,High,8.63,63.209901921955996,
3309,2025-12-16 07:00:00,Medium,10.99,57.559874183625006,1.0
3310,2025-12-17 07:00:00,Low,7.12,69.49551598978546,5.0
3311,2025-12-30 02:00:00,High,1.1,39.924765564413924,2.0
3312,2025-12-19 04:00:00,Low,7.92,16.39316370893755,
3313,2025-12-08 12:00:00,Low,9.95,65.61926046392327,2.0
3314,2025-12-11 23:00:00,Low,7.58,140.43781048753266,4.0
3315,2025-12-05 07:00:00,High,6.28,20.70306654739254,
3316,2025-12-06 18:00:00,Medium,5.45,82.03837048042982,4.0
3317,2025-12-28 07:00:00,Medium,11.39,28.942534423186654,3.0
3318,2025-12-21 01:00:00,Medium,3.54,86.50297715302901,
3319,2025-12-16 23:00:00,High,12.81,27.999246693454694,
3320,2025-12-13 16:00:00,Low,15.14,114.56909971345857,3.0
3321,2025-12-18 14:00:00,High,5.24,37.86331777558846,
3322,2025-12-29 01:00:00,Medium,5.55,25.374236523813334,
3323,2025-12-21 19:00:00,High,1.82,25.445962916014004,5.0
3324,2025-12-21 23:00:00,High,3.15,110.11147512964966,
3325,2025-12-31 18:00:00,Medium,,,
3326,2025-12-04 12:00:00,Medium,0.44,4.623350280786008,2.0
3327,2025-12-02 20:00:00,Medium,11.23,47.00501667932089,2.0
3328,2025-12-23 05:00:00,High,0.93,34.106693940487666,
3329,2025-12-24 09:00:00,Medium,3.28,16.353667607817545,3.0
3330,2025-12-04 18:00:00,Medium,3.42,28.4926198177741,
3331,2025-12-27 20:00:00,Medium,1.48,14.643294246495751,3.0
3332,2025-12-22 10:00:00,Medium,16.94,64.47504830736511,5.0
3333,2025-12-21 09:00:00,Medium,8.18,36.69174499877822,
3334,2025-12-12 04:00:00,Medium,23.24,271.615880814206,
3335,2025-12-22 08:00:00,Low,2.51,138.16347472217177,3.0
3336,2025-12-08 02:00:00,Low,0.91,4.362811383969984,3.0
3337,2025-12-17 15:00:00,High,11.65,22.51502422387579,5.0
3338,2025-12-21 12:00:00,Low,10.58,68.56938315068234,
3339,2025-12-01 17:00:00,Low,26.29,148.4951411099023,
3340,2025-12-09 17:00:00,Low,0.93,108.28403878790944,4.0
3341,2025-12-11 03:00:00,Medium,5.95,33.819299425968886,
3342,2025-12-21 23:00:00,Low,4.35,98.31655805312433,1.0
3343,2025-12-09 00:00:00,High,1.09,31.280099684334076,4.0
3344,2025-12-06 14:00:00,Low,9.32,424.22252835659003,5.0
3345,2025-12-09 22:00:00,Medium,19.19,61.05142540694193,1.0
3346,2025-12-21 04:00:00,Medium,10.39,18.629494206443717,
3347,2025-12-16 19:00:00,Medium,29.99,66.81689415621504,3.0
3348,2025-12-12 05:00:00,Medium,14.74,32.52955474480331,
3349,2025-12-12 02:00:00,Medium,3.32,115.06053759433813,
3350,2025-12-01 08:00:00,Medium,7.9,11.734536761468945,
3351,2025-12-31 22:00:00,Medium,,,
3352,2025-12-30 06:00:00,Low,4.58,31.592056907351243,2.0
3353,2025-12-18 08:00:00,Medium,13.7,36.158175699187325,3.0
3354,2025-12-29 02:00:00,Low,6.09,20.462868051753063,4.0
3355,2025-12-14 08:00:00,Medium,9.23,43.365370173821916,
3356,2025-12-22 13:00:00,Medium,4.25,74.03455910788084,
3357,2025-12-29 01:00:00,High,11.58,,
3358,2025-12-05 08:00:00,Medium,17.45,110.2528299165081,1.0
3359,2025-12-17 21:00:00,Medium,2.45,96.96773988614933,2.0
3360,2025-12-05 07:00:00,Low,5.51,63.9503715477869,
3361,2025-12-28 11:00:00,Medium,1.4,32.512999819843856,
3362,2025-12-03 13:00:00,Medium,4.28,82.9617947654117,4.0
3363,2025-12-14 04:00:00,Medium,20.68,26.611500799424896,
3364,2025-12-29 13:00:00,Medium,2.07,,
3365,2025-12-09 19:00:00,Medium,13.31,197.9189348849546,4.0
3366,2025-12-26 22:00:00,Low,15.23,,
3367,2025-12-02 00:00:00,Low,12.81,242.85652788803816,2.0
3368,2025-12-20 09:00:00,Medium,5.24,34.086564989203865,4.0
3369,2025-12-17 04:00:00,High,0.22,8.944774742050823,2.0
3370,2025-12-11 03:00:00,High,7.89,47.362605965005926,
3371,2025-12-31 06:00:00,Medium,4.36,,
3372,2025-12-09 18:00:00,Low,18.25,119.17196017796525,1.0
3373,2025-12-17 14:00:00,Medium,1.31,44.78953611623007,4.0
3374,2025-12-10 14:00:00,Low,9.59,29.606892433102445,2.0
3375,2025-12-09 05:00:00,Medium,10.8,59.31557604707902,
3376,2025-12-10 06:00:00,Low,9.9,152.75482774681487,
3377,2025-12-30 20:00:00,High,7.5,,
3378,2025-12-14 11:00:00,Low,2.24,89.88377601394178,5.0
3379,2025-12-12 15:00:00,High,3.33,28.400928210410868,2.0
3380,2025-12-16 20:00:00,High,8.48,31.70787672426152,
3381,2025-12-26 15:00:00,Medium,4.89,19.23517474816629,
3382,2025-12-31 09:00:00,Low,6.85,,
3383,2025-12-26 00:00:00,Medium,17.46,134.21978123972946,3.0
3384,2025-12-20 09:00:00,Medium,11.89,151.63799335333493,4.0
3385,2025-12-15 13:00:00,Low,1.98,35.658289491977925,1.0
3386,2025-12-10 09:00:00,Low,32.83,40.875199903049484,2.0
3387,2025-12-13 04:00:00,Low,1.0,2.125144251600056,4.0
3388,2025-12-19 17:00:00,Medium,3.67,86.54469417142442,
3389,2025-12-07 06:00:00,High,1.0,56.701615473572964,
3390,2025-12-26 03:00:00,Medium,1.09,15.505444855060812,4.0
3391,2025-12-29 00:00:00,Medium,10.78,,
3392,2025-12-16 20:00:00,Low,35.73,74.354657208106,3.0
3393,2025-12-23 04:00:00,Medium,14.6,111.24964722978852,
3394,2025-12-31 14:00:00,Low,3.1,,
3395,2025-12-01 07:00:00,Low,22.36,121.4701718375636,
3396,2025-12-16 09:00:00,Low,4.73,13.42078846025891,
3397,2025-12-29 04:00:00,High,3.8,8.534415044764597,
3398,2025-12-25 20:00:00,Medium,8.49,111.93797031566328,
3399,2025-12-22 09:00:00,High,13.81,31.12142632958316,5.0
3400,2025-12-07 10:00:00,Low,0.68,14.690922323495041,2.0
3401,2025-12-10 19:00:00,Low,7.29,64.48413447825689,
3402,2025-12-10 19:00:00,Medium,2.46,21.52696477696481,2.0
3403,2025-12-19 17:00:00,Medium,13.23,25.60383866322372,5.0
3404,2025-12-20 01:00:00,Medium,7.74,24.362086529377265,4.0
3405,2025-12-26 10:00:00,Medium,11.5,67.4422276248082,1.0
3406,2025-12-27 00:00:00,Medium,7.53,27.922586983195394,2.0
3407,2025-12-03 20:00:00,Medium,8.33,81.29603502129572,4.0
3408,2025-12-03 00:00:00,Medium,1.15,143.50970681317534,
3409,2025-12-16 21:00:00,Medium,8.72,10.38731318957515,2.0
3410,2025-12-03 02:00:00,Low,3.1,153.12363343715253,1.0
3411,2025-12-24 15:00:00,High,3.64,118.40534495064877,2.0
3412,2025-12-03 00:00:00,Low,0.19,169.053899689232,
3413,2025-12-30 10:00:00,Low,1.23,25.994835068772506,
3414,2025-12-16 05:00:00,Low,1.81,118.24333860411927,3.0
3415,2025-12-30 16:00:00,Medium,4.53,23.197862112876514,2.0
3416,2025-12-01 23:00:00,Medium,5.59,123.16163862074902,
3417,2025-12-07 00:00:00,Medium,0.43,339.4601293787998,
3418,2025-12-08 21:00:00,Medium,0.6,83.31074053437511,
3419,2025-12-20 13:00:00,Medium,13.91,54.164202009312305,2.0
3420,2025-12-13 00:00:00,Medium,17.01,19.42718340181376,5.0
3421,2025-12-06 20:00:00,Medium,25.91,213.4019749729205,1.0
3422,2025-12-19 20:00:00,Low,0.01,3.8086141302292162,
3423,2025-12-22 20:00:00,High,31.54,167.4585371193766,1.0
3424,2025-12-19 01:00:00,High,56.56,128.30703365183217,4.0
3425,2025-12-25 14:00:00,High,2.86,34.46669207113813,
3426,2025-12-11 13:00:00,Low,1.13,83.76652817892884,2.0
3427,2025-12-18 18:00:00,Medium,1.99,7.926029287585185,
3428,2025-12-07 00:00:00,Low,0.25,0.3709005143988266,
3429,2025-12-27 11:00:00,Low,7.77,46.194923776749704,4.0
3430,2025-12-15 11:00:00,Low,7.56,44.92567876472056,
3431,2025-12-11 15:00:00,Low,16.89,115.60881276095887,
3432,2025-12-29 13:00:00,High,2.31,38.52587479573711,5.0
3433,2025-12-27 20:00:00,Low,0.44,,
3434,2025-12-08 22:00:00,High,7.07,47.634244949390016,4.0
3435,2025-12-20 00:00:00,Medium,12.39,22.092993040313885,2.0
3436,2025-12-17 15:00:00,High,8.03,44.13869801709008,2.0
3437,2025-12-11 17:00:00,Medium,11.44,190.5012383818115,3.0
3438,2025-12-11 19:00:00,High,1.48,125.20663847540811,2.0
3439,2025-12-15 11:00:00,Medium,10.64,80.30586747936479,1.0
3440,2025-12-21 23:00:00,Medium,2.59,41.12814934199139,
3441,2025-12-08 08:00:00,High,4.14,6.818286648294965,
3442,2025-12-18 07:00:00,Medium,0.58,86.10242149179767,1.0
3443,2025-12-21 21:00:00,Medium,6.92,47.227789816453864,
3444,2025-12-26 01:00:00,Medium,17.31,83.02120206033857,5.0
3445,2025-12-26 21:00:00,Medium,22.6,,
3446,2025-12-01 23:00:00,Low,6.36,21.13391098807809,
3447,2025-12-08 05:00:00,Medium,3.99,151.7427438975147,
3448,2025-12-05 00:00:00,Medium,15.06,141.53018112703379,
3449,2025-12-31 17:00:00,Low,,,
3450,2025-12-23 07:00:00,Medium,1.56,6.996765923931619,1.0
3451,2025-12-15 16:00:00,Medium,6.67,21.083991534153146,4.0
3452,2025-12-16 21:00:00,Medium,7.28,29.223052039186978,
3453,2025-12-09 18:00:00,High,1.53,89.08548953698562,4.0
3454,2025-12-25 03:00:00,Medium,24.96,25.316989973649054,
3455,2025-12-03 08:00:00,Medium,6.76,21.466755683415634,2.0
3456,2025-12-08 11:00:00,Low,0.01,63.51392200878962,
3457,2025-12-19 04:00:00,Medium,7.94,118.26619657202043,
3458,2025-12-20 05:00:00,Medium,1.4,39.69452070431761,
3459,2025-12-03 22:00:00,Medium,1.39,37.421447825831684,3.0
3460,2025-12-13 12:00:00,Low,6.16,130.96255419886384,5.0
3461,2025-12-20 19:00:00,Medium,0.13,50.96607619590213,
3462,2025-12-19 06:00:00,Medium,20.91,154.76567735032123,
3463,2025-12-26 08:00:00,Medium,2.61,6.295018227832545,5.0
3464,2025-12-21 20:00:00,High,15.26,17.489478433191568,
3465,2025-12-04 07:00:00,Medium,14.13,24.441609034129115,3.0
3466,2025-12-22 20:00:00,Low,9.14,15.944344342032371,5.0
3467,2025-12-29 22:00:00,Low,1.61,,
3468,2025-12-12 22:00:00,Medium,2.23,10.66969797847463,2.0
3469,2025-12-22 02:00:00,High,22.96,,
3470,2025-12-22 16:00:00,Medium,6.38,45.431771329623,3.0
3471,2025-12-07 07:00:00,Medium,28.09,42.272476316674734,3.0
3472,2025-12-20 15:00:00,Low,1.12,74.57759746173595,
3473,2025-12-20 01:00:00,Medium,16.99,103.3482383863706,2.0
3474,2025-12-07 18:00:00,Medium,10.4,385.2653846262908,2.0
3475,2025-12-21 11:00:00,Medium,13.71,69.62018537601094,1.0
3476,2025-12-20 01:00:00,Medium,5.09,23.431252043744625,1.0
3477,2025-12-12 00:00:00,Low,7.16,38.36628504586607,
3478,2025-12-23 16:00:00,Medium,21.01,54.69780312348439,3.0
3479,2025-12-11 03:00:00,High,1.81,69.8784421530708,
3480,2025-12-09 04:00:00,Medium,12.63,31.440363471762673,2.0
3481,2025-12-21 18:00:00,Low,2.79,177.9351736685883,
3482,2025-12-31 13:00:00,High,2.67,,
3483,2025-12-16 23:00:00,Low,0.66,22.055801222211315,2.0
3484,2025-12-06 17:00:00,Medium,27.54,104.41473267818455,
3485,2025-12-08 03:00:00,Medium,14.31,89.93770062125883,5.0
3486,2025-12-29 17:00:00,High,1.23,,
3487,2025-12-02 07:00:00,Medium,3.69,101.30975541072037,5.0
3488,2025-12-08 03:00:00,Medium,10.32,59.16244495276086,
3489,2025-12-25 02:00:00,Medium,1.08,39.745280540801,
3490,2025-12-07 05:00:00,Low,13.23,37.92102269257173,2.0
3491,2025-12-12 00:00:00,Medium,10.54,101.54622726996055,
3492,2025-12-21 17:00:00,High,6.69,155.4633680016752,3.0
3493,2025-12-18 18:00:00,Low,24.3,99.6345953498006,4.0
3494,2025-12-28 03:00:00,High,14.88,26.869772342371924,2.0
3495,2025-12-28 05:00:00,Low,4.78,43.44698246655558,3.0
3496,2025-12-05 03:00:00,Medium,18.41,29.699304638783097,
3497,2025-12-29 00:00:00,High,14.39,,
3498,2025-12-07 18:00:00,Medium,4.71,67.34845169273818,1.0
3499,2025-12-03 18:00:00,Medium,5.42,17.666422191410966,2.0
3500,2025-12-26 13:00:00,Medium,1.85,50.36617111852087,
