line_id,date,category,region,quantity,unit_price,discount,returned,unit_cost
1,2025-01-12,Home,East,4,126.47,0.0,0,69.98
2,2025-08-07,Electronics,East,4,201.62,0.05,0,91.42
3,2025-02-13,Grocery,South,4,94.1,0.05,0,46.37
4,2025-08-02,Electronics,West,1,93.95,0.0,0,58.49
5,2025-05-30,Clothing,West,2,157.01,0.05,0,81.86
6,2025-01-18,Electronics,East,1,204.21,0.0,0,149.33
7,2025-01-03,Electronics,North,2,222.72,0.3,0,187.9
8,2025-12-05,Clothing,South,1,214.94,0.15,0,112.59
9,2025-12-10,Clothing,West,4,17.26,0.05,0,9.65
10,2025-12-25,Home,North,2,187.08,0.05,0,156.32
11,2025-10-31,Grocery,South,1,190.02,0.3,0,140.18
12,2025-08-04,Electronics,East,3,87.44,0.3,0,64.5
13,2025-06-23,Electronics,North,1,60.51,0.15,0,38.66
14,2025-01-17,Home,North,1,139.24,0.3,0,109.1
15,2025-11-02,Grocery,East,5,206.96,0.3,0,160.32
16,2025-06-20,Electronics,East,4,24.64,0.3,0,18.65
17,2025-02-07,Clothing,East,4,167.34,0.05,0,77.7
18,2025-01-10,Home,North,1,164.83,0.15,0,134.21
19,2025-02-27,Grocery,East,5,213.94,0.15,0,96.73
20,2025-06-18,Home,South,3,148.13,0.15,0,109.91
21,2025-03-29,Home,West,5,109.39,0.3,0,55.6
22,2025-04-05,Clothing,East,3,158.9,0.15,0,84.76
23,2025-10-03,Electronics,North,1,242.12,0.15,0,109.05
24,2025-09-25,Electronics,North,1,216.87,0.15,0,121.73
25,2025-09-20,Clothing,West,2,167.16,0.3,0,77.41
26,2025-07-20,Home,West,3,139.88,0.05,0,72.01
27,2025-11-02,Electronics,North,2,195.19,0.05,0,107.18
28,2025-01-18,Electronics,East,4,243.18,0.0,0,201.71
29,2025-07-20,Clothing,South,4,63.16,0.3,0,30.95
30,2025-06-06,Clothing,South,2,31.53,0.15,0,18.23
31,2025-10-12,Home,West,1,88.01,0.15,0,58.32
32,2025-05-13,Electronics,North,3,77.92,0.3,0,50.99
33,2025-05-19,Grocery,North,3,114.69,0.3,0,64.89
34,2025-01-31,Electronics,South,3,123.03,0.15,0,81.84
35,2025-01-22,Grocery,West,2,220.54,0.3,0,140.36
36,2025-07-01,Grocery,West,2,41.96,0.0,0,28.7
37,2025-01-30,Clothing,South,5,221.47,0.15,0,166.23
38,2025-11-26,Home,West,2,154.24,0.0,0,74.71
39,2025-04-05,Clothing,East,1,139.47,0.0,0,93.42
40,2025-02-06,Home,South,1,94.42,0.0,1,72.01
41,2025-03-09,Clothing,West,2,69.18,0.05,0,51.04
42,2025-11-29,Clothing,North,4,140.42,0.0,0,84.11
43,2025-07-16,Home,South,3,182.83,0.05,0,120.04
44,2025-04-03,Electronics,South,3,38.01,0.15,0,31.76
45,2025-04-21,Grocery,North,1,63.1,0.15,0,47.35
46,2025-04-11,Grocery,East,1,45.36,0.05,0,38.33
47,2025-08-06,Clothing,South,3,22.56,0.0,0,14.78
48,2025-09-01,Home,West,4,235.37,0.05,0,187.59
49,2025-03-15,Grocery,West,4,219.17,0.05,0,137.99
50,2025-05-30,Home,North,3,83.01,0.0,0,58.99
51,2025-04-27,Grocery,North,2,243.21,0.0,0,172.21
52,2025-06-17,Clothing,North,4,142.66,0.05,0,85.86
53,2025-09-01,Clothing,West,2,96.82,0.15,1,68.2
54,2025-04-07,Home,East,3,56.24,0.3,0,27.25
55,2025-08-04,Grocery,North,3,68.72,0.3,0,47.62
56,2025-01-12,Grocery,North,5,180.51,0.3,0,151.21
57,2025-07-01,Clothing,East,1,198.3,0.15,0,141.02
58,2025-12-17,Electronics,North,2,103.1,0.0,0,59.16
59,2025-04-25,Clothing,South,4,167.43,0.15,0,130.36
60,2025-04-19,Clothing,North,1,130.74,0.05,0,98.67
61,2025-01-12,Clothing,South,2,85.44,0.3,0,58.16
62,2025-12-21,Clothing,North,3,122.96,0.15,0,75.85
63,2025-03-27,Home,West,2,100.13,0.15,0,50.67
64,2025-07-10,Home,West,3,113.08,0.15,1,70.39
65,2025-04-20,Home,East,3,249.02,0.3,1,189.56
66,2025-03-30,Electronics,North,1,73.29,0.05,0,42.97
67,2025-08-30,Home,West,5,74.94,0.15,0,46.93
68,2025-07-23,Electronics,South,1,62.18,0.0,0,51.19
69,2025-08-01,Clothing,North,3,137.23,0.3,0,80.13
70,2025-12-20,Grocery,East,5,43.43,0.3,0,23.98
71,2025-10-29,Electronics,West,4,241.3,0.15,0,110.84
72,2025-05-21,Grocery,North,1,66.17,0.05,0,44.34
73,2025-05-07,Grocery,East,4,96.44,0.05,0,51.0
74,2025-03-09,Grocery,North,3,42.19,0.15,0,31.9
75,2025-01-19,Home,North,1,96.35,0.3,0,43.68
76,2025-07-11,Electronics,South,2,120.99,0.05,1,79.47
77,2025-08-21,Home,East,4,169.85,0.05,1,98.91
78,2025-06-08,Home,West,1,119.72,0.3,0,84.28
79,2025-06-10,Home,West,1,79.64,0.05,0,61.09
80,2025-10-11,Grocery,South,1,58.57,0.15,0,31.78
81,2025-12-07,Home,West,2,99.96,0.05,0,82.12
82,2025-08-09,Grocery,North,2,156.03,0.05,0,105.43
83,2025-01-07,Clothing,North,4,19.15,0.3,0,9.49
84,2025-03-23,Grocery,East,1,147.46,0.15,0,73.87
85,2025-02-27,Grocery,East,1,17.84,0.3,0,13.82
86,2025-06-07,Grocery,East,3,184.08,0.3,0,94.45
87,2025-04-05,Electronics,South,4,61.82,0.05,0,49.37
88,2025-07-30,Electronics,South,5,91.45,0.3,0,45.43
89,2025-07-14,Home,East,4,92.97,0.15,0,49.1
90,2025-03-25,Electronics,West,2,113.77,0.05,0,80.05
91,2025-03-25,Grocery,West,5,178.88,0.0,0,109.44
92,2025-09-12,Home,South,4,244.83,0.15,0,199.72
93,2025-01-01,Grocery,North,1,91.7,0.0,0,41.63
94,2025-05-24,Electronics,East,1,174.87,0.05,0,84.62
95,2025-11-24,Grocery,North,4,31.47,0.05,0,22.75
96,2025-07-13,Home,South,3,163.3,0.15,0,96.96
97,2025-05-20,Grocery,South,3,31.4,0.05,0,23.21
98,2025-03-16,Clothing,North,4,156.04,0.3,0,84.33
99,2025-05-16,Clothing,South,5,79.64,0.3,0,62.78
100,2025-12-12,Clothing,South,2,214.59,0.0,0,113.05
101,2025-09-18,Home,West,4,42.15,0.3,0,35.6
102,2025-01-19,Home,North,4,125.91,0.3,0,87.07
103,2025-08-28,Grocery,East,5,226.48,0.0,0,120.17
104,2025-07-09,Home,North,5,201.64,0.05,0,126.61
105,2025-04-13,Electronics,East,5,91.87,0.3,0,60.04
106,2025-09-11,Clothing,South,3,16.62,0.0,0,8.68
107,2025-09-02,Electronics,North,5,117.58,0.15,0,87.12
108,2025-04-21,Clothing,North,3,60.1,0.3,0,47.32
109,2025-04-25,Home,West,3,56.89,0.05,0,31.42
110,2025-08-16,Grocery,West,3,213.09,0.05,0,110.69
111,2025-02-07,Home,South,3,207.2,0.3,0,95.49
112,2025-06-07,Home,West,5,232.65,0.05,0,181.61
113,2025-04-21,Clothing,South,1,112.82,0.3,0,81.19
114,2025-07-28,Grocery,South,2,198.5,0.0,0,137.22
115,2025-07-02,Clothing,South,1,162.69,0.15,0,113.12
116,2025-11-27,Grocery,North,3,90.13,0.15,0,54.83
117,2025-02-18,Grocery,South,2,49.51,0.15,0,34.72
118,2025-03-01,Clothing,South,2,135.6,0.3,0,99.44
119,2025-08-02,Clothing,South,1,232.17,0.15,0,109.23
120,2025-05-27,Home,West,2,193.47,0.05,0,96.78
121,2025-12-28,Electronics,South,3,245.18,0.0,0,189.73
122,2025-09-28,Clothing,North,5,80.2,0.05,0,43.52
123,2025-09-03,Clothing,North,3,204.31,0.0,0,118.3
124,2025-09-02,Electronics,West,2,21.07,0.15,0,10.5
125,2025-05-31,Clothing,North,4,88.08,0.3,0,51.76
126,2025-10-03,Grocery,North,5,171.87,0.15,0,140.74
127,2025-03-05,Home,East,2,101.19,0.15,0,48.39
128,2025-02-01,Clothing,West,3,226.31,0.0,0,168.56
129,2025-03-17,Clothing,South,4,63.29,0.15,1,40.97
130,2025-09-06,Grocery,West,4,157.65,0.05,0,124.37
131,2025-02-08,Grocery,East,5,113.26,0.05,0,51.7
132,2025-12-03,Clothing,East,4,176.51,0.3,0,127.64
133,2025-10-27,Electronics,West,4,67.14,0.05,0,34.76
134,2025-11-21,Grocery,West,4,199.67,0.05,1,140.1
135,2025-08-22,Grocery,North,3,234.88,0.3,0,130.51
136,2025-09-23,Grocery,South,2,44.3,0.3,0,21.08
137,2025-08-02,Home,East,1,47.91,0.05,0,24.72
138,2025-11-06,Grocery,West,2,26.35,0.15,0,15.7
139,2025-12-02,Clothing,South,4,37.31,0.15,0,18.17
140,2025-07-20,Clothing,North,4,30.97,0.3,0,15.78
141,2025-11-21,Grocery,East,3,24.35,0.0,0,16.43
142,2025-07-01,Electronics,East,2,119.5,0.0,0,88.02
143,2025-12-02,Home,North,1,138.29,0.15,0,88.11
144,2025-11-25,Clothing,South,5,165.68,0.0,0,115.84
145,2025-05-15,Clothing,North,2,15.97,0.05,0,8.27
146,2025-07-07,Grocery,East,3,134.96,0.0,0,88.78
147,2025-05-24,Home,North,4,215.61,0.15,0,112.58
148,2025-08-16,Grocery,West,5,105.5,0.15,0,66.32
149,2025-11-29,Grocery,East,3,128.93,0.0,0,68.4
150,2025-08-29,Grocery,South,1,204.63,0.3,0,99.4
151,2025-02-18,Grocery,South,5,162.65,0.0,0,116.41
152,2025-02-15,Grocery,East,4,66.44,0.05,0,41.3
153,2025-01-04,Grocery,West,1,137.6,0.15,0,80.86
154,2025-12-25,Clothing,South,5,205.31,0.3,0,137.48
155,2025-07-20,Home,North,2,211.0,0.3,0,117.97
156,2025-06-08,Home,West,4,97.31,0.15,0,57.42
157,2025-04-09,Clothing,South,5,240.0,0.15,0,193.04
158,2025-08-10,Electronics,North,5,57.52,0.0,0,38.13
159,2025-10-20,Electronics,North,4,38.08,0.0,0,25.45
160,2025-01-05,Electronics,West,3,110.45,0.3,0,65.81
161,2025-11-18,Home,West,4,132.66,0.3,0,74.13
162,2025-05-31,Grocery,West,5,78.7,0.05,1,56.71
163,2025-11-29,Home,North,4,45.84,0.3,0,32.02
164,2025-09-14,Home,South,2,35.49,0.15,0,21.02
165,2025-12-31,Clothing,North,4,234.63,0.0,1,141.03
166,2025-06-03,Grocery,South,5,92.27,0.05,0,46.11
167,2025-08-29,Electronics,North,5,174.42,0.3,0,125.99
168,2025-11-05,Clothing,East,5,76.85,0.0,0,44.59
169,2025-02-25,Clothing,South,2,204.2,0.0,0,103.11
170,2025-05-17,Electronics,East,1,184.89,0.05,0,126.13
171,2025-08-18,Electronics,South,1,46.31,0.05,0,25.49
172,2025-11-16,Grocery,East,1,126.36,0.0,0,99.82
173,2025-03-09,Electronics,East,1,117.35,0.15,0,98.51
174,2025-05-21,Electronics,South,2,22.36,0.15,1,18.96
175,2025-10-07,Clothing,North,3,98.03,0.3,0,64.04
176,2025-10-11,Grocery,South,4,103.47,0.3,0,79.86
177,2025-06-12,Home,North,1,133.69,0.0,0,64.12
178,2025-11-12,Clothing,North,5,138.82,0.05,1,97.71
179,2025-08-23,Clothing,South,2,186.96,0.3,0,107.65
180,2025-08-10,Grocery,West,2,196.34,0.05,0,97.99
181,2025-01-17,Clothing,West,3,150.54,0.3,0,107.29
182,2025-09-18,Electronics,West,5,30.17,0.05,0,23.91
183,2025-02-20,Home,South,4,201.1,0.05,0,149.91
184,2025-12-30,Home,North,5,213.73,0.05,0,112.53
185,2025-08-19,Home,West,5,167.16,0.05,0,127.84
186,2025-06-03,Grocery,West,3,168.27,0.15,0,102.28
187,2025-06-18,Clothing,North,3,208.45,0.3,0,124.8
188,2025-09-01,Grocery,East,3,234.2,0.05,0,190.54
189,2025-11-04,Home,West,4,51.91,0.0,0,28.15
190,2025-01-13,Clothing,East,3,249.32,0.05,0,149.75
191,2025-04-19,Clothing,South,1,140.44,0.3,0,108.13
192,2025-01-15,Clothing,West,4,35.67,0.05,0,19.25
193,2025-01-26,Home,North,5,47.25,0.0,0,22.66
194,2025-10-21,Clothing,North,4,113.33,0.05,0,55.02
195,2025-07-15,Clothing,North,1,23.45,0.15,0,15.58
196,2025-11-30,Home,South,1,225.65,0.0,0,134.29
197,2025-03-27,Electronics,North,1,77.68,0.15,0,60.35
198,2025-01-07,Home,South,4,104.23,0.3,0,66.58
199,2025-08-15,Home,South,5,177.51,0.3,0,146.85
200,2025-10-10,Home,South,2,226.34,0.05,0,126.32
201,2025-08-11,Clothing,West,3,139.57,0.05,0,94.27
202,2025-12-25,Grocery,East,4,218.56,0.0,0,100.63
203,2025-04-16,Clothing,West,2,179.13,0.15,0,99.67
204,2025-08-20,Clothing,East,3,31.16,0.0,0,26.26
205,2025-05-12,Clothing,West,5,82.12,0.05,0,54.14
206,2025-02-24,Clothing,North,2,104.72,0.3,0,53.49
207,2025-07-08,Clothing,North,4,41.86,0.3,0,34.28
208,2025-10-04,Grocery,East,4,32.68,0.15,1,17.41
209,2025-04-26,Electronics,North,1,163.26,0.3,0,75.21
210,2025-10-31,Grocery,West,1,207.37,0.0,1,170.75
211,2025-06-24,Electronics,North,3,51.07,0.3,0,34.86
212,2025-06-19,Home,North,2,69.46,0.0,0,52.98
213,2025-06-20,Clothing,West,5,74.49,0.05,0,52.89
214,2025-10-28,Grocery,East,3,205.68,0.0,0,157.04
215,2025-06-17,Grocery,North,1,175.56,0.3,0,91.1
216,2025-03-16,Electronics,North,3,227.1,0.05,1,145.17
217,2025-04-14,Clothing,North,4,196.04,0.0,0,161.85
218,2025-04-10,Home,East,1,93.78,0.15,0,58.5
219,2025-06-11,Grocery,East,2,229.25,0.3,0,170.43
220,2025-09-07,Electronics,North,4,79.07,0.15,0,47.41
221,2025-11-09,Grocery,South,1,36.36,0.05,1,25.96
222,2025-07-06,Grocery,North,2,86.52,0.3,0,58.86
223,2025-04-07,Electronics,West,3,213.28,0.0,0,106.29
224,2025-03-02,Clothing,West,3,23.51,0.15,0,14.96
225,2025-10-06,Home,North,3,151.23,0.05,1,92.87
226,2025-01-24,Electronics,North,3,154.87,0.3,0,107.6
227,2025-08-25,Home,North,3,108.09,0.05,0,63.25
228,2025-09-04,Clothing,West,3,47.96,0.3,0,39.13
229,2025-01-25,Electronics,West,1,60.19,0.15,0,27.94
230,2025-02-03,Clothing,West,5,23.84,0.15,0,13.01
231,2025-05-07,Grocery,South,2,33.36,0.0,0,18.43
232,2025-03-25,Home,North,5,191.27,0.0,0,104.18
233,2025-07-01,Electronics,North,1,219.26,0.3,0,129.24
234,2025-06-27,Grocery,West,4,91.15,0.3,0,43.66
235,2025-01-15,Home,South,2,157.91,0.15,0,105.89
236,2025-04-24,Electronics,West,4,72.53,0.0,0,52.82
237,2025-03-29,Clothing,West,1,45.81,0.0,0,23.3
238,2025-12-14,Electronics,North,4,130.64,0.3,0,99.01
239,2025-06-09,Home,West,1,121.65,0.3,0,83.91
240,2025-12-05,Grocery,North,4,32.05,0.3,0,16.96
241,2025-02-04,Home,South,4,167.03,0.0,0,86.0
242,2025-05-30,Electronics,North,2,186.58,0.3,0,148.92
243,2025-08-03,Grocery,North,4,74.03,0.05,0,59.18
244,2025-10-15,Clothing,South,3,79.16,0.05,0,62.71
245,2025-02-02,Electronics,East,1,137.73,0.05,0,66.41
246,2025-07-09,Home,South,3,56.95,0.15,0,36.59
247,2025-06-12,Grocery,North,1,60.96,0.15,0,29.46
248,2025-03-07,Home,West,1,241.11,0.15,0,139.77
249,2025-08-21,Electronics,South,1,140.46,0.0,0,79.63
250,2025-07-20,Clothing,South,3,244.82,0.3,0,143.8
251,2025-09-12,Electronics,South,2,158.13,0.15,0,80.12
252,2025-11-21,Home,East,1,162.51,0.0,0,107.43
253,2025-02-03,Home,South,2,86.73,0.05,0,64.09
254,2025-05-11,Home,North,5,207.19,0.15,0,156.82
255,2025-05-28,Clothing,North,2,187.37,0.3,0,117.69
256,2025-05-03,Grocery,West,2,194.72,0.3,0,101.87
257,2025-07-04,Electronics,North,5,219.76,0.05,1,159.49
258,2025-04-23,Home,North,2,212.94,0.05,1,151.77
259,2025-10-25,Grocery,East,3,69.57,0.3,0,39.81
260,2025-10-14,Clothing,West,5,202.23,0.3,0,98.3
261,2025-05-01,Grocery,South,5,116.79,0.05,0,96.8
262,2025-08-25,Clothing,South,3,83.5,0.15,0,49.72
263,2025-01-20,Grocery,North,2,125.79,0.05,1,92.85
264,2025-03-29,Grocery,East,4,153.32,0.0,0,88.51
265,2025-02-07,Grocery,West,3,93.9,0.0,0,65.15
266,2025-05-16,Home,West,5,43.26,0.3,0,20.05
267,2025-01-15,Clothing,East,4,134.74,0.15,0,86.63
268,2025-03-30,Electronics,North,1,158.85,0.05,0,88.55
269,2025-10-26,Home,East,2,85.25,0.3,0,59.63
270,2025-01-20,Home,West,5,80.6,0.15,0,46.87
271,2025-12-11,Home,North,3,249.79,0.3,0,208.85
272,2025-08-17,Electronics,East,5,107.63,0.3,0,85.21
273,2025-06-26,Clothing,North,4,81.77,0.05,0,58.55
274,2025-01-24,Clothing,East,1,48.39,0.0,0,32.16
275,2025-09-29,Clothing,West,1,157.19,0.15,0,106.69
276,2025-09-16,Clothing,East,4,214.91,0.15,0,136.08
277,2025-09-10,Grocery,South,1,225.95,0.0,1,164.59
278,2025-08-21,Electronics,West,4,170.09,0.3,0,118.79
279,2025-06-13,Electronics,West,3,194.1,0.3,0,113.18
280,2025-01-26,Home,North,1,152.49,0.15,0,126.15
281,2025-04-25,Grocery,North,4,73.03,0.3,0,60.55
282,2025-12-12,Clothing,East,5,151.96,0.0,0,96.36
283,2025-09-03,Clothing,East,5,115.25,0.05,0,57.92
284,2025-04-05,Home,North,3,214.55,0.15,0,126.89
285,2025-09-07,Electronics,East,1,19.97,0.05,0,15.45
286,2025-06-14,Grocery,East,1,125.54,0.3,0,58.62
287,2025-12-23,Home,West,2,223.11,0.15,0,144.92
288,2025-01-29,Home,West,5,92.65,0.05,0,51.23
289,2025-12-10,Home,East,5,179.79,0.0,0,127.92
290,2025-10-05,Home,West,5,92.92,0.3,0,61.62
291,2025-06-15,Clothing,South,2,169.0,0.0,0,76.27
292,2025-06-30,Home,South,2,30.36,0.15,0,16.65
293,2025-01-10,Electronics,South,2,197.15,0.3,0,163.52
294,2025-05-03,Clothing,North,5,172.9,0.3,0,137.64
295,2025-09-12,Home,South,5,156.85,0.0,0,93.29
296,2025-02-21,Home,North,4,31.09,0.15,0,14.36
297,2025-10-02,Grocery,South,1,30.74,0.0,0,18.08
298,2025-08-09,Electronics,North,3,138.65,0.15,0,83.41
299,2025-11-26,Clothing,East,3,107.16,0.15,0,85.62
300,2025-11-07,Clothing,West,5,118.54,0.05,0,79.79
301,2025-10-29,Electronics,East,4,58.39,0.3,0,43.75
302,2025-03-13,Electronics,East,3,201.18,0.3,0,140.39
303,2025-07-21,Electronics,East,1,56.76,0.0,1,32.97
304,2025-02-24,Grocery,South,2,199.7,0.0,0,115.68
305,2025-06-24,Grocery,South,1,50.82,0.0,0,32.77
306,2025-01-17,Grocery,West,5,22.66,0.0,0,13.85
307,2025-06-25,Home,West,4,175.71,0.05,0,134.24
308,2025-10-30,Grocery,East,3,47.24,0.15,0,36.46
309,2025-06-07,Electronics,West,5,38.57,0.0,0,29.98
310,2025-10-11,Clothing,North,3,85.41,0.15,0,71.29
311,2025-07-19,Clothing,East,2,111.1,0.15,0,79.87
312,2025-03-19,Grocery,East,2,170.46,0.05,0,127.83
313,2025-08-21,Grocery,South,3,179.45,0.0,1,116.42
314,2025-06-24,Grocery,West,2,89.85,0.0,0,49.01
315,2025-03-27,Grocery,North,1,157.66,0.0,0,118.26
316,2025-01-02,Home,South,1,133.89,0.0,0,79.06
317,2025-11-03,Home,South,1,63.33,0.05,0,52.06
318,2025-06-13,Grocery,South,1,144.18,0.05,0,101.02
319,2025-03-17,Electronics,East,5,37.28,0.15,0,18.4
320,2025-03-04,Clothing,East,3,171.13,0.3,0,95.36
321,2025-09-11,Clothing,North,5,108.87,0.3,0,63.76
322,2025-03-25,Home,South,4,225.01,0.15,0,112.2
323,2025-06-30,Home,North,1,156.39,0.0,0,121.73
324,2025-11-14,Electronics,West,5,67.22,0.0,0,39.22
325,2025-07-12,Clothing,East,2,239.97,0.3,1,139.15
326,2025-01-20,Grocery,South,1,96.34,0.05,0,52.21
327,2025-10-17,Grocery,East,3,69.21,0.0,0,47.36
328,2025-01-19,Grocery,East,1,61.54,0.05,0,27.93
329,2025-10-11,Clothing,South,2,208.2,0.05,0,120.77
330,2025-09-13,Home,South,4,62.55,0.05,0,29.34
331,2025-11-10,Home,North,3,141.3,0.05,1,82.83
332,2025-12-15,Clothing,West,5,196.29,0.0,0,115.19
333,2025-09-18,Grocery,South,2,155.38,0.15,0,93.56
334,2025-07-04,Electronics,North,3,237.03,0.3,0,134.47
335,2025-01-29,Clothing,West,4,52.24,0.05,0,35.64
336,2025-11-12,Electronics,North,2,182.85,0.3,0,115.22
337,2025-01-19,Grocery,East,3,200.19,0.05,0,113.04
338,2025-07-18,Electronics,West,4,176.24,0.05,0,117.58
339,2025-11-21,Home,East,1,219.91,0.0,0,112.25
340,2025-08-13,Grocery,East,1,248.94,0.3,0,176.07
341,2025-11-02,Electronics,East,3,20.08,0.3,0,9.5
342,2025-06-26,Clothing,South,3,156.67,0.15,0,81.09
343,2025-08-24,Clothing,East,5,131.35,0.05,0,75.22
344,2025-10-22,Home,North,3,61.02,0.0,0,48.23
345,2025-11-06,Grocery,West,3,140.18,0.3,0,85.86
346,2025-11-19,Home,West,5,44.82,0.3,0,21.47
347,2025-02-14,Grocery,East,3,82.74,0.3,0,59.41
348,2025-09-08,Clothing,West,2,63.59,0.15,0,31.89
349,2025-06-02,Home,East,5,63.81,0.15,0,54.13
350,2025-11-26,Electronics,West,5,165.46,0.05,0,85.33
351,2025-05-06,Home,North,1,26.4,0.15,0,21.3
352,2025-01-12,Home,West,5,181.81,0.3,0,105.09
353,2025-07-25,Clothing,East,1,185.85,0.05,0,157.72
354,2025-02-18,Home,South,1,49.31,0.05,1,27.32
355,2025-09-07,Home,East,5,178.89,0.05,0,148.1
356,2025-10-25,Grocery,East,5,166.63,0.15,1,116.17
357,2025-05-05,Electronics,West,4,190.18,0.3,0,152.38
358,2025-06-09,Clothing,South,2,120.32,0.15,0,81.83
359,2025-02-15,Home,South,5,135.69,0.3,0,70.59
360,2025-07-12,Electronics,West,5,66.0,0.3,0,44.98
361,2025-04-05,Electronics,South,3,53.94,0.05,0,30.75
362,2025-09-20,Grocery,South,4,63.04,0.3,0,41.7
363,2025-02-10,Grocery,West,2,241.28,0.3,0,178.95
364,2025-09-18,Home,West,2,117.77,0.0,0,81.81
365,2025-07-08,Clothing,East,5,73.54,0.15,0,55.06
366,2025-07-16,Grocery,East,5,152.34,0.05,0,81.51
367,2025-10-05,Home,North,5,63.72,0.05,0,40.46
368,2025-08-29,Clothing,West,5,56.1,0.3,0,42.47
369,2025-07-26,Clothing,South,2,145.53,0.05,0,91.54
370,2025-12-09,Electronics,East,4,202.51,0.0,1,161.23
371,2025-03-04,Electronics,North,4,232.71,0.15,0,141.77
372,2025-05-02,Clothing,West,5,199.38,0.3,0,91.11
373,2025-04-06,Clothing,West,3,71.06,0.3,0,52.36
374,2025-07-06,Grocery,East,5,177.88,0.3,0,84.13
375,2025-07-21,Clothing,East,2,204.67,0.15,0,125.53
376,2025-02-16,Clothing,West,5,188.45,0.3,0,131.3
377,2025-10-31,Home,South,3,240.22,0.15,0,152.07
378,2025-04-26,Grocery,North,5,230.94,0.05,0,136.12
379,2025-01-13,Home,East,5,34.74,0.15,0,29.05
380,2025-11-01,Grocery,East,1,244.39,0.15,0,186.19
381,2025-06-02,Electronics,East,5,185.75,0.15,0,109.67
382,2025-05-25,Electronics,North,4,17.52,0.15,0,13.88
383,2025-12-08,Clothing,East,2,216.35,0.15,0,150.1
384,2025-01-30,Electronics,North,5,164.21,0.05,0,75.73
385,2025-10-03,Clothing,West,5,139.6,0.3,1,80.75
386,2025-04-06,Clothing,South,3,34.71,0.05,0,23.67
387,2025-04-12,Clothing,East,2,217.85,0.05,0,156.89
388,2025-04-26,Grocery,East,4,237.64,0.3,0,148.02
389,2025-09-08,Grocery,West,1,109.47,0.05,0,65.85
390,2025-07-16,Home,East,5,146.53,0.05,0,67.49
391,2025-01-31,Grocery,North,4,198.28,0.05,0,142.9
392,2025-12-10,Electronics,East,1,174.31,0.15,0,105.63
393,2025-07-21,Grocery,West,1,48.47,0.15,0,35.96
394,2025-09-30,Grocery,West,1,244.98,0.0,0,133.03
395,2025-02-02,Clothing,South,3,223.08,0.0,0,105.79
396,2025-05-31,Electronics,West,5,185.67,0.05,1,148.68
397,2025-07-31,Home,West,2,63.54,0.3,0,47.26
398,2025-09-26,Clothing,East,5,118.56,0.3,0,96.52
399,2025-05-11,Grocery,South,4,107.7,0.15,0,66.66
400,2025-06-24,Home,South,2,173.69,0.05,1,145.27
401,2025-07-01,Home,East,1,213.6,0.0,0,113.41
402,2025-08-05,Clothing,North,1,116.8,0.15,0,54.07
403,2025-05-06,Clothing,North,2,143.74,0.0,0,101.72
404,2025-07-18,Electronics,North,5,54.97,0.15,0,30.29
405,2025-07-15,Clothing,South,2,65.68,0.05,0,30.42
406,2025-12-28,Electronics,West,5,28.64,0.3,0,19.99
407,2025-06-27,Home,East,1,27.56,0.15,0,19.79
408,2025-08-04,Home,South,4,146.63,0.05,0,105.36
409,2025-11-21,Electronics,North,3,88.09,0.05,0,58.21
410,2025-11-26,Clothing,West,3,84.08,0.0,0,57.47
411,2025-10-25,Home,East,5,96.51,0.0,0,68.15
412,2025-06-11,Grocery,East,3,129.3,0.05,0,92.9
413,2025-08-10,Grocery,South,1,213.9,0.3,1,147.79
414,2025-03-08,Clothing,North,3,231.43,0.15,0,143.62
415,2025-07-09,Clothing,South,1,59.71,0.05,1,49.11
416,2025-12-20,Grocery,East,3,242.35,0.15,0,156.38
417,2025-01-12,Home,South,4,142.16,0.15,0,76.0
418,2025-08-24,Electronics,East,1,179.11,0.3,0,120.73
419,2025-11-30,Clothing,South,1,29.88,0.0,0,16.25
420,2025-11-13,Clothing,West,4,116.59,0.0,1,70.59
421,2025-04-14,Home,North,2,202.59,0.3,0,151.43
422,2025-10-31,Clothing,East,1,126.09,0.0,0,73.92
423,2025-05-26,Clothing,North,3,227.16,0.15,0,160.04
424,2025-12-12,Grocery,South,1,60.58,0.05,0,42.92
425,2025-11-19,Electronics,East,2,237.16,0.15,0,168.41
426,2025-10-25,Home,North,1,168.13,0.0,0,142.44
427,2025-11-14,Electronics,West,2,96.93,0.3,0,76.75
428,2025-12-04,Clothing,East,1,38.0,0.15,0,26.44
429,2025-04-04,Clothing,South,5,213.43,0.3,0,105.65
430,2025-02-04,Clothing,West,5,214.49,0.0,0,157.51
431,2025-08-01,Electronics,West,4,231.2,0.0,0,190.6
432,2025-05-30,Clothing,West,1,225.48,0.15,0,176.39
433,2025-11-24,Clothing,North,2,78.57,0.15,1,56.56
434,2025-11-12,Home,North,2,76.94,0.05,0,52.97
435,2025-05-26,Clothing,West,5,54.04,0.15,0,27.21
436,2025-12-28,Clothing,West,1,79.9,0.3,0,39.25
437,2025-04-14,Clothing,North,1,129.21,0.15,0,106.33
438,2025-04-14,Home,West,4,211.9,0.3,1,174.75
439,2025-01-19,Clothing,South,4,119.46,0.05,0,70.45
440,2025-09-26,Electronics,East,1,61.75,0.0,0,39.1
441,2025-10-14,Home,West,3,104.34,0.15,0,77.16
442,2025-02-07,Grocery,East,3,145.94,0.05,0,82.68
443,2025-05-01,Grocery,North,1,145.91,0.3,0,117.38
444,2025-06-04,Home,East,4,186.04,0.0,0,131.71
445,2025-12-11,Electronics,South,1,230.89,0.3,0,143.92
446,2025-03-27,Electronics,East,2,112.0,0.15,0,85.4
447,2025-02-19,Grocery,West,1,89.66,0.0,0,64.0
448,2025-04-22,Electronics,South,3,179.08,0.3,0,90.95
449,2025-09-30,Clothing,North,5,204.31,0.05,0,128.15
450,2025-06-23,Electronics,West,1,51.9,0.15,0,25.78
451,2025-03-22,Home,North,4,116.93,0.0,0,57.3
452,2025-12-25,Home,South,3,55.83,0.3,0,46.43
453,2025-11-02,Home,North,3,93.63,0.0,0,48.23
454,2025-07-23,Clothing,East,2,208.57,0.3,0,138.08
455,2025-11-28,Home,East,4,138.51,0.0,0,80.4
456,2025-07-15,Clothing,North,1,158.09,0.0,0,104.72
457,2025-10-24,Grocery,South,3,239.93,0.3,0,203.35
458,2025-11-05,Grocery,East,3,207.59,0.0,0,118.09
459,2025-02-13,Grocery,East,3,226.64,0.15,0,163.09
460,2025-02-22,Electronics,South,3,207.86,0.05,0,144.05
461,2025-08-13,Clothing,East,3,47.53,0.3,0,30.41
462,2025-03-06,Grocery,West,1,167.92,0.05,0,79.97
463,2025-03-03,Electronics,North,2,15.78,0.3,0,9.35
464,2025-03-02,Electronics,East,1,116.59,0.0,0,81.75
465,2025-06-01,Clothing,South,3,147.48,0.3,0,75.18
466,2025-07-20,Electronics,East,3,28.46,0.3,0,15.66
467,2025-05-23,Electronics,North,2,134.8,0.15,0,73.39
468,2025-12-06,Electronics,South,3,160.55,0.05,0,82.34
469,2025-12-10,Electronics,North,1,113.9,0.15,0,91.09
470,2025-10-18,Grocery,West,2,76.74,0.3,0,59.52
471,2025-10-30,Grocery,North,2,141.74,0.05,0,111.88
472,2025-06-22,Electronics,East,5,74.37,0.15,0,44.77
473,2025-05-14,Grocery,East,3,28.93,0.0,0,13.68
474,2025-06-08,Clothing,East,4,224.01,0.15,0,120.24
475,2025-07-30,Clothing,East,4,66.03,0.15,1,46.12
476,2025-10-02,Home,East,4,52.23,0.05,0,30.58
477,2025-12-18,Grocery,North,3,30.57,0.3,0,24.12
478,2025-06-06,Clothing,West,4,21.23,0.05,0,12.81
479,2025-07-20,Electronics,West,3,125.6,0.0,0,94.36
480,2025-02-13,Clothing,West,3,198.27,0.3,0,161.48
481,2025-01-25,Clothing,North,1,132.56,0.0,1,84.58
482,2025-01-16,Clothing,South,4,116.57,0.15,0,69.08
483,2025-03-03,Electronics,North,4,215.43,0.15,0,130.05
484,2025-02-04,Home,South,4,18.75,0.3,0,13.57
485,2025-06-24,Clothing,West,4,45.2,0.05,0,36.87
486,2025-09-09,Electronics,West,2,244.54,0.3,0,150.12
487,2025-01-03,Grocery,North,4,43.08,0.0,0,32.57
488,2025-11-29,Home,South,1,153.34,0.05,0,101.28
489,2025-06-25,Home,West,2,38.89,0.0,0,30.26
490,2025-03-13,Electronics,West,5,149.57,0.3,0,88.3
491,2025-02-26,Electronics,West,3,81.9,0.0,0,42.82
492,2025-05-06,Clothing,West,1,45.57,0.3,0,31.83
493,2025-02-09,Home,East,4,214.39,0.3,0,144.58
494,2025-05-08,Grocery,North,3,129.19,0.3,0,94.46
495,2025-07-26,Electronics,East,3,197.22,0.15,0,140.51
496,2025-09-14,Electronics,West,4,231.83,0.05,0,104.47
497,2025-11-25,Electronics,East,2,162.9,0.15,0,99.68
498,2025-04-25,Home,East,4,249.35,0.3,0,114.33
499,2025-03-04,Grocery,East,5,57.81,0.15,0,31.84
500,2025-06-10,Clothing,South,1,65.83,0.0,0,30.08
501,2025-04-07,Home,East,5,17.83,0.05,0,13.11
502,2025-01-07,Clothing,North,1,209.79,0.3,0,120.33
503,2025-11-07,Clothing,South,4,124.26,0.15,1,91.99
504,2025-05-18,Grocery,South,2,57.4,0.15,0,45.7
505,2025-03-18,Grocery,South,2,91.13,0.3,0,41.53
506,2025-12-21,Electronics,West,1,173.28,0.3,0,124.75
507,2025-09-23,Home,South,1,185.62,0.15,0,113.52
508,2025-07-04,Home,West,2,204.93,0.0,0,159.69
509,2025-02-06,Electronics,East,5,20.04,0.3,1,10.87
510,2025-04-30,Grocery,North,1,57.45,0.05,0,28.38
511,2025-02-21,Grocery,South,1,121.9,0.0,0,101.06
512,2025-09-23,Home,West,2,138.16,0.05,1,82.91
513,2025-08-25,Grocery,West,3,60.18,0.0,0,49.4
514,2025-03-10,Home,South,3,141.79,0.3,0,119.93
515,2025-03-15,Home,South,1,198.97,0.05,0,141.53
516,2025-10-05,Home,West,5,194.84,0.05,0,121.49
517,2025-07-20,Electronics,South,3,79.22,0.3,0,55.55
518,2025-08-26,Home,South,3,25.75,0.05,1,19.73
519,2025-05-23,Grocery,North,1,170.93,0.0,0,96.87
520,2025-07-20,Home,West,1,34.23,0.3,1,29.03
521,2025-09-10,Grocery,South,4,17.5,0.3,0,14.82
522,2025-11-16,Grocery,East,2,149.97,0.05,0,97.49
523,2025-05-11,Electronics,North,1,136.19,0.0,1,71.17
524,2025-10-26,Electronics,North,1,203.21,0.15,0,140.42
525,2025-04-02,Grocery,North,1,224.67,0.15,0,116.69
526,2025-03-07,Electronics,North,1,234.14,0.05,0,143.41
527,2025-11-29,Grocery,West,2,217.63,0.05,0,143.1
528,2025-08-18,Electronics,North,4,20.19,0.0,0,15.3
529,2025-10-26,Electronics,East,1,226.72,0.3,0,166.0
530,2025-07-30,Electronics,South,5,46.64,0.0,0,23.36
531,2025-12-21,Clothing,West,4,79.43,0.15,0,66.89
532,2025-11-15,Clothing,North,4,224.07,0.0,0,176.1
533,2025-12-08,Electronics,North,5,169.97,0.0,0,94.81
534,2025-04-03,Home,East,2,84.79,0.3,0,60.84
535,2025-03-21,Electronics,South,1,217.26,0.3,0,133.69
536,2025-01-11,Clothing,South,2,91.37,0.15,0,51.49
537,2025-08-03,Home,South,2,99.38,0.05,0,45.09
538,2025-04-28,Home,North,2,103.39,0.3,0,58.87
539,2025-07-10,Grocery,West,3,118.86,0.15,0,73.98
540,2025-03-01,Home,West,4,130.38,0.05,0,82.56
541,2025-07-18,Home,North,3,210.85,0.3,0,124.21
542,2025-03-25,Electronics,East,4,94.28,0.05,0,74.25
543,2025-12-07,Electronics,North,3,151.95,0.0,0,106.54
544,2025-07-24,Electronics,East,5,62.62,0.05,1,31.55
545,2025-10-06,Clothing,West,3,137.83,0.3,0,71.81
546,2025-09-13,Home,South,4,249.67,0.0,0,128.03
547,2025-06-30,Grocery,West,3,36.61,0.0,0,28.82
548,2025-01-20,Home,West,3,138.3,0.0,0,94.92
549,2025-06-25,Clothing,South,1,27.04,0.0,0,15.51
550,2025-01-31,Electronics,West,5,118.68,0.0,0,70.18
551,2025-05-28,Clothing,West,5,112.94,0.3,0,56.47
552,2025-09-15,Home,West,4,125.79,0.3,0,58.29
553,2025-10-02,Grocery,West,3,121.46,0.15,0,99.36
554,2025-12-01,Grocery,East,4,205.76,0.05,0,119.2
555,2025-09-08,Electronics,West,2,208.11,0.0,0,173.0
556,2025-03-29,Electronics,West,5,67.27,0.15,0,51.88
557,2025-03-13,Home,South,4,77.82,0.3,0,39.97
558,2025-06-13,Electronics,West,5,157.32,0.05,0,89.47
559,2025-09-03,Home,South,3,171.39,0.15,0,88.83
560,2025-01-18,Electronics,South,2,126.9,0.15,0,57.6
561,2025-07-12,Electronics,North,1,56.33,0.3,0,36.05
562,2025-10-27,Home,South,2,232.14,0.3,0,106.56
563,2025-09-29,Home,North,2,206.29,0.15,0,155.79
564,2025-06-02,Grocery,North,3,240.82,0.3,0,130.88
565,2025-05-20,Clothing,West,5,220.49,0.0,0,113.63
566,2025-05-20,Grocery,West,4,179.59,0.05,0,139.5
567,2025-07-19,Home,North,4,176.04,0.05,0,84.78
568,2025-01-17,Home,East,2,107.89,0.15,0,81.92
569,2025-05-28,Grocery,West,5,42.96,0.15,1,33.66
570,2025-12-10,Home,South,4,179.71,0.15,0,151.33
571,2025-05-27,Home,East,1,216.64,0.0,0,145.35
572,2025-02-04,Home,South,1,48.21,0.3,0,40.13
573,2025-09-08,Clothing,South,5,167.82,0.05,0,127.34
574,2025-03-30,Clothing,East,3,81.9,0.3,0,37.41
575,2025-04-25,Home,South,1,101.35,0.0,0,70.65
576,2025-10-20,Electronics,East,2,187.03,0.0,0,94.78
577,2025-06-03,Home,East,2,223.04,0.05,0,170.68
578,2025-09-15,Home,North,5,121.55,0.0,0,71.08
579,2025-09-17,Clothing,West,4,203.7,0.0,0,140.1
580,2025-04-16,Clothing,North,2,162.16,0.0,0,78.28
581,2025-11-20,Clothing,East,1,247.75,0.3,0,198.87
582,2025-03-30,Clothing,East,1,112.03,0.15,0,73.04
583,2025-09-21,Home,East,3,172.23,0.05,1,104.79
584,2025-06-17,Home,South,5,184.13,0.05,0,148.53
585,2025-02-04,Electronics,West,4,170.71,0.15,0,97.7
586,2025-09-23,Grocery,East,1,166.23,0.0,1,116.86
587,2025-04-09,Grocery,North,3,206.86,0.0,0,165.25
588,2025-02-24,Home,West,1,131.49,0.3,0,66.97
589,2025-10-16,Electronics,West,5,229.91,0.05,0,103.55
590,2025-08-12,Clothing,North,4,134.67,0.3,0,61.55
591,2025-03-06,Electronics,East,4,136.49,0.0,0,106.22
592,2025-01-03,Clothing,West,1,176.25,0.0,0,81.29
593,2025-11-25,Electronics,North,2,198.77,0.3,0,130.42
594,2025-12-09,Electronics,West,4,216.69,0.05,0,144.27
595,2025-11-05,Home,West,3,73.53,0.3,0,54.5
596,2025-01-23,Grocery,South,3,20.47,0.15,0,11.27
597,2025-12-29,Clothing,West,1,177.7,0.0,0,84.95
598,2025-02-04,Grocery,West,2,93.31,0.0,0,45.61
599,2025-04-26,Home,South,2,246.71,0.15,0,116.01
600,2025-12-30,Home,East,5,87.34,0.15,0,39.68
601,2025-02-23,Grocery,East,4,21.97,0.3,0,11.37
602,2025-07-16,Clothing,South,4,20.59,0.05,0,13.17
603,2025-10-24,Grocery,South,5,98.1,0.3,0,64.72
604,2025-05-20,Clothing,North,5,37.11,0.15,1,26.58
605,2025-01-07,Home,North,4,17.38,0.0,0,13.46
606,2025-01-15,Grocery,West,1,244.37,0.3,0,174.64
607,2025-08-31,Clothing,South,5,211.46,0.3,0,118.43
608,2025-06-05,Electronics,South,5,130.53,0.3,0,63.13
609,2025-12-26,Home,East,3,152.24,0.05,0,85.3
610,2025-05-31,Grocery,North,1,163.05,0.3,0,106.36
611,2025-06-21,Grocery,North,1,203.76,0.05,0,172.18
612,2025-06-21,Electronics,South,2,48.96,0.15,0,39.37
613,2025-07-24,Home,East,3,83.55,0.3,0,49.5
614,2025-01-24,Home,South,5,219.79,0.0,0,136.99
615,2025-11-29,Home,North,4,97.52,0.15,0,55.37
616,2025-04-21,Clothing,South,1,100.94,0.05,0,65.7
617,2025-10-25,Home,South,2,94.34,0.3,0,60.05
618,2025-05-27,Home,North,2,160.46,0.0,1,119.32
619,2025-04-28,Home,North,2,88.86,0.3,0,52.63
620,2025-01-06,Clothing,South,4,119.76,0.3,0,90.25
621,2025-11-25,Clothing,West,4,143.87,0.05,0,110.15
622,2025-04-23,Electronics,West,4,176.81,0.0,0,145.11
623,2025-10-25,Electronics,East,4,52.41,0.3,0,28.73
624,2025-06-16,Home,East,3,75.97,0.0,0,45.51
625,2025-03-06,Grocery,North,5,149.87,0.15,0,71.15
626,2025-06-10,Home,North,1,171.33,0.3,0,142.57
627,2025-10-23,Clothing,North,5,233.47,0.3,0,176.49
628,2025-05-10,Electronics,East,1,129.54,0.05,0,92.26
629,2025-03-15,Home,West,5,229.54,0.0,0,150.51
630,2025-06-19,Electronics,East,2,247.93,0.0,0,170.05
631,2025-09-11,Grocery,South,2,216.31,0.15,0,164.16
632,2025-08-30,Grocery,West,3,54.27,0.0,0,45.22
633,2025-08-25,Grocery,West,1,169.44,0.15,0,80.0
634,2025-09-10,Grocery,East,5,141.84,0.0,0,99.14
635,2025-06-02,Clothing,West,4,227.15,0.15,0,126.12
636,2025-09-19,Electronics,North,3,62.67,0.15,0,47.01
637,2025-04-02,Home,South,1,97.99,0.15,0,49.89
638,2025-10-23,Electronics,West,2,115.41,0.15,0,65.46
639,2025-11-27,Clothing,West,3,123.93,0.05,0,84.86
640,2025-07-12,Grocery,East,3,21.09,0.05,0,11.34
641,2025-07-14,Grocery,East,5,212.55,0.0,0,164.51
642,2025-06-02,Home,North,5,191.05,0.0,0,86.24
643,2025-03-04,Grocery,East,3,248.48,0.0,0,126.24
644,2025-12-20,Grocery,West,3,178.01,0.0,0,85.14
645,2025-12-04,Electronics,East,3,212.09,0.05,0,110.92
646,2025-07-31,Clothing,West,4,23.95,0.05,0,13.25
647,2025-09-12,Grocery,North,3,176.44,0.3,0,106.63
648,2025-03-24,Home,South,5,66.41,0.3,0,38.73
649,2025-12-04,Grocery,East,4,53.68,0.0,0,25.07
650,2025-05-19,Electronics,South,4,128.29,0.05,0,70.18
651,2025-07-29,Clothing,West,2,47.95,0.15,0,40.48
652,2025-03-02,Clothing,North,3,105.68,0.05,0,82.26
653,2025-05-12,Home,East,4,114.78,0.3,0,57.44
654,2025-02-25,Home,South,5,214.47,0.3,0,159.77
655,2025-09-17,Electronics,East,4,151.56,0.0,1,80.86
656,2025-08-19,Grocery,West,5,247.1,0.05,0,186.83
657,2025-10-09,Clothing,South,2,70.59,0.15,0,32.14
658,2025-02-24,Clothing,South,5,127.61,0.0,0,107.4
659,2025-01-30,Electronics,North,5,185.47,0.15,0,93.49
660,2025-11-20,Home,South,4,16.02,0.0,0,10.49
661,2025-01-30,Clothing,West,4,239.42,0.3,0,190.75
662,2025-03-06,Grocery,North,3,92.45,0.0,0,67.09
663,2025-06-27,Grocery,South,2,143.25,0.3,0,71.45
664,2025-04-17,Grocery,West,3,50.11,0.0,0,36.62
665,2025-08-15,Clothing,West,1,143.74,0.15,0,78.79
666,2025-10-14,Home,South,4,66.05,0.3,0,42.68
667,2025-04-10,Home,North,5,110.01,0.05,0,65.39
668,2025-11-28,Clothing,North,2,220.93,0.15,0,163.21
669,2025-12-12,Clothing,North,2,159.41,0.15,0,120.49
670,2025-04-09,Clothing,North,5,209.31,0.0,0,119.63
671,2025-02-07,Electronics,North,2,66.71,0.3,0,44.13
672,2025-05-02,Grocery,West,2,249.13,0.3,0,181.21
673,2025-02-22,Clothing,South,5,229.18,0.05,0,185.15
674,2025-09-20,Grocery,West,2,146.57,0.05,0,71.03
675,2025-07-17,Grocery,North,2,18.83,0.0,0,9.33
676,2025-07-03,Home,South,3,125.67,0.3,0,101.03
677,2025-12-27,Electronics,West,1,36.32,0.3,0,26.52
678,2025-06-20,Home,North,4,241.02,0.0,0,204.0
679,2025-06-18,Grocery,East,1,65.58,0.3,0,30.84
680,2025-10-08,Home,West,3,224.63,0.15,0,103.76
681,2025-10-18,Grocery,South,1,166.95,0.0,0,114.68
682,2025-06-20,Clothing,West,5,179.0,0.3,0,129.44
683,2025-08-14,Electronics,East,5,176.09,0.05,0,145.19
684,2025-12-04,Electronics,West,5,34.31,0.15,0,24.66
685,2025-01-05,Electronics,North,4,177.42,0.15,0,134.66
686,2025-09-21,Home,East,2,205.03,0.05,0,95.27
687,2025-02-15,Home,North,2,160.63,0.15,0,84.51
688,2025-09-26,Electronics,East,3,192.77,0.05,0,155.01
689,2025-03-24,Grocery,North,4,181.28,0.0,0,97.2
690,2025-06-06,Clothing,West,4,200.61,0.3,0,144.06
691,2025-05-25,Grocery,East,1,33.98,0.15,0,24.0
692,2025-10-23,Electronics,South,2,67.36,0.0,0,38.41
693,2025-11-24,Grocery,South,1,22.75,0.3,0,18.5
694,2025-07-12,Clothing,South,4,121.5,0.0,0,95.37
695,2025-07-05,Home,South,1,139.18,0.05,0,92.44
696,2025-04-14,Electronics,South,3,244.97,0.3,0,166.38
697,2025-11-14,Home,East,5,21.67,0.3,0,10.59
698,2025-11-22,Home,South,4,137.73,0.05,0,94.66
699,2025-07-05,Electronics,South,1,180.88,0.3,0,101.23
700,2025-02-15,Home,South,2,123.57,0.15,0,85.37
701,2025-05-25,Electronics,South,2,62.56,0.05,1,31.03
702,2025-12-04,Grocery,East,2,142.74,0.15,0,107.61
703,2025-06-06,Clothing,North,5,146.84,0.3,0,122.12
704,2025-02-03,Clothing,East,4,15.96,0.05,0,11.41
705,2025-03-24,Grocery,East,3,112.35,0.3,1,57.0
706,2025-07-24,Electronics,West,3,137.18,0.05,0,108.41
707,2025-09-16,Home,South,2,180.36,0.0,1,116.64
708,2025-09-12,Electronics,East,3,47.17,0.15,0,26.18
709,2025-07-19,Home,East,3,113.18,0.0,0,85.24
710,2025-07-07,Grocery,North,1,54.47,0.0,0,26.28
711,2025-06-29,Electronics,South,5,143.37,0.05,0,114.48
712,2025-01-13,Clothing,West,2,142.28,0.15,0,78.74
713,2025-03-26,Home,North,4,185.95,0.05,0,85.6
714,2025-09-29,Home,East,2,206.55,0.05,0,159.04
715,2025-10-21,Grocery,South,3,95.81,0.05,0,43.64
716,2025-07-13,Electronics,West,4,42.56,0.3,0,22.87
717,2025-04-03,Electronics,South,3,117.42,0.0,0,70.57
718,2025-05-07,Electronics,North,2,193.27,0.05,0,160.36
719,2025-02-22,Grocery,West,4,127.89,0.15,0,87.16
720,2025-01-23,Home,South,4,131.87,0.15,0,96.92
721,2025-05-27,Electronics,West,2,124.7,0.15,0,81.0
722,2025-04-05,Clothing,South,4,242.83,0.15,0,174.24
723,2025-05-29,Electronics,North,1,115.43,0.3,0,81.81
724,2025-01-24,Clothing,North,2,39.07,0.05,0,27.13
725,2025-04-20,Clothing,West,2,172.25,0.3,0,104.59
726,2025-05-01,Home,South,5,219.44,0.0,0,102.28
727,2025-01-17,Grocery,East,5,140.77,0.15,0,97.53
728,2025-02-17,Electronics,North,5,140.53,0.05,0,92.42
729,2025-02-21,Grocery,North,3,85.46,0.0,0,48.87
730,2025-02-26,Electronics,South,5,37.83,0.0,1,21.09
731,2025-11-29,Grocery,South,1,206.71,0.0,0,148.85
732,2025-02-22,Home,North,3,46.47,0.05,0,34.23
733,2025-06-10,Home,North,5,211.05,0.3,0,127.72
734,2025-10-14,Electronics,West,4,58.48,0.05,0,38.01
735,2025-12-31,Clothing,West,4,26.56,0.3,0,18.95
736,2025-12-25,Grocery,West,2,117.13,0.05,0,60.99
737,2025-11-05,Electronics,North,5,136.22,0.0,0,110.33
738,2025-07-27,Grocery,North,3,92.37,0.3,0,69.39
739,2025-03-12,Home,South,4,128.62,0.3,0,60.13
740,2025-02-04,Grocery,West,2,86.09,0.05,0,42.85
741,2025-08-05,Clothing,South,1,118.41,0.15,0,75.52
742,2025-08-16,Grocery,South,3,219.62,0.05,1,115.63
743,2025-07-08,Grocery,West,3,247.57,0.3,0,126.02
744,2025-06-20,Electronics,West,3,39.34,0.3,1,24.26
745,2025-04-19,Grocery,East,1,205.08,0.15,0,152.44
746,2025-03-11,Clothing,East,3,107.34,0.05,0,58.57
747,2025-07-23,Grocery,East,3,236.01,0.0,0,149.74
748,2025-11-12,Grocery,East,4,37.19,0.05,0,28.51
749,2025-07-20,Home,East,5,152.15,0.05,0,91.49
750,2025-06-22,Electronics,South,2,45.23,0.05,0,29.26
751,2025-08-03,Home,East,5,179.46,0.05,0,95.03
752,2025-05-11,Clothing,North,4,152.68,0.05,0,97.6
753,2025-07-18,Grocery,East,1,32.58,0.3,0,23.24
754,2025-07-29,Electronics,West,5,200.44,0.05,0,133.56
755,2025-05-10,Clothing,South,1,63.24,0.3,0,41.44
756,2025-05-16,Clothing,North,5,45.9,0.15,0,37.94
757,2025-03-07,Home,South,2,149.85,0.0,0,105.66
758,2025-07-31,Grocery,South,5,101.03,0.0,0,63.17
759,2025-05-01,Electronics,West,1,146.28,0.3,0,108.73
760,2025-06-14,Home,North,4,92.12,0.0,0,61.27
761,2025-06-24,Clothing,South,5,127.52,0.15,0,81.48
762,2025-11-29,Grocery,West,2,160.49,0.05,0,72.31
763,2025-01-03,Electronics,East,1,182.68,0.15,0,93.97
764,2025-09-03,Electronics,North,3,150.32,0.0,0,79.89
765,2025-01-05,Grocery,South,4,139.12,0.15,0,70.29
766,2025-12-28,Clothing,East,2,209.41,0.0,0,152.61
767,2025-09-15,Clothing,South,2,113.4,0.15,0,74.43
768,2025-12-03,Home,West,2,87.76,0.15,0,50.95
769,2025-03-08,Clothing,North,4,133.06,0.3,0,112.58
770,2025-10-23,Home,North,5,158.34,0.15,0,80.74
771,2025-10-25,Electronics,West,4,28.83,0.0,0,18.75
772,2025-12-18,Clothing,East,5,47.29,0.15,0,26.38
773,2025-08-14,Electronics,South,1,193.25,0.3,0,142.34
774,2025-08-10,Grocery,North,4,193.56,0.3,0,148.48
775,2025-11-01,Grocery,North,4,146.43,0.05,0,118.01
776,2025-07-17,Home,North,1,245.29,0.0,1,130.11
777,2025-11-24,Grocery,West,4,205.77,0.05,0,115.99
778,2025-11-10,Electronics,West,1,109.23,0.0,0,78.95
779,2025-01-16,Home,South,2,149.84,0.05,0,124.73
780,2025-06-04,Grocery,West,4,62.69,0.0,0,30.16
781,2025-12-25,Clothing,North,4,145.91,0.0,0,108.17
782,2025-05-17,Grocery,South,2,32.64,0.05,0,22.67
783,2025-09-26,Electronics,West,4,122.09,0.3,0,67.5
784,2025-06-08,Home,West,4,97.35,0.05,0,51.37
785,2025-01-30,Home,North,1,243.83,0.3,0,195.99
786,2025-05-09,Grocery,East,2,202.94,0.15,0,167.38
787,2025-02-22,Grocery,North,4,145.33,0.3,0,86.8
788,2025-08-27,Clothing,North,2,206.49,0.3,1,145.38
789,2025-07-20,Clothing,West,1,235.7,0.3,0,145.73
790,2025-04-13,Clothing,West,1,21.18,0.15,0,11.64
791,2025-01-02,Home,South,3,223.62,0.0,0,136.08
792,2025-07-31,Home,North,4,168.03,0.05,0,113.68
793,2025-08-06,Home,South,4,125.15,0.15,0,100.69
794,2025-03-20,Clothing,East,4,102.38,0.15,0,75.59
795,2025-12-24,Home,South,4,59.81,0.05,0,48.92
796,2025-12-21,Grocery,East,1,111.23,0.05,0,76.73
797,2025-10-17,Electronics,East,3,107.72,0.05,0,63.92
798,2025-02-18,Grocery,South,1,63.47,0.05,0,34.08
799,2025-05-02,Home,South,5,161.63,0.3,0,121.1
800,2025-10-21,Electronics,North,3,203.79,0.15,1,112.83
801,2025-09-07,Clothing,North,2,126.59,0.0,1,102.99
802,2025-05-13,Grocery,North,4,117.26,0.15,0,55.61
803,2025-12-17,Clothing,East,5,177.2,0.15,0,133.63
804,2025-04-12,Home,North,3,121.19,0.05,0,90.6
805,2025-03-06,Clothing,South,1,101.08,0.15,0,64.47
806,2025-03-02,Home,South,3,148.13,0.15,0,112.73
807,2025-09-25,Clothing,North,2,174.19,0.3,0,78.64
808,2025-12-10,Grocery,East,4,50.36,0.0,0,27.74
809,2025-11-04,Grocery,East,1,219.91,0.3,1,170.46
810,2025-12-09,Clothing,South,3,197.12,0.05,0,116.44
811,2025-04-29,Clothing,East,2,242.55,0.0,0,162.96
812,2025-01-05,Electronics,North,5,198.37,0.05,0,125.03
813,2025-01-10,Home,South,3,56.16,0.05,0,41.36
814,2025-10-18,Grocery,South,4,47.33,0.05,0,37.36
815,2025-08-29,Home,West,1,68.35,0.15,0,54.54
816,2025-05-19,Electronics,West,5,241.28,0.0,0,132.69
817,2025-10-01,Home,North,5,195.46,0.05,0,91.09
818,2025-10-12,Grocery,East,1,236.09,0.3,0,130.03
819,2025-03-16,Home,North,1,138.52,0.3,0,109.9
820,2025-05-29,Clothing,East,5,80.81,0.3,0,46.14
821,2025-05-06,Electronics,East,4,22.82,0.15,0,14.0
822,2025-08-02,Home,West,4,197.97,0.3,0,150.8
823,2025-02-25,Clothing,South,4,176.86,0.05,0,91.92
824,2025-11-02,Clothing,East,2,74.21,0.15,0,59.38
825,2025-11-30,Home,South,1,193.86,0.05,0,108.95
826,2025-09-24,Home,North,3,95.94,0.0,0,45.72
827,2025-11-07,Clothing,South,5,224.65,0.3,0,112.67
828,2025-06-18,Home,West,5,60.01,0.05,0,45.2
829,2025-10-14,Electronics,South,1,189.78,0.0,0,114.03
830,2025-06-29,Home,South,3,166.6,0.0,0,75.42
831,2025-06-13,Home,West,1,130.99,0.15,0,91.67
832,2025-11-24,Home,East,4,49.3,0.3,0,35.03
833,2025-08-23,Grocery,West,1,162.11,0.3,0,125.84
834,2025-11-05,Home,North,1,226.66,0.0,0,120.95
835,2025-11-24,Grocery,North,4,190.95,0.05,0,120.7
836,2025-10-03,Electronics,West,5,162.45,0.3,0,92.06
837,2025-07-18,Electronics,North,2,213.82,0.15,0,150.63
838,2025-02-22,Home,South,3,132.84,0.15,0,78.68
839,2025-12-26,Home,North,1,64.71,0.15,0,48.89
840,2025-06-05,Grocery,North,5,76.7,0.0,0,39.65
841,2025-07-10,Grocery,East,3,102.04,0.3,0,58.52
842,2025-05-01,Grocery,South,2,156.45,0.3,0,112.14
843,2025-06-30,Clothing,East,3,150.34,0.3,1,73.9
844,2025-01-07,Clothing,West,3,147.4,0.3,0,100.3
845,2025-07-04,Electronics,North,5,15.83,0.15,0,9.76
846,2025-06-17,Home,West,5,187.46,0.0,0,101.96
847,2025-11-20,Electronics,South,3,125.26,0.05,1,74.06
848,2025-08-05,Grocery,East,2,100.65,0.3,0,65.83
849,2025-11-22,Grocery,West,4,129.23,0.05,0,87.25
850,2025-02-05,Grocery,South,5,127.23,0.0,0,101.96
851,2025-06-24,Home,West,2,161.43,0.0,0,106.33
852,2025-01-20,Clothing,South,4,36.19,0.3,0,20.95
853,2025-02-27,Electronics,West,1,66.38,0.0,0,53.43
854,2025-02-24,Grocery,West,2,208.67,0.05,0,146.5
855,2025-04-15,Electronics,West,1,73.15,0.3,0,35.76
856,2025-07-15,Grocery,South,3,93.61,0.0,0,64.75
857,2025-12-20,Clothing,West,5,70.72,0.05,0,36.25
858,2025-09-21,Clothing,East,4,182.08,0.15,0,147.52
859,2025-08-30,Home,North,5,235.29,0.3,0,136.35
860,2025-06-06,Electronics,East,4,196.67,0.15,0,106.1
861,2025-08-02,Electronics,West,3,216.64,0.05,0,154.93
862,2025-10-13,Electronics,South,1,149.05,0.3,0,83.13
863,2025-01-13,Clothing,North,5,133.59,0.0,0,64.29
864,2025-01-24,Electronics,East,2,188.88,0.15,0,147.91
865,2025-03-27,Electronics,East,3,99.49,0.05,0,56.53
866,2025-12-02,Clothing,West,5,238.47,0.15,0,132.15
867,2025-11-03,Electronics,West,3,122.42,0.0,0,78.16
868,2025-05-11,Clothing,North,5,27.94,0.05,0,19.7
869,2025-03-08,Home,East,5,149.39,0.05,1,87.64
870,2025-09-04,Grocery,South,1,105.33,0.05,0,80.17
871,2025-10-22,Grocery,South,3,177.58,0.0,1,129.01
872,2025-01-31,Home,North,4,222.43,0.15,0,123.25
873,2025-11-02,Clothing,West,3,74.62,0.15,0,49.04
874,2025-04-10,Electronics,North,4,46.8,0.0,0,21.4
875,2025-12-02,Home,North,3,135.99,0.3,0,71.91
876,2025-12-16,Home,North,5,28.1,0.3,0,13.04
877,2025-02-11,Grocery,East,5,142.12,0.15,0,114.01
878,2025-12-29,Clothing,North,4,46.4,0.0,0,31.62
879,2025-11-16,Clothing,East,1,231.83,0.0,0,188.13
880,2025-04-09,Grocery,North,1,16.88,0.0,0,11.24
881,2025-12-15,Electronics,West,3,218.44,0.0,0,158.82
882,2025-07-27,Clothing,East,4,188.31,0.0,0,129.54
883,2025-06-21,Clothing,North,5,220.59,0.3,0,107.23
884,2025-09-30,Clothing,West,3,55.63,0.3,0,33.87
885,2025-09-11,Clothing,South,1,71.45,0.3,0,54.53
886,2025-07-14,Electronics,East,2,229.59,0.05,0,109.79
887,2025-10-26,Home,South,1,136.72,0.0,0,96.42
888,2025-09-04,Grocery,East,3,170.92,0.3,0,141.18
889,2025-06-30,Electronics,North,3,39.11,0.05,0,18.48
890,2025-02-22,Clothing,North,1,68.93,0.3,0,42.16
891,2025-09-05,Electronics,South,1,23.71,0.0,0,13.37
892,2025-09-07,Grocery,West,4,170.66,0.05,0,80.94
893,2025-02-25,Grocery,South,2,60.78,0.05,0,45.53
894,2025-03-08,Grocery,West,4,29.92,0.15,0,20.43
895,2025-04-02,Home,North,5,234.92,0.15,0,172.91
896,2025-11-13,Grocery,West,1,211.82,0.0,0,163.86
897,2025-03-10,Grocery,North,2,42.51,0.05,0,29.53
898,2025-05-25,Electronics,East,3,184.65,0.15,0,100.49
899,2025-05-12,Home,West,4,224.8,0.15,0,131.7
900,2025-09-29,Clothing,South,4,182.24,0.05,1,117.31
901,2025-04-13,Grocery,East,1,115.95,0.0,0,69.85
902,2025-12-13,Grocery,West,4,101.7,0.05,0,81.99
903,2025-05-12,Electronics,North,1,215.97,0.3,0,165.91
904,2025-11-15,Home,South,3,64.98,0.05,0,51.05
905,2025-10-21,Electronics,West,3,136.16,0.15,1,76.47
906,2025-03-13,Home,West,3,70.81,0.15,0,37.47
907,2025-09-19,Electronics,North,5,158.12,0.05,0,130.6
908,2025-09-26,Home,East,4,194.68,0.0,0,89.69
909,2025-03-07,Grocery,South,3,123.15,0.05,0,83.91
910,2025-02-12,Electronics,North,2,176.01,0.05,0,139.93
911,2025-02-22,Grocery,West,5,191.85,0.3,0,92.54
912,2025-09-22,Grocery,North,2,32.29,0.0,0,26.64
913,2025-02-07,Grocery,South,1,38.19,0.15,0,28.7
914,2025-01-17,Grocery,South,2,56.6,0.3,0,44.18
915,2025-10-25,Home,South,4,152.84,0.05,0,74.18
916,2025-05-19,Electronics,South,1,147.01,0.05,0,118.3
917,2025-05-27,Electronics,South,1,81.99,0.05,0,38.73
918,2025-08-07,Electronics,South,5,36.79,0.0,1,26.81
919,2025-07-17,Electronics,South,3,53.71,0.05,0,45.22
920,2025-07-07,Electronics,South,3,109.46,0.0,0,63.31
921,2025-08-06,Grocery,South,1,218.86,0.05,0,144.05
922,2025-12-24,Home,North,3,180.08,0.0,0,115.51
923,2025-06-26,Home,West,2,203.18,0.3,0,156.78
924,2025-12-10,Electronics,East,1,67.65,0.0,0,47.05
925,2025-03-27,Grocery,West,2,172.79,0.3,0,78.91
926,2025-01-20,Electronics,South,2,19.89,0.15,0,10.84
927,2025-05-29,Grocery,South,5,26.49,0.3,0,21.05
928,2025-12-03,Home,North,4,197.91,0.3,0,164.8
929,2025-11-24,Electronics,North,4,59.72,0.15,0,41.52
930,2025-09-10,Electronics,South,1,182.69,0.15,0,84.65
931,2025-02-01,Home,North,1,108.58,0.05,0,63.73
932,2025-11-16,Clothing,North,1,217.96,0.15,0,132.15
933,2025-02-11,Clothing,North,2,225.11,0.0,0,113.62
934,2025-09-28,Electronics,East,2,32.12,0.05,0,19.28
935,2025-11-13,Electronics,South,4,214.02,0.15,0,110.52
936,2025-12-06,Grocery,West,5,41.35,0.15,1,33.79
937,2025-07-15,Grocery,South,2,236.59,0.05,0,172.66
938,2025-12-15,Home,West,2,25.35,0.15,0,20.47
939,2025-07-13,Electronics,North,4,194.3,0.0,0,116.05
940,2025-12-08,Home,South,2,42.24,0.3,0,25.86
941,2025-06-27,Grocery,South,5,230.94,0.0,1,190.94
942,2025-08-26,Clothing,West,2,108.59,0.3,0,56.35
943,2025-01-22,Electronics,East,2,117.14,0.15,0,73.5
944,2025-04-02,Clothing,West,3,88.13,0.05,0,54.69
945,2025-12-30,Clothing,South,1,81.37,0.0,0,62.01
946,2025-05-14,Clothing,West,2,58.93,0.3,0,30.56
947,2025-04-18,Home,West,1,182.18,0.0,0,106.79
948,2025-08-05,Clothing,South,3,106.45,0.3,0,70.17
949,2025-11-12,Grocery,West,5,227.63,0.3,0,107.29
950,2025-12-01,Clothing,North,3,146.87,0.15,0,76.63
951,2025-04-09,Clothing,East,4,167.56,0.3,0,138.2
952,2025-09-28,Electronics,North,2,75.75,0.3,0,53.32
953,2025-06-06,Grocery,South,4,121.33,0.3,0,54.7
954,2025-01-16,Electronics,South,2,67.19,0.3,0,49.59
955,2025-09-27,Electronics,West,4,213.13,0.3,1,153.84
956,2025-07-25,Electronics,South,4,175.89,0.0,0,105.74
957,2025-06-02,Home,South,3,59.92,0.3,0,40.39
958,2025-08-21,Clothing,East,5,162.74,0.15,0,74.85
959,2025-02-13,Home,West,3,71.05,0.0,0,50.35
960,2025-06-21,Electronics,West,5,56.96,0.0,0,30.02
961,2025-05-23,Clothing,East,3,23.86,0.15,1,19.03
962,2025-11-14,Clothing,East,4,62.43,0.0,0,39.71
963,2025-12-27,Home,North,1,123.39,0.0,0,76.63
964,2025-11-25,Home,North,2,226.88,0.3,0,139.84
965,2025-09-10,Home,North,4,18.31,0.0,0,13.96
966,2025-08-27,Home,North,5,72.75,0.05,0,59.35
967,2025-08-05,Clothing,North,2,110.9,0.15,0,72.75
968,2025-08-10,Clothing,West,4,232.53,0.15,0,121.76
969,2025-10-26,Grocery,West,1,126.35,0.0,0,76.38
970,2025-06-13,Grocery,West,3,227.74,0.05,0,118.13
971,2025-07-02,Home,South,1,134.47,0.05,0,86.8
972,2025-07-02,Grocery,East,3,222.31,0.0,1,180.51
973,2025-06-20,Home,West,5,131.05,0.3,0,105.24
974,2025-12-14,Electronics,North,5,247.78,0.0,0,174.69
975,2025-11-22,Home,South,2,178.91,0.0,0,106.23
976,2025-02-11,Electronics,North,5,147.43,0.05,1,113.45
977,2025-04-05,Grocery,West,2,199.8,0.3,0,114.13
978,2025-02-15,Clothing,East,3,158.55,0.05,0,111.08
979,2025-04-05,Electronics,South,5,229.67,0.05,0,193.83
980,2025-10-09,Grocery,West,2,126.28,0.0,0,100.14
981,2025-02-02,Clothing,East,5,227.0,0.3,0,157.39
982,2025-01-04,Grocery,South,5,16.64,0.3,0,10.71
983,2025-06-02,Home,South,4,25.2,0.15,0,17.76
984,2025-07-05,Home,West,2,231.76,0.3,0,122.03
985,2025-07-19,Clothing,East,3,86.76,0.0,0,71.74
986,2025-12-16,Home,East,3,126.09,0.15,0,80.16
987,2025-12-28,Clothing,North,4,216.21,0.0,0,127.09
988,2025-08-30,Electronics,South,4,182.06,0.0,0,86.66
989,2025-02-26,Clothing,East,3,187.02,0.15,0,94.69
990,2025-03-15,Home,North,3,17.81,0.05,0,11.66
991,2025-10-06,Home,East,1,112.06,0.15,0,68.22
992,2025-11-12,Grocery,North,3,95.64,0.3,1,75.06
993,2025-11-21,Clothing,West,4,59.51,0.15,0,44.54
994,2025-02-15,Grocery,North,3,122.62,0.0,0,56.82
995,2025-05-14,Clothing,West,5,23.33,0.3,0,18.47
996,2025-06-26,Electronics,West,5,92.67,0.3,0,43.82
997,2025-09-16,Clothing,East,2,144.69,0.15,0,116.47
998,2025-02-25,Grocery,South,1,176.32,0.05,0,84.64
999,2025-08-19,Grocery,West,3,139.98,0.05,0,86.83
1000,2025-11-02,Clothing,South,4,224.04,0.0,0,137.63
1001,2025-07-08,Clothing,West,3,83.9,0.15,0,44.72
1002,2025-10-03,Home,West,4,210.31,0.3,0,153.71
1003,2025-10-28,Grocery,North,2,201.41,0.3,0,142.8
1004,2025-02-12,Home,East,4,97.87,0.0,0,74.55
1005,2025-04-30,Grocery,East,1,56.22,0.05,0,29.34
1006,2025-03-30,Clothing,West,1,55.53,0.05,0,41.08
1007,2025-11-20,Electronics,West,4,119.96,0.3,0,66.15
1008,2025-02-26,Home,East,4,229.68,0.3,0,139.27
1009,2025-03-17,Electronics,West,3,57.84,0.3,0,30.12
1010,2025-07-27,Grocery,East,4,134.68,0.05,0,104.36
1011,2025-12-20,Home,South,4,182.6,0.15,0,117.34
1012,2025-10-03,Electronics,East,2,211.22,0.3,0,163.23
1013,2025-02-07,Clothing,South,4,97.68,0.15,0,49.36
1014,2025-12-23,Electronics,North,4,243.94,0.0,0,160.21
1015,2025-01-07,Home,East,2,197.57,0.05,0,132.17
1016,2025-09-04,Clothing,East,1,179.82,0.0,0,92.45
1017,2025-09-04,Electronics,South,4,97.81,0.05,0,76.53
1018,2025-10-09,Electronics,North,2,78.43,0.15,0,66.27
1019,2025-10-10,Clothing,South,5,112.34,0.3,0,75.03
1020,2025-02-20,Clothing,East,5,151.26,0.3,0,126.28
1021,2025-10-23,Home,South,5,119.58,0.3,1,61.35
1022,2025-07-18,Electronics,South,1,236.96,0.0,0,182.12
1023,2025-08-06,Home,East,4,99.67,0.0,1,57.18
1024,2025-01-02,Home,South,3,82.3,0.15,0,58.36
1025,2025-08-19,Electronics,South,1,149.84,0.05,0,89.14
1026,2025-04-14,Electronics,North,1,90.68,0.0,0,55.19
1027,2025-10-18,Grocery,South,4,221.24,0.0,0,137.19
1028,2025-06-26,Home,East,4,132.27,0.05,0,60.98
1029,2025-05-15,Electronics,West,4,156.09,0.0,0,101.55
1030,2025-09-21,Grocery,West,3,92.68,0.05,0,46.2
1031,2025-11-22,Home,East,2,127.37,0.15,0,103.08
1032,2025-09-11,Electronics,South,1,227.45,0.0,0,166.2
1033,2025-03-26,Grocery,East,4,85.26,0.0,0,42.86
1034,2025-02-02,Home,West,3,125.81,0.15,1,66.33
1035,2025-05-21,Grocery,East,1,181.98,0.15,0,121.89
1036,2025-10-25,Grocery,North,2,209.29,0.05,0,176.52
1037,2025-05-24,Clothing,East,1,115.68,0.0,0,78.88
1038,2025-10-13,Home,North,2,66.78,0.0,0,45.57
1039,2025-10-28,Electronics,East,2,16.88,0.0,0,10.73
1040,2025-04-11,Grocery,East,1,134.37,0.3,0,85.19
1041,2025-06-19,Home,North,3,114.68,0.3,0,56.3
1042,2025-03-12,Grocery,South,4,162.9,0.15,0,123.23
1043,2025-11-03,Grocery,North,2,113.04,0.0,0,51.24
1044,2025-04-01,Electronics,South,5,43.14,0.0,0,20.01
1045,2025-10-20,Home,North,5,204.81,0.15,0,115.98
1046,2025-04-23,Grocery,East,4,107.5,0.05,0,52.87
1047,2025-10-23,Grocery,East,4,206.43,0.15,0,153.08
1048,2025-09-08,Electronics,North,2,99.6,0.3,0,76.01
1049,2025-03-25,Home,West,5,119.6,0.0,0,76.45
1050,2025-08-26,Grocery,South,1,171.82,0.05,0,142.89
1051,2025-06-27,Grocery,East,1,54.78,0.3,0,43.06
1052,2025-04-12,Electronics,North,5,77.62,0.0,0,52.66
1053,2025-11-12,Home,South,1,205.17,0.15,0,170.16
1054,2025-02-24,Clothing,South,1,93.34,0.3,0,79.22
1055,2025-07-09,Home,North,1,98.81,0.15,0,82.11
1056,2025-02-18,Electronics,North,2,58.22,0.05,0,41.52
1057,2025-05-18,Grocery,South,1,181.3,0.15,0,130.14
1058,2025-08-29,Clothing,East,3,82.99,0.05,0,43.61
1059,2025-02-04,Electronics,West,3,142.21,0.15,0,88.94
1060,2025-10-03,Home,West,1,104.78,0.0,0,62.15
1061,2025-07-10,Clothing,North,4,160.69,0.0,1,81.36
1062,2025-05-27,Electronics,North,4,113.62,0.15,0,60.17
1063,2025-04-02,Electronics,East,2,226.1,0.3,0,129.22
1064,2025-05-05,Home,West,5,95.16,0.3,0,45.37
1065,2025-10-03,Clothing,North,5,24.71,0.15,0,19.34
1066,2025-02-01,Grocery,South,2,28.37,0.05,0,16.65
1067,2025-10-23,Electronics,North,3,245.46,0.3,0,191.45
1068,2025-12-04,Home,West,2,102.45,0.0,0,47.43
1069,2025-08-28,Electronics,South,3,102.17,0.0,0,50.33
1070,2025-10-06,Electronics,West,1,242.38,0.15,0,159.59
1071,2025-02-21,Grocery,North,1,38.35,0.0,0,31.4
1072,2025-02-10,Clothing,East,3,222.77,0.0,0,164.73
1073,2025-11-07,Home,South,5,247.07,0.0,0,187.74
1074,2025-11-20,Home,East,5,198.88,0.15,0,94.98
1075,2025-02-08,Electronics,North,5,94.59,0.05,0,64.15
1076,2025-08-03,Grocery,South,5,97.07,0.3,0,57.95
1077,2025-08-11,Home,South,5,159.04,0.0,0,75.44
1078,2025-05-30,Home,East,3,191.59,0.05,0,95.69
1079,2025-01-14,Clothing,West,5,149.92,0.05,0,120.41
1080,2025-03-05,Home,North,1,44.89,0.0,0,23.46
1081,2025-09-08,Grocery,North,4,196.33,0.05,0,96.65
1082,2025-08-02,Electronics,North,2,25.41,0.0,0,16.3
1083,2025-05-20,Clothing,North,1,46.34,0.0,0,23.25
1084,2025-11-04,Home,North,4,219.8,0.05,0,182.56
1085,2025-05-08,Electronics,East,4,80.97,0.15,0,65.91
1086,2025-07-16,Clothing,East,1,31.71,0.3,0,16.74
1087,2025-03-08,Grocery,East,5,63.17,0.05,0,32.99
1088,2025-03-16,Electronics,North,3,53.28,0.3,0,39.19
1089,2025-07-16,Clothing,East,2,68.64,0.3,0,35.56
1090,2025-01-01,Clothing,South,2,149.63,0.15,0,125.49
1091,2025-03-27,Clothing,West,1,52.08,0.3,0,35.02
1092,2025-05-30,Grocery,North,2,67.19,0.0,0,55.75
1093,2025-05-10,Home,South,2,222.33,0.0,0,167.01
1094,2025-12-03,Grocery,South,3,34.81,0.15,0,25.79
1095,2025-12-23,Grocery,South,1,219.05,0.0,0,135.95
1096,2025-01-18,Home,East,1,81.35,0.3,0,45.03
1097,2025-10-12,Electronics,East,3,209.25,0.0,0,94.6
1098,2025-04-26,Home,South,5,62.74,0.0,0,39.45
1099,2025-04-06,Clothing,West,4,193.03,0.05,0,144.45
1100,2025-08-01,Grocery,East,3,152.18,0.0,0,100.13
1101,2025-01-13,Clothing,North,2,159.69,0.05,0,99.19
1102,2025-06-21,Home,West,4,65.02,0.0,0,43.31
1103,2025-01-17,Electronics,West,3,241.89,0.05,0,142.54
1104,2025-09-18,Home,East,4,30.48,0.15,1,16.68
1105,2025-12-28,Home,West,2,71.81,0.15,0,38.71
1106,2025-05-16,Electronics,East,5,42.51,0.05,0,28.87
1107,2025-03-01,Grocery,South,3,213.88,0.3,0,103.28
1108,2025-09-18,Electronics,South,5,175.88,0.3,1,81.05
1109,2025-09-15,Clothing,West,4,67.26,0.0,0,52.92
1110,2025-06-16,Home,South,3,224.64,0.3,0,156.12
1111,2025-05-26,Home,South,1,93.84,0.15,0,61.02
1112,2025-11-23,Grocery,East,3,236.79,0.0,0,194.9
1113,2025-04-03,Electronics,West,3,200.31,0.3,0,165.73
1114,2025-10-07,Home,South,4,161.85,0.05,0,117.47
1115,2025-08-03,Electronics,West,1,73.34,0.05,0,34.14
1116,2025-11-03,Electronics,West,4,151.66,0.0,0,111.27
1117,2025-10-30,Home,North,1,127.12,0.15,0,58.42
1118,2025-05-17,Home,West,4,69.4,0.15,0,33.66
1119,2025-04-23,Electronics,West,4,212.47,0.05,0,116.17
1120,2025-07-01,Home,North,2,90.91,0.15,0,46.24
1121,2025-01-25,Home,South,3,79.98,0.0,0,39.59
1122,2025-07-09,Grocery,South,1,225.77,0.3,1,116.17
1123,2025-04-18,Clothing,North,5,95.27,0.3,0,70.4
1124,2025-02-09,Home,South,5,109.41,0.15,0,55.47
1125,2025-06-16,Grocery,East,4,23.56,0.15,0,18.69
1126,2025-12-09,Grocery,North,1,147.86,0.05,0,90.46
1127,2025-11-15,Grocery,North,4,190.48,0.05,0,117.54
1128,2025-01-19,Electronics,South,2,132.47,0.15,0,85.54
1129,2025-03-14,Home,East,3,79.86,0.3,1,62.29
1130,2025-01-14,Clothing,East,3,144.85,0.15,0,81.95
1131,2025-02-22,Home,North,5,105.34,0.0,0,54.66
1132,2025-04-08,Clothing,West,4,131.84,0.0,0,70.71
1133,2025-04-14,Electronics,East,3,151.31,0.0,0,87.12
1134,2025-02-06,Clothing,South,2,68.8,0.15,0,49.45
1135,2025-10-12,Home,West,5,25.51,0.15,0,18.44
1136,2025-08-27,Clothing,East,3,94.19,0.3,0,60.78
1137,2025-11-07,Clothing,West,4,110.96,0.05,0,79.84
1138,2025-09-24,Home,West,5,55.85,0.0,0,26.21
1139,2025-06-10,Clothing,East,3,165.5,0.0,0,91.54
1140,2025-03-16,Electronics,East,1,54.91,0.0,0,29.62
1141,2025-08-22,Electronics,West,1,109.16,0.05,0,72.83
1142,2025-06-06,Grocery,North,4,225.55,0.0,0,149.78
1143,2025-12-19,Clothing,North,4,112.21,0.0,0,53.97
1144,2025-08-06,Clothing,East,3,145.88,0.15,0,113.64
1145,2025-03-08,Electronics,East,5,116.71,0.15,0,79.05
1146,2025-01-10,Home,North,3,106.66,0.3,0,80.93
1147,2025-12-13,Clothing,North,2,204.91,0.15,0,95.52
1148,2025-11-30,Clothing,South,5,180.95,0.05,0,120.18
1149,2025-01-13,Electronics,West,5,211.52,0.3,0,100.18
1150,2025-02-18,Home,East,4,20.46,0.15,0,14.7
1151,2025-05-21,Home,North,2,147.53,0.3,0,103.88
1152,2025-12-15,Electronics,West,2,161.66,0.05,0,81.34
1153,2025-09-24,Grocery,South,4,22.08,0.0,0,18.07
1154,2025-09-01,Grocery,South,4,103.34,0.0,0,79.42
1155,2025-07-28,Grocery,North,4,85.85,0.15,0,44.4
1156,2025-11-05,Electronics,East,2,223.57,0.15,0,117.17
1157,2025-12-17,Grocery,West,3,159.97,0.15,0,99.07
1158,2025-05-18,Electronics,West,2,151.58,0.05,0,114.08
1159,2025-04-21,Grocery,East,2,144.67,0.05,0,90.63
1160,2025-01-05,Electronics,North,1,143.11,0.3,0,110.2
1161,2025-05-03,Clothing,North,5,50.26,0.15,0,24.41
1162,2025-05-12,Clothing,North,4,213.05,0.15,0,147.21
1163,2025-04-25,Grocery,South,4,114.64,0.0,0,76.51
1164,2025-12-14,Electronics,North,2,218.23,0.15,0,159.39
1165,2025-02-01,Clothing,South,4,173.22,0.0,0,121.54
1166,2025-06-09,Electronics,North,2,198.01,0.3,0,92.42
1167,2025-09-11,Home,South,2,124.8,0.3,1,59.33
1168,2025-01-22,Home,South,2,200.55,0.0,0,90.94
1169,2025-04-03,Electronics,North,1,33.03,0.3,0,17.68
1170,2025-06-20,Grocery,East,4,112.5,0.0,0,81.4
1171,2025-05-14,Grocery,South,2,106.34,0.15,0,78.29
1172,2025-03-05,Clothing,North,5,199.23,0.15,0,116.69
1173,2025-01-27,Home,West,5,43.22,0.0,0,26.49
1174,2025-10-19,Home,South,1,21.98,0.3,0,11.48
1175,2025-11-28,Grocery,West,5,216.19,0.05,0,138.65
1176,2025-07-05,Electronics,South,1,75.04,0.15,0,47.48
1177,2025-10-28,Clothing,West,3,59.4,0.0,0,30.97
1178,2025-04-14,Home,East,2,120.37,0.15,0,87.2
1179,2025-10-13,Grocery,West,5,143.19,0.3,1,102.98
1180,2025-06-28,Clothing,South,2,162.14,0.3,1,131.59
1181,2025-03-19,Clothing,South,4,28.05,0.3,0,14.43
1182,2025-01-25,Clothing,East,5,23.73,0.3,0,14.76
1183,2025-10-30,Grocery,North,3,135.96,0.3,0,107.97
1184,2025-09-29,Grocery,South,1,131.12,0.0,0,80.17
1185,2025-02-27,Home,East,3,33.89,0.15,0,27.37
1186,2025-03-20,Home,East,1,120.54,0.0,0,81.96
1187,2025-02-24,Grocery,South,1,183.85,0.3,0,142.52
1188,2025-09-12,Clothing,North,1,149.68,0.15,0,117.39
1189,2025-08-31,Home,East,2,57.27,0.3,0,48.35
1190,2025-06-30,Home,West,2,22.89,0.3,0,14.4
1191,2025-03-03,Grocery,West,1,28.81,0.3,0,16.44
1192,2025-08-14,Home,South,2,18.37,0.3,0,13.58
1193,2025-05-27,Electronics,East,3,243.07,0.15,0,185.66
1194,2025-10-23,Home,South,2,97.67,0.3,0,80.83
1195,2025-10-16,Electronics,East,4,145.33,0.05,0,103.21
1196,2025-06-30,Home,East,5,79.89,0.05,1,64.99
1197,2025-03-31,Clothing,North,5,120.13,0.05,0,76.61
1198,2025-02-12,Grocery,North,3,245.45,0.0,0,164.17
1199,2025-11-23,Clothing,South,4,50.18,0.05,0,31.18
1200,2025-03-04,Electronics,East,1,130.76,0.05,0,100.16
1201,2025-02-03,Grocery,South,5,163.69,0.15,0,97.67
1202,2025-05-08,Clothing,East,4,106.61,0.3,1,68.85
1203,2025-08-29,Home,East,2,54.74,0.05,0,37.09
1204,2025-09-04,Clothing,East,2,75.81,0.15,0,60.83
1205,2025-06-13,Electronics,North,5,175.18,0.05,1,100.18
1206,2025-05-22,Clothing,North,3,108.34,0.05,0,59.48
1207,2025-07-20,Electronics,West,1,121.04,0.3,0,95.18
1208,2025-04-05,Home,West,2,216.15,0.0,0,109.14
1209,2025-12-06,Electronics,West,2,116.06,0.0,0,61.61
1210,2025-01-19,Clothing,North,1,221.16,0.15,0,116.01
1211,2025-01-17,Clothing,North,2,130.46,0.0,0,76.3
1212,2025-05-26,Electronics,West,3,246.65,0.0,0,157.93
1213,2025-06-24,Home,West,3,43.18,0.3,1,23.73
1214,2025-01-16,Electronics,South,2,150.94,0.05,0,101.47
1215,2025-03-23,Electronics,East,1,50.02,0.0,0,34.37
1216,2025-08-28,Grocery,East,5,218.18,0.15,0,147.27
1217,2025-08-29,Home,East,1,200.53,0.15,0,95.36
1218,2025-01-11,Clothing,South,4,210.73,0.3,0,150.42
1219,2025-02-11,Home,South,4,43.09,0.3,0,32.23
1220,2025-06-03,Grocery,West,2,51.39,0.05,0,28.12
1221,2025-06-25,Home,East,4,187.97,0.3,0,123.8
1222,2025-05-02,Electronics,West,3,238.89,0.05,0,135.33
1223,2025-02-09,Electronics,West,3,41.58,0.0,0,34.26
1224,2025-05-18,Electronics,South,1,147.21,0.05,0,99.46
1225,2025-01-01,Grocery,South,3,135.47,0.05,0,73.12
1226,2025-03-20,Grocery,South,1,204.76,0.15,0,166.29
1227,2025-06-01,Electronics,East,2,247.9,0.3,0,121.59
1228,2025-11-24,Clothing,West,3,122.02,0.0,0,86.57
1229,2025-07-15,Grocery,West,3,248.9,0.05,0,168.02
1230,2025-03-18,Electronics,East,1,129.75,0.15,0,67.6
1231,2025-12-13,Grocery,West,1,153.97,0.3,0,78.26
1232,2025-08-08,Electronics,South,3,159.27,0.3,0,78.15
1233,2025-02-01,Home,South,3,147.73,0.05,0,103.54
1234,2025-06-19,Grocery,West,3,114.14,0.0,0,60.12
1235,2025-04-24,Clothing,West,2,87.28,0.3,0,71.76
1236,2025-03-09,Electronics,North,2,99.35,0.3,0,48.59
1237,2025-12-11,Home,East,1,189.89,0.05,1,95.31
1238,2025-05-13,Grocery,North,3,237.57,0.3,0,197.26
1239,2025-05-02,Clothing,North,4,15.76,0.15,0,11.53
1240,2025-07-21,Clothing,East,5,247.86,0.3,0,190.81
1241,2025-08-10,Grocery,East,5,138.21,0.3,1,83.51
1242,2025-02-19,Home,East,1,80.1,0.05,0,47.46
1243,2025-01-16,Electronics,South,3,141.7,0.0,0,107.98
1244,2025-09-15,Electronics,West,4,113.84,0.05,0,66.86
1245,2025-02-16,Home,West,2,63.64,0.3,0,30.83
1246,2025-03-15,Electronics,West,1,83.05,0.3,0,41.5
1247,2025-10-11,Clothing,South,2,226.47,0.3,0,124.63
1248,2025-08-18,Electronics,South,1,121.93,0.15,0,93.32
1249,2025-08-06,Home,North,1,226.94,0.15,0,111.28
1250,2025-04-11,Electronics,North,2,30.59,0.15,0,22.62
1251,2025-04-25,Home,West,3,30.02,0.0,0,19.55
1252,2025-08-11,Electronics,South,1,210.71,0.05,0,169.66
1253,2025-10-21,Home,North,1,171.36,0.15,0,77.16
1254,2025-07-30,Clothing,East,2,130.94,0.0,0,101.31
1255,2025-06-16,Electronics,West,1,29.04,0.05,0,15.62
1256,2025-02-26,Grocery,West,3,133.3,0.3,0,63.83
1257,2025-08-04,Grocery,West,2,23.5,0.0,0,16.43
1258,2025-10-07,Home,West,5,242.39,0.05,0,183.0
1259,2025-06-22,Grocery,South,5,88.19,0.05,0,68.15
1260,2025-12-09,Clothing,East,4,166.25,0.0,0,81.44
1261,2025-02-21,Home,East,3,96.16,0.0,0,70.63
1262,2025-11-02,Clothing,North,2,32.31,0.15,0,22.66
1263,2025-10-15,Electronics,South,4,162.06,0.0,1,100.14
1264,2025-04-28,Clothing,North,4,70.47,0.15,0,58.66
1265,2025-12-08,Grocery,South,3,26.58,0.05,0,15.65
1266,2025-01-02,Home,West,5,129.16,0.05,1,68.72
1267,2025-07-15,Electronics,South,5,209.58,0.15,0,119.71
1268,2025-10-18,Home,South,5,54.43,0.05,0,35.05
1269,2025-10-05,Electronics,South,4,239.94,0.05,0,145.41
1270,2025-04-01,Home,West,3,20.1,0.3,0,12.61
1271,2025-12-16,Clothing,South,5,68.75,0.05,0,51.02
1272,2025-07-28,Home,South,5,73.59,0.3,0,49.47
1273,2025-08-26,Home,West,2,123.09,0.3,0,99.43
1274,2025-05-26,Clothing,North,2,137.02,0.0,0,106.93
1275,2025-07-27,Grocery,North,2,133.55,0.15,0,98.46
1276,2025-04-09,Grocery,East,5,24.08,0.0,0,15.03
1277,2025-01-09,Clothing,West,1,18.62,0.15,0,8.77
1278,2025-08-21,Home,West,4,61.16,0.05,0,33.29
1279,2025-10-06,Clothing,South,1,188.02,0.3,0,120.06
1280,2025-04-08,Grocery,South,3,86.54,0.05,0,41.6
1281,2025-01-11,Home,West,3,137.99,0.3,0,78.05
1282,2025-04-18,Home,North,3,108.79,0.3,0,72.87
1283,2025-05-10,Home,East,4,116.99,0.05,0,76.87
1284,2025-08-08,Clothing,South,1,226.43,0.05,0,113.71
1285,2025-03-26,Home,West,4,62.43,0.15,0,51.4
1286,2025-12-22,Electronics,West,1,178.51,0.3,0,82.69
1287,2025-03-19,Clothing,North,1,87.25,0.3,0,61.17
1288,2025-11-28,Grocery,East,4,57.13,0.05,0,28.83
1289,2025-01-16,Home,West,5,237.59,0.0,0,184.24
1290,2025-11-14,Clothing,East,4,181.23,0.05,0,122.72
1291,2025-01-22,Grocery,East,4,131.23,0.05,0,110.28
1292,2025-02-16,Electronics,North,3,99.98,0.0,0,67.61
1293,2025-05-30,Home,South,3,65.21,0.05,0,54.23
1294,2025-01-17,Electronics,South,2,116.88,0.05,0,82.7
1295,2025-05-16,Home,South,1,210.19,0.05,0,148.36
1296,2025-03-23,Home,South,3,18.66,0.05,0,14.66
1297,2025-01-13,Grocery,West,3,151.98,0.15,0,118.83
1298,2025-12-22,Home,East,5,117.53,0.3,0,74.67
1299,2025-02-21,Clothing,East,4,17.87,0.0,0,15.01
1300,2025-11-20,Electronics,South,3,165.61,0.05,0,78.87
1301,2025-12-16,Grocery,West,1,32.8,0.15,0,18.56
1302,2025-05-29,Grocery,South,2,38.58,0.3,0,25.23
1303,2025-08-17,Grocery,West,5,57.37,0.0,0,32.88
1304,2025-06-11,Home,North,4,94.98,0.3,0,56.02
1305,2025-09-09,Electronics,North,4,124.15,0.15,0,100.38
1306,2025-05-27,Home,West,2,222.55,0.15,0,128.9
1307,2025-11-03,Clothing,South,4,165.67,0.3,0,133.07
1308,2025-06-22,Electronics,East,4,232.7,0.05,0,152.05
1309,2025-10-12,Electronics,East,1,131.59,0.0,0,87.82
1310,2025-04-21,Home,North,2,25.61,0.05,0,15.81
1311,2025-04-25,Clothing,East,3,167.48,0.05,0,140.82
1312,2025-08-16,Electronics,West,5,187.34,0.0,0,107.8
1313,2025-04-25,Home,East,4,156.48,0.0,0,117.34
1314,2025-10-14,Electronics,West,4,228.0,0.3,0,170.49
1315,2025-04-01,Grocery,South,2,187.08,0.3,1,96.64
1316,2025-02-12,Electronics,West,4,225.51,0.0,0,103.63
1317,2025-02-05,Home,East,5,224.5,0.0,0,102.37
1318,2025-05-17,Clothing,South,2,101.24,0.15,0,78.25
1319,2025-10-30,Electronics,South,2,65.41,0.0,0,44.47
1320,2025-12-12,Home,North,2,96.87,0.15,0,80.79
1321,2025-06-11,Clothing,East,4,63.78,0.05,0,45.82
1322,2025-10-17,Electronics,South,2,215.53,0.15,0,174.76
1323,2025-05-18,Grocery,West,5,147.16,0.15,0,104.15
1324,2025-10-22,Clothing,North,1,164.76,0.3,0,119.25
1325,2025-03-01,Grocery,East,5,190.54,0.15,0,129.17
1326,2025-05-30,Electronics,South,1,146.94,0.05,0,71.37
1327,2025-01-09,Home,North,5,81.23,0.15,0,44.42
1328,2025-07-05,Home,North,1,179.7,0.3,0,94.98
1329,2025-06-10,Grocery,South,3,115.83,0.0,0,71.57
1330,2025-07-05,Home,West,5,217.86,0.05,0,141.27
1331,2025-04-28,Electronics,East,3,20.94,0.0,0,17.25
1332,2025-08-09,Grocery,East,2,57.87,0.15,1,41.36
1333,2025-04-30,Home,East,4,161.26,0.0,0,102.06
1334,2025-07-29,Home,North,4,167.93,0.3,0,105.52
1335,2025-07-30,Grocery,East,5,147.29,0.15,0,94.69
1336,2025-04-05,Grocery,East,4,180.59,0.05,0,109.94
1337,2025-02-25,Grocery,East,2,227.14,0.15,1,162.31
1338,2025-10-08,Home,East,4,213.72,0.15,0,142.06
1339,2025-04-12,Grocery,East,4,228.0,0.15,0,139.82
1340,2025-05-23,Electronics,West,1,125.51,0.0,0,76.2
1341,2025-04-13,Home,South,4,217.98,0.0,0,170.48
1342,2025-04-01,Home,North,3,74.61,0.15,1,38.08
1343,2025-11-13,Clothing,West,3,160.79,0.3,0,128.66
1344,2025-09-17,Grocery,West,2,73.74,0.15,1,45.16
1345,2025-03-30,Grocery,West,2,23.13,0.0,0,12.4
1346,2025-05-19,Grocery,East,5,121.35,0.05,0,73.5
1347,2025-11-24,Grocery,North,4,123.72,0.3,0,90.62
1348,2025-07-16,Home,East,4,205.23,0.3,1,129.54
1349,2025-04-05,Grocery,South,4,115.1,0.15,0,64.15
1350,2025-10-17,Clothing,East,2,176.26,0.15,0,98.53
1351,2025-02-20,Electronics,South,3,52.95,0.05,0,24.37
1352,2025-03-07,Home,North,4,178.73,0.05,0,127.43
1353,2025-09-08,Clothing,North,2,163.92,0.15,0,104.58
1354,2025-04-15,Home,South,3,217.69,0.15,0,114.89
1355,2025-11-17,Home,South,5,146.24,0.15,1,93.33
1356,2025-12-19,Home,East,3,230.39,0.15,0,111.99
1357,2025-01-05,Home,South,4,179.94,0.0,0,84.21
1358,2025-09-08,Home,East,5,32.37,0.3,0,27.2
1359,2025-06-11,Electronics,North,2,195.31,0.3,0,95.87
1360,2025-10-07,Electronics,East,4,162.85,0.05,0,85.78
1361,2025-07-18,Clothing,South,3,179.44,0.0,0,102.98
1362,2025-01-27,Home,East,1,44.21,0.3,0,37.01
1363,2025-12-22,Home,East,2,135.45,0.05,0,100.36
1364,2025-04-26,Electronics,South,3,71.3,0.3,0,58.79
1365,2025-12-04,Grocery,West,1,149.65,0.3,0,78.5
1366,2025-04-20,Grocery,North,4,80.1,0.3,0,50.74
1367,2025-02-09,Grocery,North,2,24.2,0.3,0,20.4
1368,2025-11-29,Clothing,West,4,107.17,0.3,0,71.76
1369,2025-01-03,Grocery,North,1,129.26,0.3,0,94.06
1370,2025-12-23,Electronics,East,2,124.75,0.0,0,80.3
1371,2025-08-21,Grocery,South,2,167.13,0.0,0,139.79
1372,2025-03-25,Clothing,West,1,155.65,0.15,0,119.61
1373,2025-11-12,Clothing,North,4,48.94,0.0,0,22.13
1374,2025-09-28,Electronics,South,5,143.58,0.3,0,106.81
1375,2025-07-13,Grocery,South,5,58.15,0.0,0,39.9
1376,2025-06-10,Grocery,North,5,189.41,0.15,0,98.93
1377,2025-08-25,Clothing,West,3,230.86,0.3,0,176.23
1378,2025-12-11,Clothing,West,3,55.8,0.3,0,45.89
1379,2025-11-23,Electronics,South,2,150.26,0.15,0,115.9
1380,2025-01-13,Grocery,East,2,177.22,0.3,0,130.95
1381,2025-11-01,Clothing,South,5,36.28,0.15,0,28.16
1382,2025-01-29,Home,South,1,198.86,0.3,0,91.76
1383,2025-08-04,Grocery,West,4,160.28,0.15,0,107.29
1384,2025-06-27,Clothing,North,2,22.28,0.3,0,17.95
1385,2025-09-28,Grocery,East,2,92.2,0.15,0,59.57
1386,2025-01-27,Grocery,West,2,138.28,0.05,0,82.18
1387,2025-09-27,Electronics,South,1,106.25,0.15,0,71.23
1388,2025-06-28,Electronics,West,5,199.62,0.0,0,93.41
1389,2025-05-01,Clothing,North,1,151.9,0.05,0,102.41
1390,2025-11-04,Clothing,South,4,204.4,0.05,0,125.54
1391,2025-05-24,Grocery,West,2,169.39,0.05,0,91.49
1392,2025-02-28,Grocery,South,2,238.94,0.3,1,162.36
1393,2025-05-15,Clothing,South,5,29.1,0.05,0,14.71
1394,2025-06-25,Grocery,West,4,204.55,0.0,0,171.16
1395,2025-02-06,Electronics,North,1,81.15,0.05,0,55.59
1396,2025-02-08,Grocery,East,4,17.31,0.05,0,8.33
1397,2025-12-16,Electronics,South,4,127.06,0.3,0,63.08
1398,2025-01-10,Clothing,West,3,77.05,0.3,0,45.08
1399,2025-04-16,Clothing,West,3,140.67,0.15,0,111.96
1400,2025-09-14,Electronics,West,2,29.72,0.3,0,17.18
1401,2025-05-23,Grocery,East,3,187.24,0.05,0,117.91
1402,2025-01-23,Electronics,South,4,246.23,0.0,0,157.19
1403,2025-11-13,Home,South,5,205.34,0.05,0,139.25
1404,2025-10-08,Electronics,West,1,139.15,0.05,0,95.17
1405,2025-11-06,Electronics,North,2,51.84,0.0,0,33.43
1406,2025-11-19,Home,East,4,90.35,0.3,0,42.93
1407,2025-09-09,Home,East,2,202.2,0.05,0,107.8
1408,2025-07-25,Grocery,West,2,209.85,0.15,0,169.6
1409,2025-02-21,Home,East,5,29.57,0.05,0,14.31
1410,2025-06-04,Home,South,3,185.92,0.05,0,141.86
1411,2025-11-03,Home,South,1,238.61,0.05,0,116.07
1412,2025-02-11,Electronics,South,1,223.0,0.3,0,131.95
1413,2025-12-21,Electronics,South,4,191.59,0.15,0,96.72
1414,2025-05-18,Grocery,South,3,80.55,0.0,0,40.37
1415,2025-06-19,Grocery,West,1,230.81,0.05,0,152.54
1416,2025-08-12,Clothing,East,5,222.81,0.3,0,123.54
1417,2025-11-30,Grocery,East,2,144.59,0.05,1,68.7
1418,2025-11-01,Home,West,1,61.93,0.15,0,32.35
1419,2025-07-31,Clothing,North,4,241.81,0.0,0,164.96
1420,2025-04-14,Electronics,West,2,184.51,0.05,0,149.69
1421,2025-07-05,Clothing,North,2,182.28,0.15,0,121.28
1422,2025-09-04,Electronics,North,3,212.61,0.05,1,122.47
1423,2025-03-03,Home,East,1,99.73,0.05,0,57.24
1424,2025-02-25,Electronics,South,3,21.88,0.3,0,11.05
1425,2025-12-15,Electronics,South,5,47.49,0.15,0,34.03
1426,2025-07-10,Electronics,South,4,224.09,0.05,0,139.42
1427,2025-03-30,Home,North,2,33.55,0.0,1,23.87
1428,2025-03-08,Electronics,West,2,137.9,0.15,0,107.88
1429,2025-01-22,Clothing,South,5,200.24,0.05,0,92.08
1430,2025-06-06,Electronics,North,1,81.25,0.05,0,55.39
1431,2025-12-12,Clothing,South,4,107.08,0.0,0,55.92
1432,2025-10-19,Grocery,East,2,216.26,0.0,0,177.45
1433,2025-01-18,Home,East,4,27.76,0.15,0,21.26
1434,2025-10-02,Electronics,West,4,140.46,0.3,1,66.99
1435,2025-12-15,Electronics,West,5,185.18,0.05,0,122.9
1436,2025-11-21,Clothing,West,5,48.17,0.3,0,27.0
1437,2025-01-24,Home,North,5,216.28,0.3,0,110.37
1438,2025-05-31,Electronics,West,1,25.94,0.0,0,21.68
1439,2025-01-29,Home,East,5,201.64,0.3,0,162.21
1440,2025-08-08,Clothing,West,2,183.31,0.05,0,118.77
1441,2025-09-25,Electronics,North,1,46.92,0.0,0,23.49
1442,2025-06-14,Grocery,North,4,99.52,0.05,0,78.85
1443,2025-06-20,Grocery,East,5,168.71,0.15,0,82.09
1444,2025-12-15,Grocery,North,1,191.4,0.15,0,111.34
1445,2025-10-18,Grocery,North,3,96.87,0.3,0,62.46
1446,2025-11-29,Clothing,North,5,119.73,0.3,0,59.38
1447,2025-09-20,Electronics,North,1,239.55,0.0,0,126.57
1448,2025-06-12,Home,North,3,244.27,0.05,0,178.74
1449,2025-11-15,Clothing,West,1,65.34,0.15,0,52.39
1450,2025-09-10,Electronics,South,5,42.63,0.15,0,20.27
1451,2025-02-13,Grocery,West,4,87.06,0.3,0,49.23
1452,2025-08-08,Home,West,1,190.36,0.15,0,145.81
1453,2025-07-12,Grocery,South,2,89.2,0.3,0,53.63
1454,2025-11-24,Home,West,5,218.1,0.0,0,174.89
1455,2025-04-01,Grocery,South,5,49.54,0.0,0,27.56
1456,2025-09-23,Home,North,4,100.09,0.05,1,49.23
1457,2025-09-18,Home,West,3,111.7,0.0,0,83.07
1458,2025-02-27,Home,North,5,228.22,0.05,0,141.07
1459,2025-02-14,Home,North,4,28.48,0.0,0,21.57
1460,2025-06-07,Grocery,South,3,232.21,0.3,0,193.65
1461,2025-01-14,Grocery,East,3,242.74,0.15,0,174.17
1462,2025-01-15,Clothing,East,4,231.17,0.05,0,106.42
1463,2025-07-02,Grocery,North,1,227.18,0.3,0,173.13
1464,2025-03-11,Grocery,West,3,225.08,0.05,0,141.98
1465,2025-05-28,Home,South,2,191.84,0.05,0,121.86
1466,2025-11-07,Clothing,South,2,143.37,0.05,0,118.85
1467,2025-12-18,Grocery,East,5,120.11,0.0,0,69.74
1468,2025-01-28,Electronics,East,5,46.85,0.15,0,25.68
1469,2025-07-03,Home,South,4,186.67,0.3,0,123.12
1470,2025-10-11,Grocery,North,5,123.12,0.05,1,56.81
1471,2025-01-15,Electronics,West,2,202.21,0.3,0,159.06
1472,2025-10-03,Home,East,5,174.4,0.05,0,139.8
1473,2025-08-14,Clothing,South,4,140.99,0.0,0,95.67
1474,2025-05-06,Electronics,South,4,28.61,0.3,0,14.02
1475,2025-07-20,Home,South,4,73.34,0.15,0,38.99
1476,2025-07-02,Home,West,2,34.21,0.0,0,25.73
1477,2025-08-21,Electronics,West,5,212.32,0.3,1,106.48
1478,2025-07-09,Home,West,2,79.8,0.0,0,41.65
1479,2025-07-06,Electronics,South,3,229.96,0.3,1,111.36
1480,2025-10-14,Home,West,1,103.31,0.0,0,67.02
1481,2025-04-02,Home,North,5,209.77,0.0,0,99.27
1482,2025-02-26,Home,East,1,190.39,0.3,0,160.12
1483,2025-10-06,Grocery,East,4,38.65,0.05,0,21.66
1484,2025-03-06,Grocery,East,1,243.01,0.15,0,193.09
1485,2025-01-30,Grocery,East,3,157.51,0.0,0,110.95
1486,2025-07-23,Home,South,1,109.43,0.3,0,58.2
1487,2025-09-06,Grocery,West,5,177.62,0.15,0,132.76
1488,2025-11-27,Clothing,South,1,224.11,0.3,0,120.26
1489,2025-08-26,Home,West,3,130.17,0.05,0,94.27
1490,2025-09-14,Clothing,East,3,44.65,0.15,0,28.03
1491,2025-12-14,Clothing,West,1,132.42,0.3,0,94.56
1492,2025-07-22,Grocery,North,2,71.94,0.3,0,41.44
1493,2025-04-25,Grocery,East,2,152.16,0.0,0,100.27
1494,2025-05-07,Electronics,North,1,149.21,0.3,0,116.45
1495,2025-10-04,Electronics,East,5,234.23,0.05,0,198.44
1496,2025-08-06,Home,South,3,109.33,0.15,1,87.03
1497,2025-04-20,Home,West,4,46.58,0.05,0,36.51
1498,2025-12-08,Home,North,2,244.37,0.05,0,162.27
1499,2025-05-27,Clothing,West,2,65.73,0.3,0,32.03
1500,2025-07-31,Grocery,South,3,197.35,0.05,0,128.23
1501,2025-09-29,Grocery,East,4,85.5,0.15,0,40.13
1502,2025-07-31,Clothing,West,2,211.01,0.05,0,172.28
1503,2025-06-26,Home,South,3,18.55,0.3,0,12.67
1504,2025-04-20,Clothing,East,3,91.9,0.05,0,60.1
1505,2025-11-29,Grocery,North,1,233.55,0.0,0,112.89
1506,2025-12-27,Clothing,North,3,158.98,0.3,0,72.23
1507,2025-01-15,Clothing,North,2,169.93,0.3,0,136.9
1508,2025-03-19,Electronics,South,4,209.99,0.0,0,157.1
1509,2025-01-31,Clothing,North,4,155.91,0.05,0,114.31
1510,2025-01-30,Home,North,5,189.87,0.0,0,120.99
1511,2025-11-19,Clothing,East,2,109.75,0.3,0,55.74
1512,2025-07-20,Clothing,North,2,234.76,0.0,0,191.72
1513,2025-09-29,Home,East,4,208.28,0.05,0,104.03
1514,2025-02-24,Clothing,South,2,171.23,0.3,0,106.75
1515,2025-05-30,Electronics,East,2,128.38,0.0,0,87.04
1516,2025-06-26,Home,North,1,189.69,0.15,0,109.3
1517,2025-09-08,Grocery,East,3,153.8,0.3,0,91.88
1518,2025-04-23,Home,North,5,38.64,0.15,0,23.32
1519,2025-03-14,Grocery,North,1,184.7,0.3,0,123.63
1520,2025-04-28,Electronics,South,2,201.74,0.0,0,151.97
1521,2025-09-18,Grocery,North,5,158.5,0.3,1,117.21
1522,2025-07-08,Clothing,North,2,185.1,0.3,0,122.89
1523,2025-05-31,Grocery,North,3,239.07,0.3,0,189.01
1524,2025-02-23,Home,West,4,65.68,0.3,0,42.29
1525,2025-03-28,Clothing,West,5,207.15,0.05,0,164.22
1526,2025-07-27,Electronics,East,4,248.46,0.05,0,205.01
1527,2025-06-26,Home,North,2,51.34,0.0,0,30.46
1528,2025-08-13,Home,South,5,63.52,0.0,0,46.1
1529,2025-04-11,Clothing,East,3,235.46,0.15,0,193.99
1530,2025-12-31,Grocery,South,1,221.96,0.0,0,101.3
1531,2025-05-15,Electronics,North,5,238.07,0.15,0,169.15
1532,2025-06-18,Grocery,East,4,93.9,0.3,0,67.1
1533,2025-01-04,Home,South,1,115.36,0.05,0,63.44
1534,2025-04-12,Electronics,South,4,224.67,0.3,0,169.47
1535,2025-08-02,Grocery,West,5,59.74,0.0,0,33.14
1536,2025-06-21,Grocery,West,3,103.69,0.3,0,60.4
1537,2025-01-07,Home,North,5,117.6,0.05,1,67.34
1538,2025-06-07,Electronics,South,4,138.85,0.15,0,109.89
1539,2025-07-29,Electronics,West,2,72.91,0.0,0,34.88
1540,2025-08-30,Electronics,South,4,164.44,0.05,0,94.27
1541,2025-12-25,Electronics,West,3,89.24,0.0,1,63.78
1542,2025-10-12,Grocery,North,2,219.26,0.15,0,119.94
1543,2025-03-05,Electronics,North,3,248.46,0.05,0,204.15
1544,2025-02-03,Home,South,5,218.89,0.0,0,117.11
1545,2025-09-23,Electronics,West,2,160.7,0.05,0,135.35
1546,2025-08-01,Electronics,West,4,60.86,0.0,0,40.12
1547,2025-12-13,Home,North,5,151.67,0.0,0,100.33
1548,2025-12-01,Grocery,West,2,246.77,0.05,0,153.2
1549,2025-09-06,Electronics,North,3,246.06,0.05,0,180.11
1550,2025-08-01,Clothing,South,4,133.45,0.0,0,111.51
1551,2025-01-29,Electronics,South,5,90.86,0.0,0,63.75
1552,2025-07-02,Electronics,East,1,216.82,0.05,0,181.96
1553,2025-08-30,Clothing,South,4,132.82,0.3,0,95.27
1554,2025-11-20,Grocery,East,1,132.55,0.15,0,104.87
1555,2025-05-05,Clothing,South,2,137.9,0.05,1,100.6
1556,2025-06-11,Home,West,3,164.46,0.05,0,134.69
1557,2025-03-02,Clothing,East,1,101.44,0.3,0,70.17
1558,2025-01-03,Electronics,West,1,149.65,0.15,0,111.75
1559,2025-08-03,Clothing,North,5,213.3,0.05,0,177.69
1560,2025-11-12,Home,West,3,235.12,0.05,0,192.08
1561,2025-02-12,Clothing,North,3,62.93,0.05,0,44.15
1562,2025-06-04,Electronics,East,3,126.42,0.3,0,99.08
1563,2025-10-22,Home,North,3,83.62,0.15,0,45.13
1564,2025-03-14,Home,South,1,208.44,0.0,0,143.78
1565,2025-03-01,Grocery,North,5,240.76,0.0,0,193.72
1566,2025-01-19,Grocery,East,5,72.07,0.15,0,34.7
1567,2025-10-11,Home,East,5,77.14,0.05,0,39.3
1568,2025-11-28,Grocery,West,3,208.33,0.05,0,175.44
1569,2025-07-04,Clothing,West,3,139.8,0.3,0,102.11
1570,2025-11-11,Grocery,West,3,166.37,0.3,0,137.44
1571,2025-05-06,Grocery,North,5,239.67,0.0,0,137.52
1572,2025-11-27,Clothing,South,5,150.0,0.0,0,122.18
1573,2025-07-02,Electronics,North,3,156.52,0.15,0,73.25
1574,2025-08-10,Grocery,East,5,240.12,0.0,0,120.79
1575,2025-05-10,Home,East,2,247.81,0.0,0,155.48
1576,2025-04-09,Clothing,East,2,150.76,0.0,0,124.08
1577,2025-07-19,Home,South,4,212.63,0.05,1,165.67
1578,2025-05-07,Clothing,East,1,28.89,0.15,0,17.36
1579,2025-11-30,Grocery,South,2,147.7,0.3,1,114.83
1580,2025-04-25,Home,West,4,216.94,0.0,0,147.29
1581,2025-08-19,Electronics,North,2,133.27,0.0,0,67.22
1582,2025-03-19,Home,North,3,75.34,0.0,0,40.03
1583,2025-12-08,Electronics,North,4,213.56,0.15,0,124.48
1584,2025-03-19,Electronics,West,1,227.98,0.15,0,152.31
1585,2025-10-06,Home,West,1,199.05,0.15,0,159.65
1586,2025-10-03,Grocery,East,2,199.04,0.0,0,103.77
1587,2025-07-25,Grocery,West,1,192.91,0.3,0,108.38
1588,2025-02-01,Home,North,5,246.9,0.3,0,113.3
1589,2025-07-17,Electronics,South,4,221.04,0.0,0,182.18
1590,2025-08-31,Electronics,South,5,203.67,0.05,0,124.5
1591,2025-04-21,Grocery,West,2,132.72,0.05,1,70.43
1592,2025-04-10,Home,North,3,149.68,0.3,0,101.79
1593,2025-10-20,Clothing,West,3,160.01,0.3,0,135.22
1594,2025-03-05,Home,South,3,153.95,0.3,0,112.05
1595,2025-01-30,Clothing,East,1,175.9,0.05,0,95.84
1596,2025-04-24,Home,East,3,183.49,0.3,0,84.62
1597,2025-06-26,Electronics,South,4,26.54,0.15,0,14.44
1598,2025-06-06,Home,South,3,52.34,0.0,0,25.18
1599,2025-08-01,Electronics,South,5,226.3,0.15,0,167.84
1600,2025-07-01,Clothing,West,4,130.75,0.0,0,65.3
1601,2025-12-10,Electronics,South,4,213.14,0.15,0,138.57
1602,2025-03-05,Electronics,South,1,236.82,0.0,0,179.04
1603,2025-06-25,Electronics,South,5,164.3,0.3,0,96.0
1604,2025-12-21,Clothing,North,4,138.4,0.3,0,62.47
1605,2025-09-27,Clothing,South,1,56.52,0.3,0,31.74
1606,2025-12-15,Grocery,South,4,24.68,0.0,0,13.08
1607,2025-09-25,Electronics,East,1,84.67,0.0,0,64.93
1608,2025-06-05,Clothing,East,4,188.12,0.0,0,118.81
1609,2025-07-02,Clothing,North,1,127.34,0.0,0,63.05
1610,2025-03-29,Clothing,West,2,188.61,0.05,0,88.51
1611,2025-06-03,Home,East,4,109.43,0.3,0,68.63
1612,2025-06-26,Grocery,West,4,211.87,0.15,0,175.83
1613,2025-05-25,Home,South,4,101.98,0.15,1,77.1
1614,2025-01-28,Grocery,West,3,36.53,0.0,0,16.89
1615,2025-06-02,Home,South,2,177.96,0.3,0,136.08
1616,2025-01-20,Home,South,2,96.39,0.05,0,55.86
1617,2025-01-27,Grocery,East,1,221.13,0.0,0,104.02
1618,2025-06-07,Electronics,South,1,175.66,0.0,0,140.87
1619,2025-09-28,Grocery,North,5,105.6,0.0,0,51.58
1620,2025-01-24,Grocery,East,4,74.95,0.05,0,50.07
1621,2025-06-21,Electronics,South,1,45.1,0.05,0,29.05
1622,2025-11-14,Grocery,West,2,215.78,0.15,0,139.25
1623,2025-11-23,Grocery,South,2,149.53,0.15,0,79.4
1624,2025-02-02,Home,West,2,207.8,0.15,0,154.98
1625,2025-11-08,Electronics,West,2,23.44,0.0,0,15.66
1626,2025-06-22,Electronics,West,2,125.89,0.0,1,87.96
1627,2025-12-02,Clothing,South,2,243.95,0.0,0,186.36
1628,2025-10-25,Grocery,South,1,117.57,0.05,0,83.97
1629,2025-11-09,Clothing,West,3,187.02,0.3,0,91.64
1630,2025-04-30,Home,West,3,193.19,0.0,0,126.89
1631,2025-04-29,Electronics,West,5,238.47,0.0,0,121.89
1632,2025-02-11,Clothing,West,4,187.44,0.15,0,99.18
1633,2025-11-08,Clothing,North,1,18.86,0.05,0,13.66
1634,2025-04-24,Electronics,East,2,68.57,0.3,0,32.74
1635,2025-09-13,Home,South,5,100.98,0.3,0,64.41
1636,2025-01-02,Grocery,South,2,171.19,0.0,0,107.83
1637,2025-04-19,Home,North,4,95.77,0.0,0,78.41
1638,2025-05-16,Electronics,East,1,169.26,0.3,0,91.81
1639,2025-06-15,Home,East,4,173.37,0.3,0,111.56
1640,2025-08-31,Electronics,South,3,62.42,0.0,0,35.65
1641,2025-05-05,Electronics,East,5,95.44,0.05,0,75.04
1642,2025-11-28,Home,East,3,144.73,0.0,0,111.6
1643,2025-05-26,Clothing,West,4,34.75,0.15,0,27.91
1644,2025-09-22,Electronics,North,4,29.37,0.0,0,22.52
1645,2025-06-07,Clothing,East,1,214.47,0.05,0,175.77
1646,2025-09-25,Electronics,West,3,81.43,0.05,0,47.75
1647,2025-11-27,Electronics,South,4,231.92,0.15,0,172.08
1648,2025-09-08,Clothing,North,5,63.55,0.3,0,48.88
1649,2025-07-05,Clothing,West,1,146.13,0.0,0,88.15
1650,2025-06-25,Grocery,East,4,54.93,0.05,0,25.04
1651,2025-02-14,Clothing,East,5,57.95,0.0,0,40.9
1652,2025-06-01,Electronics,West,5,187.54,0.15,0,101.86
1653,2025-08-07,Electronics,South,2,181.47,0.05,0,115.3
1654,2025-03-03,Electronics,South,2,114.95,0.0,0,82.88
1655,2025-05-28,Electronics,East,1,115.8,0.15,0,64.07
1656,2025-08-31,Clothing,South,5,17.99,0.05,0,14.47
1657,2025-06-29,Grocery,East,1,219.69,0.3,0,136.2
1658,2025-11-22,Clothing,West,1,235.46,0.0,0,183.79
1659,2025-01-21,Home,East,2,136.6,0.3,0,79.69
1660,2025-07-15,Grocery,West,3,245.05,0.15,0,125.25
1661,2025-02-17,Clothing,East,1,195.08,0.3,0,122.0
1662,2025-01-16,Grocery,North,1,202.98,0.15,0,142.79
1663,2025-07-08,Grocery,West,4,21.14,0.15,1,14.95
1664,2025-01-27,Grocery,South,3,156.38,0.15,0,112.51
1665,2025-05-07,Electronics,West,2,127.58,0.05,0,71.19
1666,2025-10-17,Grocery,East,4,237.33,0.15,0,177.18
1667,2025-05-07,Clothing,West,3,150.6,0.15,0,91.84
1668,2025-12-26,Clothing,South,4,183.01,0.05,1,114.1
1669,2025-08-23,Electronics,West,5,117.0,0.0,0,61.44
1670,2025-12-19,Grocery,West,5,227.64,0.0,0,161.16
1671,2025-11-19,Grocery,North,4,167.7,0.05,0,115.6
1672,2025-11-07,Home,West,5,111.25,0.0,0,56.2
1673,2025-09-18,Clothing,South,5,186.63,0.15,0,139.5
1674,2025-07-25,Electronics,East,1,102.09,0.05,0,80.55
1675,2025-10-26,Electronics,West,2,74.06,0.15,0,41.59
1676,2025-04-27,Electronics,North,3,132.77,0.05,0,75.32
1677,2025-02-19,Clothing,East,4,175.24,0.05,0,124.01
1678,2025-04-13,Electronics,West,1,117.02,0.0,0,85.14
1679,2025-10-27,Grocery,West,5,16.68,0.3,0,12.17
1680,2025-10-11,Clothing,South,4,237.9,0.3,0,165.31
1681,2025-01-19,Grocery,South,5,125.58,0.05,1,100.85
1682,2025-01-03,Home,North,4,207.63,0.3,0,152.87
1683,2025-11-05,Electronics,East,1,61.91,0.3,0,45.56
1684,2025-04-14,Clothing,South,5,126.43,0.15,0,91.14
1685,2025-10-05,Clothing,West,2,125.03,0.3,0,106.18
1686,2025-08-12,Clothing,West,3,222.66,0.15,0,144.1
1687,2025-02-18,Electronics,East,5,43.49,0.15,0,36.86
1688,2025-09-21,Grocery,East,2,197.53,0.3,0,112.22
1689,2025-12-19,Clothing,South,2,30.47,0.3,0,19.8
1690,2025-10-03,Clothing,South,2,112.02,0.05,0,53.11
1691,2025-09-05,Grocery,North,3,245.51,0.15,0,171.26
1692,2025-11-10,Clothing,West,4,204.5,0.0,0,138.38
1693,2025-11-28,Electronics,West,5,191.78,0.0,0,140.15
1694,2025-02-11,Home,West,2,132.59,0.3,1,97.64
1695,2025-11-16,Clothing,East,2,185.72,0.05,0,93.15
1696,2025-03-27,Electronics,North,5,22.78,0.15,0,15.62
1697,2025-11-30,Home,North,4,174.99,0.15,0,99.18
1698,2025-04-13,Clothing,South,5,106.78,0.3,0,60.94
1699,2025-04-11,Home,East,2,235.85,0.05,0,155.17
1700,2025-11-28,Clothing,West,1,230.59,0.0,0,115.64
1701,2025-07-08,Home,East,3,42.37,0.05,0,21.04
1702,2025-01-13,Electronics,South,3,220.82,0.3,0,172.56
1703,2025-01-19,Home,East,1,90.31,0.0,0,45.04
1704,2025-08-24,Clothing,East,1,43.45,0.3,1,28.76
1705,2025-12-19,Electronics,West,4,207.85,0.15,0,96.95
1706,2025-08-25,Home,South,1,58.84,0.3,0,41.09
1707,2025-09-22,Grocery,North,5,206.17,0.05,0,112.86
1708,2025-05-02,Home,East,1,220.23,0.0,0,104.77
1709,2025-09-06,Clothing,North,2,76.84,0.15,0,63.47
1710,2025-11-22,Clothing,East,4,125.9,0.15,0,88.14
1711,2025-03-06,Grocery,South,1,54.63,0.15,0,32.98
1712,2025-12-27,Home,South,5,203.07,0.05,1,96.65
1713,2025-07-02,Clothing,South,5,151.12,0.3,0,117.35
1714,2025-05-18,Clothing,East,1,102.87,0.3,0,61.64
1715,2025-06-03,Electronics,South,3,203.37,0.15,0,120.4
1716,2025-03-02,Grocery,West,4,214.71,0.0,0,174.36
1717,2025-10-22,Clothing,North,5,172.92,0.0,0,108.35
1718,2025-08-17,Home,South,1,22.04,0.15,0,13.78
1719,2025-03-04,Home,North,2,21.91,0.05,0,15.89
1720,2025-08-06,Home,East,5,152.86,0.15,0,92.24
1721,2025-02-13,Clothing,West,3,73.66,0.3,1,56.67
1722,2025-05-26,Clothing,North,2,215.09,0.15,0,138.74
1723,2025-07-17,Clothing,West,4,48.94,0.3,0,26.0
1724,2025-01-03,Electronics,South,5,192.88,0.0,0,128.08
1725,2025-02-26,Clothing,South,1,185.65,0.0,0,151.6
1726,2025-02-07,Grocery,North,2,57.39,0.15,0,30.32
1727,2025-03-21,Clothing,North,5,46.78,0.15,0,27.18
1728,2025-02-11,Grocery,East,2,224.53,0.15,0,102.07
1729,2025-12-19,Clothing,West,3,55.17,0.0,0,28.22
1730,2025-10-21,Electronics,North,3,117.84,0.15,0,95.46
1731,2025-02-11,Clothing,West,3,26.76,0.15,0,22.16
1732,2025-10-21,Home,South,5,131.02,0.15,0,70.31
1733,2025-03-31,Grocery,North,4,105.82,0.3,1,50.24
1734,2025-03-29,Electronics,North,5,240.39,0.15,0,174.58
1735,2025-06-20,Electronics,South,4,114.11,0.0,0,61.38
1736,2025-01-25,Grocery,North,2,43.62,0.15,0,31.8
1737,2025-06-25,Grocery,West,5,146.37,0.3,0,67.25
1738,2025-07-29,Electronics,East,1,42.82,0.05,0,29.04
1739,2025-01-02,Clothing,South,3,214.59,0.3,1,133.23
1740,2025-09-30,Electronics,South,3,117.35,0.05,0,77.88
1741,2025-02-24,Electronics,East,5,194.98,0.15,0,142.29
1742,2025-10-07,Grocery,West,4,187.43,0.3,0,140.47
1743,2025-06-28,Home,West,2,215.38,0.3,1,181.89
1744,2025-09-24,Grocery,South,1,147.38,0.05,0,86.62
1745,2025-11-08,Home,South,3,193.29,0.3,0,153.3
1746,2025-09-30,Electronics,South,2,197.69,0.15,0,153.11
1747,2025-01-30,Electronics,West,5,182.69,0.0,0,99.74
1748,2025-01-07,Clothing,East,4,179.69,0.0,0,110.05
1749,2025-09-08,Home,North,3,155.17,0.3,0,97.96
1750,2025-06-17,Clothing,West,4,209.76,0.05,0,104.58
1751,2025-06-30,Clothing,South,3,234.67,0.05,0,183.37
1752,2025-07-05,Home,North,5,248.27,0.0,1,149.47
1753,2025-09-30,Electronics,East,2,132.45,0.3,0,72.29
1754,2025-12-10,Home,South,3,153.28,0.05,0,115.18
1755,2025-09-14,Clothing,East,4,199.95,0.3,0,148.93
1756,2025-12-20,Electronics,West,3,24.67,0.15,0,14.4
1757,2025-03-10,Electronics,West,2,139.92,0.0,0,116.76
1758,2025-11-03,Grocery,West,1,17.18,0.15,0,11.67
1759,2025-11-01,Grocery,East,5,34.2,0.3,0,17.57
1760,2025-05-25,Electronics,East,2,130.19,0.05,0,71.21
1761,2025-07-09,Grocery,South,3,154.28,0.3,0,80.45
1762,2025-05-04,Grocery,South,4,193.44,0.0,0,101.69
1763,2025-01-02,Home,West,3,115.47,0.05,0,67.14
1764,2025-02-07,Clothing,West,5,37.99,0.05,0,31.46
1765,2025-01-25,Electronics,West,1,118.1,0.3,0,74.65
1766,2025-01-07,Clothing,East,4,61.56,0.0,0,51.13
1767,2025-05-25,Grocery,North,5,171.32,0.0,0,99.65
1768,2025-09-28,Home,South,1,245.7,0.05,0,146.07
1769,2025-06-16,Home,East,3,230.72,0.05,0,179.29
1770,2025-02-27,Grocery,West,3,182.84,0.0,0,104.97
1771,2025-03-25,Electronics,North,3,18.77,0.15,0,13.58
1772,2025-05-26,Clothing,West,4,87.58,0.05,0,40.73
1773,2025-01-19,Clothing,South,5,225.71,0.3,0,116.79
1774,2025-12-01,Grocery,South,2,109.6,0.0,0,52.69
1775,2025-10-16,Grocery,North,1,244.69,0.05,0,175.53
1776,2025-03-22,Electronics,North,2,199.53,0.0,0,106.31
1777,2025-09-14,Home,North,2,241.93,0.05,0,189.81
1778,2025-08-29,Grocery,West,4,150.5,0.3,0,96.36
1779,2025-01-04,Electronics,North,1,35.92,0.3,0,22.79
1780,2025-01-28,Clothing,West,2,55.26,0.0,0,38.95
1781,2025-04-16,Grocery,West,4,233.11,0.0,0,177.85
1782,2025-05-08,Electronics,North,4,74.37,0.15,0,46.83
1783,2025-04-28,Grocery,West,3,206.58,0.0,0,136.61
1784,2025-05-09,Electronics,North,2,67.2,0.0,0,51.75
1785,2025-07-20,Grocery,South,3,158.68,0.15,0,90.29
1786,2025-02-06,Grocery,West,4,152.89,0.05,0,84.79
1787,2025-10-16,Home,South,3,166.69,0.0,0,137.75
1788,2025-05-05,Grocery,North,2,123.25,0.15,0,72.51
1789,2025-03-17,Home,North,3,187.81,0.3,0,97.39
1790,2025-03-09,Electronics,East,4,233.49,0.3,0,134.88
1791,2025-08-24,Clothing,North,4,217.01,0.0,0,139.78
1792,2025-02-11,Home,North,3,234.07,0.3,0,142.81
1793,2025-12-13,Grocery,East,5,49.72,0.3,0,38.13
1794,2025-07-28,Electronics,East,1,152.65,0.3,0,80.43
1795,2025-01-02,Grocery,North,1,218.48,0.05,0,105.66
1796,2025-10-09,Electronics,East,3,218.06,0.0,0,169.92
1797,2025-04-08,Home,East,3,25.11,0.3,0,15.36
1798,2025-02-23,Electronics,East,3,18.5,0.15,0,12.36
1799,2025-10-08,Clothing,East,1,86.78,0.05,0,40.76
1800,2025-12-18,Electronics,West,4,242.26,0.3,0,151.16
1801,2025-11-04,Electronics,South,5,97.0,0.05,0,51.66
1802,2025-06-01,Clothing,South,1,78.07,0.3,0,45.2
1803,2025-04-15,Home,West,3,36.75,0.0,0,17.93
1804,2025-12-05,Home,South,1,166.68,0.0,0,139.72
1805,2025-10-27,Electronics,North,2,37.84,0.3,0,22.92
1806,2025-03-29,Clothing,North,2,117.56,0.3,0,57.95
1807,2025-04-04,Home,West,4,199.95,0.15,0,129.01
1808,2025-09-25,Grocery,South,1,113.74,0.3,0,93.03
1809,2025-08-24,Home,West,1,121.49,0.0,0,61.9
1810,2025-04-02,Clothing,South,4,192.63,0.05,0,114.24
1811,2025-03-13,Clothing,East,5,121.6,0.0,0,103.27
1812,2025-12-18,Grocery,North,3,142.67,0.05,0,108.4
1813,2025-07-27,Home,West,2,37.18,0.0,1,26.15
1814,2025-12-14,Electronics,East,4,81.32,0.15,0,40.88
1815,2025-08-14,Home,North,4,181.89,0.15,0,141.27
1816,2025-06-20,Clothing,South,3,166.9,0.15,0,81.55
1817,2025-02-16,Electronics,South,3,40.18,0.3,0,28.99
1818,2025-03-28,Grocery,North,4,79.71,0.05,0,55.24
1819,2025-06-01,Electronics,North,5,84.08,0.15,0,69.69
1820,2025-07-07,Clothing,East,1,24.8,0.0,0,15.15
1821,2025-02-21,Home,West,3,220.45,0.15,0,99.73
1822,2025-05-13,Home,East,3,242.22,0.0,0,136.15
1823,2025-07-28,Clothing,East,4,98.97,0.3,0,66.38
1824,2025-07-15,Grocery,East,5,106.85,0.15,0,87.15
1825,2025-04-23,Home,North,1,164.25,0.3,0,130.7
1826,2025-07-26,Home,North,1,171.52,0.3,0,142.63
1827,2025-05-28,Electronics,East,5,201.77,0.05,0,105.4
1828,2025-09-24,Home,West,4,229.55,0.15,0,179.31
1829,2025-04-13,Clothing,West,1,249.42,0.0,0,170.7
1830,2025-09-10,Clothing,South,4,75.66,0.05,0,61.72
1831,2025-08-19,Clothing,South,4,96.37,0.15,0,47.57
1832,2025-11-18,Electronics,East,4,182.65,0.3,0,108.56
1833,2025-08-13,Electronics,North,3,209.79,0.15,0,143.13
1834,2025-08-25,Electronics,North,2,89.23,0.05,0,54.98
1835,2025-10-22,Clothing,South,3,56.85,0.15,0,47.29
1836,2025-12-11,Clothing,East,3,130.15,0.0,1,110.21
1837,2025-10-21,Electronics,East,1,188.34,0.3,0,91.77
1838,2025-12-11,Home,South,4,130.66,0.0,0,104.54
1839,2025-01-21,Home,South,3,198.89,0.05,0,113.29
1840,2025-09-25,Grocery,East,5,91.02,0.0,0,73.89
1841,2025-08-11,Clothing,North,2,48.57,0.3,0,35.91
1842,2025-01-02,Electronics,East,2,215.17,0.0,0,100.51
1843,2025-05-14,Grocery,West,2,129.36,0.3,0,65.57
1844,2025-05-24,Home,East,2,60.57,0.0,0,47.31
1845,2025-07-01,Electronics,North,5,180.96,0.3,0,124.26
1846,2025-04-08,Grocery,East,3,201.37,0.15,0,96.68
1847,2025-12-17,Clothing,North,1,185.45,0.15,1,88.32
1848,2025-02-17,Electronics,South,4,237.49,0.3,0,151.35
1849,2025-05-03,Home,East,4,191.54,0.3,0,140.38
1850,2025-03-02,Grocery,North,2,233.69,0.0,0,145.09
1851,2025-03-03,Home,East,5,205.87,0.15,0,127.48
1852,2025-06-22,Home,West,2,200.96,0.05,0,146.75
1853,2025-06-11,Home,East,3,143.36,0.0,0,76.87
1854,2025-02-20,Grocery,West,4,246.82,0.05,0,155.82
1855,2025-04-18,Home,North,4,112.17,0.0,1,58.17
1856,2025-07-27,Electronics,South,4,165.1,0.3,0,139.03
1857,2025-02-18,Clothing,West,3,226.13,0.0,0,167.3
1858,2025-10-09,Electronics,East,1,205.69,0.0,0,126.34
1859,2025-01-02,Clothing,West,2,238.14,0.05,0,196.58
1860,2025-06-05,Clothing,East,3,90.28,0.05,0,59.35
1861,2025-07-01,Grocery,East,3,17.73,0.05,0,8.25
1862,2025-11-23,Grocery,South,4,132.48,0.0,0,96.96
1863,2025-04-09,Clothing,West,3,80.05,0.0,0,58.27
1864,2025-11-23,Electronics,West,3,127.36,0.3,0,88.97
1865,2025-01-25,Home,South,3,135.22,0.05,0,94.08
1866,2025-10-21,Home,South,4,175.99,0.15,0,148.31
1867,2025-07-31,Grocery,East,2,177.21,0.3,0,101.27
1868,2025-04-14,Home,North,2,200.6,0.15,0,120.13
1869,2025-03-11,Clothing,East,1,221.67,0.15,0,173.7
1870,2025-07-12,Home,East,2,45.05,0.05,0,38.22
1871,2025-04-04,Electronics,South,3,249.34,0.05,0,114.83
1872,2025-02-13,Grocery,South,4,210.02,0.15,0,138.15
1873,2025-10-16,Grocery,South,3,230.0,0.05,0,117.11
1874,2025-06-01,Home,South,2,142.78,0.0,0,93.82
1875,2025-11-21,Grocery,East,5,211.12,0.05,0,157.51
1876,2025-05-28,Grocery,East,2,232.98,0.15,0,160.58
1877,2025-10-01,Electronics,East,5,191.1,0.3,0,115.61
1878,2025-07-07,Home,North,4,238.31,0.15,0,114.01
1879,2025-07-02,Clothing,North,2,117.19,0.0,0,67.81
1880,2025-01-18,Home,West,1,193.13,0.0,0,118.26
1881,2025-09-08,Grocery,West,3,221.91,0.3,0,186.24
1882,2025-06-20,Clothing,West,1,157.58,0.0,0,104.23
1883,2025-12-09,Home,North,1,162.56,0.05,0,136.94
1884,2025-04-22,Clothing,East,5,109.46,0.05,0,58.44
1885,2025-07-23,Grocery,North,1,44.26,0.3,0,36.34
1886,2025-06-29,Electronics,South,5,163.13,0.3,0,73.45
1887,2025-03-09,Clothing,North,3,57.45,0.15,0,32.21
1888,2025-09-27,Grocery,South,1,181.72,0.05,0,108.03
1889,2025-02-18,Home,South,4,217.58,0.15,0,145.3
1890,2025-10-24,Electronics,South,3,194.95,0.15,0,110.14
1891,2025-09-19,Electronics,North,3,175.43,0.15,0,90.16
1892,2025-05-11,Home,West,4,22.75,0.05,0,18.86
1893,2025-11-02,Clothing,South,3,220.53,0.15,0,168.92
1894,2025-07-24,Clothing,North,4,65.53,0.3,0,39.92
1895,2025-10-09,Home,South,3,70.92,0.15,0,41.27
1896,2025-10-19,Home,North,2,188.89,0.05,0,141.7
1897,2025-10-29,Home,East,2,153.96,0.15,0,80.56
1898,2025-07-06,Home,West,5,207.74,0.15,0,97.65
1899,2025-08-02,Clothing,South,5,224.21,0.3,0,159.41
1900,2025-02-12,Clothing,North,4,82.74,0.15,0,54.98
1901,2025-10-20,Electronics,South,3,94.52,0.3,0,74.4
1902,2025-12-15,Electronics,North,1,227.61,0.3,0,174.41
1903,2025-05-22,Home,East,4,149.66,0.15,0,110.6
1904,2025-05-12,Clothing,South,2,113.54,0.15,0,90.97
1905,2025-09-22,Clothing,South,2,226.76,0.0,0,144.45
1906,2025-09-24,Electronics,East,4,27.96,0.0,0,16.66
1907,2025-10-20,Home,South,2,198.91,0.0,0,109.56
1908,2025-05-30,Electronics,East,4,79.52,0.05,0,41.36
1909,2025-07-08,Electronics,South,5,150.81,0.15,0,92.14
1910,2025-10-01,Clothing,North,2,140.26,0.15,0,78.82
1911,2025-04-16,Home,East,1,168.39,0.0,0,79.93
1912,2025-08-30,Home,South,5,59.68,0.3,0,31.4
1913,2025-12-06,Home,East,5,239.28,0.15,0,157.08
1914,2025-06-15,Electronics,North,5,152.26,0.3,0,76.91
1915,2025-08-22,Clothing,South,1,67.66,0.05,0,36.83
1916,2025-01-12,Grocery,West,2,242.94,0.05,0,134.85
1917,2025-04-21,Clothing,South,3,205.57,0.15,0,142.6
1918,2025-07-12,Grocery,North,2,99.61,0.3,0,52.21
1919,2025-10-02,Grocery,South,4,120.67,0.05,0,95.85
1920,2025-11-05,Electronics,East,5,88.63,0.05,0,50.09
1921,2025-06-06,Grocery,East,2,154.96,0.0,0,107.65
1922,2025-06-21,Grocery,South,2,240.38,0.05,0,123.73
1923,2025-03-07,Electronics,West,1,231.81,0.3,0,110.18
1924,2025-11-05,Electronics,West,1,214.66,0.05,0,119.61
1925,2025-04-17,Electronics,West,5,119.47,0.0,0,79.38
1926,2025-03-16,Clothing,North,2,21.23,0.0,0,11.0
1927,2025-02-22,Clothing,East,4,69.64,0.15,1,33.07
1928,2025-07-22,Home,South,3,105.42,0.3,0,64.65
1929,2025-03-21,Grocery,West,3,142.78,0.0,0,75.49
1930,2025-04-26,Grocery,South,3,173.51,0.3,0,117.66
1931,2025-12-30,Home,West,3,26.32,0.05,0,17.92
1932,2025-05-15,Clothing,South,2,183.63,0.0,0,107.09
1933,2025-05-28,Grocery,North,2,63.0,0.05,0,35.75
1934,2025-08-31,Electronics,North,3,227.57,0.15,0,110.01
1935,2025-04-19,Home,West,1,49.56,0.3,0,36.76
1936,2025-04-21,Grocery,South,2,22.52,0.3,0,11.73
1937,2025-08-28,Electronics,North,2,247.14,0.15,0,199.57
1938,2025-02-24,Electronics,East,4,229.24,0.05,0,141.36
1939,2025-08-20,Electronics,North,2,42.47,0.05,0,26.69
1940,2025-03-02,Electronics,South,3,100.6,0.3,1,80.93
1941,2025-03-30,Home,North,4,215.21,0.05,0,102.02
1942,2025-09-30,Clothing,East,2,20.07,0.3,0,11.26
1943,2025-09-01,Clothing,North,4,58.58,0.0,0,32.08
1944,2025-04-15,Clothing,South,4,129.92,0.0,0,70.14
1945,2025-05-26,Electronics,North,5,166.24,0.15,0,104.21
1946,2025-05-23,Electronics,North,4,22.64,0.05,0,15.46
1947,2025-10-07,Electronics,North,5,243.67,0.3,0,153.87
1948,2025-02-26,Clothing,North,3,96.23,0.0,0,61.97
1949,2025-06-24,Electronics,South,3,49.72,0.15,0,26.45
1950,2025-01-04,Electronics,North,1,106.99,0.15,0,63.31
1951,2025-03-05,Electronics,West,2,79.21,0.05,1,43.22
1952,2025-07-14,Clothing,East,1,134.3,0.15,0,72.68
1953,2025-06-06,Grocery,South,5,170.01,0.15,0,140.05
1954,2025-07-22,Grocery,North,4,45.11,0.3,0,33.26
1955,2025-02-28,Electronics,South,2,210.26,0.3,1,158.7
1956,2025-02-20,Clothing,West,3,49.17,0.3,0,24.3
1957,2025-06-10,Electronics,North,1,181.21,0.3,0,123.88
1958,2025-09-26,Home,West,3,170.93,0.3,0,142.02
1959,2025-04-18,Clothing,East,2,248.36,0.15,0,126.65
1960,2025-09-09,Clothing,West,1,186.96,0.0,0,140.63
1961,2025-09-30,Home,North,1,102.49,0.05,0,58.79
1962,2025-07-28,Electronics,South,3,29.84,0.0,0,18.85
1963,2025-10-20,Home,East,3,128.07,0.05,0,71.6
1964,2025-02-22,Electronics,North,3,148.28,0.0,0,99.38
1965,2025-05-26,Clothing,East,2,79.18,0.0,0,64.94
1966,2025-09-09,Electronics,West,1,133.72,0.3,1,72.74
1967,2025-11-26,Grocery,West,4,129.38,0.3,0,100.67
1968,2025-05-17,Home,West,2,210.18,0.0,0,176.19
1969,2025-01-02,Grocery,West,4,157.07,0.05,0,100.41
1970,2025-02-28,Home,North,2,61.6,0.0,0,32.52
1971,2025-06-24,Home,West,1,196.17,0.05,0,109.06
1972,2025-08-25,Electronics,South,5,55.54,0.3,0,41.75
1973,2025-05-07,Grocery,West,4,111.17,0.3,0,58.45
1974,2025-06-26,Clothing,South,5,173.0,0.0,0,83.39
1975,2025-06-05,Grocery,South,2,57.28,0.05,0,41.72
1976,2025-07-29,Grocery,West,4,28.38,0.15,1,19.42
1977,2025-04-27,Grocery,South,3,137.96,0.3,0,69.0
1978,2025-07-26,Grocery,West,2,99.01,0.3,0,51.58
1979,2025-11-29,Clothing,South,1,102.03,0.0,0,56.99
1980,2025-03-26,Electronics,North,5,66.67,0.3,0,51.53
1981,2025-11-08,Home,North,5,156.97,0.3,1,84.72
1982,2025-07-24,Grocery,South,4,66.96,0.0,0,39.8
1983,2025-04-08,Electronics,West,5,216.47,0.05,0,112.67
1984,2025-09-13,Clothing,East,5,98.12,0.3,0,47.85
1985,2025-06-01,Home,North,4,181.91,0.0,0,150.37
1986,2025-07-23,Home,South,4,226.76,0.05,0,130.66
1987,2025-03-24,Clothing,South,5,165.14,0.05,0,89.66
1988,2025-10-24,Grocery,East,3,70.39,0.15,0,33.52
1989,2025-12-30,Electronics,East,4,99.81,0.3,0,64.18
1990,2025-06-15,Clothing,West,2,106.66,0.15,0,88.78
1991,2025-10-27,Grocery,West,1,124.3,0.3,0,89.78
1992,2025-07-15,Grocery,North,1,175.37,0.3,0,137.9
1993,2025-11-19,Home,East,2,194.45,0.3,0,160.76
1994,2025-04-22,Grocery,West,1,89.02,0.3,0,61.33
1995,2025-04-13,Electronics,North,2,213.33,0.15,0,148.24
1996,2025-09-28,Home,North,5,52.13,0.05,0,34.22
1997,2025-02-11,Clothing,East,2,99.02,0.0,0,51.85
1998,2025-09-26,Electronics,East,2,220.92,0.0,0,181.36
1999,2025-11-24,Clothing,North,3,113.71,0.15,0,63.59
2000,2025-06-01,Clothing,West,5,141.17,0.05,0,71.31
2001,2025-02-13,Electronics,North,5,190.48,0.3,0,131.06
2002,2025-03-02,Clothing,North,1,77.23,0.3,0,42.46
2003,2025-11-23,Electronics,West,2,32.42,0.05,0,23.0
2004,2025-02-23,Clothing,East,1,141.69,0.3,0,98.87
2005,2025-09-26,Home,West,2,132.08,0.0,0,62.1
2006,2025-12-08,Electronics,East,3,71.37,0.3,0,42.05
2007,2025-03-03,Electronics,East,5,66.07,0.3,0,53.08
2008,2025-02-08,Grocery,South,2,67.74,0.0,0,39.92
2009,2025-03-08,Grocery,North,3,161.35,0.3,0,79.19
2010,2025-01-12,Clothing,South,5,166.47,0.0,0,98.81
2011,2025-10-29,Home,East,3,175.62,0.3,0,129.83
2012,2025-09-14,Clothing,North,2,174.09,0.05,0,119.55
2013,2025-01-28,Clothing,East,5,81.13,0.3,0,40.08
2014,2025-10-06,Grocery,West,2,140.19,0.05,1,103.2
2015,2025-09-06,Electronics,East,1,38.22,0.0,1,18.89
2016,2025-02-17,Grocery,East,2,44.4,0.15,0,24.11
2017,2025-03-27,Clothing,South,2,88.56,0.05,0,47.96
2018,2025-03-25,Electronics,West,4,209.45,0.05,1,145.89
2019,2025-09-22,Electronics,West,4,100.03,0.3,0,52.68
2020,2025-02-24,Grocery,North,3,16.85,0.05,0,10.15
2021,2025-05-21,Electronics,West,4,54.22,0.15,0,42.61
2022,2025-08-06,Clothing,West,3,219.66,0.3,0,181.12
2023,2025-03-17,Electronics,West,4,82.38,0.0,0,58.73
2024,2025-01-11,Grocery,West,5,132.47,0.15,0,88.52
2025,2025-11-18,Grocery,East,2,239.21,0.15,0,196.81
2026,2025-09-26,Grocery,East,3,247.06,0.3,0,153.26
2027,2025-08-21,Clothing,East,2,15.96,0.3,0,9.35
2028,2025-03-29,Home,West,3,85.92,0.3,0,47.17
2029,2025-12-19,Electronics,South,5,151.98,0.05,0,118.5
2030,2025-02-12,Clothing,North,1,107.65,0.15,0,65.84
2031,2025-06-01,Grocery,West,3,204.88,0.3,0,157.2
2032,2025-11-03,Clothing,West,3,137.62,0.3,0,68.5
2033,2025-01-19,Clothing,South,2,165.08,0.05,0,77.04
2034,2025-11-08,Home,West,3,194.58,0.3,0,129.64
2035,2025-08-01,Home,West,2,100.16,0.3,0,46.9
2036,2025-03-27,Clothing,West,2,208.86,0.3,0,104.28
2037,2025-03-07,Clothing,South,4,34.78,0.0,0,20.53
2038,2025-01-31,Grocery,East,1,69.51,0.15,1,38.07
2039,2025-08-18,Clothing,North,1,26.28,0.05,0,15.95
2040,2025-04-24,Grocery,West,2,110.25,0.3,0,63.17
2041,2025-08-15,Electronics,West,2,161.19,0.3,0,114.97
2042,2025-11-29,Clothing,West,4,94.55,0.05,0,72.28
2043,2025-03-26,Electronics,North,1,119.31,0.3,0,58.37
2044,2025-02-23,Grocery,North,2,36.92,0.05,0,20.29
2045,2025-12-11,Clothing,South,4,138.59,0.05,0,105.53
2046,2025-08-12,Clothing,North,5,120.17,0.3,0,59.86
2047,2025-10-01,Home,East,3,126.62,0.0,0,80.53
2048,2025-04-14,Electronics,North,4,168.65,0.15,0,128.02
2049,2025-07-27,Grocery,East,5,35.97,0.3,0,22.35
2050,2025-01-12,Grocery,North,5,225.42,0.3,0,146.06
2051,2025-01-01,Grocery,West,4,159.05,0.0,1,118.4
2052,2025-01-26,Grocery,East,2,245.44,0.0,0,146.19
2053,2025-12-20,Electronics,North,2,164.75,0.0,0,94.71
2054,2025-03-30,Home,West,1,30.05,0.05,0,14.64
2055,2025-02-17,Grocery,South,1,67.55,0.0,0,38.32
2056,2025-02-20,Grocery,West,3,32.39,0.3,0,23.51
2057,2025-09-28,Grocery,North,1,85.75,0.05,0,52.28
2058,2025-05-15,Clothing,East,3,247.89,0.05,0,124.67
2059,2025-03-23,Grocery,East,4,15.77,0.3,0,12.01
2060,2025-06-18,Electronics,North,3,55.52,0.05,0,31.77
2061,2025-12-12,Electronics,North,5,89.46,0.05,0,65.78
2062,2025-02-27,Clothing,East,2,163.64,0.0,0,78.5
2063,2025-07-16,Home,East,3,185.42,0.3,0,134.11
2064,2025-03-29,Clothing,East,4,42.95,0.05,0,19.66
2065,2025-11-27,Electronics,East,5,154.84,0.3,0,84.76
2066,2025-09-22,Clothing,North,4,100.44,0.05,0,52.07
2067,2025-06-01,Clothing,West,4,138.12,0.3,0,109.71
2068,2025-05-24,Electronics,North,1,127.41,0.15,0,90.77
2069,2025-01-18,Electronics,North,1,115.16,0.15,0,92.72
2070,2025-02-28,Electronics,East,2,123.68,0.3,0,91.92
2071,2025-08-17,Electronics,East,5,153.27,0.15,0,124.64
2072,2025-03-04,Home,West,1,105.34,0.3,0,82.77
2073,2025-12-23,Clothing,South,1,129.87,0.05,0,73.74
2074,2025-04-13,Home,East,3,233.0,0.05,0,143.36
2075,2025-10-13,Home,East,2,110.86,0.3,0,65.58
2076,2025-04-11,Electronics,South,1,76.87,0.3,0,63.78
2077,2025-10-25,Clothing,South,3,242.04,0.15,0,109.5
2078,2025-09-11,Clothing,North,2,164.61,0.3,0,112.63
2079,2025-08-09,Home,East,2,236.66,0.3,0,167.01
2080,2025-04-03,Clothing,South,3,117.13,0.0,0,70.22
2081,2025-03-18,Clothing,East,4,106.31,0.05,0,72.9
2082,2025-05-16,Grocery,North,1,70.37,0.3,0,46.82
2083,2025-06-18,Grocery,South,3,245.07,0.15,1,205.67
2084,2025-03-10,Home,West,3,160.51,0.0,0,85.46
2085,2025-04-09,Electronics,West,4,225.5,0.3,0,108.28
2086,2025-10-08,Grocery,East,2,32.53,0.15,0,21.73
2087,2025-07-04,Electronics,West,5,228.5,0.15,0,118.23
2088,2025-10-13,Electronics,North,4,141.17,0.05,0,74.24
2089,2025-05-29,Grocery,West,5,155.22,0.3,0,69.86
2090,2025-01-21,Electronics,South,5,116.75,0.3,0,98.32
2091,2025-09-20,Electronics,South,1,132.84,0.05,0,70.82
2092,2025-12-24,Grocery,North,2,223.55,0.05,0,105.4
2093,2025-04-06,Clothing,North,4,24.86,0.15,0,16.29
2094,2025-06-28,Grocery,South,3,61.87,0.05,0,35.13
2095,2025-10-08,Electronics,North,5,156.24,0.3,0,120.81
2096,2025-01-20,Electronics,North,2,167.44,0.05,0,84.93
2097,2025-04-11,Home,West,3,102.56,0.05,0,62.39
2098,2025-03-25,Clothing,East,5,102.33,0.0,0,72.98
2099,2025-04-04,Clothing,West,2,229.44,0.15,0,119.21
2100,2025-11-12,Clothing,North,3,239.33,0.3,0,107.9
2101,2025-10-05,Electronics,West,2,45.47,0.3,0,33.91
2102,2025-04-04,Clothing,West,2,127.16,0.15,0,69.14
2103,2025-12-01,Electronics,East,1,98.74,0.0,0,49.78
2104,2025-07-16,Electronics,South,5,60.4,0.15,1,34.84
2105,2025-03-05,Electronics,East,2,120.12,0.15,0,80.6
2106,2025-12-07,Home,South,3,134.88,0.15,0,88.63
2107,2025-12-11,Electronics,South,2,66.04,0.05,0,48.8
2108,2025-10-22,Home,North,5,96.69,0.05,0,53.39
2109,2025-09-05,Grocery,North,2,82.89,0.3,0,52.69
2110,2025-02-28,Clothing,South,1,217.38,0.3,0,107.1
2111,2025-01-01,Clothing,East,4,140.3,0.15,0,116.89
2112,2025-11-14,Home,South,3,68.08,0.05,0,32.86
2113,2025-03-08,Clothing,East,5,180.73,0.0,1,147.22
2114,2025-02-23,Grocery,North,4,159.51,0.3,0,133.74
2115,2025-03-05,Home,West,5,221.46,0.15,0,176.01
2116,2025-03-14,Home,South,5,38.57,0.15,0,23.06
2117,2025-06-19,Grocery,North,3,236.91,0.3,0,188.52
2118,2025-01-13,Home,South,4,32.69,0.0,0,23.86
2119,2025-06-06,Clothing,West,5,147.52,0.3,0,67.53
2120,2025-10-03,Electronics,South,4,182.37,0.05,0,130.3
2121,2025-11-26,Clothing,West,2,222.64,0.0,0,180.74
2122,2025-07-15,Grocery,South,3,126.87,0.15,1,103.76
2123,2025-08-27,Clothing,East,1,133.67,0.05,0,67.0
2124,2025-02-24,Clothing,South,1,187.2,0.15,0,98.18
2125,2025-02-02,Clothing,West,3,216.49,0.05,0,102.52
2126,2025-11-29,Electronics,South,5,91.18,0.0,0,71.36
2127,2025-09-16,Electronics,South,2,139.13,0.15,0,91.6
2128,2025-09-07,Home,North,5,204.01,0.05,0,119.64
2129,2025-11-14,Grocery,South,5,192.15,0.0,0,116.07
2130,2025-08-16,Grocery,South,3,31.25,0.15,0,17.07
2131,2025-07-27,Home,East,4,58.38,0.15,0,34.63
2132,2025-07-24,Home,West,5,36.88,0.15,0,21.88
2133,2025-10-28,Clothing,South,4,241.35,0.0,0,155.1
2134,2025-06-13,Home,West,4,37.44,0.0,0,21.81
2135,2025-08-18,Home,North,5,217.24,0.15,0,127.93
2136,2025-08-24,Clothing,South,4,198.89,0.3,0,130.98
2137,2025-05-08,Grocery,West,1,47.01,0.3,0,23.9
2138,2025-12-30,Grocery,East,2,220.51,0.3,0,184.1
2139,2025-03-21,Home,South,1,165.52,0.15,0,93.44
2140,2025-10-23,Grocery,North,4,50.68,0.15,0,27.94
2141,2025-07-06,Grocery,South,5,196.18,0.05,0,143.01
2142,2025-12-06,Home,West,2,75.87,0.0,1,44.19
2143,2025-07-19,Grocery,West,1,207.36,0.0,0,149.79
2144,2025-09-07,Electronics,South,2,91.59,0.3,0,45.73
2145,2025-07-14,Grocery,North,1,102.29,0.05,0,74.25
2146,2025-10-21,Clothing,East,2,58.03,0.15,0,32.8
2147,2025-03-02,Grocery,South,1,108.9,0.05,0,73.87
2148,2025-06-07,Clothing,East,1,194.88,0.3,0,117.79
2149,2025-10-08,Grocery,South,5,197.71,0.0,0,161.58
2150,2025-05-27,Home,West,2,207.49,0.15,0,93.37
2151,2025-10-06,Clothing,South,3,95.93,0.3,0,58.27
2152,2025-02-21,Grocery,South,3,200.49,0.05,0,149.64
2153,2025-11-17,Clothing,East,1,64.74,0.15,0,40.8
2154,2025-02-19,Clothing,South,3,110.69,0.0,0,50.36
2155,2025-07-05,Home,North,5,221.26,0.0,0,101.47
2156,2025-12-27,Clothing,East,2,137.05,0.15,0,109.07
2157,2025-10-12,Clothing,South,3,210.48,0.0,0,125.14
2158,2025-01-15,Home,South,4,143.92,0.05,0,65.01
2159,2025-08-09,Home,West,5,128.41,0.0,0,64.22
2160,2025-09-09,Home,East,5,55.2,0.3,0,39.24
2161,2025-01-23,Grocery,East,3,163.32,0.05,0,119.69
2162,2025-10-03,Home,East,1,76.2,0.05,0,50.76
2163,2025-09-27,Grocery,South,4,195.37,0.0,0,109.7
2164,2025-12-01,Clothing,East,1,116.6,0.15,0,76.41
2165,2025-01-23,Clothing,South,5,42.74,0.15,0,27.7
2166,2025-09-14,Home,North,1,61.41,0.15,0,39.52
2167,2025-08-06,Clothing,West,2,200.1,0.3,0,113.62
2168,2025-10-12,Grocery,East,2,229.29,0.3,0,161.18
2169,2025-08-25,Electronics,South,4,110.43,0.05,0,52.8
2170,2025-06-13,Electronics,East,5,106.24,0.3,0,65.82
2171,2025-07-28,Clothing,East,4,113.01,0.0,1,90.77
2172,2025-11-04,Clothing,North,5,93.32,0.3,0,60.63
2173,2025-10-23,Grocery,South,5,83.27,0.3,0,37.72
2174,2025-07-06,Home,West,5,162.53,0.0,0,106.12
2175,2025-01-06,Grocery,South,1,179.76,0.3,0,89.8
2176,2025-06-28,Grocery,West,1,61.24,0.3,0,34.16
2177,2025-04-12,Electronics,West,5,179.59,0.3,0,145.52
2178,2025-08-19,Clothing,East,1,213.06,0.0,0,133.85
2179,2025-01-08,Grocery,South,3,70.41,0.3,0,39.42
2180,2025-02-08,Electronics,West,1,228.08,0.05,0,125.03
2181,2025-07-24,Grocery,South,4,95.13,0.15,1,64.11
2182,2025-08-08,Clothing,South,2,204.88,0.05,0,112.33
2183,2025-05-21,Clothing,West,2,208.17,0.0,0,146.97
2184,2025-10-17,Electronics,South,4,184.34,0.15,1,127.61
2185,2025-11-17,Home,West,1,198.8,0.3,0,99.58
2186,2025-10-20,Electronics,East,5,178.91,0.15,0,110.87
2187,2025-06-26,Home,South,3,18.29,0.3,0,11.52
2188,2025-11-08,Grocery,West,2,176.13,0.15,0,103.06
2189,2025-06-13,Home,South,5,120.6,0.0,0,101.99
2190,2025-02-17,Electronics,North,4,158.39,0.0,0,101.7
2191,2025-11-11,Clothing,West,5,66.6,0.3,0,31.87
2192,2025-03-07,Clothing,North,1,47.25,0.05,0,35.65
2193,2025-03-28,Clothing,West,3,54.96,0.3,0,39.49
2194,2025-05-11,Grocery,South,1,93.72,0.3,0,73.69
2195,2025-07-29,Clothing,North,4,199.1,0.15,0,148.67
2196,2025-08-29,Electronics,South,1,48.71,0.15,0,35.82
2197,2025-01-20,Home,North,3,71.46,0.3,0,57.22
2198,2025-10-10,Clothing,South,3,127.28,0.0,1,62.69
2199,2025-09-03,Grocery,North,5,36.43,0.15,0,30.48
2200,2025-03-23,Grocery,South,1,247.49,0.3,0,174.07
2201,2025-03-04,Electronics,West,5,69.61,0.3,0,49.06
2202,2025-05-04,Clothing,West,1,230.8,0.15,0,161.57
2203,2025-12-17,Grocery,North,2,222.36,0.15,0,121.13
2204,2025-01-17,Home,South,4,222.95,0.15,0,109.07
2205,2025-08-11,Home,South,3,64.95,0.3,0,37.77
2206,2025-05-12,Home,East,3,207.9,0.05,0,175.67
2207,2025-06-13,Grocery,West,5,146.28,0.0,1,104.81
2208,2025-08-01,Clothing,North,2,24.69,0.0,0,12.15
2209,2025-07-17,Home,South,2,195.49,0.15,0,115.71
2210,2025-12-09,Electronics,North,2,221.47,0.15,0,110.17
2211,2025-07-08,Clothing,West,4,210.13,0.15,0,97.22
2212,2025-03-15,Electronics,South,4,36.98,0.15,1,28.26
2213,2025-11-06,Clothing,West,4,229.93,0.3,0,157.72
2214,2025-07-16,Grocery,South,3,91.56,0.0,0,56.81
2215,2025-09-15,Electronics,South,5,243.17,0.3,0,176.56
2216,2025-09-02,Grocery,East,3,60.52,0.15,0,31.89
2217,2025-06-30,Grocery,South,4,131.65,0.3,0,94.1
2218,2025-05-25,Electronics,North,5,202.72,0.3,0,147.34
2219,2025-06-22,Electronics,West,3,200.75,0.3,0,91.36
2220,2025-01-03,Home,South,2,60.08,0.05,0,36.85
2221,2025-06-03,Electronics,South,2,221.52,0.3,0,136.53
2222,2025-11-13,Electronics,South,1,21.11,0.15,0,9.58
2223,2025-05-24,Electronics,South,3,152.38,0.3,0,78.77
2224,2025-03-12,Clothing,South,1,20.77,0.0,0,17.14
2225,2025-09-01,Electronics,North,2,51.1,0.0,0,32.25
2226,2025-05-02,Clothing,South,2,136.2,0.3,0,65.33
2227,2025-07-13,Grocery,East,3,127.42,0.15,0,89.43
2228,2025-02-14,Electronics,South,3,210.82,0.05,0,111.51
2229,2025-02-17,Home,North,5,30.22,0.3,0,19.52
2230,2025-10-06,Home,West,1,223.45,0.15,1,189.46
2231,2025-02-18,Electronics,West,5,191.92,0.05,0,96.58
2232,2025-03-04,Clothing,West,3,79.69,0.0,0,55.11
2233,2025-04-05,Home,South,2,171.5,0.0,0,114.09
2234,2025-02-04,Electronics,North,1,123.46,0.05,1,70.72
2235,2025-12-05,Electronics,North,1,90.42,0.15,0,62.64
2236,2025-05-26,Grocery,South,5,105.47,0.15,0,86.58
2237,2025-05-11,Electronics,West,3,21.3,0.05,0,13.7
2238,2025-11-13,Electronics,North,4,87.29,0.3,0,73.67
2239,2025-10-13,Clothing,North,1,235.86,0.15,0,107.74
2240,2025-01-27,Grocery,East,3,180.64,0.15,0,90.24
2241,2025-06-19,Grocery,South,3,22.7,0.0,0,14.96
2242,2025-09-14,Grocery,West,1,108.07,0.05,0,85.28
2243,2025-06-09,Home,East,2,82.31,0.3,0,52.77
2244,2025-10-21,Electronics,East,5,107.0,0.0,0,87.96
2245,2025-12-26,Grocery,South,3,149.07,0.3,1,96.93
2246,2025-12-21,Home,South,2,87.38,0.05,0,64.94
2247,2025-12-27,Home,West,4,156.07,0.3,0,124.28
2248,2025-06-27,Grocery,East,5,176.6,0.05,0,118.18
2249,2025-06-10,Grocery,North,1,62.46,0.0,0,41.75
2250,2025-09-11,Home,West,2,141.6,0.05,0,103.13
2251,2025-10-06,Electronics,West,4,87.86,0.0,0,50.05
2252,2025-02-06,Clothing,West,3,145.56,0.3,0,104.01
2253,2025-01-02,Electronics,North,3,74.95,0.15,0,52.7
2254,2025-10-18,Home,South,2,213.87,0.05,0,109.77
2255,2025-10-04,Electronics,East,1,196.64,0.05,0,97.94
2256,2025-09-28,Grocery,South,1,100.88,0.0,0,79.43
2257,2025-05-18,Electronics,West,3,42.77,0.05,0,31.78
2258,2025-06-13,Grocery,West,5,15.88,0.3,0,8.95
2259,2025-11-27,Home,West,5,84.5,0.05,0,60.27
2260,2025-04-03,Home,North,3,202.19,0.05,0,133.39
2261,2025-01-15,Home,West,3,49.51,0.0,0,37.82
2262,2025-01-06,Electronics,South,5,30.45,0.0,0,14.37
2263,2025-05-03,Grocery,South,2,196.04,0.15,0,165.74
2264,2025-05-05,Clothing,East,5,163.34,0.3,0,125.81
2265,2025-02-01,Electronics,East,5,76.02,0.15,0,39.08
2266,2025-02-15,Home,East,1,175.41,0.0,0,89.64
2267,2025-02-27,Grocery,West,1,184.66,0.05,0,135.65
2268,2025-12-09,Grocery,North,1,119.64,0.05,0,63.4
2269,2025-12-06,Electronics,East,1,98.83,0.0,0,79.3
2270,2025-09-24,Home,North,5,167.88,0.15,0,124.93
2271,2025-08-03,Clothing,South,3,42.83,0.15,0,28.91
2272,2025-12-31,Electronics,South,4,123.77,0.3,0,85.61
2273,2025-06-19,Home,South,5,92.84,0.0,0,65.47
2274,2025-01-27,Grocery,West,5,209.91,0.15,0,125.52
2275,2025-02-06,Grocery,North,2,176.97,0.15,0,120.32
2276,2025-09-21,Electronics,West,3,234.41,0.05,0,159.53
2277,2025-04-06,Electronics,South,4,138.51,0.05,0,101.12
2278,2025-04-09,Grocery,South,4,139.03,0.3,0,66.93
2279,2025-04-03,Home,North,1,140.37,0.15,0,81.91
2280,2025-08-01,Grocery,North,3,207.01,0.0,0,124.11
2281,2025-11-21,Clothing,North,3,67.13,0.0,0,49.42
2282,2025-07-31,Clothing,East,5,119.0,0.15,0,86.28
2283,2025-01-22,Grocery,East,5,219.48,0.3,0,101.12
2284,2025-01-16,Grocery,East,5,88.12,0.0,0,73.62
2285,2025-11-24,Electronics,West,3,125.79,0.15,0,100.9
2286,2025-06-18,Electronics,East,3,99.61,0.05,0,56.04
2287,2025-09-28,Grocery,South,5,152.56,0.0,0,94.72
2288,2025-12-09,Grocery,West,4,96.48,0.15,0,50.19
2289,2025-08-12,Clothing,West,2,76.3,0.05,0,62.79
2290,2025-01-24,Electronics,West,2,142.0,0.15,0,108.18
2291,2025-03-10,Grocery,East,5,18.86,0.15,0,11.06
2292,2025-10-14,Electronics,South,3,77.39,0.0,0,54.88
2293,2025-07-23,Home,West,4,118.05,0.3,0,77.88
2294,2025-09-30,Home,West,3,157.75,0.3,1,85.92
2295,2025-09-23,Home,South,2,223.73,0.15,0,106.0
2296,2025-08-02,Grocery,North,3,74.91,0.0,0,36.35
2297,2025-03-29,Clothing,East,5,73.0,0.3,0,61.58
2298,2025-09-04,Electronics,South,5,213.47,0.3,0,143.26
2299,2025-09-26,Grocery,East,1,111.76,0.3,0,62.56
2300,2025-05-10,Clothing,South,4,165.56,0.15,0,129.66
2301,2025-05-23,Home,East,3,189.26,0.05,0,123.24
2302,2025-05-07,Home,North,3,123.61,0.15,0,77.79
2303,2025-09-07,Clothing,North,1,24.21,0.0,0,18.46
2304,2025-08-31,Home,West,2,99.47,0.3,0,45.41
2305,2025-06-22,Electronics,North,3,86.35,0.05,0,60.88
2306,2025-09-10,Grocery,East,5,86.51,0.05,0,60.73
2307,2025-03-24,Electronics,East,2,216.34,0.05,0,135.59
2308,2025-09-10,Grocery,East,5,90.93,0.05,0,77.11
2309,2025-06-23,Grocery,East,2,15.81,0.05,0,7.58
2310,2025-12-11,Electronics,North,2,150.63,0.05,0,91.94
2311,2025-08-03,Home,North,1,244.86,0.0,0,164.63
2312,2025-07-18,Clothing,South,1,81.45,0.0,0,65.96
2313,2025-05-26,Grocery,East,2,63.49,0.15,1,30.0
2314,2025-01-07,Grocery,East,3,67.32,0.05,0,51.41
2315,2025-11-30,Home,South,1,204.33,0.15,0,146.17
2316,2025-06-10,Home,West,1,193.97,0.3,0,134.53
2317,2025-02-01,Grocery,East,1,58.25,0.3,0,35.36
2318,2025-10-14,Grocery,East,5,29.87,0.3,0,15.64
2319,2025-03-09,Clothing,East,2,154.54,0.15,0,126.58
2320,2025-06-28,Grocery,South,4,50.89,0.0,0,24.37
2321,2025-05-02,Home,East,5,167.17,0.15,0,133.29
2322,2025-10-17,Clothing,South,5,124.8,0.0,0,79.37
2323,2025-12-08,Clothing,West,5,155.13,0.0,0,114.15
2324,2025-09-15,Clothing,West,4,164.85,0.3,0,130.14
2325,2025-12-29,Grocery,West,4,165.67,0.15,0,115.59
2326,2025-03-01,Grocery,South,5,124.83,0.0,0,80.42
2327,2025-11-08,Grocery,North,3,33.57,0.0,0,25.32
2328,2025-08-13,Electronics,North,3,108.35,0.3,0,80.56
2329,2025-01-01,Home,South,4,131.11,0.0,0,80.07
2330,2025-01-13,Home,North,1,238.91,0.05,0,163.88
2331,2025-12-17,Electronics,East,2,45.81,0.15,0,36.32
2332,2025-02-19,Home,East,2,118.78,0.15,0,93.95
2333,2025-02-14,Clothing,North,5,245.27,0.0,0,180.12
2334,2025-10-31,Electronics,South,5,194.28,0.3,0,121.92
2335,2025-10-13,Grocery,South,4,112.04,0.05,0,91.01
2336,2025-02-25,Clothing,East,1,190.45,0.0,0,113.6
2337,2025-07-20,Clothing,East,5,212.82,0.0,0,151.25
2338,2025-04-26,Grocery,West,5,150.85,0.05,0,110.47
2339,2025-09-24,Clothing,South,1,38.46,0.15,0,23.87
2340,2025-03-24,Grocery,North,4,115.01,0.05,0,60.86
2341,2025-03-13,Grocery,South,2,58.24,0.15,0,39.84
2342,2025-07-31,Clothing,North,2,21.36,0.15,0,16.72
2343,2025-10-18,Grocery,West,3,140.14,0.3,0,90.52
2344,2025-02-16,Home,West,4,246.93,0.0,0,131.17
2345,2025-01-10,Electronics,East,4,70.24,0.3,1,44.65
2346,2025-02-02,Electronics,South,2,180.11,0.0,1,149.59
2347,2025-01-10,Home,North,2,112.51,0.3,0,69.29
2348,2025-06-15,Electronics,West,3,146.05,0.15,0,88.52
2349,2025-04-19,Grocery,South,5,60.19,0.15,0,31.15
2350,2025-01-12,Home,West,4,200.01,0.0,0,154.74
2351,2025-06-20,Home,South,2,135.21,0.15,0,66.79
2352,2025-03-11,Grocery,East,2,125.59,0.0,0,94.55
2353,2025-04-18,Grocery,South,3,21.19,0.15,0,9.89
2354,2025-03-06,Home,North,3,136.15,0.0,0,64.85
2355,2025-07-26,Grocery,South,5,130.39,0.0,1,106.41
2356,2025-01-12,Grocery,North,2,204.8,0.3,0,131.9
2357,2025-06-30,Home,South,2,41.48,0.05,0,20.73
2358,2025-10-12,Home,West,5,153.92,0.05,0,69.93
2359,2025-09-29,Electronics,West,5,228.53,0.3,0,157.72
2360,2025-02-16,Electronics,West,2,71.46,0.15,0,37.9
2361,2025-10-31,Home,West,4,175.33,0.15,0,132.8
2362,2025-04-05,Home,West,3,214.48,0.15,0,149.56
2363,2025-03-19,Clothing,South,3,94.43,0.05,0,60.6
2364,2025-03-05,Home,North,3,203.87,0.15,0,121.86
2365,2025-07-30,Electronics,South,5,53.64,0.3,0,29.68
2366,2025-06-15,Electronics,West,5,23.35,0.3,0,11.2
2367,2025-08-28,Home,East,3,112.92,0.0,0,86.13
2368,2025-10-27,Clothing,North,2,23.65,0.05,0,17.85
2369,2025-07-08,Home,North,1,16.26,0.15,1,10.82
2370,2025-07-17,Clothing,North,3,98.54,0.3,0,50.25
2371,2025-03-06,Clothing,South,4,241.73,0.0,0,205.1
2372,2025-06-16,Home,West,5,194.31,0.3,0,153.12
2373,2025-03-21,Clothing,East,4,188.37,0.05,0,100.84
2374,2025-04-12,Grocery,South,1,95.44,0.0,0,72.93
2375,2025-07-26,Electronics,North,3,195.49,0.3,0,161.35
2376,2025-05-17,Electronics,North,5,152.4,0.15,0,109.05
2377,2025-05-07,Clothing,West,1,216.7,0.0,0,111.13
2378,2025-10-08,Grocery,South,2,34.44,0.15,0,21.16
2379,2025-03-19,Home,East,1,177.95,0.05,0,129.84
2380,2025-03-06,Electronics,North,1,206.43,0.15,0,153.25
2381,2025-10-20,Clothing,North,5,195.5,0.3,0,155.55
2382,2025-08-17,Clothing,West,1,217.43,0.05,0,115.43
2383,2025-11-25,Home,East,2,91.84,0.05,0,69.19
2384,2025-09-30,Grocery,East,2,20.2,0.05,0,11.31
2385,2025-07-09,Electronics,East,2,53.15,0.0,0,39.12
2386,2025-10-10,Grocery,North,2,144.07,0.0,0,120.6
2387,2025-10-13,Home,South,2,104.41,0.05,0,57.81
2388,2025-11-06,Clothing,East,2,226.89,0.3,0,177.47
2389,2025-08-16,Clothing,West,4,66.84,0.15,0,35.57
2390,2025-03-18,Grocery,West,1,123.41,0.05,0,71.77
2391,2025-08-21,Grocery,East,5,78.87,0.3,0,56.32
2392,2025-06-17,Clothing,East,3,121.13,0.05,0,80.54
2393,2025-12-02,Home,North,4,60.84,0.3,0,29.46
2394,2025-05-01,Clothing,West,2,246.78,0.3,1,206.2
2395,2025-03-03,Grocery,South,2,166.06,0.3,0,136.19
2396,2025-11-02,Home,East,1,176.94,0.3,0,140.24
2397,2025-12-03,Electronics,East,1,62.94,0.0,1,48.91
2398,2025-07-18,Grocery,West,1,105.54,0.15,0,78.24
2399,2025-11-27,Home,West,1,54.12,0.05,0,26.26
2400,2025-04-27,Clothing,West,5,67.9,0.05,0,34.45
2401,2025-09-09,Home,West,1,17.69,0.3,0,8.33
2402,2025-03-28,Clothing,East,5,27.97,0.05,0,13.31
2403,2025-06-15,Electronics,North,2,119.31,0.0,0,92.09
2404,2025-01-11,Clothing,South,4,58.98,0.05,0,35.73
2405,2025-10-10,Electronics,North,5,218.67,0.05,0,131.47
2406,2025-10-23,Grocery,South,2,180.02,0.15,0,133.54
2407,2025-04-10,Grocery,North,1,240.16,0.3,0,166.97
2408,2025-12-17,Clothing,East,1,145.59,0.05,0,67.35
2409,2025-10-06,Electronics,North,2,223.98,0.15,0,179.19
2410,2025-06-18,Home,East,5,55.31,0.3,0,39.36
2411,2025-11-02,Home,North,5,29.13,0.0,0,17.25
2412,2025-05-25,Electronics,South,3,98.64,0.15,0,65.96
2413,2025-05-12,Clothing,West,4,230.17,0.15,0,180.98
2414,2025-02-18,Electronics,West,5,222.98,0.15,0,150.93
2415,2025-12-19,Grocery,South,1,212.55,0.05,0,172.79
2416,2025-01-12,Home,North,2,172.04,0.0,0,142.17
2417,2025-11-25,Electronics,East,4,211.91,0.0,0,157.52
2418,2025-01-23,Home,South,3,156.72,0.0,0,85.1
2419,2025-05-23,Grocery,East,5,20.84,0.0,0,9.84
2420,2025-05-07,Clothing,South,4,81.62,0.05,0,41.25
2421,2025-07-09,Clothing,East,4,145.25,0.15,1,104.21
2422,2025-01-26,Home,North,3,184.96,0.05,0,86.72
2423,2025-03-03,Home,South,2,80.33,0.0,0,43.44
2424,2025-09-07,Electronics,North,5,50.25,0.0,1,30.49
2425,2025-02-22,Electronics,North,4,146.4,0.15,0,124.17
2426,2025-03-03,Clothing,South,5,82.28,0.15,0,60.0
2427,2025-12-16,Electronics,East,5,25.62,0.05,0,16.33
2428,2025-02-19,Home,West,3,145.16,0.15,0,121.9
2429,2025-04-08,Electronics,South,3,190.04,0.05,0,140.65
2430,2025-07-20,Grocery,West,4,121.69,0.15,0,95.42
2431,2025-03-23,Clothing,North,3,98.52,0.05,0,49.06
2432,2025-09-08,Electronics,North,2,84.1,0.3,0,54.82
2433,2025-03-18,Grocery,East,1,189.19,0.15,0,136.66
2434,2025-07-04,Electronics,South,2,195.78,0.0,1,107.3
2435,2025-06-30,Home,West,3,106.26,0.3,0,87.05
2436,2025-04-16,Clothing,West,4,171.91,0.05,0,123.94
2437,2025-01-02,Electronics,West,1,151.71,0.05,0,102.08
2438,2025-01-29,Home,West,4,189.42,0.05,0,94.22
2439,2025-01-11,Grocery,North,5,119.25,0.0,0,86.24
2440,2025-01-02,Clothing,South,1,100.26,0.3,0,81.91
2441,2025-01-30,Grocery,North,2,26.75,0.3,0,21.27
2442,2025-02-19,Home,East,2,54.12,0.0,0,38.79
2443,2025-03-27,Electronics,West,3,144.08,0.3,0,119.08
2444,2025-11-30,Grocery,North,4,90.33,0.3,0,68.23
2445,2025-02-23,Electronics,North,3,194.57,0.0,1,123.05
2446,2025-07-11,Home,West,1,88.55,0.0,0,62.5
2447,2025-06-30,Home,West,1,179.87,0.3,0,106.41
2448,2025-09-27,Grocery,North,4,15.77,0.15,0,11.56
2449,2025-12-03,Grocery,West,5,215.14,0.15,0,168.94
2450,2025-03-11,Grocery,North,5,123.68,0.0,0,68.41
2451,2025-11-10,Grocery,North,3,68.34,0.3,0,53.49
2452,2025-04-28,Grocery,North,4,97.61,0.0,0,48.79
2453,2025-09-04,Clothing,South,4,241.07,0.15,1,126.32
2454,2025-09-09,Electronics,West,4,204.22,0.3,0,107.25
2455,2025-07-17,Electronics,South,1,140.13,0.05,0,114.53
2456,2025-04-30,Clothing,North,3,191.32,0.3,0,106.99
2457,2025-12-03,Electronics,East,2,144.71,0.3,0,98.68
2458,2025-03-24,Clothing,East,2,46.86,0.15,0,32.62
2459,2025-11-01,Electronics,South,5,112.32,0.0,0,84.1
2460,2025-08-15,Electronics,South,2,102.15,0.05,0,52.99
2461,2025-03-14,Clothing,South,3,127.15,0.15,0,95.42
2462,2025-01-27,Clothing,South,4,88.49,0.3,0,70.85
2463,2025-09-01,Electronics,South,2,124.36,0.05,0,78.81
2464,2025-11-28,Home,North,5,148.0,0.05,0,100.23
2465,2025-08-05,Grocery,East,2,50.17,0.3,0,41.35
2466,2025-04-11,Electronics,North,5,203.11,0.0,0,135.16
2467,2025-01-13,Home,West,1,110.35,0.0,0,75.98
2468,2025-05-25,Grocery,North,1,63.32,0.0,0,37.52
2469,2025-08-05,Home,West,5,237.09,0.15,0,174.27
2470,2025-08-04,Grocery,East,2,189.15,0.3,0,136.67
2471,2025-07-22,Clothing,South,1,146.29,0.05,0,121.6
2472,2025-06-10,Electronics,South,2,67.29,0.3,0,42.82
2473,2025-12-11,Grocery,North,4,40.75,0.0,0,31.54
2474,2025-09-18,Home,South,5,226.46,0.0,0,131.73
2475,2025-12-21,Grocery,North,3,94.41,0.05,0,42.74
2476,2025-05-17,Home,South,2,29.36,0.3,0,21.78
2477,2025-08-21,Grocery,North,2,125.06,0.3,0,74.05
2478,2025-05-21,Electronics,North,3,35.85,0.3,0,21.9
2479,2025-02-08,Home,North,1,245.84,0.05,0,179.59
2480,2025-08-13,Electronics,North,5,229.19,0.15,1,126.76
2481,2025-04-11,Home,North,2,33.37,0.15,0,18.87
2482,2025-04-06,Grocery,East,4,210.05,0.0,0,107.75
2483,2025-07-15,Electronics,North,5,146.74,0.0,0,115.3
2484,2025-10-06,Home,East,3,119.34,0.15,0,85.81
2485,2025-10-18,Clothing,South,4,148.41,0.05,0,103.92
2486,2025-09-05,Clothing,East,5,209.37,0.3,0,113.33
2487,2025-01-13,Grocery,East,1,109.91,0.0,0,51.31
2488,2025-05-16,Grocery,West,3,220.84,0.0,0,166.83
2489,2025-10-25,Grocery,East,2,100.77,0.3,0,73.67
2490,2025-12-02,Electronics,South,5,51.75,0.3,0,26.23
2491,2025-12-16,Clothing,West,5,69.87,0.15,1,43.98
2492,2025-04-06,Grocery,South,2,144.65,0.15,0,120.16
2493,2025-11-15,Home,West,5,91.19,0.0,0,70.91
2494,2025-07-09,Grocery,South,5,113.27,0.0,0,84.81
2495,2025-11-05,Grocery,South,1,130.52,0.05,0,106.41
2496,2025-08-23,Grocery,North,1,151.69,0.05,0,127.16
2497,2025-08-04,Home,North,1,16.1,0.05,0,8.45
2498,2025-10-18,Grocery,East,1,247.31,0.15,0,148.29
2499,2025-05-18,Clothing,North,4,214.21,0.3,0,96.47
2500,2025-03-19,Clothing,North,4,44.49,0.0,0,37.32
2501,2025-07-17,Grocery,West,5,129.44,0.3,1,66.16
2502,2025-04-05,Clothing,East,3,114.9,0.05,0,54.76
2503,2025-06-02,Home,East,3,123.71,0.3,0,63.56
2504,2025-10-01,Home,West,4,150.55,0.05,0,82.18
2505,2025-08-03,Home,North,4,191.16,0.3,0,89.35
2506,2025-05-14,Grocery,South,4,141.39,0.15,0,81.6
2507,2025-03-12,Home,North,5,179.48,0.15,0,85.83
2508,2025-02-28,Home,East,4,100.57,0.05,0,75.58
2509,2025-05-12,Electronics,West,4,169.32,0.0,0,90.92
2510,2025-03-10,Grocery,West,4,20.76,0.05,0,16.77
2511,2025-03-03,Grocery,South,5,249.26,0.15,0,183.53
2512,2025-11-29,Electronics,North,4,116.77,0.15,0,97.61
2513,2025-12-22,Grocery,East,5,225.49,0.15,0,179.71
2514,2025-02-01,Home,East,4,221.33,0.05,0,178.25
2515,2025-06-04,Home,North,4,33.98,0.15,0,23.78
2516,2025-11-15,Electronics,East,2,125.14,0.3,0,103.93
2517,2025-12-08,Electronics,South,4,128.15,0.15,0,64.52
2518,2025-03-03,Grocery,North,2,86.51,0.3,0,41.95
2519,2025-11-30,Grocery,North,5,129.71,0.3,0,76.67
2520,2025-09-18,Electronics,South,5,239.18,0.15,0,123.82
2521,2025-12-13,Clothing,West,2,159.52,0.05,0,74.16
2522,2025-07-20,Clothing,North,4,39.97,0.15,0,26.59
2523,2025-04-05,Home,East,3,163.1,0.05,0,97.11
2524,2025-05-08,Clothing,South,1,24.77,0.3,0,11.32
2525,2025-09-29,Home,North,5,186.85,0.0,0,115.66
2526,2025-04-15,Electronics,East,1,138.37,0.0,0,101.04
2527,2025-01-30,Clothing,North,1,200.74,0.0,0,111.39
2528,2025-02-13,Grocery,South,1,85.39,0.15,0,42.59
2529,2025-12-01,Electronics,East,1,108.68,0.3,0,88.66
2530,2025-01-11,Grocery,South,2,234.4,0.05,0,174.46
2531,2025-01-06,Electronics,North,4,20.66,0.15,0,15.62
2532,2025-07-30,Grocery,North,5,151.3,0.0,0,79.7
2533,2025-11-20,Clothing,West,3,215.42,0.05,0,121.97
2534,2025-03-15,Grocery,North,1,229.2,0.3,0,152.16
2535,2025-01-03,Clothing,East,2,236.97,0.15,0,201.2
2536,2025-06-09,Clothing,East,5,138.45,0.3,0,93.96
2537,2025-05-09,Grocery,North,1,165.18,0.15,1,81.54
2538,2025-04-23,Electronics,South,3,163.39,0.15,0,138.53
2539,2025-03-09,Electronics,North,1,234.09,0.0,0,106.11
2540,2025-08-31,Clothing,South,4,161.6,0.05,0,96.47
2541,2025-02-20,Grocery,East,2,228.23,0.15,0,176.79
2542,2025-02-03,Home,West,1,136.98,0.0,0,81.59
2543,2025-11-12,Clothing,South,2,165.39,0.05,0,111.75
2544,2025-02-01,Home,South,5,179.95,0.15,0,120.55
2545,2025-06-20,Clothing,North,3,49.12,0.3,0,22.23
2546,2025-11-25,Home,West,4,16.94,0.15,0,10.58
2547,2025-04-09,Electronics,North,2,155.15,0.15,0,129.52
2548,2025-06-14,Grocery,South,1,243.68,0.0,0,111.28
2549,2025-09-06,Home,East,5,236.66,0.3,0,112.52
2550,2025-12-20,Home,East,5,243.03,0.15,0,119.52
2551,2025-07-24,Clothing,East,3,103.24,0.3,0,68.6
2552,2025-09-30,Grocery,West,4,188.65,0.3,0,90.94
2553,2025-02-10,Electronics,South,2,75.61,0.0,0,55.42
2554,2025-02-07,Home,South,1,114.41,0.3,0,91.55
2555,2025-09-26,Clothing,East,1,48.93,0.0,1,38.84
2556,2025-08-21,Electronics,North,5,72.51,0.0,0,51.56
2557,2025-08-16,Grocery,South,1,246.13,0.05,0,138.47
2558,2025-06-05,Electronics,South,4,54.24,0.0,0,32.56
2559,2025-12-23,Electronics,East,3,149.97,0.05,0,95.44
2560,2025-05-05,Home,South,3,146.37,0.3,0,100.39
2561,2025-02-10,Home,West,3,92.35,0.3,0,52.07
2562,2025-04-07,Home,South,4,103.97,0.0,0,53.07
2563,2025-04-17,Electronics,North,2,249.85,0.3,0,157.86
2564,2025-01-07,Home,South,3,175.71,0.3,0,99.26
2565,2025-12-06,Home,East,5,111.85,0.0,0,93.99
2566,2025-11-13,Clothing,West,3,79.26,0.3,0,66.68
2567,2025-09-06,Electronics,West,3,222.41,0.05,0,107.51
2568,2025-06-15,Grocery,South,5,247.33,0.0,0,163.23
2569,2025-01-10,Clothing,North,3,38.68,0.05,0,21.29
2570,2025-10-26,Electronics,North,4,38.67,0.15,0,19.46
2571,2025-07-19,Clothing,South,1,155.08,0.15,0,109.78
2572,2025-03-26,Grocery,West,2,65.05,0.3,0,51.18
2573,2025-11-05,Clothing,East,4,200.38,0.3,0,112.1
2574,2025-04-29,Electronics,North,5,115.41,0.3,0,81.99
2575,2025-11-03,Grocery,North,3,241.27,0.3,0,142.96
2576,2025-08-01,Home,East,4,245.41,0.0,0,169.19
2577,2025-06-10,Grocery,East,4,146.23,0.3,0,75.03
2578,2025-06-09,Home,North,5,232.75,0.3,1,149.05
2579,2025-03-13,Clothing,West,5,90.61,0.15,0,63.81
2580,2025-08-04,Home,West,1,76.08,0.15,1,38.31
2581,2025-09-06,Electronics,West,4,144.91,0.15,0,122.93
2582,2025-10-19,Grocery,North,2,165.74,0.3,0,89.62
2583,2025-02-07,Grocery,North,1,71.57,0.05,0,51.92
2584,2025-08-23,Grocery,West,1,169.79,0.0,1,142.57
2585,2025-11-01,Clothing,North,5,201.95,0.05,0,164.46
2586,2025-03-24,Electronics,East,5,41.03,0.15,0,19.74
2587,2025-01-13,Electronics,West,4,192.47,0.15,0,88.9
2588,2025-07-09,Electronics,West,4,68.95,0.15,0,53.53
2589,2025-09-07,Electronics,North,3,158.37,0.3,0,104.3
2590,2025-03-13,Home,North,5,63.21,0.3,0,51.06
2591,2025-02-07,Electronics,South,3,36.66,0.15,0,23.17
2592,2025-10-29,Electronics,North,2,80.79,0.0,0,66.76
2593,2025-02-10,Home,North,2,187.04,0.3,0,111.67
2594,2025-12-30,Clothing,North,5,218.26,0.15,0,132.58
2595,2025-02-27,Clothing,West,1,204.41,0.0,0,148.17
2596,2025-05-02,Clothing,West,2,237.77,0.3,0,197.55
2597,2025-05-15,Clothing,North,3,204.1,0.05,0,121.29
2598,2025-01-30,Electronics,West,3,170.26,0.0,0,105.46
2599,2025-06-06,Electronics,South,2,207.74,0.05,0,143.43
2600,2025-07-10,Grocery,West,4,242.9,0.05,0,167.42
2601,2025-03-14,Electronics,South,1,127.66,0.05,0,98.56
2602,2025-12-12,Home,West,3,113.26,0.3,0,63.84
2603,2025-09-05,Electronics,North,2,83.32,0.3,0,59.57
2604,2025-05-19,Grocery,West,1,178.27,0.05,0,99.69
2605,2025-08-08,Electronics,North,1,69.51,0.3,0,41.06
2606,2025-08-01,Clothing,North,3,18.47,0.15,0,14.5
2607,2025-05-14,Clothing,East,3,83.51,0.0,0,60.15
2608,2025-07-02,Electronics,North,2,180.02,0.3,0,132.13
2609,2025-03-26,Home,West,3,68.74,0.0,0,54.0
2610,2025-05-28,Electronics,South,4,37.4,0.15,0,30.17
2611,2025-04-24,Home,West,3,234.54,0.3,0,140.14
2612,2025-05-29,Home,West,5,154.76,0.3,0,95.16
2613,2025-09-21,Clothing,West,5,164.89,0.15,0,98.66
2614,2025-07-07,Home,East,4,41.58,0.0,0,23.06
2615,2025-06-17,Electronics,North,3,69.21,0.0,1,46.54
2616,2025-03-03,Grocery,South,2,138.87,0.3,0,103.19
2617,2025-11-29,Grocery,West,1,79.23,0.15,0,37.9
2618,2025-05-27,Grocery,South,3,120.19,0.3,1,86.05
2619,2025-01-03,Electronics,South,2,66.05,0.05,0,54.01
2620,2025-02-09,Clothing,South,1,29.3,0.15,0,21.3
2621,2025-05-12,Grocery,East,1,92.37,0.15,1,41.75
2622,2025-10-17,Grocery,West,4,38.83,0.05,0,28.97
2623,2025-05-30,Electronics,West,1,128.51,0.0,0,59.97
2624,2025-07-22,Grocery,East,2,89.59,0.3,0,53.26
2625,2025-03-20,Grocery,North,4,242.42,0.0,0,201.45
2626,2025-03-15,Electronics,North,5,245.92,0.3,0,194.14
2627,2025-04-02,Home,South,2,68.19,0.0,0,30.83
2628,2025-01-28,Home,East,2,110.2,0.05,0,61.49
2629,2025-03-09,Home,West,4,166.15,0.15,0,111.94
2630,2025-04-23,Grocery,East,3,172.63,0.0,0,82.01
2631,2025-09-10,Home,East,1,55.05,0.05,0,28.58
2632,2025-06-03,Electronics,East,2,244.23,0.15,0,118.97
2633,2025-04-09,Home,West,2,202.94,0.15,0,119.37
2634,2025-09-28,Electronics,North,4,78.89,0.15,0,65.71
2635,2025-12-26,Grocery,South,2,179.85,0.0,0,107.46
2636,2025-06-21,Clothing,East,1,211.14,0.15,1,138.1
2637,2025-10-10,Clothing,North,5,106.4,0.05,0,56.84
2638,2025-12-10,Grocery,East,1,83.17,0.3,0,69.4
2639,2025-05-09,Home,West,3,190.79,0.0,0,94.13
2640,2025-11-16,Grocery,South,3,60.04,0.15,0,46.52
2641,2025-11-21,Grocery,West,4,125.89,0.15,0,77.47
2642,2025-07-26,Home,South,1,215.83,0.15,0,157.63
2643,2025-10-22,Electronics,West,4,195.19,0.0,1,160.53
2644,2025-10-08,Clothing,East,3,61.5,0.3,0,27.79
2645,2025-12-18,Grocery,West,2,234.53,0.05,0,115.8
2646,2025-08-02,Grocery,West,4,124.59,0.3,0,83.73
2647,2025-03-14,Home,East,1,145.02,0.15,0,102.62
2648,2025-10-13,Clothing,South,2,225.78,0.15,0,123.26
2649,2025-07-30,Electronics,East,5,241.1,0.15,0,196.6
2650,2025-08-12,Clothing,East,4,93.55,0.0,0,45.0
2651,2025-03-17,Grocery,North,5,245.77,0.0,0,198.63
2652,2025-03-19,Electronics,West,2,222.6,0.0,0,179.75
2653,2025-11-03,Grocery,East,5,38.4,0.3,0,29.97
2654,2025-07-01,Home,East,3,18.65,0.15,0,14.95
2655,2025-03-20,Home,South,5,160.5,0.0,0,113.65
2656,2025-09-15,Grocery,South,5,247.82,0.0,0,204.84
2657,2025-06-16,Grocery,North,5,173.78,0.05,0,110.0
2658,2025-11-17,Grocery,North,3,121.63,0.3,0,66.53
2659,2025-08-30,Home,West,5,50.85,0.3,1,27.45
2660,2025-07-19,Home,West,1,53.67,0.0,0,35.91
2661,2025-12-12,Clothing,West,2,24.91,0.15,0,19.28
2662,2025-05-29,Home,North,5,145.88,0.0,0,118.39
2663,2025-08-21,Grocery,East,3,185.36,0.15,0,157.05
2664,2025-01-13,Grocery,South,4,25.38,0.3,0,16.54
2665,2025-02-13,Home,East,2,83.77,0.3,0,56.77
2666,2025-07-26,Grocery,South,5,76.2,0.05,0,55.29
2667,2025-10-03,Electronics,West,5,122.81,0.3,0,72.16
2668,2025-04-27,Clothing,North,4,97.61,0.0,0,66.62
2669,2025-09-06,Grocery,North,4,185.55,0.3,0,124.57
2670,2025-12-30,Electronics,East,3,90.18,0.0,0,54.02
2671,2025-01-28,Electronics,South,4,73.15,0.3,0,38.99
2672,2025-07-30,Clothing,South,2,33.42,0.15,0,28.13
2673,2025-06-07,Electronics,South,4,169.51,0.05,0,109.1
2674,2025-01-03,Clothing,North,1,246.74,0.3,0,118.87
2675,2025-02-07,Grocery,North,3,85.13,0.0,0,69.55
2676,2025-07-22,Clothing,South,5,235.13,0.15,0,169.5
2677,2025-07-20,Grocery,North,4,215.29,0.3,0,169.9
2678,2025-11-14,Grocery,South,2,25.26,0.3,0,14.39
2679,2025-10-15,Electronics,South,5,43.73,0.05,0,24.75
2680,2025-11-21,Clothing,West,2,217.49,0.3,0,157.5
2681,2025-08-08,Electronics,South,2,145.76,0.0,0,91.06
2682,2025-06-20,Electronics,North,1,109.99,0.0,0,51.86
2683,2025-02-04,Home,South,4,168.44,0.0,0,135.5
2684,2025-10-21,Clothing,West,3,223.06,0.0,0,117.64
2685,2025-03-28,Home,East,2,175.55,0.0,1,92.03
2686,2025-09-27,Home,South,1,166.88,0.15,0,125.96
2687,2025-03-24,Grocery,South,2,113.76,0.15,0,59.83
2688,2025-03-12,Clothing,North,1,76.02,0.3,0,60.06
2689,2025-01-11,Grocery,East,5,65.9,0.15,1,36.92
2690,2025-02-24,Electronics,South,2,17.38,0.3,0,9.3
2691,2025-05-17,Home,South,5,148.14,0.05,0,99.09
2692,2025-02-25,Electronics,East,3,59.43,0.05,0,48.96
2693,2025-08-22,Clothing,East,1,99.38,0.05,0,63.25
2694,2025-02-16,Electronics,West,3,205.47,0.15,0,107.94
2695,2025-10-31,Grocery,South,2,144.12,0.15,0,116.6
2696,2025-09-24,Electronics,West,3,222.27,0.0,0,153.14
2697,2025-12-14,Electronics,West,5,168.71,0.0,0,119.29
2698,2025-07-27,Grocery,West,3,42.66,0.3,0,22.82
2699,2025-06-07,Clothing,West,5,147.22,0.05,0,116.59
2700,2025-03-24,Electronics,West,2,229.79,0.3,0,113.45
2701,2025-12-04,Clothing,South,4,24.89,0.15,0,15.6
2702,2025-04-03,Home,South,5,20.26,0.15,0,11.54
2703,2025-03-25,Grocery,West,1,132.51,0.3,0,66.27
2704,2025-05-03,Electronics,North,1,124.56,0.0,0,75.95
2705,2025-09-27,Grocery,East,3,119.44,0.0,0,77.2
2706,2025-10-16,Electronics,West,1,108.38,0.05,0,67.5
2707,2025-08-09,Home,West,1,98.38,0.15,0,45.49
2708,2025-12-17,Grocery,East,3,139.11,0.0,0,113.51
2709,2025-01-09,Grocery,South,3,41.51,0.05,0,20.67
2710,2025-09-02,Electronics,North,1,38.56,0.05,0,17.39
2711,2025-05-17,Grocery,North,2,19.25,0.0,0,11.11
2712,2025-10-10,Electronics,North,3,104.06,0.3,0,62.62
2713,2025-08-11,Electronics,North,4,78.45,0.05,1,54.45
2714,2025-06-23,Home,East,4,207.56,0.3,0,130.86
2715,2025-05-16,Grocery,East,3,147.42,0.3,0,70.15
2716,2025-11-24,Clothing,North,3,21.2,0.3,0,14.69
2717,2025-07-08,Home,North,4,146.46,0.0,0,113.75
2718,2025-01-17,Home,North,1,195.35,0.15,0,151.86
2719,2025-12-02,Home,West,2,25.74,0.05,1,19.82
2720,2025-06-15,Grocery,West,4,191.92,0.15,0,117.81
2721,2025-12-10,Clothing,East,5,66.72,0.0,0,55.72
2722,2025-03-13,Home,North,5,51.25,0.3,0,41.58
2723,2025-08-25,Home,South,1,185.63,0.05,0,90.64
2724,2025-10-31,Clothing,East,5,191.79,0.15,0,99.47
2725,2025-03-14,Clothing,East,1,125.03,0.05,0,58.37
2726,2025-11-25,Home,East,2,151.11,0.05,0,74.95
2727,2025-06-21,Electronics,South,4,135.16,0.0,0,90.78
2728,2025-04-13,Grocery,North,1,193.85,0.05,0,138.99
2729,2025-07-22,Clothing,East,2,134.06,0.3,0,64.72
2730,2025-02-15,Electronics,East,3,150.15,0.0,0,86.92
2731,2025-04-18,Grocery,South,5,214.19,0.05,0,112.24
2732,2025-10-05,Home,North,4,133.24,0.15,0,105.35
2733,2025-10-27,Electronics,West,3,177.01,0.0,0,123.95
2734,2025-04-23,Clothing,South,3,24.24,0.3,0,20.16
2735,2025-07-02,Electronics,South,3,212.76,0.05,0,152.56
2736,2025-07-07,Electronics,North,5,21.89,0.05,0,13.95
2737,2025-07-20,Electronics,West,5,221.2,0.3,0,180.01
2738,2025-05-30,Clothing,North,5,35.03,0.15,0,17.66
2739,2025-03-31,Electronics,North,5,145.42,0.05,0,76.81
2740,2025-08-31,Grocery,West,1,81.31,0.0,0,38.9
2741,2025-01-29,Grocery,East,4,160.61,0.05,0,101.49
2742,2025-07-10,Grocery,South,1,216.03,0.3,0,157.35
2743,2025-11-11,Clothing,South,3,84.73,0.15,0,43.8
2744,2025-08-10,Home,South,4,42.26,0.3,0,21.57
2745,2025-09-01,Grocery,North,3,123.47,0.15,0,104.84
2746,2025-12-16,Grocery,South,2,94.87,0.3,0,67.96
2747,2025-05-16,Electronics,North,3,179.07,0.15,0,105.38
2748,2025-11-01,Home,South,2,37.77,0.05,0,31.78
2749,2025-02-26,Home,North,1,69.29,0.0,0,36.54
2750,2025-01-12,Electronics,South,1,78.88,0.3,0,54.48
2751,2025-03-02,Electronics,North,2,111.15,0.05,0,52.11
2752,2025-07-29,Grocery,West,3,125.65,0.05,0,102.49
2753,2025-02-17,Home,South,2,90.84,0.15,0,42.6
2754,2025-07-22,Electronics,West,4,133.04,0.3,0,94.06
2755,2025-12-13,Electronics,West,3,64.32,0.05,0,48.77
2756,2025-11-04,Grocery,West,1,111.3,0.15,0,54.41
2757,2025-11-16,Home,North,4,106.75,0.3,0,88.58
2758,2025-12-13,Clothing,East,3,83.89,0.0,0,61.91
2759,2025-11-15,Clothing,East,2,19.82,0.3,0,14.55
2760,2025-01-10,Clothing,South,3,136.44,0.05,1,87.91
2761,2025-07-16,Grocery,South,1,56.45,0.3,0,32.52
2762,2025-07-10,Grocery,North,4,48.03,0.05,0,31.54
2763,2025-01-17,Electronics,North,2,115.21,0.05,0,51.88
2764,2025-02-25,Home,South,2,24.02,0.0,0,13.37
2765,2025-04-01,Electronics,West,3,105.01,0.05,0,86.7
2766,2025-08-20,Home,North,5,35.42,0.05,0,26.91
2767,2025-07-21,Grocery,South,3,99.64,0.3,0,45.59
2768,2025-01-16,Grocery,West,2,164.58,0.3,1,84.51
2769,2025-08-20,Electronics,South,5,99.43,0.0,0,54.91
2770,2025-05-23,Electronics,East,1,105.38,0.3,0,66.89
2771,2025-04-27,Grocery,East,3,110.67,0.15,0,69.33
2772,2025-08-01,Electronics,North,3,147.1,0.0,0,106.37
2773,2025-07-16,Clothing,East,3,38.31,0.05,0,19.72
2774,2025-04-10,Clothing,North,2,96.22,0.05,0,57.4
2775,2025-08-13,Home,West,1,78.81,0.0,0,47.87
2776,2025-04-18,Electronics,East,4,63.23,0.3,0,38.93
2777,2025-06-13,Clothing,South,1,36.01,0.15,0,18.22
2778,2025-02-04,Grocery,North,1,85.47,0.05,0,52.49
2779,2025-06-02,Clothing,West,3,44.33,0.15,0,25.43
2780,2025-06-02,Home,West,3,46.68,0.0,0,21.82
2781,2025-04-18,Clothing,North,1,232.4,0.0,0,168.11
2782,2025-02-19,Electronics,West,3,169.68,0.15,0,107.65
2783,2025-01-12,Clothing,North,2,29.73,0.3,0,24.85
2784,2025-09-18,Clothing,South,3,192.72,0.15,0,131.79
2785,2025-02-12,Electronics,East,1,56.54,0.3,1,30.8
2786,2025-01-26,Home,North,4,84.26,0.0,0,62.67
2787,2025-06-20,Clothing,South,2,51.52,0.0,0,26.48
2788,2025-01-07,Electronics,East,4,228.86,0.05,0,183.77
2789,2025-03-30,Electronics,West,1,21.94,0.05,0,18.46
2790,2025-07-18,Electronics,South,2,60.88,0.3,0,51.33
2791,2025-03-17,Clothing,West,3,134.11,0.15,0,97.62
2792,2025-03-02,Electronics,North,2,69.87,0.05,0,38.62
2793,2025-07-21,Clothing,West,5,55.35,0.3,0,41.27
2794,2025-01-04,Electronics,South,1,90.18,0.3,0,48.36
2795,2025-01-18,Electronics,South,3,154.41,0.05,0,123.66
2796,2025-02-18,Clothing,East,2,40.61,0.0,0,26.74
2797,2025-10-06,Electronics,South,4,194.22,0.15,0,115.95
2798,2025-01-25,Clothing,East,5,215.7,0.05,0,172.67
2799,2025-12-18,Grocery,North,2,232.33,0.0,0,104.78
2800,2025-12-12,Clothing,South,2,245.42,0.05,0,113.03
2801,2025-07-03,Grocery,North,3,202.55,0.3,0,109.36
2802,2025-06-30,Electronics,South,3,133.25,0.3,0,75.11
2803,2025-03-09,Clothing,South,3,74.26,0.15,0,39.42
2804,2025-05-13,Grocery,North,3,41.7,0.0,0,23.59
2805,2025-10-04,Clothing,East,5,33.89,0.15,0,24.69
2806,2025-10-31,Grocery,East,5,65.67,0.0,0,41.6
2807,2025-10-07,Electronics,South,2,27.27,0.15,0,17.89
2808,2025-12-28,Clothing,West,1,20.93,0.05,0,13.4
2809,2025-04-16,Grocery,West,3,181.5,0.0,0,97.43
2810,2025-10-30,Grocery,East,3,99.15,0.3,0,66.65
2811,2025-08-31,Home,North,2,169.72,0.0,0,128.84
2812,2025-12-20,Electronics,East,2,163.47,0.3,0,109.55
2813,2025-04-07,Clothing,North,3,158.7,0.15,0,122.15
2814,2025-10-11,Electronics,West,1,237.51,0.3,0,136.71
2815,2025-11-06,Electronics,West,3,84.21,0.0,0,44.09
2816,2025-05-02,Clothing,North,2,195.26,0.3,0,95.4
2817,2025-08-28,Clothing,East,5,179.18,0.3,0,111.98
2818,2025-02-16,Electronics,West,5,104.71,0.3,0,49.95
2819,2025-02-26,Grocery,North,2,63.43,0.0,0,43.48
2820,2025-06-25,Clothing,South,1,230.11,0.3,0,189.91
2821,2025-11-27,Electronics,East,2,117.97,0.15,0,73.55
2822,2025-11-19,Grocery,North,4,40.08,0.0,0,25.17
2823,2025-08-08,Electronics,North,1,216.58,0.15,0,123.05
2824,2025-02-28,Electronics,West,5,228.95,0.3,1,151.59
2825,2025-05-10,Grocery,East,2,66.67,0.0,0,56.21
2826,2025-09-25,Home,North,4,173.7,0.05,1,82.72
2827,2025-06-07,Home,East,4,194.16,0.3,0,108.63
2828,2025-10-07,Clothing,West,3,159.29,0.0,0,93.31
2829,2025-08-15,Grocery,East,5,184.6,0.15,1,93.24
2830,2025-05-08,Clothing,South,2,96.05,0.15,0,80.96
2831,2025-08-02,Electronics,East,1,237.79,0.15,1,111.89
2832,2025-07-23,Grocery,West,5,90.34,0.15,0,50.93
2833,2025-09-18,Home,South,5,77.8,0.3,0,35.06
2834,2025-04-12,Home,South,3,149.56,0.0,0,96.71
2835,2025-06-27,Home,North,5,73.29,0.15,0,45.13
2836,2025-12-14,Grocery,South,1,175.87,0.3,1,98.23
2837,2025-01-14,Electronics,South,2,156.49,0.3,0,109.83
2838,2025-03-27,Clothing,North,1,121.43,0.05,0,66.06
2839,2025-07-02,Clothing,East,3,63.55,0.3,0,36.49
2840,2025-09-29,Grocery,East,5,37.57,0.3,0,22.52
2841,2025-04-15,Grocery,North,3,43.73,0.05,0,31.31
2842,2025-05-05,Grocery,North,5,213.48,0.15,0,150.83
2843,2025-04-12,Grocery,South,5,81.61,0.3,0,45.1
2844,2025-01-25,Home,South,1,236.28,0.0,0,141.07
2845,2025-08-07,Electronics,South,1,214.08,0.0,0,135.36
2846,2025-02-08,Electronics,West,3,149.92,0.3,0,113.02
2847,2025-03-31,Grocery,North,5,96.85,0.15,0,50.7
2848,2025-04-20,Clothing,East,3,68.67,0.15,0,33.91
2849,2025-11-16,Clothing,West,2,195.87,0.3,0,101.88
2850,2025-10-22,Home,East,1,221.89,0.0,0,148.38
2851,2025-09-04,Grocery,South,2,122.01,0.0,1,57.33
2852,2025-10-10,Grocery,East,2,185.82,0.3,0,124.52
2853,2025-09-04,Grocery,West,1,233.06,0.3,0,168.58
2854,2025-04-28,Electronics,South,4,47.83,0.0,0,34.74
2855,2025-10-18,Grocery,South,1,63.56,0.15,1,53.86
2856,2025-05-06,Clothing,East,2,100.64,0.0,0,51.69
2857,2025-07-29,Electronics,South,2,181.22,0.3,0,90.28
2858,2025-07-11,Electronics,South,2,70.36,0.05,0,47.72
2859,2025-09-12,Electronics,North,4,173.72,0.05,0,102.6
2860,2025-11-22,Clothing,South,3,48.37,0.3,0,27.38
2861,2025-01-25,Electronics,North,3,65.44,0.05,1,32.69
2862,2025-10-14,Grocery,East,5,203.89,0.05,0,158.61
2863,2025-12-06,Home,South,5,85.79,0.0,0,47.68
2864,2025-08-24,Electronics,East,5,130.26,0.05,0,63.21
2865,2025-07-21,Grocery,East,4,191.67,0.0,0,100.79
2866,2025-08-17,Grocery,West,3,84.72,0.05,0,67.25
2867,2025-07-13,Clothing,South,2,211.99,0.3,0,144.42
2868,2025-10-11,Electronics,East,2,211.51,0.0,0,168.38
2869,2025-06-30,Grocery,East,4,34.24,0.0,0,22.28
2870,2025-05-27,Home,East,2,186.05,0.05,0,89.62
2871,2025-09-23,Grocery,South,4,88.01,0.0,0,61.79
2872,2025-09-27,Grocery,West,2,245.96,0.05,0,155.83
2873,2025-09-28,Electronics,East,3,216.42,0.05,0,118.55
2874,2025-03-02,Electronics,North,3,95.93,0.0,1,49.5
2875,2025-06-29,Home,North,3,194.98,0.0,0,161.03
2876,2025-03-10,Electronics,West,1,30.05,0.15,1,22.91
2877,2025-05-06,Home,South,5,19.65,0.3,0,10.24
2878,2025-05-12,Grocery,North,2,241.0,0.05,0,176.49
2879,2025-07-20,Grocery,South,5,70.14,0.05,0,34.25
2880,2025-09-18,Home,West,1,121.24,0.15,0,102.37
2881,2025-03-25,Electronics,East,1,225.7,0.15,0,160.98
2882,2025-10-27,Electronics,East,2,102.07,0.05,0,79.18
2883,2025-06-27,Clothing,West,3,107.66,0.3,0,54.95
2884,2025-06-06,Home,South,1,64.49,0.05,0,47.63
2885,2025-02-10,Electronics,North,1,111.86,0.05,0,73.0
2886,2025-12-02,Electronics,South,5,65.04,0.0,0,33.65
2887,2025-08-08,Electronics,South,5,220.62,0.15,0,133.09
2888,2025-12-20,Clothing,South,4,82.7,0.05,0,46.78
2889,2025-10-12,Electronics,South,4,18.21,0.15,0,9.43
2890,2025-07-04,Home,East,4,220.11,0.15,0,183.0
2891,2025-09-15,Electronics,South,4,15.65,0.3,0,8.78
2892,2025-06-07,Clothing,West,4,185.18,0.05,0,98.84
2893,2025-01-07,Home,North,3,99.49,0.05,0,83.52
2894,2025-11-01,Electronics,East,2,141.75,0.0,0,72.0
2895,2025-07-31,Home,East,3,192.62,0.3,1,159.47
2896,2025-02-25,Clothing,South,2,113.89,0.15,0,52.65
2897,2025-06-17,Electronics,North,4,87.67,0.3,0,52.08
2898,2025-01-05,Home,West,2,144.42,0.15,0,83.07
2899,2025-01-26,Home,East,2,29.75,0.15,0,21.32
2900,2025-05-09,Electronics,East,2,23.26,0.3,0,15.78
2901,2025-07-14,Electronics,West,2,160.89,0.3,1,80.79
2902,2025-07-26,Home,South,5,211.91,0.0,0,141.5
2903,2025-09-26,Grocery,South,1,152.51,0.0,0,70.57
2904,2025-02-22,Clothing,North,1,172.04,0.3,0,127.83
2905,2025-05-30,Home,North,5,150.42,0.3,0,91.48
2906,2025-09-11,Clothing,West,3,66.93,0.0,0,31.69
2907,2025-04-26,Clothing,West,4,103.23,0.05,1,52.98
2908,2025-02-27,Grocery,West,2,41.72,0.0,0,20.61
2909,2025-06-02,Home,South,4,89.7,0.05,0,65.85
2910,2025-05-11,Grocery,South,2,175.23,0.0,0,128.79
2911,2025-04-12,Electronics,East,3,117.22,0.15,0,72.82
2912,2025-09-08,Clothing,West,4,161.96,0.0,0,100.25
2913,2025-04-19,Grocery,North,1,74.91,0.05,1,53.55
2914,2025-08-16,Clothing,East,3,191.53,0.3,0,154.44
2915,2025-06-18,Electronics,North,1,119.1,0.3,0,83.18
2916,2025-07-07,Clothing,North,2,127.04,0.0,0,72.09
2917,2025-02-13,Clothing,West,4,23.82,0.15,0,17.46
2918,2025-11-27,Electronics,South,5,155.59,0.05,0,88.74
2919,2025-11-06,Clothing,West,2,48.09,0.05,0,29.28
2920,2025-12-20,Grocery,West,3,42.93,0.0,0,21.29
2921,2025-05-23,Grocery,East,2,58.03,0.0,0,31.29
2922,2025-06-05,Grocery,South,2,148.96,0.0,0,71.92
2923,2025-11-18,Electronics,West,3,116.88,0.3,0,87.62
2924,2025-09-22,Clothing,North,1,96.72,0.3,0,57.32
2925,2025-07-07,Clothing,West,3,42.18,0.05,0,30.43
2926,2025-09-29,Electronics,East,2,231.92,0.05,0,163.12
2927,2025-03-10,Grocery,East,4,88.24,0.3,0,61.45
2928,2025-07-27,Clothing,North,2,109.19,0.05,0,66.65
2929,2025-04-18,Home,East,5,57.44,0.15,0,31.37
2930,2025-10-30,Grocery,North,1,89.62,0.15,0,52.24
2931,2025-08-06,Grocery,West,2,108.79,0.15,0,55.69
2932,2025-03-06,Grocery,West,5,232.52,0.3,0,176.34
2933,2025-11-10,Home,East,2,109.86,0.0,0,82.12
2934,2025-10-05,Clothing,South,1,202.24,0.0,0,117.91
2935,2025-12-07,Home,South,2,184.67,0.0,0,88.88
2936,2025-10-25,Electronics,West,2,238.32,0.3,0,111.54
2937,2025-06-26,Electronics,East,3,20.85,0.3,0,12.84
2938,2025-05-17,Home,West,3,189.85,0.0,0,93.28
2939,2025-04-29,Clothing,North,5,30.2,0.15,0,24.38
2940,2025-09-02,Electronics,West,5,173.23,0.15,0,136.05
2941,2025-10-11,Clothing,South,5,227.47,0.15,0,154.5
2942,2025-09-21,Home,South,5,143.47,0.0,0,80.32
2943,2025-05-26,Electronics,South,1,166.78,0.05,0,139.88
2944,2025-04-27,Electronics,North,4,120.58,0.3,0,79.76
2945,2025-01-12,Clothing,North,5,98.81,0.15,1,77.5
2946,2025-02-03,Clothing,West,3,104.44,0.05,0,57.2
2947,2025-11-07,Home,North,1,43.75,0.15,0,27.0
2948,2025-10-31,Electronics,West,1,200.61,0.3,0,166.06
2949,2025-07-01,Electronics,South,4,171.79,0.0,0,98.77
2950,2025-04-07,Home,South,3,107.21,0.0,0,89.73
2951,2025-03-08,Grocery,South,3,186.88,0.15,0,147.16
2952,2025-11-15,Grocery,North,5,207.94,0.15,1,140.94
2953,2025-05-03,Clothing,North,3,173.02,0.0,0,102.28
2954,2025-06-06,Grocery,West,2,19.63,0.3,0,15.79
2955,2025-10-18,Electronics,North,1,190.37,0.3,0,112.33
2956,2025-03-03,Clothing,South,4,181.18,0.0,0,103.09
2957,2025-12-11,Electronics,West,1,127.88,0.05,0,88.58
2958,2025-01-30,Home,West,3,63.13,0.0,0,50.71
2959,2025-04-08,Clothing,North,1,164.92,0.0,1,122.91
2960,2025-03-30,Grocery,West,5,129.28,0.15,0,94.93
2961,2025-04-06,Electronics,North,2,195.47,0.0,0,92.71
2962,2025-04-14,Electronics,West,2,101.41,0.3,0,57.09
2963,2025-03-24,Home,East,2,20.26,0.05,0,13.55
2964,2025-11-27,Home,East,4,61.65,0.15,0,38.93
2965,2025-08-15,Grocery,South,3,233.78,0.0,1,113.16
2966,2025-08-19,Grocery,East,5,19.64,0.3,0,11.63
2967,2025-11-08,Home,East,3,140.79,0.3,0,100.58
2968,2025-06-11,Clothing,North,2,136.96,0.05,0,82.16
2969,2025-06-02,Grocery,West,3,128.98,0.15,0,97.16
2970,2025-12-16,Home,West,5,179.84,0.0,0,142.94
2971,2025-04-10,Clothing,North,5,24.72,0.3,0,17.23
2972,2025-03-05,Home,North,4,129.22,0.0,0,68.94
2973,2025-05-12,Home,East,2,186.44,0.3,0,88.67
2974,2025-02-21,Grocery,East,3,205.23,0.15,0,118.0
2975,2025-01-19,Grocery,West,2,41.72,0.15,1,21.12
2976,2025-01-12,Grocery,South,2,35.96,0.05,0,23.13
2977,2025-05-03,Grocery,East,1,164.37,0.15,0,95.95
2978,2025-02-06,Clothing,South,4,241.18,0.15,0,157.41
2979,2025-09-18,Electronics,East,2,27.78,0.05,0,17.19
2980,2025-01-10,Grocery,South,1,145.41,0.15,0,107.06
2981,2025-12-03,Grocery,West,4,63.25,0.0,0,52.7
2982,2025-02-24,Electronics,West,2,138.11,0.3,0,85.32
2983,2025-08-24,Grocery,West,3,82.03,0.0,0,43.83
2984,2025-09-04,Grocery,West,5,158.66,0.05,0,85.26
2985,2025-04-04,Grocery,West,5,170.22,0.3,0,140.61
2986,2025-08-15,Clothing,North,1,52.0,0.3,0,30.79
2987,2025-08-24,Electronics,West,3,130.33,0.0,0,92.99
2988,2025-07-04,Electronics,North,1,153.0,0.0,0,107.71
2989,2025-02-08,Grocery,East,4,230.54,0.0,0,187.52
2990,2025-03-25,Grocery,East,2,171.95,0.3,0,107.1
2991,2025-10-29,Grocery,East,1,195.3,0.05,1,150.92
2992,2025-05-02,Electronics,South,3,208.31,0.0,0,149.3
2993,2025-10-28,Clothing,West,5,124.82,0.0,0,72.56
2994,2025-03-16,Clothing,South,1,89.2,0.0,0,41.2
2995,2025-09-09,Clothing,South,3,164.67,0.0,0,134.45
2996,2025-06-23,Electronics,East,5,97.6,0.05,0,61.84
2997,2025-12-23,Grocery,South,5,225.94,0.05,0,133.72
2998,2025-04-24,Clothing,East,4,69.52,0.0,0,39.91
2999,2025-10-25,Grocery,South,1,90.57,0.15,1,58.53
3000,2025-06-16,Home,East,2,95.22,0.3,0,56.9
3001,2025-08-08,Grocery,East,2,187.4,0.05,0,151.15
3002,2025-04-28,Clothing,West,4,57.14,0.15,0,30.64
3003,2025-05-28,Clothing,East,4,119.0,0.0,0,100.02
3004,2025-03-02,Home,South,3,247.67,0.0,0,125.33
3005,2025-12-09,Grocery,North,1,95.18,0.15,0,51.56
3006,2025-10-07,Electronics,East,2,146.25,0.3,0,100.89
3007,2025-02-12,Grocery,West,1,76.11,0.0,0,59.36
3008,2025-04-04,Electronics,North,4,105.97,0.15,0,62.21
3009,2025-07-19,Clothing,East,2,165.44,0.05,0,80.55
3010,2025-07-03,Grocery,South,3,77.64,0.05,0,49.84
3011,2025-08-05,Clothing,South,4,68.49,0.05,0,51.28
3012,2025-04-07,Electronics,East,5,107.48,0.0,1,49.81
3013,2025-08-04,Clothing,South,2,126.75,0.05,0,102.31
3014,2025-07-09,Clothing,East,5,50.39,0.3,0,34.72
3015,2025-10-04,Home,South,1,21.3,0.3,0,11.33
3016,2025-04-30,Home,West,2,208.06,0.05,0,141.79
3017,2025-09-02,Grocery,South,2,143.93,0.05,0,110.33
3018,2025-06-02,Grocery,South,5,207.9,0.15,0,154.42
3019,2025-01-15,Home,South,3,134.52,0.3,0,76.89
3020,2025-12-18,Electronics,South,4,175.07,0.0,0,82.64
3021,2025-01-07,Clothing,North,5,141.02,0.3,0,105.27
3022,2025-10-01,Electronics,North,1,86.18,0.3,1,51.44
3023,2025-01-19,Grocery,South,1,170.09,0.3,0,133.99
3024,2025-11-23,Electronics,South,5,93.82,0.3,1,47.24
3025,2025-06-24,Grocery,South,4,203.45,0.15,0,94.34
3026,2025-09-30,Home,West,2,170.38,0.05,0,87.37
3027,2025-04-24,Electronics,South,4,31.19,0.0,0,21.02
3028,2025-11-01,Home,South,2,55.77,0.3,0,26.28
3029,2025-09-26,Grocery,North,2,219.96,0.0,0,111.82
3030,2025-09-24,Electronics,East,1,28.73,0.05,0,19.38
3031,2025-04-28,Electronics,North,1,38.05,0.15,0,29.12
3032,2025-10-30,Home,North,5,88.53,0.15,0,61.25
3033,2025-02-11,Clothing,South,3,35.19,0.15,0,17.76
3034,2025-10-27,Clothing,East,1,190.12,0.05,0,97.54
3035,2025-03-08,Grocery,North,4,249.74,0.05,0,175.75
3036,2025-08-17,Electronics,South,4,46.75,0.05,0,34.96
3037,2025-06-21,Clothing,East,1,201.73,0.15,0,111.24
3038,2025-08-12,Electronics,East,5,122.0,0.15,0,95.97
3039,2025-09-28,Electronics,West,2,225.44,0.15,0,150.96
3040,2025-06-23,Grocery,North,4,220.99,0.05,0,114.03
3041,2025-08-04,Home,East,3,107.63,0.3,0,57.84
3042,2025-01-09,Grocery,West,4,106.63,0.0,0,49.87
3043,2025-01-31,Grocery,North,1,172.18,0.3,0,86.3
3044,2025-11-20,Grocery,East,2,191.87,0.3,0,137.24
3045,2025-04-09,Electronics,South,1,149.27,0.0,0,82.97
3046,2025-12-29,Clothing,North,3,155.16,0.15,0,114.89
3047,2025-10-12,Electronics,West,2,169.22,0.0,0,128.06
3048,2025-07-03,Home,North,1,242.74,0.0,0,188.52
3049,2025-04-10,Home,East,4,106.31,0.15,0,58.38
3050,2025-01-04,Clothing,South,3,205.78,0.05,0,118.03
3051,2025-08-08,Clothing,North,5,211.8,0.15,0,153.23
3052,2025-03-26,Clothing,East,4,219.13,0.15,0,174.47
3053,2025-03-17,Clothing,North,5,132.17,0.3,0,91.85
3054,2025-04-07,Grocery,North,1,20.67,0.15,0,16.07
3055,2025-12-06,Grocery,West,4,186.76,0.0,1,92.03
3056,2025-08-20,Grocery,West,1,193.63,0.05,0,161.67
3057,2025-08-13,Clothing,East,1,201.48,0.05,0,112.31
3058,2025-01-21,Home,East,1,175.46,0.15,0,131.34
3059,2025-08-01,Grocery,North,4,172.56,0.15,0,118.72
3060,2025-07-30,Grocery,South,1,60.82,0.15,0,45.19
3061,2025-06-06,Home,East,3,32.63,0.0,1,17.9
3062,2025-09-07,Home,West,1,128.7,0.0,0,102.66
3063,2025-02-24,Electronics,East,3,214.69,0.15,0,177.41
3064,2025-06-12,Grocery,East,2,128.35,0.05,0,76.26
3065,2025-06-13,Home,North,4,27.48,0.0,0,23.23
3066,2025-12-26,Grocery,West,2,177.85,0.15,0,111.61
3067,2025-11-27,Electronics,East,4,53.13,0.15,0,28.44
3068,2025-07-02,Electronics,East,3,153.11,0.15,0,126.02
3069,2025-09-25,Clothing,South,5,177.65,0.05,0,90.69
3070,2025-08-14,Electronics,North,5,70.28,0.15,0,40.63
3071,2025-07-18,Clothing,South,2,210.51,0.0,0,153.95
3072,2025-09-19,Electronics,West,3,210.02,0.15,0,175.12
3073,2025-07-16,Home,West,3,234.49,0.0,0,114.98
3074,2025-11-29,Electronics,South,1,50.65,0.0,0,28.82
3075,2025-02-21,Home,South,1,78.19,0.15,0,51.62
3076,2025-02-25,Grocery,South,3,229.29,0.05,0,159.37
3077,2025-05-28,Home,North,2,220.57,0.15,0,161.76
3078,2025-12-20,Home,North,4,176.11,0.15,0,82.0
3079,2025-10-19,Electronics,West,3,66.16,0.05,1,45.22
3080,2025-07-20,Clothing,West,3,222.59,0.05,0,159.03
3081,2025-11-20,Grocery,North,3,133.45,0.05,0,96.06
3082,2025-04-05,Electronics,West,2,231.54,0.0,0,177.35
3083,2025-12-23,Home,East,5,225.7,0.05,1,185.15
3084,2025-09-17,Home,North,3,28.58,0.0,0,22.15
3085,2025-12-03,Electronics,West,4,129.6,0.3,0,93.13
3086,2025-03-23,Home,East,5,124.19,0.05,0,75.35
3087,2025-06-07,Grocery,West,2,103.17,0.15,0,70.87
3088,2025-01-23,Grocery,North,2,82.54,0.15,0,63.47
3089,2025-08-26,Clothing,East,5,174.07,0.3,0,111.88
3090,2025-05-29,Electronics,West,1,198.67,0.05,0,138.17
3091,2025-04-15,Clothing,North,2,196.46,0.05,1,118.7
3092,2025-05-28,Electronics,South,1,207.45,0.05,0,158.37
3093,2025-04-09,Electronics,North,5,101.42,0.0,1,85.92
3094,2025-05-19,Clothing,North,4,166.88,0.15,0,110.02
3095,2025-01-31,Electronics,South,3,104.17,0.15,0,80.61
3096,2025-06-19,Electronics,East,2,169.47,0.15,0,96.65
3097,2025-10-16,Electronics,West,5,109.88,0.0,0,50.64
3098,2025-05-16,Grocery,West,5,206.39,0.3,0,157.29
3099,2025-08-06,Home,West,2,129.82,0.3,1,92.57
3100,2025-03-26,Grocery,North,4,182.44,0.3,0,95.51
3101,2025-09-22,Electronics,East,4,148.39,0.05,0,95.39
3102,2025-04-06,Home,North,2,112.16,0.3,0,50.53
3103,2025-09-06,Home,South,5,105.61,0.15,0,89.49
3104,2025-09-29,Home,South,1,27.27,0.15,0,17.81
3105,2025-05-07,Home,East,4,76.05,0.15,0,64.43
3106,2025-09-01,Clothing,North,1,162.78,0.05,0,118.3
3107,2025-12-08,Home,West,5,197.32,0.0,0,122.74
3108,2025-04-10,Grocery,East,2,249.32,0.3,0,208.14
3109,2025-03-13,Electronics,West,4,186.19,0.3,1,157.25
3110,2025-03-01,Grocery,North,3,28.35,0.15,0,22.46
3111,2025-01-27,Grocery,North,5,46.6,0.3,0,22.33
3112,2025-07-30,Clothing,North,2,17.94,0.0,0,13.51
3113,2025-11-12,Electronics,East,4,168.0,0.0,0,115.54
3114,2025-12-01,Clothing,East,2,154.51,0.0,0,107.59
3115,2025-06-03,Clothing,East,5,70.88,0.3,0,54.97
3116,2025-07-11,Electronics,East,1,16.11,0.05,0,9.26
3117,2025-10-24,Grocery,East,4,48.52,0.15,0,23.98
3118,2025-04-08,Home,East,3,39.79,0.0,0,32.31
3119,2025-10-02,Grocery,North,4,236.01,0.05,0,109.76
3120,2025-08-13,Clothing,North,2,36.38,0.05,0,22.65
3121,2025-12-25,Grocery,East,5,39.77,0.3,1,29.08
3122,2025-08-10,Home,West,4,25.53,0.3,0,14.83
3123,2025-02-04,Grocery,South,5,143.28,0.05,0,94.53
3124,2025-08-20,Home,North,4,213.86,0.15,0,152.72
3125,2025-03-02,Home,West,1,40.27,0.3,1,30.01
3126,2025-03-04,Clothing,South,3,202.73,0.0,0,168.21
3127,2025-10-06,Electronics,North,4,61.7,0.0,0,46.69
3128,2025-04-18,Grocery,North,5,82.2,0.0,0,39.41
3129,2025-07-18,Home,West,1,50.46,0.15,0,34.39
3130,2025-07-26,Grocery,East,4,84.21,0.3,0,62.49
3131,2025-01-07,Clothing,West,3,202.95,0.3,1,114.72
3132,2025-03-01,Clothing,South,2,183.74,0.05,0,139.08
3133,2025-12-10,Grocery,North,1,211.83,0.15,0,176.5
3134,2025-05-29,Grocery,North,2,25.06,0.05,0,11.43
3135,2025-11-24,Home,South,5,190.52,0.3,0,143.05
3136,2025-01-08,Clothing,North,4,93.82,0.05,0,55.05
3137,2025-04-30,Grocery,South,2,31.23,0.15,0,22.46
3138,2025-01-18,Home,South,3,247.44,0.0,0,151.31
3139,2025-05-08,Electronics,East,5,33.01,0.0,0,21.22
3140,2025-12-08,Electronics,West,2,130.0,0.15,0,86.18
3141,2025-09-01,Home,East,3,205.46,0.05,0,137.21
3142,2025-12-21,Grocery,South,3,66.05,0.05,0,31.32
3143,2025-01-29,Home,North,2,141.95,0.15,0,100.48
3144,2025-07-06,Home,North,2,98.61,0.15,0,63.09
3145,2025-09-23,Grocery,East,5,132.09,0.0,0,99.66
3146,2025-09-08,Clothing,North,2,185.99,0.05,0,91.0
3147,2025-03-06,Home,West,2,130.85,0.15,0,98.53
3148,2025-06-14,Home,South,2,155.72,0.0,0,122.5
3149,2025-04-25,Electronics,East,5,71.74,0.05,0,48.6
3150,2025-06-21,Grocery,North,5,78.86,0.3,0,37.02
3151,2025-09-14,Clothing,North,4,97.21,0.0,0,46.36
3152,2025-12-26,Electronics,South,4,102.48,0.0,0,68.23
3153,2025-07-24,Grocery,East,2,231.81,0.3,0,187.43
3154,2025-03-15,Home,South,5,100.79,0.15,0,82.78
3155,2025-09-11,Grocery,West,3,126.34,0.3,0,100.24
3156,2025-06-29,Clothing,North,3,110.52,0.15,0,59.94
3157,2025-07-29,Clothing,West,1,111.81,0.0,0,75.31
3158,2025-03-07,Grocery,South,2,217.86,0.3,0,107.47
3159,2025-04-12,Clothing,East,3,68.77,0.3,0,52.8
3160,2025-12-17,Clothing,North,1,192.01,0.3,0,142.1
3161,2025-11-02,Electronics,East,5,213.53,0.3,0,105.36
3162,2025-03-11,Electronics,East,3,191.96,0.3,0,118.54
3163,2025-08-14,Grocery,West,5,107.68,0.3,0,57.12
3164,2025-10-17,Home,South,3,88.42,0.15,1,50.02
3165,2025-11-03,Electronics,West,3,247.0,0.3,1,139.23
3166,2025-04-03,Clothing,South,4,171.9,0.3,0,126.36
3167,2025-11-24,Grocery,South,3,102.21,0.15,0,86.62
3168,2025-06-30,Grocery,North,5,145.9,0.0,0,108.03
3169,2025-08-29,Electronics,North,3,229.3,0.05,0,193.61
3170,2025-12-01,Home,North,5,65.13,0.05,0,55.32
3171,2025-11-08,Grocery,North,1,135.31,0.15,0,72.3
3172,2025-05-01,Home,West,2,193.26,0.05,0,151.35
3173,2025-12-20,Electronics,South,1,79.78,0.3,0,51.75
3174,2025-07-16,Home,East,3,65.07,0.3,0,33.86
3175,2025-10-11,Clothing,West,1,99.86,0.3,0,65.91
3176,2025-03-24,Electronics,East,4,147.76,0.0,0,110.17
3177,2025-01-21,Home,North,4,71.26,0.05,0,36.29
3178,2025-08-09,Grocery,North,3,150.64,0.05,0,94.2
3179,2025-11-15,Home,East,5,76.06,0.15,0,49.45
3180,2025-06-09,Electronics,West,4,181.01,0.0,0,145.21
3181,2025-11-15,Home,West,3,152.04,0.3,0,90.78
3182,2025-07-15,Grocery,South,5,184.79,0.15,0,121.61
3183,2025-06-27,Home,South,4,118.23,0.0,0,57.97
3184,2025-02-14,Grocery,East,3,174.88,0.0,0,86.38
3185,2025-01-31,Home,West,5,230.48,0.0,0,152.54
3186,2025-08-26,Grocery,East,3,188.98,0.3,0,130.17
3187,2025-02-10,Grocery,West,3,54.88,0.05,0,38.36
3188,2025-05-01,Clothing,North,4,26.52,0.3,0,22.2
3189,2025-02-11,Electronics,East,2,169.92,0.3,0,138.89
3190,2025-05-30,Electronics,West,4,145.94,0.3,0,116.16
3191,2025-10-11,Grocery,East,5,148.7,0.05,0,84.22
3192,2025-04-23,Electronics,North,5,116.7,0.05,0,95.66
3193,2025-01-15,Clothing,West,5,138.19,0.05,0,115.45
3194,2025-09-05,Clothing,East,2,146.01,0.05,0,77.51
3195,2025-01-02,Grocery,South,3,153.79,0.15,0,85.38
3196,2025-12-15,Electronics,West,5,208.81,0.0,0,154.43
3197,2025-06-13,Clothing,South,2,225.38,0.05,0,147.64
3198,2025-09-23,Electronics,West,1,53.18,0.05,0,30.84
3199,2025-01-24,Grocery,South,4,90.48,0.3,0,75.26
3200,2025-10-04,Grocery,West,2,206.29,0.15,1,142.79
3201,2025-09-23,Grocery,East,3,70.0,0.0,0,54.18
3202,2025-07-05,Clothing,South,5,209.7,0.0,0,104.92
3203,2025-07-02,Home,North,2,94.58,0.3,0,72.2
3204,2025-11-20,Clothing,West,3,247.18,0.3,0,131.41
3205,2025-05-04,Clothing,West,3,30.65,0.15,0,16.59
3206,2025-11-07,Grocery,East,5,20.86,0.3,1,16.28
3207,2025-05-07,Clothing,South,1,184.56,0.05,0,106.59
3208,2025-04-29,Grocery,West,3,39.81,0.05,0,24.98
3209,2025-10-24,Clothing,West,3,46.15,0.05,0,22.48
3210,2025-12-25,Electronics,East,1,208.95,0.3,0,121.05
3211,2025-11-22,Clothing,West,4,41.44,0.05,1,27.55
3212,2025-04-21,Home,North,4,212.68,0.15,0,173.84
3213,2025-09-06,Home,South,2,223.61,0.05,0,127.21
3214,2025-07-19,Grocery,East,3,70.56,0.05,0,37.36
3215,2025-01-09,Clothing,East,3,35.43,0.15,0,16.03
3216,2025-07-14,Grocery,West,4,82.4,0.05,0,46.12
3217,2025-10-28,Home,South,5,230.31,0.3,0,139.45
3218,2025-12-04,Home,South,5,98.33,0.0,0,63.49
3219,2025-01-29,Electronics,South,4,76.13,0.15,0,44.18
3220,2025-03-01,Home,South,1,137.53,0.0,0,98.88
3221,2025-03-19,Clothing,East,4,91.86,0.0,0,71.96
3222,2025-10-02,Electronics,North,2,21.61,0.0,0,14.0
3223,2025-09-27,Clothing,South,3,239.26,0.15,0,202.57
3224,2025-06-05,Home,North,4,78.35,0.0,1,56.33
3225,2025-12-24,Home,South,5,29.72,0.3,0,22.17
3226,2025-04-06,Home,North,3,54.49,0.0,0,37.49
3227,2025-08-01,Clothing,East,2,168.1,0.0,0,88.99
3228,2025-09-15,Electronics,East,1,151.9,0.0,0,82.17
3229,2025-04-09,Grocery,West,1,97.19,0.05,0,60.23
3230,2025-01-19,Clothing,West,1,133.04,0.0,0,83.5
3231,2025-08-14,Electronics,North,1,61.38,0.15,0,40.71
3232,2025-08-02,Electronics,South,4,209.89,0.0,0,173.2
3233,2025-12-03,Grocery,West,5,81.21,0.3,0,49.64
3234,2025-03-06,Grocery,West,1,197.84,0.15,0,160.84
3235,2025-03-20,Home,East,1,219.53,0.0,0,107.64
3236,2025-09-12,Grocery,North,3,15.03,0.0,0,8.35
3237,2025-01-29,Clothing,North,4,124.85,0.15,0,65.86
3238,2025-03-26,Clothing,South,1,52.72,0.05,0,44.15
3239,2025-01-04,Home,South,2,54.0,0.05,0,44.53
3240,2025-03-25,Clothing,East,1,244.81,0.3,0,199.91
3241,2025-03-24,Electronics,South,2,113.67,0.3,0,59.39
3242,2025-10-17,Clothing,South,5,177.57,0.05,0,121.7
3243,2025-12-12,Electronics,North,1,240.32,0.15,0,166.14
3244,2025-08-08,Electronics,South,5,82.4,0.15,0,53.5
3245,2025-05-08,Electronics,South,2,15.16,0.0,0,7.42
3246,2025-06-21,Electronics,North,1,218.41,0.15,0,101.94
3247,2025-09-09,Clothing,North,1,63.02,0.05,0,34.07
3248,2025-10-29,Home,West,3,160.2,0.3,0,73.72
3249,2025-06-28,Electronics,South,3,119.59,0.15,0,78.09
3250,2025-01-25,Electronics,West,4,23.54,0.3,0,17.49
3251,2025-12-23,Grocery,North,4,18.37,0.3,0,8.84
3252,2025-07-04,Electronics,South,5,237.56,0.3,0,172.92
3253,2025-08-21,Electronics,South,1,108.6,0.3,0,64.43
3254,2025-02-17,Grocery,South,4,146.94,0.05,0,73.76
3255,2025-01-15,Grocery,East,2,125.35,0.15,0,85.9
3256,2025-07-14,Electronics,West,4,64.66,0.15,0,33.97
3257,2025-03-30,Grocery,North,2,159.67,0.3,0,124.86
3258,2025-02-16,Grocery,South,1,80.96,0.15,0,41.76
3259,2025-08-21,Clothing,East,1,103.04,0.05,0,55.22
3260,2025-11-30,Home,West,4,148.33,0.3,0,99.67
3261,2025-10-01,Home,South,2,132.9,0.05,1,77.6
3262,2025-08-17,Grocery,East,1,234.75,0.3,0,144.58
3263,2025-04-07,Grocery,South,4,152.0,0.15,0,103.39
3264,2025-09-29,Home,South,4,128.44,0.0,0,72.85
3265,2025-10-12,Electronics,North,1,211.3,0.0,0,103.45
3266,2025-07-24,Home,West,1,26.35,0.15,0,22.05
3267,2025-12-01,Grocery,South,4,60.13,0.0,0,30.3
3268,2025-02-15,Clothing,West,3,168.89,0.15,0,122.75
3269,2025-06-11,Home,South,4,245.78,0.0,0,129.15
3270,2025-05-11,Home,East,4,187.99,0.3,0,89.13
3271,2025-08-16,Electronics,North,1,185.82,0.3,0,149.02
3272,2025-03-22,Electronics,South,1,25.82,0.3,0,11.65
3273,2025-01-01,Electronics,West,4,105.18,0.3,0,74.59
3274,2025-05-30,Grocery,North,4,144.55,0.05,0,106.95
3275,2025-04-30,Clothing,East,3,137.71,0.15,0,102.95
3276,2025-05-18,Electronics,South,5,89.47,0.05,0,41.07
3277,2025-06-11,Grocery,North,4,181.86,0.0,0,136.32
3278,2025-03-16,Grocery,East,1,96.5,0.15,0,60.58
3279,2025-06-13,Home,North,5,225.76,0.05,0,102.99
3280,2025-08-25,Clothing,West,4,135.99,0.15,0,67.71
3281,2025-07-16,Home,North,5,33.45,0.05,0,27.29
3282,2025-03-02,Grocery,West,2,97.5,0.0,0,55.82
3283,2025-10-24,Grocery,North,2,160.87,0.3,0,122.88
3284,2025-01-05,Home,East,4,234.14,0.3,0,193.49
3285,2025-05-15,Home,South,5,151.78,0.15,0,84.06
3286,2025-08-26,Electronics,South,5,69.3,0.3,0,52.68
3287,2025-12-27,Grocery,West,3,169.42,0.0,0,84.94
3288,2025-02-09,Clothing,West,1,221.32,0.3,0,173.19
3289,2025-11-28,Electronics,East,5,66.68,0.15,0,55.2
3290,2025-02-05,Clothing,West,1,28.3,0.3,0,21.32
3291,2025-12-11,Clothing,South,4,218.77,0.3,0,154.53
3292,2025-08-06,Home,South,2,173.39,0.05,0,146.03
3293,2025-12-31,Grocery,South,5,64.9,0.15,0,48.46
3294,2025-02-10,Grocery,South,3,221.57,0.0,0,144.32
3295,2025-08-31,Clothing,East,4,95.67,0.05,0,45.51
3296,2025-07-06,Electronics,East,4,139.75,0.15,0,104.45
3297,2025-06-25,Grocery,North,1,118.35,0.3,0,99.4
3298,2025-06-06,Home,North,4,50.42,0.0,0,39.49
3299,2025-07-09,Clothing,South,1,151.67,0.0,0,128.72
3300,2025-06-02,Home,West,3,148.16,0.3,0,90.22
3301,2025-11-07,Clothing,North,5,103.91,0.0,0,59.91
3302,2025-08-20,Grocery,East,1,68.32,0.05,0,45.0
3303,2025-01-30,Electronics,East,2,21.34,0.05,1,13.49
3304,2025-05-31,Clothing,East,3,96.01,0.05,0,55.52
3305,2025-04-05,Clothing,North,1,158.56,0.15,1,94.96
3306,2025-02-25,Grocery,East,2,243.55,0.0,0,156.59
3307,2025-07-17,Clothing,North,2,159.85,0.3,1,80.93
3308,2025-04-29,Clothing,East,4,52.0,0.15,0,37.16
3309,2025-04-03,Clothing,South,1,212.71,0.05,1,135.03
3310,2025-10-17,Home,North,5,27.23,0.15,0,20.58
3311,2025-05-25,Home,West,1,124.31,0.0,0,65.58
3312,2025-07-04,Grocery,East,4,59.09,0.15,0,44.92
3313,2025-01-25,Electronics,South,2,52.13,0.15,0,25.02
3314,2025-05-24,Clothing,West,5,157.72,0.0,0,118.75
3315,2025-01-14,Home,East,2,229.33,0.15,0,123.79
3316,2025-06-11,Electronics,North,4,50.6,0.05,0,42.17
3317,2025-04-04,Electronics,East,2,69.64,0.0,1,54.5
3318,2025-11-10,Clothing,North,1,178.67,0.0,0,139.4
3319,2025-10-23,Clothing,East,4,181.21,0.0,1,88.69
3320,2025-07-30,Grocery,South,3,45.26,0.15,0,32.83
3321,2025-01-04,Grocery,West,5,249.01,0.15,0,166.94
3322,2025-02-19,Home,North,2,32.72,0.3,0,15.19
3323,2025-01-27,Electronics,East,4,92.55,0.0,0,53.16
3324,2025-07-22,Home,North,3,203.57,0.3,0,93.48
3325,2025-01-30,Electronics,South,5,140.21,0.15,0,95.79
3326,2025-09-01,Home,North,3,91.89,0.15,1,49.23
3327,2025-02-07,Electronics,North,1,152.42,0.05,0,72.08
3328,2025-03-29,Electronics,North,5,189.61,0.0,0,124.14
3329,2025-06-19,Home,South,1,58.98,0.0,0,32.16
3330,2025-06-01,Home,South,5,76.63,0.05,0,54.77
3331,2025-03-09,Home,West,2,245.96,0.0,0,160.57
3332,2025-07-21,Home,West,5,57.92,0.05,0,38.85
3333,2025-03-04,Clothing,North,1,47.15,0.0,0,36.89
3334,2025-03-23,Grocery,North,4,234.46,0.15,0,122.31
3335,2025-12-28,Electronics,North,5,18.5,0.05,0,11.41
3336,2025-03-10,Electronics,South,4,142.45,0.05,0,115.23
3337,2025-10-02,Electronics,West,4,220.26,0.3,0,157.12
3338,2025-06-04,Electronics,North,3,127.01,0.0,0,68.88
3339,2025-09-13,Clothing,West,2,122.76,0.3,0,55.83
3340,2025-07-12,Electronics,East,4,199.48,0.3,1,137.59
3341,2025-03-01,Grocery,North,5,80.38,0.15,0,41.52
3342,2025-03-30,Grocery,South,4,215.95,0.0,0,174.75
3343,2025-12-25,Grocery,South,3,73.75,0.0,1,40.63
3344,2025-07-17,Home,North,1,237.08,0.3,0,158.19
3345,2025-08-13,Home,North,4,152.41,0.0,0,127.99
3346,2025-12-30,Clothing,West,3,152.73,0.3,0,108.77
3347,2025-07-08,Clothing,East,4,151.48,0.15,0,108.59
3348,2025-06-13,Home,East,2,157.72,0.0,1,89.83
3349,2025-12-13,Grocery,West,3,202.44,0.0,0,144.59
3350,2025-04-27,Clothing,South,3,117.9,0.3,0,61.09
3351,2025-03-22,Clothing,South,2,107.82,0.05,0,51.15
3352,2025-07-19,Home,East,2,217.01,0.05,0,182.5
3353,2025-08-17,Grocery,South,4,143.12,0.15,0,94.77
3354,2025-07-25,Grocery,North,5,187.41,0.0,0,143.38
3355,2025-01-30,Grocery,East,5,167.1,0.15,0,90.46
3356,2025-08-12,Clothing,North,3,203.69,0.15,0,96.63
3357,2025-03-18,Electronics,South,2,84.76,0.15,0,62.89
3358,2025-07-28,Clothing,West,2,159.45,0.0,0,74.81
3359,2025-07-17,Grocery,North,1,131.16,0.15,0,109.04
3360,2025-12-08,Clothing,West,3,128.04,0.15,1,95.03
3361,2025-05-09,Home,East,1,15.9,0.3,0,10.47
3362,2025-09-10,Grocery,West,2,171.24,0.05,0,140.21
3363,2025-01-05,Clothing,East,3,211.6,0.3,0,118.02
3364,2025-03-03,Home,East,2,25.21,0.05,0,11.88
3365,2025-05-05,Home,East,3,231.67,0.05,0,127.65
3366,2025-09-14,Clothing,West,1,29.19,0.05,0,20.84
3367,2025-05-06,Home,West,1,114.02,0.05,0,63.15
3368,2025-12-21,Grocery,West,4,35.96,0.05,0,26.84
3369,2025-08-31,Electronics,North,3,84.09,0.15,0,44.19
3370,2025-05-22,Grocery,North,1,191.14,0.3,0,116.7
3371,2025-11-26,Electronics,East,1,181.08,0.05,0,95.97
3372,2025-05-21,Grocery,West,2,139.25,0.0,0,67.47
3373,2025-12-04,Clothing,East,3,228.29,0.3,0,190.81
3374,2025-11-11,Electronics,West,1,80.22,0.0,0,49.35
3375,2025-10-23,Grocery,West,4,124.22,0.15,0,76.45
3376,2025-08-24,Electronics,North,5,61.2,0.0,0,34.17
3377,2025-06-19,Home,East,4,119.57,0.3,0,80.34
3378,2025-10-31,Clothing,North,4,147.13,0.15,0,118.27
3379,2025-06-29,Clothing,East,5,223.37,0.05,0,137.37
3380,2025-10-01,Home,West,4,22.9,0.15,0,13.68
3381,2025-09-18,Clothing,South,4,90.27,0.15,0,54.72
3382,2025-09-04,Electronics,South,3,128.81,0.05,0,91.69
3383,2025-09-06,Electronics,South,2,72.23,0.05,0,41.54
3384,2025-12-29,Home,South,5,63.84,0.05,0,37.31
3385,2025-05-23,Electronics,South,2,228.13,0.0,0,139.57
3386,2025-01-07,Clothing,North,4,25.27,0.15,0,17.29
3387,2025-01-05,Home,West,1,49.54,0.15,1,25.79
3388,2025-06-09,Grocery,East,4,236.15,0.0,0,155.12
3389,2025-12-15,Electronics,South,2,242.99,0.05,0,195.93
3390,2025-11-16,Clothing,South,3,28.37,0.05,1,23.35
3391,2025-04-20,Clothing,South,2,95.02,0.3,0,77.82
3392,2025-01-30,Clothing,West,2,236.03,0.15,0,127.04
3393,2025-09-24,Electronics,West,2,83.26,0.05,0,38.45
3394,2025-04-09,Home,West,4,136.45,0.0,0,96.42
3395,2025-04-03,Electronics,East,5,231.06,0.3,0,172.39
3396,2025-10-31,Grocery,East,4,153.58,0.05,0,105.72
3397,2025-07-26,Grocery,East,3,235.71,0.05,0,188.39
3398,2025-02-11,Grocery,West,3,16.73,0.15,1,9.5
3399,2025-05-02,Grocery,East,4,155.65,0.15,0,81.44
3400,2025-08-02,Grocery,South,1,25.23,0.05,0,18.15
3401,2025-03-01,Electronics,North,5,110.97,0.0,0,94.13
3402,2025-09-28,Electronics,West,2,137.46,0.15,0,65.33
3403,2025-09-28,Grocery,West,5,208.04,0.15,0,171.01
3404,2025-10-08,Grocery,West,3,150.81,0.05,0,75.23
3405,2025-11-23,Home,East,5,145.68,0.3,1,74.29
3406,2025-03-17,Electronics,North,3,206.24,0.05,0,123.92
3407,2025-03-10,Clothing,West,2,48.99,0.0,0,23.55
3408,2025-09-14,Electronics,North,1,50.13,0.15,0,42.19
3409,2025-11-25,Clothing,East,3,42.47,0.15,0,19.42
3410,2025-01-28,Electronics,North,3,128.26,0.05,0,63.33
3411,2025-10-08,Grocery,North,3,112.57,0.05,0,78.89
3412,2025-10-02,Home,West,1,136.25,0.15,0,85.25
3413,2025-06-12,Home,West,4,29.28,0.3,0,15.75
3414,2025-03-14,Electronics,North,3,178.02,0.05,0,111.53
3415,2025-03-11,Electronics,North,1,148.09,0.3,0,123.25
3416,2025-06-25,Grocery,West,4,189.9,0.0,0,101.29
3417,2025-01-15,Electronics,East,3,20.97,0.15,1,15.62
3418,2025-09-24,Grocery,South,5,225.77,0.3,0,157.44
3419,2025-02-26,Home,South,4,197.89,0.0,0,101.01
3420,2025-06-14,Grocery,West,4,131.64,0.0,0,94.0
3421,2025-07-03,Electronics,West,2,238.15,0.05,0,139.82
3422,2025-12-25,Electronics,South,3,55.98,0.3,0,29.73
3423,2025-07-02,Grocery,North,5,42.52,0.0,0,26.21
3424,2025-03-25,Home,East,2,76.06,0.05,0,58.33
3425,2025-11-10,Electronics,South,2,177.88,0.3,0,114.67
3426,2025-05-17,Home,South,5,124.85,0.15,0,86.44
3427,2025-12-30,Home,North,4,38.29,0.05,0,25.36
3428,2025-10-20,Grocery,East,4,144.29,0.3,0,122.48
3429,2025-10-21,Clothing,West,4,160.24,0.05,0,107.45
3430,2025-12-15,Grocery,North,1,82.26,0.3,0,52.75
3431,2025-11-14,Grocery,South,2,105.28,0.05,1,56.09
3432,2025-09-23,Home,South,3,181.06,0.0,0,132.48
3433,2025-06-29,Grocery,South,5,131.44,0.05,0,99.95
3434,2025-09-01,Clothing,South,1,43.54,0.0,0,36.85
3435,2025-02-16,Electronics,East,1,31.83,0.3,0,23.06
3436,2025-08-16,Home,West,2,201.57,0.05,0,164.17
3437,2025-09-25,Electronics,West,3,222.58,0.3,0,125.1
3438,2025-02-03,Clothing,West,3,165.52,0.0,0,136.97
3439,2025-06-21,Home,North,2,53.47,0.15,0,26.61
3440,2025-10-09,Electronics,West,3,232.69,0.0,0,169.46
3441,2025-10-05,Home,South,2,24.82,0.15,0,15.71
3442,2025-02-04,Home,East,1,221.6,0.05,0,107.46
3443,2025-08-19,Clothing,East,1,61.19,0.3,1,37.65
3444,2025-01-10,Electronics,North,3,74.9,0.3,0,45.89
3445,2025-02-14,Clothing,North,1,76.93,0.0,0,50.91
3446,2025-05-04,Clothing,South,2,112.93,0.0,0,88.17
3447,2025-11-07,Home,East,4,162.78,0.3,0,84.54
3448,2025-12-15,Home,West,5,240.3,0.3,0,161.95
3449,2025-08-27,Electronics,South,5,141.54,0.3,0,101.09
3450,2025-06-28,Clothing,South,2,205.52,0.3,0,110.89
3451,2025-01-13,Electronics,East,1,101.71,0.15,0,75.67
3452,2025-11-06,Home,West,5,37.7,0.3,0,17.5
3453,2025-01-06,Home,West,2,104.87,0.15,0,50.54
3454,2025-09-12,Home,North,1,136.63,0.15,0,74.29
3455,2025-02-07,Grocery,North,1,29.12,0.0,0,21.41
3456,2025-04-11,Clothing,South,1,26.8,0.15,0,12.18
3457,2025-11-12,Clothing,West,5,47.99,0.05,0,31.97
3458,2025-03-20,Electronics,East,2,57.52,0.05,0,44.38
3459,2025-04-16,Clothing,East,2,81.52,0.15,0,56.91
3460,2025-10-16,Electronics,West,2,205.56,0.3,1,153.21
3461,2025-08-26,Electronics,North,4,49.64,0.05,0,33.12
3462,2025-04-17,Clothing,West,3,214.69,0.0,1,148.76
3463,2025-08-23,Electronics,East,2,30.05,0.3,0,18.06
3464,2025-09-16,Home,South,4,186.65,0.05,0,94.62
3465,2025-07-02,Clothing,West,3,186.48,0.0,0,134.17
3466,2025-07-16,Clothing,North,1,24.96,0.3,0,12.67
3467,2025-09-20,Grocery,West,3,242.72,0.3,0,142.31
3468,2025-02-04,Clothing,North,1,19.36,0.05,0,11.45
3469,2025-04-12,Home,West,4,68.41,0.05,0,44.57
3470,2025-02-07,Grocery,East,5,209.62,0.15,1,164.8
3471,2025-09-14,Electronics,West,1,96.52,0.15,0,80.67
3472,2025-08-28,Electronics,South,1,191.41,0.15,0,154.04
3473,2025-07-18,Electronics,West,1,193.68,0.15,0,89.69
3474,2025-09-17,Electronics,West,4,215.51,0.0,0,163.26
3475,2025-09-29,Electronics,North,1,178.17,0.0,1,143.89
3476,2025-09-16,Grocery,South,4,67.6,0.3,0,31.15
3477,2025-06-25,Grocery,North,4,67.93,0.15,0,55.09
3478,2025-06-17,Electronics,East,5,18.35,0.15,0,13.8
3479,2025-08-26,Clothing,East,3,226.75,0.05,0,106.32
3480,2025-04-19,Electronics,East,4,89.43,0.05,0,47.91
3481,2025-11-30,Clothing,North,5,165.92,0.0,0,93.95
3482,2025-01-03,Grocery,North,4,220.23,0.0,0,153.09
3483,2025-07-07,Grocery,North,3,83.85,0.3,0,61.57
3484,2025-10-26,Electronics,North,1,239.67,0.3,0,140.41
3485,2025-09-04,Home,West,3,119.16,0.3,0,100.51
3486,2025-02-27,Home,East,4,204.54,0.0,0,169.5
3487,2025-06-27,Clothing,West,5,59.07,0.15,0,32.12
3488,2025-05-08,Electronics,East,3,77.35,0.3,0,54.49
3489,2025-05-21,Electronics,North,1,125.52,0.3,0,61.22
3490,2025-12-18,Clothing,South,1,131.49,0.05,0,79.71
3491,2025-06-08,Grocery,East,5,26.99,0.0,0,14.38
3492,2025-03-23,Clothing,South,5,171.94,0.3,0,95.33
3493,2025-11-05,Electronics,North,4,48.3,0.0,1,41.01
3494,2025-07-10,Electronics,South,4,47.65,0.3,0,39.23
3495,2025-08-22,Clothing,North,3,220.13,0.0,0,132.26
3496,2025-08-25,Home,East,3,216.25,0.05,0,107.34
3497,2025-05-16,Home,East,3,131.87,0.15,0,106.87
3498,2025-02-04,Grocery,North,1,246.93,0.15,0,157.18
3499,2025-02-19,Home,West,2,183.76,0.3,0,117.78
3500,2025-08-08,Electronics,East,4,55.64,0.0,1,34.33
3501,2025-12-19,Home,South,5,57.42,0.15,0,35.0
3502,2025-02-19,Clothing,North,1,130.94,0.15,0,105.27
3503,2025-01-19,Electronics,West,2,73.94,0.0,0,44.33
3504,2025-10-17,Grocery,West,1,30.8,0.15,0,24.4
3505,2025-07-06,Grocery,West,2,123.33,0.05,0,67.78
3506,2025-07-17,Electronics,West,4,237.05,0.0,0,175.05
3507,2025-05-08,Electronics,East,2,18.67,0.3,0,15.18
3508,2025-10-09,Clothing,North,3,190.09,0.3,0,104.97
3509,2025-05-10,Grocery,South,2,239.18,0.15,0,154.42
3510,2025-08-10,Electronics,East,2,80.36,0.15,0,43.65
3511,2025-03-05,Home,East,4,227.71,0.3,0,164.47
3512,2025-08-25,Grocery,South,5,232.3,0.15,0,155.89
3513,2025-02-20,Home,South,5,122.22,0.3,0,60.22
3514,2025-03-25,Electronics,North,5,85.1,0.05,1,57.0
3515,2025-02-11,Electronics,East,4,129.04,0.05,0,108.93
3516,2025-08-14,Grocery,West,3,110.19,0.05,0,91.66
3517,2025-11-23,Clothing,West,5,15.83,0.0,0,11.81
3518,2025-08-07,Home,South,5,26.51,0.15,0,20.67
3519,2025-06-01,Home,North,5,102.94,0.15,0,75.8
3520,2025-10-12,Electronics,South,1,133.31,0.0,0,67.27
3521,2025-07-13,Clothing,West,1,195.9,0.05,0,145.51
3522,2025-06-08,Home,West,1,74.29,0.0,0,50.05
3523,2025-07-13,Electronics,East,5,243.07,0.15,0,194.64
3524,2025-12-21,Clothing,West,1,120.23,0.15,0,60.89
3525,2025-11-25,Electronics,East,5,30.94,0.0,0,16.87
3526,2025-10-30,Clothing,East,2,102.38,0.0,0,69.51
3527,2025-12-12,Clothing,North,1,63.32,0.15,0,35.56
3528,2025-07-26,Electronics,West,1,132.49,0.3,0,72.88
3529,2025-05-26,Electronics,East,1,54.64,0.3,0,40.47
3530,2025-11-08,Clothing,West,5,189.68,0.3,0,95.44
3531,2025-02-22,Clothing,West,4,126.73,0.0,0,74.83
3532,2025-03-08,Home,South,3,73.98,0.15,0,52.14
3533,2025-03-23,Clothing,West,2,179.67,0.0,0,103.1
3534,2025-06-07,Electronics,West,3,165.71,0.0,0,131.24
3535,2025-04-14,Grocery,South,1,147.04,0.15,0,98.88
3536,2025-12-11,Home,South,5,185.7,0.3,0,119.32
3537,2025-09-20,Electronics,South,5,131.73,0.3,0,59.8
3538,2025-08-26,Clothing,South,2,123.44,0.3,0,100.8
3539,2025-05-13,Home,North,2,121.9,0.15,0,59.86
3540,2025-06-04,Grocery,East,5,65.5,0.0,0,31.02
3541,2025-12-15,Grocery,East,5,219.29,0.3,0,116.47
3542,2025-07-07,Home,South,1,68.71,0.3,0,32.78
3543,2025-01-21,Home,South,4,176.65,0.05,0,149.8
3544,2025-03-14,Electronics,West,2,228.64,0.15,0,166.63
3545,2025-02-03,Clothing,South,1,176.09,0.3,0,131.21
3546,2025-02-25,Home,South,4,243.28,0.0,0,132.15
3547,2025-11-09,Home,East,5,143.38,0.0,0,113.15
3548,2025-07-09,Grocery,South,5,247.29,0.15,0,203.49
3549,2025-05-03,Home,North,4,36.56,0.3,0,30.89
3550,2025-08-01,Electronics,North,3,233.13,0.0,0,128.21
3551,2025-09-15,Electronics,North,3,119.68,0.3,1,93.83
3552,2025-01-20,Electronics,East,3,94.12,0.15,0,78.79
3553,2025-06-08,Grocery,East,5,101.42,0.05,0,64.63
3554,2025-06-22,Clothing,West,3,61.11,0.05,0,40.32
3555,2025-05-26,Grocery,West,1,19.32,0.05,0,8.87
3556,2025-06-24,Clothing,West,1,148.37,0.3,0,103.73
3557,2025-07-25,Grocery,West,1,249.54,0.0,0,174.9
3558,2025-07-13,Home,West,3,117.67,0.0,0,94.46
3559,2025-02-07,Grocery,West,1,68.0,0.05,0,52.63
3560,2025-10-20,Clothing,East,2,133.59,0.05,0,77.87
3561,2025-10-21,Grocery,South,5,193.59,0.0,0,104.66
3562,2025-12-14,Electronics,South,5,111.75,0.0,0,64.5
3563,2025-01-01,Clothing,North,1,137.5,0.05,0,66.37
3564,2025-01-17,Home,East,5,91.73,0.0,0,67.4
3565,2025-07-28,Grocery,South,1,77.2,0.0,0,50.36
3566,2025-11-22,Electronics,East,3,133.55,0.0,0,95.43
3567,2025-12-16,Electronics,North,1,202.8,0.3,0,168.01
3568,2025-02-25,Home,South,1,92.97,0.3,0,67.11
3569,2025-11-26,Grocery,South,3,238.86,0.05,0,175.61
3570,2025-05-26,Clothing,East,1,188.58,0.3,0,92.91
3571,2025-12-18,Home,North,5,99.3,0.15,0,72.2
3572,2025-11-25,Electronics,East,1,124.86,0.3,1,100.87
3573,2025-05-22,Electronics,South,2,180.35,0.15,0,121.17
3574,2025-04-10,Electronics,South,1,228.7,0.05,0,141.19
3575,2025-03-27,Grocery,West,2,109.97,0.0,0,88.23
3576,2025-04-09,Electronics,West,1,143.92,0.3,0,101.85
3577,2025-02-03,Grocery,North,4,165.64,0.3,0,77.64
3578,2025-10-02,Grocery,West,4,172.56,0.15,0,124.93
3579,2025-01-09,Grocery,South,2,243.97,0.3,0,114.67
3580,2025-08-01,Clothing,South,4,228.78,0.15,0,120.51
3581,2025-06-25,Electronics,South,5,88.54,0.05,0,39.9
3582,2025-06-05,Clothing,East,1,82.75,0.0,0,46.92
3583,2025-10-10,Clothing,North,3,129.9,0.3,0,72.46
3584,2025-02-21,Grocery,North,2,165.62,0.15,0,134.97
3585,2025-05-25,Home,North,5,196.1,0.0,0,89.78
3586,2025-03-08,Electronics,East,4,80.12,0.05,0,66.12
3587,2025-12-24,Electronics,North,5,32.5,0.3,0,22.15
3588,2025-01-22,Grocery,North,1,151.13,0.3,0,76.09
3589,2025-03-28,Clothing,East,5,83.28,0.0,0,49.41
3590,2025-06-06,Home,West,4,83.32,0.3,0,53.24
3591,2025-03-24,Grocery,East,3,45.19,0.15,0,23.58
3592,2025-12-05,Clothing,East,5,207.28,0.15,0,175.17
3593,2025-01-28,Clothing,South,3,82.54,0.15,0,53.2
3594,2025-09-08,Clothing,West,5,65.7,0.15,1,45.04
3595,2025-08-16,Clothing,East,3,165.99,0.3,0,131.19
3596,2025-07-07,Clothing,South,2,162.73,0.0,0,119.24
3597,2025-11-16,Clothing,North,5,106.48,0.15,0,85.0
3598,2025-12-05,Clothing,East,3,48.9,0.3,0,28.22
3599,2025-05-28,Clothing,North,4,242.97,0.0,0,124.68
3600,2025-11-26,Electronics,West,5,216.18,0.05,0,105.12
3601,2025-09-03,Electronics,North,4,28.73,0.3,0,21.98
3602,2025-02-10,Clothing,North,5,79.04,0.3,0,40.57
3603,2025-08-10,Grocery,South,5,84.91,0.0,0,71.03
3604,2025-02-06,Electronics,North,4,217.88,0.3,0,120.24
3605,2025-03-08,Clothing,East,4,50.65,0.15,0,38.21
3606,2025-07-21,Electronics,South,2,140.74,0.15,0,106.17
3607,2025-11-29,Home,West,2,20.92,0.3,0,16.86
3608,2025-02-10,Home,South,1,240.33,0.3,1,162.57
3609,2025-11-24,Grocery,East,3,167.21,0.05,0,84.1
3610,2025-01-18,Grocery,West,1,164.41,0.3,0,98.55
3611,2025-11-27,Clothing,South,3,52.93,0.3,0,23.83
3612,2025-10-06,Clothing,East,5,177.86,0.0,0,106.55
3613,2025-05-02,Electronics,East,3,212.84,0.05,0,107.31
3614,2025-01-07,Home,South,3,184.87,0.3,0,152.2
3615,2025-06-26,Clothing,North,1,200.71,0.05,1,127.84
3616,2025-11-16,Home,North,1,98.42,0.15,0,54.4
3617,2025-11-07,Grocery,West,5,82.24,0.05,0,57.98
3618,2025-10-24,Clothing,West,3,46.1,0.0,1,28.47
3619,2025-08-02,Grocery,West,2,220.96,0.0,0,118.01
3620,2025-03-28,Home,North,4,164.97,0.15,0,92.52
3621,2025-07-10,Clothing,South,3,163.47,0.15,0,74.73
3622,2025-03-31,Clothing,North,4,214.78,0.0,0,173.13
3623,2025-06-06,Grocery,North,1,39.29,0.0,0,27.79
3624,2025-01-17,Clothing,North,1,40.04,0.15,0,25.32
3625,2025-04-19,Grocery,North,3,82.19,0.3,0,47.32
3626,2025-06-24,Electronics,West,2,135.57,0.3,0,79.82
3627,2025-07-04,Clothing,East,4,116.72,0.05,0,63.61
3628,2025-07-24,Grocery,South,2,122.16,0.0,0,102.39
3629,2025-12-28,Clothing,North,5,199.18,0.0,0,111.7
3630,2025-01-29,Grocery,East,4,139.81,0.3,0,99.28
3631,2025-09-01,Grocery,West,5,131.51,0.0,0,95.05
3632,2025-07-07,Electronics,West,2,218.64,0.3,0,133.92
3633,2025-12-16,Clothing,North,5,90.26,0.3,0,75.51
3634,2025-01-31,Home,West,2,103.65,0.05,1,57.56
3635,2025-07-26,Grocery,North,2,206.82,0.15,0,128.79
3636,2025-05-11,Home,North,2,127.38,0.3,0,70.52
3637,2025-07-14,Electronics,East,2,31.86,0.0,0,22.18
3638,2025-09-10,Home,South,4,91.1,0.05,0,49.97
3639,2025-03-27,Electronics,West,2,64.91,0.15,0,30.62
3640,2025-06-13,Grocery,South,4,156.18,0.15,1,88.42
3641,2025-01-08,Clothing,South,4,61.53,0.15,0,49.02
3642,2025-07-06,Grocery,East,4,234.17,0.0,0,160.85
3643,2025-08-09,Home,West,2,199.16,0.15,0,143.21
3644,2025-10-30,Home,South,4,157.58,0.05,0,97.53
3645,2025-08-11,Electronics,South,4,213.2,0.3,0,175.16
3646,2025-03-28,Clothing,South,5,67.01,0.0,0,38.72
3647,2025-12-12,Grocery,South,5,190.15,0.0,0,129.37
3648,2025-07-19,Clothing,East,4,76.42,0.0,0,48.94
3649,2025-02-02,Electronics,East,2,150.43,0.3,0,97.79
3650,2025-10-21,Clothing,East,5,204.72,0.3,0,105.17
3651,2025-04-24,Electronics,East,4,202.56,0.05,0,125.36
3652,2025-02-22,Clothing,East,5,93.23,0.05,0,74.47
3653,2025-10-28,Electronics,West,5,70.98,0.0,0,44.08
3654,2025-12-29,Grocery,North,1,23.87,0.15,0,10.96
3655,2025-06-20,Clothing,North,3,77.83,0.15,0,61.71
3656,2025-06-18,Electronics,West,1,121.89,0.05,0,91.76
3657,2025-10-28,Home,South,4,239.65,0.05,0,155.29
3658,2025-03-21,Grocery,South,4,24.06,0.15,0,16.75
3659,2025-01-01,Electronics,South,1,79.41,0.0,0,62.64
3660,2025-02-07,Grocery,North,4,218.78,0.0,0,125.74
3661,2025-05-04,Clothing,East,4,93.06,0.0,0,51.87
3662,2025-03-23,Electronics,North,4,64.17,0.0,0,54.32
3663,2025-12-02,Grocery,North,2,199.19,0.0,0,92.17
3664,2025-02-12,Clothing,East,2,15.11,0.05,0,9.51
3665,2025-05-12,Clothing,West,2,51.89,0.0,0,28.64
3666,2025-03-24,Electronics,North,3,162.34,0.0,0,131.24
3667,2025-11-10,Electronics,South,2,25.36,0.15,0,11.66
3668,2025-01-22,Home,North,5,16.49,0.3,0,12.78
3669,2025-03-04,Electronics,South,2,76.43,0.05,0,62.93
3670,2025-02-13,Electronics,East,2,96.14,0.15,0,46.53
3671,2025-07-03,Home,South,1,209.57,0.15,0,148.99
3672,2025-11-14,Electronics,North,5,137.94,0.15,0,68.85
3673,2025-02-04,Grocery,East,3,67.43,0.15,0,32.33
3674,2025-03-03,Clothing,South,5,86.95,0.05,0,72.25
3675,2025-07-05,Grocery,North,3,163.9,0.15,0,113.67
3676,2025-01-13,Grocery,West,1,162.95,0.0,0,82.97
3677,2025-03-14,Electronics,East,2,176.79,0.15,0,83.88
3678,2025-02-05,Home,East,3,36.77,0.3,0,23.58
3679,2025-04-15,Home,South,2,106.34,0.0,0,90.01
3680,2025-08-17,Clothing,North,1,143.6,0.15,0,73.25
3681,2025-03-24,Clothing,West,5,98.25,0.05,0,59.63
3682,2025-05-04,Electronics,North,2,100.16,0.05,0,67.03
3683,2025-08-16,Grocery,North,3,22.04,0.0,0,13.44
3684,2025-01-27,Clothing,South,5,125.2,0.15,0,57.86
3685,2025-04-26,Electronics,West,4,123.77,0.3,0,62.13
3686,2025-05-04,Clothing,South,1,93.33,0.15,1,52.38
3687,2025-02-19,Electronics,West,4,181.41,0.15,0,116.92
3688,2025-01-17,Home,South,3,116.42,0.3,0,79.49
3689,2025-09-18,Electronics,South,3,234.92,0.3,0,128.92
3690,2025-12-19,Clothing,West,5,51.75,0.3,0,36.62
3691,2025-08-02,Clothing,West,5,202.41,0.05,0,150.66
3692,2025-12-24,Grocery,East,2,79.67,0.05,0,45.23
3693,2025-12-30,Grocery,East,4,53.79,0.05,0,37.78
3694,2025-07-08,Clothing,West,5,79.7,0.15,0,57.52
3695,2025-12-05,Home,North,1,22.89,0.0,0,19.27
3696,2025-10-30,Clothing,West,5,240.92,0.05,0,155.05
3697,2025-10-28,Clothing,East,3,188.6,0.15,0,87.92
3698,2025-02-16,Electronics,North,2,73.37,0.0,0,40.84
3699,2025-02-20,Home,South,1,192.4,0.15,0,126.57
3700,2025-02-01,Clothing,South,4,83.48,0.3,0,42.17
3701,2025-04-05,Home,North,1,174.58,0.0,0,108.31
3702,2025-10-05,Electronics,West,5,218.81,0.05,0,105.76
3703,2025-10-09,Electronics,North,2,205.59,0.3,1,131.64
3704,2025-09-05,Home,North,5,227.11,0.3,0,172.39
3705,2025-08-28,Grocery,North,2,171.19,0.05,0,141.79
3706,2025-03-23,Grocery,West,4,88.12,0.15,0,70.18
3707,2025-05-16,Electronics,East,5,207.54,0.0,0,139.56
3708,2025-05-30,Grocery,East,5,223.53,0.15,0,100.61
3709,2025-07-29,Electronics,West,1,86.65,0.3,0,61.06
3710,2025-01-05,Home,South,5,176.7,0.05,0,96.41
3711,2025-01-09,Home,North,2,146.91,0.0,0,110.9
3712,2025-03-20,Home,East,5,181.18,0.05,0,124.67
3713,2025-11-11,Clothing,West,4,116.15,0.05,0,97.51
3714,2025-08-26,Grocery,East,1,36.16,0.05,0,16.99
3715,2025-09-24,Clothing,South,3,101.4,0.0,0,65.88
3716,2025-03-07,Clothing,East,1,210.34,0.0,0,178.29
3717,2025-04-21,Clothing,South,3,189.3,0.05,0,118.99
3718,2025-11-12,Electronics,North,3,201.89,0.05,0,154.0
3719,2025-01-07,Home,West,3,18.53,0.0,0,8.39
3720,2025-04-06,Grocery,East,4,229.56,0.05,0,107.59
3721,2025-08-15,Home,East,2,104.14,0.0,0,49.36
3722,2025-11-27,Electronics,West,2,49.26,0.05,0,22.28
3723,2025-07-05,Home,East,2,195.72,0.3,0,94.89
3724,2025-07-07,Electronics,East,1,235.74,0.15,0,193.76
3725,2025-01-21,Grocery,South,5,49.7,0.0,0,24.65
3726,2025-01-11,Grocery,East,2,84.82,0.15,0,51.14
3727,2025-05-25,Grocery,South,4,208.29,0.3,0,123.18
3728,2025-12-24,Grocery,West,5,65.27,0.05,0,55.03
3729,2025-10-19,Grocery,South,4,159.77,0.3,0,81.99
3730,2025-01-24,Home,East,1,185.22,0.0,0,94.81
3731,2025-10-12,Grocery,South,1,59.47,0.0,0,28.55
3732,2025-06-03,Grocery,West,5,44.53,0.3,0,27.25
3733,2025-11-14,Home,West,1,232.22,0.05,0,141.7
3734,2025-07-03,Electronics,East,2,165.09,0.05,0,128.56
3735,2025-01-08,Clothing,North,5,175.54,0.0,0,139.82
3736,2025-07-03,Electronics,East,3,246.34,0.3,0,148.9
3737,2025-08-22,Electronics,East,3,100.64,0.0,0,65.15
3738,2025-01-17,Electronics,North,5,137.55,0.15,0,65.58
3739,2025-02-15,Home,West,3,130.9,0.15,0,101.55
3740,2025-09-01,Electronics,East,5,207.11,0.3,0,165.38
3741,2025-02-27,Home,West,4,80.8,0.0,1,60.25
3742,2025-05-24,Electronics,South,5,110.98,0.15,0,73.86
3743,2025-07-13,Clothing,North,3,90.74,0.15,1,65.76
3744,2025-02-24,Home,North,1,102.27,0.05,0,53.22
3745,2025-06-30,Home,South,1,57.71,0.15,0,36.1
3746,2025-02-12,Home,North,2,205.09,0.0,0,169.51
3747,2025-08-28,Clothing,West,4,73.23,0.0,0,46.1
3748,2025-03-01,Clothing,West,2,80.85,0.3,0,57.96
3749,2025-10-09,Home,South,4,47.94,0.3,0,28.95
3750,2025-12-08,Electronics,North,2,47.21,0.15,0,35.94
3751,2025-10-29,Grocery,East,3,161.66,0.3,0,94.69
3752,2025-04-25,Electronics,South,2,168.08,0.0,0,99.34
3753,2025-11-21,Grocery,East,4,50.98,0.05,0,37.59
3754,2025-04-08,Clothing,West,4,100.4,0.15,0,48.82
3755,2025-12-07,Electronics,East,2,206.61,0.05,1,168.48
3756,2025-05-11,Grocery,West,3,174.14,0.3,0,94.21
3757,2025-07-06,Clothing,East,4,151.87,0.15,0,86.65
3758,2025-04-15,Grocery,East,5,97.9,0.3,0,82.63
3759,2025-12-14,Electronics,North,5,46.95,0.05,0,28.17
3760,2025-03-04,Clothing,East,1,179.15,0.05,0,131.35
3761,2025-02-11,Grocery,North,3,164.38,0.3,0,123.58
3762,2025-07-19,Clothing,East,1,154.77,0.3,0,103.37
3763,2025-01-13,Electronics,North,5,113.55,0.0,0,93.53
3764,2025-07-14,Clothing,South,4,38.89,0.0,0,26.35
3765,2025-08-24,Home,East,3,83.21,0.05,0,68.02
3766,2025-09-20,Clothing,North,4,96.76,0.0,0,53.25
3767,2025-12-18,Electronics,South,5,231.02,0.05,0,113.09
3768,2025-08-04,Home,West,1,137.91,0.05,0,95.68
3769,2025-10-22,Grocery,West,5,15.2,0.05,0,10.78
3770,2025-01-09,Grocery,East,1,106.58,0.3,0,58.82
3771,2025-05-17,Clothing,North,5,127.91,0.15,0,101.44
3772,2025-08-04,Clothing,North,2,163.28,0.0,0,115.73
3773,2025-11-24,Grocery,South,2,157.5,0.05,0,133.27
3774,2025-04-07,Home,North,1,172.88,0.0,0,84.31
3775,2025-07-25,Home,West,3,101.44,0.0,0,86.09
3776,2025-12-23,Electronics,East,1,204.42,0.3,0,170.26
3777,2025-12-13,Home,West,2,16.48,0.0,0,9.94
3778,2025-08-07,Clothing,South,5,247.14,0.3,0,173.65
3779,2025-12-29,Grocery,South,4,244.53,0.3,0,170.1
3780,2025-05-16,Clothing,West,5,154.68,0.15,1,124.75
3781,2025-04-24,Grocery,West,2,249.88,0.05,1,149.76
3782,2025-04-11,Clothing,West,1,183.73,0.3,0,146.37
3783,2025-02-28,Grocery,East,4,211.96,0.15,0,169.59
3784,2025-12-29,Clothing,West,2,142.64,0.05,0,110.99
3785,2025-03-19,Electronics,South,2,33.27,0.15,0,16.54
3786,2025-07-07,Clothing,North,1,244.93,0.0,0,202.76
3787,2025-12-26,Grocery,West,1,131.65,0.3,0,67.23
3788,2025-10-02,Grocery,South,2,157.88,0.0,0,83.65
3789,2025-03-10,Clothing,North,4,164.19,0.05,1,138.03
3790,2025-01-20,Grocery,West,3,232.56,0.05,0,190.65
3791,2025-03-17,Clothing,East,2,212.27,0.15,0,167.37
3792,2025-11-14,Grocery,West,2,96.56,0.15,0,58.62
3793,2025-06-11,Electronics,South,1,131.75,0.05,0,82.69
3794,2025-09-01,Clothing,North,2,156.54,0.0,0,86.71
3795,2025-09-07,Clothing,South,2,97.22,0.3,1,59.12
3796,2025-10-04,Electronics,East,4,243.28,0.3,0,182.69
3797,2025-08-03,Home,West,2,49.28,0.3,0,41.72
3798,2025-02-22,Home,South,1,156.72,0.0,0,128.74
3799,2025-06-25,Home,North,4,195.59,0.15,0,120.08
3800,2025-11-09,Grocery,West,5,223.68,0.15,0,172.66
3801,2025-12-31,Grocery,North,4,96.56,0.15,0,51.75
3802,2025-03-24,Clothing,East,4,63.73,0.0,0,45.24
3803,2025-09-29,Home,West,2,117.11,0.15,0,57.43
3804,2025-01-20,Grocery,North,5,227.07,0.3,0,170.83
3805,2025-07-31,Grocery,South,5,140.24,0.15,0,106.16
3806,2025-05-05,Grocery,North,1,238.77,0.3,0,150.05
3807,2025-06-23,Clothing,North,1,31.8,0.0,0,19.97
3808,2025-05-08,Grocery,East,2,107.24,0.3,0,59.56
3809,2025-03-05,Home,East,5,148.21,0.3,0,90.3
3810,2025-12-23,Electronics,South,1,94.91,0.15,0,76.33
3811,2025-10-01,Electronics,North,5,190.53,0.15,0,133.18
3812,2025-03-20,Home,East,1,32.92,0.3,0,18.37
3813,2025-04-13,Home,South,5,160.84,0.3,0,134.75
3814,2025-11-13,Grocery,North,1,238.44,0.15,0,195.29
3815,2025-07-28,Clothing,West,2,53.16,0.0,0,33.42
3816,2025-08-23,Home,East,1,209.89,0.05,0,167.05
3817,2025-11-12,Grocery,West,1,198.74,0.3,0,98.87
3818,2025-04-02,Grocery,East,3,64.43,0.0,0,49.37
3819,2025-07-23,Grocery,South,1,90.06,0.0,0,69.23
3820,2025-12-18,Electronics,West,1,66.49,0.05,0,39.5
3821,2025-07-11,Home,West,5,52.05,0.3,0,35.39
3822,2025-08-10,Electronics,East,4,127.69,0.0,0,91.52
3823,2025-01-16,Home,South,3,44.48,0.15,0,27.6
3824,2025-09-12,Electronics,South,3,28.39,0.3,0,14.11
3825,2025-05-25,Home,West,1,249.72,0.15,0,135.95
3826,2025-11-30,Grocery,East,2,62.51,0.05,0,28.97
3827,2025-11-29,Clothing,East,1,43.07,0.05,0,28.4
3828,2025-07-09,Clothing,West,2,148.33,0.3,0,101.76
3829,2025-02-17,Electronics,West,1,135.06,0.15,0,85.81
3830,2025-01-22,Home,East,4,220.47,0.0,1,147.65
3831,2025-03-29,Grocery,West,1,73.83,0.05,0,51.25
3832,2025-01-06,Grocery,West,5,136.5,0.05,0,67.29
3833,2025-10-30,Electronics,East,5,56.67,0.15,0,26.39
3834,2025-05-09,Clothing,East,2,43.53,0.3,0,35.49
3835,2025-01-17,Clothing,West,4,62.52,0.15,0,51.67
3836,2025-01-22,Grocery,West,5,124.3,0.05,0,83.36
3837,2025-04-21,Clothing,North,3,179.31,0.15,0,103.79
3838,2025-02-13,Grocery,West,5,221.91,0.0,0,109.86
3839,2025-11-11,Electronics,South,3,129.94,0.3,0,75.0
3840,2025-07-23,Electronics,South,5,65.49,0.0,0,30.39
3841,2025-05-12,Clothing,West,5,219.18,0.3,1,123.19
3842,2025-06-01,Clothing,East,4,84.24,0.05,0,66.95
3843,2025-12-25,Clothing,South,4,170.61,0.15,0,123.53
3844,2025-12-06,Grocery,West,5,76.53,0.05,0,41.81
3845,2025-10-11,Home,East,5,135.23,0.0,0,109.93
3846,2025-02-17,Home,South,2,130.26,0.05,0,65.7
3847,2025-01-10,Grocery,East,2,187.25,0.05,1,117.75
3848,2025-09-21,Clothing,West,5,160.25,0.0,0,116.98
3849,2025-11-07,Home,North,2,172.33,0.3,1,108.72
3850,2025-04-14,Grocery,South,5,66.94,0.15,0,33.91
3851,2025-06-22,Grocery,East,5,240.7,0.3,0,143.83
3852,2025-09-01,Home,West,2,94.43,0.0,0,54.07
3853,2025-07-30,Grocery,East,5,61.88,0.3,0,30.69
3854,2025-03-04,Grocery,South,1,160.11,0.3,0,109.94
3855,2025-05-28,Grocery,West,3,60.64,0.05,0,31.64
3856,2025-07-09,Clothing,North,3,221.95,0.0,0,121.08
3857,2025-08-20,Grocery,West,3,142.6,0.0,0,103.55
3858,2025-05-06,Home,East,3,210.12,0.05,0,149.43
3859,2025-08-17,Clothing,West,1,60.12,0.15,1,42.61
3860,2025-10-19,Clothing,West,2,159.55,0.0,0,120.72
3861,2025-04-02,Electronics,North,3,184.12,0.0,1,115.71
3862,2025-09-12,Home,South,1,24.5,0.05,0,15.89
3863,2025-06-14,Electronics,East,3,239.57,0.15,0,176.0
3864,2025-01-20,Electronics,East,5,206.08,0.3,0,114.6
3865,2025-07-14,Electronics,West,4,19.87,0.15,0,11.87
3866,2025-06-18,Electronics,East,2,38.9,0.3,0,26.75
3867,2025-02-18,Clothing,South,3,39.45,0.3,0,19.74
3868,2025-02-10,Clothing,North,1,216.52,0.05,0,104.47
3869,2025-03-17,Electronics,West,3,115.85,0.0,0,85.76
3870,2025-08-11,Home,South,4,95.0,0.3,1,43.07
3871,2025-07-30,Electronics,North,5,145.3,0.0,0,91.49
3872,2025-10-24,Grocery,West,4,136.91,0.15,0,73.02
3873,2025-09-23,Home,South,5,233.83,0.05,0,182.3
3874,2025-08-13,Home,South,3,232.35,0.15,0,132.1
3875,2025-07-29,Electronics,West,5,79.77,0.3,0,64.76
3876,2025-07-08,Clothing,North,5,30.77,0.3,0,20.71
3877,2025-06-14,Electronics,North,2,43.95,0.05,0,26.97
3878,2025-10-31,Home,East,2,81.47,0.3,0,37.53
3879,2025-02-15,Electronics,North,5,139.55,0.3,0,117.27
3880,2025-01-17,Grocery,South,3,248.32,0.15,0,120.09
3881,2025-06-08,Electronics,South,4,206.84,0.3,0,119.07
3882,2025-08-10,Clothing,South,4,193.45,0.15,0,101.93
3883,2025-01-11,Electronics,South,1,111.1,0.3,0,87.79
3884,2025-04-28,Home,East,5,215.93,0.05,0,143.16
3885,2025-07-15,Grocery,West,3,229.95,0.15,1,187.86
3886,2025-11-28,Electronics,North,2,157.58,0.15,0,132.3
3887,2025-04-05,Electronics,North,2,240.72,0.05,0,121.29
3888,2025-03-10,Electronics,South,4,159.48,0.3,0,102.26
3889,2025-05-12,Clothing,North,5,73.57,0.15,0,46.58
3890,2025-03-19,Clothing,North,2,38.45,0.0,0,28.96
3891,2025-12-18,Electronics,North,3,25.53,0.3,0,16.1
3892,2025-07-26,Clothing,East,4,23.47,0.15,0,14.8
3893,2025-03-11,Grocery,North,2,223.54,0.3,0,175.76
3894,2025-09-09,Electronics,North,4,245.93,0.15,0,111.78
3895,2025-09-18,Home,West,3,221.32,0.0,0,119.22
3896,2025-11-13,Electronics,West,5,25.19,0.3,0,15.41
3897,2025-07-25,Clothing,East,4,101.9,0.05,0,78.95
3898,2025-05-19,Grocery,North,4,18.47,0.0,0,9.23
3899,2025-05-14,Electronics,East,2,168.56,0.3,0,143.04
3900,2025-02-19,Grocery,West,1,46.83,0.05,0,23.64
3901,2025-06-14,Clothing,East,4,81.33,0.05,0,58.35
3902,2025-03-11,Grocery,South,3,85.54,0.0,0,57.62
3903,2025-08-01,Electronics,South,5,88.41,0.15,0,60.66
3904,2025-10-16,Clothing,East,3,160.99,0.3,0,79.69
3905,2025-04-01,Grocery,East,3,104.7,0.0,0,49.4
3906,2025-02-11,Electronics,South,4,136.57,0.0,0,77.52
3907,2025-11-19,Home,East,2,167.6,0.05,0,124.33
3908,2025-09-23,Electronics,North,2,116.7,0.05,0,67.96
3909,2025-03-01,Grocery,West,4,192.86,0.15,0,132.61
3910,2025-02-23,Grocery,North,2,169.35,0.3,1,97.0
3911,2025-07-12,Home,North,5,170.85,0.05,0,144.35
3912,2025-12-16,Home,West,4,179.21,0.0,0,129.05
3913,2025-04-20,Grocery,North,1,70.36,0.0,0,32.64
3914,2025-12-05,Home,North,3,207.39,0.15,0,94.13
3915,2025-01-08,Clothing,West,3,234.08,0.05,0,150.35
3916,2025-06-28,Electronics,West,1,63.94,0.15,0,52.62
3917,2025-12-09,Electronics,North,4,24.94,0.0,0,20.09
3918,2025-03-16,Electronics,West,2,60.87,0.0,0,33.59
3919,2025-06-19,Home,North,1,166.38,0.3,0,107.57
3920,2025-11-27,Electronics,South,5,230.26,0.05,1,145.15
3921,2025-03-31,Home,North,3,108.0,0.3,0,83.92
3922,2025-08-19,Electronics,East,3,203.72,0.3,0,120.91
3923,2025-10-19,Electronics,West,4,188.88,0.15,0,156.54
3924,2025-07-01,Clothing,South,2,44.67,0.15,0,33.1
3925,2025-04-29,Clothing,South,3,52.78,0.15,0,40.7
3926,2025-10-04,Home,East,5,47.27,0.15,0,26.18
3927,2025-12-01,Electronics,East,5,18.48,0.3,0,13.43
3928,2025-12-24,Grocery,East,1,179.71,0.05,0,138.85
3929,2025-12-01,Clothing,South,3,213.2,0.05,0,127.61
3930,2025-07-14,Electronics,South,4,170.21,0.05,0,84.79
3931,2025-04-01,Electronics,South,1,68.22,0.15,0,39.48
3932,2025-01-17,Home,North,4,108.49,0.0,0,75.46
3933,2025-03-20,Electronics,East,5,24.71,0.0,0,20.21
3934,2025-03-27,Home,East,2,58.2,0.0,0,32.2
3935,2025-04-02,Home,East,5,173.03,0.3,0,128.57
3936,2025-04-02,Electronics,North,3,54.46,0.15,1,45.62
3937,2025-06-28,Home,North,5,225.28,0.05,0,170.01
3938,2025-03-17,Grocery,North,3,143.85,0.0,0,81.93
3939,2025-10-11,Clothing,East,2,110.64,0.05,0,84.27
3940,2025-10-30,Electronics,East,2,119.03,0.15,0,97.88
3941,2025-07-28,Grocery,East,4,136.33,0.15,1,85.29
3942,2025-08-08,Grocery,East,4,164.39,0.15,0,103.43
3943,2025-07-20,Grocery,North,1,218.29,0.0,0,140.83
3944,2025-05-31,Grocery,East,3,125.84,0.15,0,68.48
3945,2025-09-16,Clothing,North,1,72.42,0.15,0,48.49
3946,2025-01-07,Clothing,North,2,36.61,0.0,0,19.53
3947,2025-03-04,Home,North,2,29.79,0.3,0,20.65
3948,2025-08-31,Electronics,South,3,19.88,0.05,0,13.32
3949,2025-09-06,Grocery,North,3,81.33,0.3,0,65.25
3950,2025-09-13,Grocery,East,2,116.43,0.3,0,59.33
3951,2025-09-24,Home,South,2,35.07,0.0,0,18.64
3952,2025-10-05,Electronics,East,5,138.67,0.15,0,85.83
3953,2025-05-24,Clothing,North,2,242.1,0.3,0,188.89
3954,2025-07-13,Grocery,South,3,217.15,0.0,0,133.35
3955,2025-04-09,Grocery,South,4,166.39,0.3,0,80.19
3956,2025-09-20,Grocery,West,4,173.4,0.15,0,127.67
3957,2025-02-22,Home,East,4,194.95,0.05,0,110.36
3958,2025-11-13,Clothing,East,1,186.06,0.3,0,96.78
3959,2025-12-30,Electronics,West,2,115.73,0.0,0,94.97
3960,2025-04-28,Clothing,North,1,215.34,0.3,0,149.16
3961,2025-11-09,Grocery,West,5,40.18,0.15,0,29.24
3962,2025-06-10,Electronics,South,5,71.94,0.05,0,36.7
3963,2025-12-03,Electronics,West,2,67.48,0.05,0,36.74
3964,2025-06-23,Grocery,East,2,31.51,0.15,0,16.33
3965,2025-02-16,Grocery,North,3,52.92,0.0,0,34.84
3966,2025-11-01,Grocery,North,1,167.61,0.0,0,132.01
3967,2025-05-11,Clothing,East,4,118.53,0.3,0,72.0
3968,2025-02-18,Home,South,1,244.54,0.05,0,205.43
3969,2025-12-19,Electronics,West,3,76.66,0.3,0,39.03
3970,2025-04-17,Home,West,5,65.0,0.3,0,44.13
3971,2025-09-29,Clothing,South,1,104.38,0.0,0,48.46
3972,2025-10-05,Electronics,West,4,37.64,0.3,0,18.58
3973,2025-02-12,Electronics,North,4,182.2,0.0,0,96.15
3974,2025-07-10,Electronics,East,1,63.26,0.15,0,42.65
3975,2025-03-07,Clothing,North,4,118.49,0.05,0,81.45
3976,2025-02-23,Clothing,North,1,215.93,0.15,0,161.03
3977,2025-10-15,Electronics,East,5,107.83,0.0,0,59.0
3978,2025-10-20,Home,West,4,226.19,0.0,0,134.8
3979,2025-07-07,Electronics,South,3,226.3,0.15,0,116.44
3980,2025-06-05,Electronics,North,4,178.04,0.15,0,145.99
3981,2025-06-11,Electronics,North,4,139.95,0.0,0,113.88
3982,2025-01-11,Clothing,East,5,125.99,0.15,0,84.56
3983,2025-07-09,Grocery,South,1,81.17,0.3,0,44.13
3984,2025-03-10,Clothing,South,5,143.59,0.0,1,121.8
3985,2025-12-03,Clothing,South,4,142.2,0.3,0,114.31
3986,2025-07-25,Home,North,2,102.24,0.15,0,57.09
3987,2025-11-04,Grocery,South,2,49.59,0.3,0,40.15
3988,2025-03-27,Clothing,East,5,16.11,0.3,0,12.18
3989,2025-03-06,Grocery,South,5,39.19,0.3,0,28.13
3990,2025-01-15,Clothing,South,3,78.32,0.05,0,47.03
3991,2025-07-26,Home,East,4,173.02,0.05,0,134.19
3992,2025-01-16,Home,East,2,26.06,0.15,1,14.19
3993,2025-02-09,Electronics,North,3,83.21,0.05,0,56.02
3994,2025-02-06,Grocery,West,3,185.66,0.0,1,139.38
3995,2025-05-17,Electronics,North,1,220.43,0.05,0,148.5
3996,2025-03-04,Clothing,West,3,118.93,0.0,0,84.2
3997,2025-09-04,Home,West,5,21.95,0.15,0,10.25
3998,2025-10-30,Grocery,North,1,217.92,0.3,0,154.24
3999,2025-05-28,Home,South,2,248.48,0.15,0,133.19
4000,2025-10-09,Grocery,East,2,65.59,0.3,0,35.5
4001,2025-07-29,Home,South,1,50.08,0.05,0,40.57
4002,2025-10-27,Grocery,West,5,68.63,0.0,1,35.88
4003,2025-01-23,Grocery,East,4,177.75,0.0,0,100.51
4004,2025-03-06,Grocery,North,4,112.38,0.3,0,90.15
4005,2025-04-30,Home,South,2,203.6,0.3,0,117.86
4006,2025-11-24,Grocery,South,4,206.0,0.15,0,172.21
4007,2025-01-05,Electronics,West,1,153.16,0.0,0,108.21
4008,2025-05-31,Grocery,West,3,29.39,0.0,0,15.29
4009,2025-11-11,Electronics,North,3,182.37,0.3,0,85.09
4010,2025-09-16,Electronics,East,2,179.87,0.05,0,130.73
4011,2025-08-05,Grocery,North,4,140.05,0.0,1,113.89
4012,2025-02-08,Home,East,3,214.5,0.3,0,143.64
4013,2025-10-05,Clothing,West,2,138.74,0.15,0,84.06
4014,2025-05-01,Electronics,West,5,132.83,0.15,0,87.94
4015,2025-11-23,Home,North,3,192.66,0.05,0,159.29
4016,2025-05-26,Home,South,1,21.35,0.0,0,17.39
4017,2025-05-21,Clothing,West,5,245.77,0.05,0,190.33
4018,2025-02-17,Electronics,South,5,173.26,0.3,0,103.77
4019,2025-08-18,Clothing,South,2,111.89,0.3,0,63.31
4020,2025-03-26,Clothing,West,3,80.05,0.3,0,55.87
4021,2025-01-30,Home,North,1,87.97,0.05,0,56.05
4022,2025-04-18,Clothing,North,2,248.43,0.0,0,176.51
4023,2025-09-22,Home,West,4,215.17,0.15,0,116.77
4024,2025-12-12,Electronics,South,5,37.7,0.3,0,31.23
4025,2025-04-06,Home,East,1,24.39,0.05,0,17.83
4026,2025-12-28,Home,South,5,89.73,0.3,0,51.62
4027,2025-01-28,Grocery,South,2,97.41,0.0,0,51.9
4028,2025-10-06,Grocery,West,2,188.83,0.3,0,147.08
4029,2025-12-06,Electronics,South,3,123.55,0.0,0,64.96
4030,2025-11-13,Grocery,East,5,60.53,0.05,0,37.3
4031,2025-08-05,Electronics,North,5,58.92,0.05,0,31.01
4032,2025-11-15,Clothing,East,5,236.96,0.3,0,187.96
4033,2025-07-10,Grocery,East,5,32.99,0.15,0,17.0
4034,2025-10-01,Home,North,2,160.96,0.3,0,110.83
4035,2025-02-05,Home,North,1,60.22,0.05,0,48.22
4036,2025-11-11,Home,North,2,182.32,0.3,0,93.48
4037,2025-02-07,Grocery,West,3,206.97,0.15,0,106.64
4038,2025-11-03,Home,South,2,210.25,0.15,0,155.27
4039,2025-02-06,Clothing,South,4,28.9,0.05,0,22.03
4040,2025-07-20,Grocery,East,5,160.11,0.05,0,77.94
4041,2025-09-19,Home,North,5,237.53,0.05,0,178.15
4042,2025-07-19,Electronics,West,1,51.22,0.05,0,42.82
4043,2025-11-10,Electronics,East,2,241.01,0.15,0,149.64
4044,2025-04-24,Electronics,South,4,98.39,0.3,0,50.28
4045,2025-06-19,Clothing,West,3,75.12,0.0,0,51.62
4046,2025-09-04,Home,West,1,227.33,0.3,0,179.67
4047,2025-02-26,Clothing,East,3,62.32,0.05,0,32.74
4048,2025-11-04,Electronics,East,4,128.75,0.05,0,105.22
4049,2025-05-15,Clothing,East,2,29.41,0.15,0,17.51
4050,2025-03-25,Home,South,5,199.0,0.3,1,150.21
4051,2025-02-15,Electronics,South,5,177.62,0.3,0,118.39
4052,2025-03-20,Grocery,West,3,31.69,0.0,0,23.1
4053,2025-07-23,Grocery,South,2,69.76,0.05,0,35.18
4054,2025-07-15,Home,South,1,224.45,0.3,0,162.1
4055,2025-11-29,Grocery,South,2,33.06,0.15,0,20.89
4056,2025-05-05,Clothing,West,2,90.26,0.0,0,69.78
4057,2025-10-08,Clothing,North,5,46.38,0.3,0,22.2
4058,2025-11-12,Home,North,3,123.15,0.15,0,67.62
4059,2025-06-03,Home,East,3,200.57,0.3,0,158.35
4060,2025-10-31,Clothing,East,1,17.45,0.15,0,14.1
4061,2025-07-18,Home,East,4,94.82,0.0,0,62.47
4062,2025-11-19,Home,South,2,34.98,0.0,0,28.25
4063,2025-06-23,Grocery,North,4,115.11,0.3,0,87.76
4064,2025-09-09,Electronics,South,4,19.46,0.0,0,11.64
4065,2025-08-11,Electronics,North,4,173.37,0.05,1,118.15
4066,2025-11-16,Home,West,2,182.62,0.3,0,104.11
4067,2025-03-29,Grocery,West,2,241.07,0.15,0,132.87
4068,2025-08-26,Electronics,South,1,116.32,0.15,1,58.88
4069,2025-06-25,Electronics,South,2,221.88,0.3,0,187.57
4070,2025-06-08,Grocery,East,2,77.6,0.15,0,44.15
4071,2025-12-05,Grocery,East,1,55.26,0.3,0,30.63
4072,2025-08-11,Home,West,1,136.57,0.15,0,83.55
4073,2025-07-26,Home,East,5,209.16,0.0,1,126.34
4074,2025-01-08,Grocery,West,4,42.78,0.15,1,21.99
4075,2025-04-17,Clothing,North,1,169.79,0.0,0,92.52
4076,2025-04-26,Grocery,West,1,203.31,0.15,0,95.63
4077,2025-09-13,Clothing,North,3,129.68,0.15,0,101.0
4078,2025-03-30,Clothing,North,2,22.6,0.0,1,15.85
4079,2025-01-29,Electronics,North,3,161.61,0.3,0,93.54
4080,2025-10-29,Clothing,North,2,145.89,0.0,0,116.34
4081,2025-09-26,Home,West,2,58.1,0.15,0,35.3
4082,2025-03-06,Home,East,3,196.12,0.0,0,109.73
4083,2025-06-22,Electronics,East,5,230.52,0.0,0,122.72
4084,2025-09-22,Clothing,South,2,234.87,0.0,0,145.36
4085,2025-05-09,Home,North,5,242.13,0.15,0,169.4
4086,2025-07-27,Electronics,West,4,61.32,0.15,0,51.0
4087,2025-12-07,Electronics,South,5,197.81,0.0,0,156.73
4088,2025-09-12,Clothing,South,5,175.67,0.15,1,97.84
4089,2025-01-02,Electronics,East,3,185.46,0.05,0,128.0
4090,2025-12-12,Grocery,West,4,220.76,0.15,0,157.56
4091,2025-12-29,Home,South,2,224.84,0.0,0,168.83
4092,2025-04-05,Home,East,1,78.95,0.0,0,62.68
4093,2025-12-26,Electronics,North,1,122.65,0.3,1,98.41
4094,2025-07-11,Electronics,West,1,153.66,0.0,1,124.4
4095,2025-10-17,Home,North,3,143.95,0.05,0,91.43
4096,2025-06-21,Clothing,West,1,112.26,0.15,0,76.05
4097,2025-07-19,Electronics,West,3,145.05,0.05,0,85.75
4098,2025-07-11,Clothing,East,5,192.33,0.3,0,97.54
4099,2025-01-17,Electronics,North,4,228.07,0.0,0,171.69
4100,2025-11-17,Home,East,2,35.96,0.3,1,20.79
4101,2025-05-18,Home,North,3,156.67,0.05,0,72.44
4102,2025-10-19,Clothing,East,5,82.23,0.05,0,45.61
4103,2025-10-25,Clothing,East,4,64.35,0.15,0,31.1
4104,2025-05-17,Grocery,South,4,64.58,0.15,0,50.93
4105,2025-08-23,Clothing,West,1,59.81,0.3,0,39.03
4106,2025-06-27,Grocery,North,4,206.57,0.0,0,101.58
4107,2025-07-18,Clothing,West,1,246.58,0.05,0,170.85
4108,2025-09-06,Clothing,East,2,196.47,0.0,0,96.52
4109,2025-07-19,Clothing,South,2,204.41,0.0,0,124.2
4110,2025-08-01,Grocery,North,5,53.64,0.0,0,25.64
4111,2025-01-28,Electronics,North,5,17.97,0.15,0,9.02
4112,2025-05-23,Clothing,West,1,222.88,0.3,1,110.87
4113,2025-05-04,Clothing,East,1,216.74,0.05,0,119.85
4114,2025-10-09,Home,West,4,36.23,0.05,0,19.99
4115,2025-12-24,Clothing,North,3,142.5,0.15,0,74.38
4116,2025-03-24,Home,East,5,199.38,0.05,0,133.1
4117,2025-04-14,Electronics,East,4,192.48,0.0,0,97.77
4118,2025-08-08,Clothing,North,2,84.18,0.05,0,44.47
4119,2025-03-29,Grocery,North,2,242.92,0.05,0,203.16
4120,2025-04-22,Home,West,5,199.9,0.15,1,116.19
4121,2025-12-16,Electronics,West,1,99.67,0.0,0,51.39
4122,2025-10-26,Grocery,East,3,183.1,0.05,0,122.96
4123,2025-06-01,Clothing,East,5,44.09,0.0,0,22.91
4124,2025-06-12,Clothing,North,2,238.01,0.3,0,201.74
4125,2025-09-21,Clothing,South,5,27.5,0.05,0,22.15
4126,2025-06-20,Clothing,South,4,108.0,0.0,0,61.13
4127,2025-04-04,Clothing,East,5,173.77,0.0,0,97.46
4128,2025-06-24,Home,North,5,133.06,0.0,0,107.96
4129,2025-12-17,Electronics,East,4,214.02,0.0,0,153.67
4130,2025-12-08,Home,South,3,49.17,0.3,0,23.94
4131,2025-03-12,Electronics,South,5,71.14,0.3,0,59.11
4132,2025-12-10,Grocery,North,5,211.89,0.05,0,148.48
4133,2025-08-12,Clothing,South,2,108.14,0.05,0,82.26
4134,2025-04-21,Home,West,1,52.18,0.0,0,34.38
4135,2025-10-03,Electronics,East,3,75.91,0.3,0,60.34
4136,2025-04-03,Clothing,North,1,198.61,0.05,0,109.12
4137,2025-10-03,Grocery,West,4,122.65,0.15,0,87.79
4138,2025-01-27,Electronics,East,5,54.54,0.05,0,41.54
4139,2025-12-10,Home,South,1,88.38,0.3,0,62.53
4140,2025-05-11,Electronics,North,1,153.82,0.3,0,103.79
4141,2025-08-28,Grocery,North,1,164.47,0.0,0,89.56
4142,2025-05-16,Electronics,West,5,66.31,0.0,0,40.84
4143,2025-08-29,Clothing,North,1,189.84,0.15,0,127.26
4144,2025-01-15,Clothing,North,4,71.26,0.05,0,57.86
4145,2025-03-08,Clothing,West,3,63.26,0.05,0,35.07
4146,2025-03-22,Clothing,South,3,35.23,0.15,0,24.72
4147,2025-02-24,Clothing,North,1,57.63,0.0,0,47.03
4148,2025-12-07,Home,East,3,121.56,0.05,0,90.71
4149,2025-11-02,Home,East,5,142.68,0.05,0,86.55
4150,2025-09-17,Home,North,1,145.71,0.3,0,66.65
4151,2025-12-14,Grocery,East,4,218.8,0.05,0,155.72
4152,2025-08-29,Grocery,South,1,45.87,0.0,0,27.57
4153,2025-04-06,Home,South,4,90.14,0.0,0,42.45
4154,2025-06-03,Grocery,South,2,105.32,0.0,0,53.03
4155,2025-11-29,Grocery,West,3,79.96,0.15,0,62.07
4156,2025-03-11,Clothing,North,2,91.34,0.05,0,64.07
4157,2025-03-22,Electronics,West,2,157.65,0.3,0,129.35
4158,2025-08-03,Home,East,1,44.18,0.05,0,31.86
4159,2025-09-04,Home,North,3,239.16,0.15,0,130.56
4160,2025-03-30,Grocery,East,5,196.52,0.15,0,131.26
4161,2025-12-06,Clothing,West,5,111.15,0.3,0,77.75
4162,2025-12-11,Electronics,South,3,151.52,0.3,0,78.08
4163,2025-08-02,Electronics,West,1,85.77,0.3,0,65.58
4164,2025-01-25,Electronics,North,5,191.06,0.0,0,96.55
4165,2025-04-20,Electronics,North,1,30.48,0.0,0,24.39
4166,2025-09-16,Grocery,East,4,237.56,0.15,0,188.06
4167,2025-11-26,Home,South,1,228.49,0.05,0,105.63
4168,2025-08-26,Electronics,South,1,75.49,0.3,0,44.18
4169,2025-04-13,Electronics,North,5,21.66,0.0,0,15.14
4170,2025-03-07,Electronics,North,3,91.63,0.3,1,43.01
4171,2025-07-14,Clothing,North,4,235.38,0.05,0,151.97
4172,2025-06-23,Electronics,North,4,170.61,0.3,0,124.07
4173,2025-01-17,Clothing,South,2,47.46,0.15,0,32.22
4174,2025-11-29,Electronics,East,4,127.6,0.05,0,74.92
4175,2025-08-26,Grocery,South,1,106.7,0.0,0,86.09
4176,2025-04-22,Grocery,East,1,20.14,0.0,0,11.08
4177,2025-08-08,Electronics,West,3,103.19,0.05,0,56.73
4178,2025-03-18,Home,East,4,116.71,0.15,0,87.66
4179,2025-05-16,Clothing,South,5,109.05,0.15,1,53.64
4180,2025-01-20,Electronics,East,5,203.18,0.3,0,138.84
4181,2025-07-27,Grocery,North,1,143.39,0.05,0,114.55
4182,2025-08-01,Clothing,West,3,131.37,0.05,0,63.17
4183,2025-04-28,Clothing,South,2,64.45,0.15,0,29.19
4184,2025-10-31,Home,West,5,231.17,0.15,0,194.97
4185,2025-07-16,Grocery,West,4,91.44,0.15,0,74.31
4186,2025-11-14,Electronics,West,3,225.24,0.0,0,188.34
4187,2025-05-03,Grocery,West,1,113.1,0.3,0,65.08
4188,2025-06-24,Clothing,East,5,144.64,0.0,0,100.31
4189,2025-02-24,Clothing,East,5,72.42,0.3,0,44.18
4190,2025-07-20,Grocery,East,4,17.43,0.0,0,12.45
4191,2025-07-29,Grocery,East,5,57.19,0.05,0,33.1
4192,2025-08-07,Electronics,West,5,215.17,0.0,0,158.6
4193,2025-02-15,Home,North,5,235.05,0.15,0,161.07
4194,2025-02-10,Home,East,1,51.54,0.0,0,29.13
4195,2025-08-29,Clothing,East,1,216.45,0.3,0,104.59
4196,2025-05-21,Clothing,West,1,155.68,0.3,0,102.51
4197,2025-02-23,Clothing,West,5,162.02,0.15,0,110.53
4198,2025-08-30,Home,West,3,64.14,0.05,0,32.36
4199,2025-09-11,Home,North,1,224.08,0.3,0,167.67
4200,2025-05-23,Clothing,West,3,23.35,0.0,1,19.5
4201,2025-04-05,Clothing,East,2,146.34,0.15,0,117.0
4202,2025-09-19,Clothing,West,4,90.88,0.0,0,63.74
4203,2025-08-04,Home,South,2,51.99,0.15,0,37.95
4204,2025-05-12,Electronics,North,1,159.41,0.15,0,125.73
4205,2025-06-03,Clothing,West,4,207.1,0.15,0,160.4
4206,2025-03-25,Grocery,East,5,195.49,0.05,0,144.77
4207,2025-08-01,Clothing,East,4,84.91,0.15,0,58.94
4208,2025-12-16,Grocery,East,5,62.38,0.15,0,39.99
4209,2025-05-16,Clothing,West,1,86.46,0.15,0,39.26
4210,2025-05-21,Electronics,East,5,156.19,0.0,0,126.47
4211,2025-10-15,Electronics,West,1,162.14,0.0,0,91.24
4212,2025-11-29,Home,South,4,59.81,0.05,0,30.07
4213,2025-07-20,Home,East,3,170.64,0.15,0,117.25
4214,2025-09-18,Home,West,2,18.7,0.0,0,12.1
4215,2025-10-08,Electronics,East,5,198.44,0.0,0,123.85
4216,2025-02-28,Clothing,West,2,244.67,0.3,0,120.35
4217,2025-09-30,Grocery,East,5,235.9,0.3,0,174.24
4218,2025-09-07,Clothing,West,4,38.35,0.0,1,29.42
4219,2025-11-03,Home,North,2,51.43,0.0,0,39.48
4220,2025-10-28,Clothing,East,1,128.36,0.0,0,82.01
4221,2025-02-15,Home,West,2,117.64,0.3,0,87.66
4222,2025-01-11,Grocery,West,4,215.12,0.3,0,128.02
4223,2025-11-23,Home,North,4,148.22,0.0,0,125.71
4224,2025-03-20,Clothing,West,1,52.71,0.05,0,41.58
4225,2025-03-03,Home,South,2,69.05,0.3,1,32.96
4226,2025-10-28,Electronics,North,2,87.22,0.3,0,61.56
4227,2025-11-03,Clothing,North,2,182.82,0.3,0,140.07
4228,2025-10-23,Home,North,3,74.95,0.05,0,38.0
4229,2025-07-26,Home,North,2,102.37,0.3,0,82.94
4230,2025-09-21,Clothing,South,2,196.63,0.0,0,101.04
4231,2025-12-11,Clothing,East,1,193.7,0.15,0,158.77
4232,2025-06-20,Clothing,East,4,90.12,0.0,0,49.85
4233,2025-11-23,Clothing,South,3,192.16,0.0,0,123.11
4234,2025-02-07,Clothing,West,5,210.52,0.0,0,119.24
4235,2025-09-11,Home,South,4,230.86,0.15,0,192.25
4236,2025-12-31,Electronics,South,5,222.94,0.0,0,160.67
4237,2025-03-03,Home,West,5,56.85,0.3,0,33.19
4238,2025-08-17,Home,South,4,181.52,0.3,0,142.3
4239,2025-08-11,Clothing,East,1,80.28,0.05,0,61.1
4240,2025-01-11,Home,West,1,19.74,0.3,1,9.0
4241,2025-11-06,Home,East,2,129.07,0.05,0,59.66
4242,2025-09-16,Clothing,West,1,35.24,0.05,0,28.26
4243,2025-12-14,Grocery,North,4,240.88,0.3,0,169.49
4244,2025-10-27,Clothing,West,5,182.39,0.15,0,110.12
4245,2025-04-03,Home,West,5,194.18,0.3,0,100.46
4246,2025-03-06,Clothing,West,4,107.03,0.3,0,59.96
4247,2025-06-14,Home,East,5,98.16,0.15,1,60.75
4248,2025-01-31,Electronics,South,1,50.66,0.0,0,23.44
4249,2025-04-26,Home,West,4,154.08,0.0,0,74.7
4250,2025-08-27,Electronics,West,2,161.37,0.15,0,97.58
4251,2025-07-13,Home,East,4,50.34,0.15,0,37.35
4252,2025-09-24,Electronics,West,1,76.02,0.15,1,43.3
4253,2025-02-19,Clothing,South,2,27.66,0.15,0,12.85
4254,2025-06-23,Electronics,West,4,121.45,0.05,0,80.49
4255,2025-02-25,Grocery,West,5,132.89,0.0,0,101.48
4256,2025-11-09,Electronics,North,3,170.94,0.15,0,137.78
4257,2025-10-04,Clothing,West,3,94.33,0.05,0,45.94
4258,2025-09-28,Grocery,North,4,75.1,0.0,0,34.41
4259,2025-12-24,Electronics,South,2,25.33,0.05,0,14.58
4260,2025-01-16,Home,East,4,62.65,0.3,0,31.32
4261,2025-06-20,Grocery,North,3,92.32,0.0,0,68.58
4262,2025-08-31,Home,East,1,158.18,0.3,0,71.47
4263,2025-02-03,Clothing,West,2,166.64,0.15,0,127.4
4264,2025-02-10,Clothing,North,1,179.17,0.15,0,151.5
4265,2025-06-26,Electronics,East,1,235.73,0.3,0,189.06
4266,2025-08-31,Clothing,East,1,55.58,0.15,0,43.54
4267,2025-10-14,Electronics,East,2,111.06,0.15,0,89.89
4268,2025-05-29,Clothing,East,3,204.34,0.05,1,163.7
4269,2025-10-13,Clothing,South,3,50.65,0.3,1,31.29
4270,2025-05-15,Home,West,4,214.61,0.15,0,139.65
4271,2025-12-02,Electronics,North,4,125.98,0.0,0,86.94
4272,2025-12-14,Home,South,4,71.33,0.0,0,48.02
4273,2025-10-09,Home,East,5,67.86,0.0,0,34.56
4274,2025-10-07,Home,North,5,195.24,0.0,0,156.69
4275,2025-09-19,Grocery,West,5,202.28,0.05,0,145.77
4276,2025-02-10,Grocery,West,5,168.82,0.05,0,117.87
4277,2025-03-01,Electronics,South,1,86.46,0.0,0,70.13
4278,2025-04-26,Home,North,2,193.25,0.15,0,91.07
4279,2025-07-19,Grocery,East,2,35.12,0.3,0,25.41
4280,2025-04-24,Clothing,West,5,177.14,0.15,0,126.59
4281,2025-09-30,Clothing,South,2,115.45,0.0,0,83.58
4282,2025-01-08,Home,East,2,34.74,0.05,0,16.94
4283,2025-10-22,Clothing,West,1,90.65,0.0,0,53.8
4284,2025-05-02,Electronics,South,1,221.45,0.0,0,117.14
4285,2025-08-07,Electronics,West,4,243.98,0.15,0,141.2
4286,2025-12-11,Electronics,East,4,169.0,0.05,0,119.31
4287,2025-12-30,Grocery,West,5,43.56,0.3,0,29.45
4288,2025-07-04,Electronics,East,4,75.83,0.05,0,59.99
4289,2025-12-28,Clothing,North,2,184.96,0.3,0,90.15
4290,2025-11-19,Grocery,East,5,120.74,0.0,0,58.49
4291,2025-07-27,Clothing,North,3,143.24,0.15,0,107.7
4292,2025-03-20,Clothing,West,1,231.97,0.0,0,177.06
4293,2025-11-10,Electronics,East,2,133.79,0.05,0,90.21
4294,2025-11-26,Grocery,North,5,161.23,0.0,0,113.73
4295,2025-01-09,Electronics,West,1,228.6,0.0,0,149.14
4296,2025-10-23,Grocery,East,2,59.65,0.0,0,32.11
4297,2025-04-23,Electronics,West,3,64.75,0.0,0,45.77
4298,2025-10-27,Clothing,South,1,42.67,0.15,0,23.78
4299,2025-09-12,Grocery,North,2,46.41,0.05,0,35.88
4300,2025-07-16,Grocery,South,3,28.1,0.15,0,23.13
4301,2025-04-11,Home,South,4,140.23,0.15,0,77.05
4302,2025-06-04,Clothing,East,3,160.12,0.15,0,92.8
4303,2025-05-09,Electronics,South,1,217.81,0.3,0,156.55
4304,2025-08-26,Home,East,4,208.0,0.3,0,136.24
4305,2025-08-16,Clothing,North,1,89.38,0.3,0,73.16
4306,2025-05-30,Grocery,North,3,230.98,0.05,0,151.11
4307,2025-09-10,Home,South,3,42.53,0.3,0,25.39
4308,2025-11-25,Home,South,3,115.41,0.0,0,96.4
4309,2025-02-04,Home,South,4,237.88,0.0,1,110.06
4310,2025-05-10,Electronics,West,2,18.53,0.0,0,11.84
4311,2025-09-13,Home,South,2,119.14,0.0,0,67.14
4312,2025-04-04,Home,East,1,52.5,0.05,0,31.04
4313,2025-08-12,Electronics,East,1,153.35,0.3,0,107.52
4314,2025-07-19,Home,South,3,213.05,0.3,0,119.79
4315,2025-02-12,Electronics,West,3,19.36,0.15,1,9.85
4316,2025-10-08,Clothing,East,4,102.82,0.0,0,73.14
4317,2025-07-11,Grocery,West,3,24.4,0.3,0,17.67
4318,2025-12-25,Home,North,5,143.83,0.0,0,104.78
4319,2025-09-26,Home,North,4,245.16,0.05,0,135.18
4320,2025-08-27,Clothing,North,3,60.59,0.0,0,49.74
4321,2025-08-24,Home,North,1,124.61,0.3,0,73.51
4322,2025-01-31,Electronics,North,5,143.82,0.05,0,94.21
4323,2025-08-27,Grocery,West,1,140.58,0.0,0,116.67
4324,2025-06-04,Grocery,West,4,43.73,0.05,0,21.67
4325,2025-06-02,Clothing,South,2,44.43,0.15,0,29.35
4326,2025-05-04,Clothing,North,5,147.21,0.3,0,84.8
4327,2025-03-24,Grocery,East,4,55.96,0.0,0,29.38
4328,2025-06-10,Clothing,West,3,40.48,0.05,0,30.89
4329,2025-05-10,Electronics,West,1,91.04,0.05,0,66.82
4330,2025-01-08,Electronics,North,3,233.36,0.0,0,178.69
4331,2025-11-22,Electronics,South,4,90.32,0.3,0,59.78
4332,2025-05-03,Home,North,3,126.6,0.15,0,82.65
4333,2025-05-03,Grocery,North,3,229.22,0.0,0,165.46
4334,2025-02-09,Electronics,West,3,196.92,0.15,0,129.78
4335,2025-05-02,Clothing,West,3,241.14,0.15,0,126.01
4336,2025-01-30,Electronics,South,1,123.95,0.3,1,82.94
4337,2025-03-10,Grocery,West,4,177.55,0.15,0,102.01
4338,2025-06-04,Grocery,North,3,180.84,0.3,0,140.16
4339,2025-11-16,Electronics,East,4,100.72,0.15,0,65.36
4340,2025-12-15,Home,East,3,177.91,0.15,0,149.06
4341,2025-11-02,Grocery,East,5,72.69,0.05,0,42.27
4342,2025-07-13,Clothing,West,2,78.28,0.15,0,38.52
4343,2025-07-15,Electronics,East,4,208.93,0.3,0,99.05
4344,2025-04-28,Grocery,South,2,74.26,0.05,0,40.67
4345,2025-12-17,Home,South,5,241.83,0.15,0,109.67
4346,2025-02-04,Clothing,West,4,133.2,0.05,1,77.64
4347,2025-10-25,Electronics,North,5,181.5,0.0,0,121.25
4348,2025-12-30,Electronics,North,1,123.57,0.05,1,93.77
4349,2025-04-17,Clothing,East,2,61.98,0.0,1,49.27
4350,2025-02-18,Clothing,North,4,202.34,0.0,0,138.43
4351,2025-06-17,Electronics,North,5,64.2,0.05,0,42.04
4352,2025-12-02,Clothing,East,5,223.49,0.3,0,116.86
4353,2025-11-18,Home,North,1,140.15,0.05,0,111.14
4354,2025-12-28,Electronics,South,4,102.76,0.3,0,72.95
4355,2025-09-30,Home,South,2,60.75,0.0,0,30.26
4356,2025-07-24,Clothing,East,5,186.24,0.05,0,117.37
4357,2025-06-11,Home,East,1,15.5,0.15,0,8.84
4358,2025-06-08,Grocery,North,5,35.75,0.0,0,17.36
4359,2025-06-04,Clothing,West,1,190.21,0.3,1,136.89
4360,2025-05-30,Electronics,East,4,231.89,0.15,0,135.47
4361,2025-12-03,Clothing,North,2,188.24,0.15,0,102.94
4362,2025-04-01,Clothing,East,3,231.73,0.0,1,132.36
4363,2025-02-28,Grocery,North,3,187.83,0.3,0,149.97
4364,2025-09-23,Grocery,North,2,30.44,0.05,0,18.27
4365,2025-07-18,Electronics,South,1,114.06,0.05,0,80.79
4366,2025-04-29,Home,North,4,74.16,0.0,0,55.11
4367,2025-04-20,Clothing,West,3,208.39,0.0,0,153.3
4368,2025-06-10,Electronics,North,1,99.28,0.05,0,52.41
4369,2025-02-07,Home,East,5,147.86,0.15,0,86.83
4370,2025-09-09,Grocery,West,1,200.67,0.0,0,135.29
4371,2025-12-10,Clothing,West,1,123.75,0.3,0,79.07
4372,2025-04-06,Clothing,East,1,219.06,0.15,0,100.06
4373,2025-11-14,Grocery,East,4,51.7,0.05,0,36.96
4374,2025-03-26,Clothing,East,5,205.33,0.15,0,145.33
4375,2025-10-17,Electronics,North,1,229.22,0.0,0,186.91
4376,2025-01-17,Grocery,East,3,100.95,0.15,0,57.38
4377,2025-09-29,Clothing,South,4,116.79,0.0,0,53.36
4378,2025-03-15,Clothing,North,4,163.06,0.0,0,135.66
4379,2025-11-07,Electronics,East,2,136.57,0.15,0,94.16
4380,2025-11-28,Grocery,South,1,183.12,0.3,0,112.53
4381,2025-04-28,Clothing,East,3,110.66,0.05,0,87.75
4382,2025-02-03,Clothing,West,3,136.97,0.05,0,103.04
4383,2025-01-17,Electronics,West,2,241.2,0.05,0,135.68
4384,2025-03-29,Clothing,East,1,142.66,0.15,0,69.4
4385,2025-11-13,Electronics,East,5,41.73,0.05,0,31.4
4386,2025-07-12,Electronics,West,2,113.5,0.15,0,65.45
4387,2025-12-23,Grocery,West,5,89.3,0.0,0,55.28
4388,2025-01-27,Home,North,5,170.24,0.3,0,133.19
4389,2025-10-06,Clothing,South,2,213.98,0.05,0,149.16
4390,2025-08-03,Home,East,1,79.28,0.15,0,63.24
4391,2025-12-01,Grocery,North,5,130.94,0.15,0,66.96
4392,2025-10-28,Grocery,West,3,92.62,0.0,0,74.35
4393,2025-08-02,Electronics,East,1,66.24,0.05,1,43.16
4394,2025-01-11,Home,East,3,24.99,0.15,0,15.64
4395,2025-12-28,Home,East,5,189.14,0.3,0,99.17
4396,2025-10-28,Home,West,2,114.36,0.05,0,82.11
4397,2025-03-01,Electronics,South,4,89.72,0.15,0,43.14
4398,2025-08-01,Grocery,South,5,206.26,0.3,0,158.75
4399,2025-07-15,Clothing,South,3,98.08,0.0,0,58.86
4400,2025-06-28,Grocery,North,3,124.51,0.3,0,65.51
4401,2025-02-01,Home,West,4,136.08,0.15,0,91.47
4402,2025-05-02,Grocery,South,2,181.0,0.3,1,102.84
4403,2025-06-30,Home,North,4,60.49,0.15,0,44.85
4404,2025-08-06,Home,West,3,41.26,0.05,0,19.7
4405,2025-05-30,Electronics,South,2,55.05,0.15,0,28.84
4406,2025-09-08,Electronics,East,1,99.86,0.05,0,56.3
4407,2025-01-20,Grocery,South,4,89.12,0.05,0,72.88
4408,2025-09-01,Clothing,South,4,46.19,0.05,0,25.89
4409,2025-05-16,Home,West,1,158.1,0.05,0,104.3
4410,2025-11-20,Clothing,North,5,179.58,0.3,0,145.79
4411,2025-12-29,Electronics,South,4,58.39,0.0,0,31.67
4412,2025-10-07,Electronics,West,5,232.33,0.05,0,176.67
4413,2025-05-15,Home,East,1,237.62,0.3,0,154.19
4414,2025-03-04,Home,South,1,220.02,0.05,0,102.52
4415,2025-09-30,Grocery,South,4,65.08,0.15,1,48.71
4416,2025-02-19,Home,West,2,84.39,0.3,0,56.47
4417,2025-07-27,Electronics,South,4,141.71,0.15,0,97.6
4418,2025-06-06,Clothing,North,3,130.67,0.0,0,107.91
4419,2025-10-22,Grocery,North,5,114.91,0.05,0,89.92
4420,2025-12-08,Electronics,West,1,51.14,0.15,1,28.1
4421,2025-09-24,Electronics,West,5,106.38,0.3,0,62.04
4422,2025-02-09,Home,South,2,144.86,0.0,0,105.36
4423,2025-05-18,Grocery,South,5,158.97,0.05,0,133.55
4424,2025-06-06,Home,West,4,36.6,0.0,0,16.51
4425,2025-07-19,Electronics,South,3,233.65,0.3,0,153.59
4426,2025-09-17,Electronics,West,5,176.06,0.15,0,133.07
4427,2025-05-11,Clothing,South,2,146.65,0.05,0,105.41
4428,2025-06-29,Home,East,3,98.72,0.0,1,72.36
4429,2025-02-01,Clothing,West,3,156.94,0.15,0,72.49
4430,2025-03-15,Grocery,South,1,21.83,0.3,0,14.48
4431,2025-04-10,Home,East,4,127.2,0.3,0,74.25
4432,2025-09-04,Home,West,3,104.2,0.0,0,59.76
4433,2025-03-30,Electronics,West,4,26.88,0.15,0,12.24
4434,2025-01-03,Clothing,West,2,225.88,0.15,1,119.03
4435,2025-05-01,Electronics,West,3,176.14,0.3,0,110.98
4436,2025-09-10,Home,West,4,113.59,0.15,0,75.3
4437,2025-04-07,Grocery,North,1,192.8,0.15,1,105.93
4438,2025-06-09,Grocery,West,4,74.36,0.3,0,40.23
4439,2025-07-18,Electronics,South,1,98.92,0.15,0,77.67
4440,2025-12-15,Grocery,East,1,78.44,0.3,0,63.55
4441,2025-02-02,Home,South,3,230.78,0.15,0,156.24
4442,2025-03-06,Clothing,East,4,97.97,0.0,0,62.1
4443,2025-02-04,Clothing,South,1,238.36,0.05,0,165.53
4444,2025-04-03,Clothing,East,2,55.94,0.05,0,40.7
4445,2025-07-01,Grocery,West,2,31.64,0.05,0,17.83
4446,2025-10-11,Home,South,4,121.29,0.15,0,73.8
4447,2025-01-26,Grocery,South,5,155.69,0.0,0,94.94
4448,2025-11-07,Electronics,East,4,43.15,0.05,0,36.61
4449,2025-05-06,Home,West,1,97.71,0.0,0,59.29
4450,2025-05-25,Grocery,North,3,158.73,0.15,0,102.83
4451,2025-06-09,Electronics,South,2,137.49,0.15,0,102.76
4452,2025-09-11,Electronics,East,1,117.93,0.3,0,77.77
4453,2025-09-09,Home,North,4,20.86,0.3,0,15.53
4454,2025-03-22,Home,North,1,101.12,0.15,0,50.84
4455,2025-02-15,Clothing,East,5,202.07,0.3,0,103.59
4456,2025-06-22,Electronics,West,3,52.11,0.0,0,40.85
4457,2025-05-19,Clothing,West,5,91.14,0.0,0,41.46
4458,2025-06-04,Home,North,3,242.83,0.05,0,115.63
4459,2025-12-26,Grocery,East,2,29.76,0.3,0,16.05
4460,2025-07-06,Home,East,1,91.09,0.0,0,60.71
4461,2025-03-22,Grocery,East,4,46.75,0.15,0,29.19
4462,2025-10-07,Grocery,South,4,216.26,0.3,1,148.26
4463,2025-06-08,Grocery,East,3,136.71,0.3,0,89.21
4464,2025-09-22,Grocery,East,3,90.61,0.15,0,59.62
4465,2025-05-12,Electronics,West,5,240.21,0.0,0,146.46
4466,2025-05-21,Clothing,West,5,113.29,0.05,0,86.58
4467,2025-07-22,Electronics,North,2,198.22,0.05,1,151.06
4468,2025-07-18,Electronics,South,2,89.62,0.05,0,73.1
4469,2025-03-01,Home,West,1,234.92,0.3,0,134.88
4470,2025-10-10,Grocery,East,2,108.69,0.05,0,72.48
4471,2025-08-29,Clothing,East,1,68.04,0.0,0,52.23
4472,2025-04-20,Home,East,4,147.08,0.0,0,69.38
4473,2025-07-12,Grocery,West,2,127.65,0.0,0,90.23
4474,2025-04-05,Clothing,North,3,97.18,0.0,0,63.18
4475,2025-05-30,Electronics,North,3,162.67,0.05,0,131.51
4476,2025-03-23,Home,South,3,93.09,0.05,0,42.31
4477,2025-04-26,Electronics,West,1,236.09,0.15,0,140.59
4478,2025-02-17,Clothing,West,2,222.72,0.05,0,120.49
4479,2025-04-22,Clothing,West,1,165.63,0.15,0,101.79
4480,2025-10-25,Grocery,East,4,200.38,0.3,1,130.64
4481,2025-01-18,Home,West,3,75.89,0.0,1,57.71
4482,2025-08-18,Electronics,South,3,183.68,0.0,0,148.52
4483,2025-01-04,Home,North,2,187.29,0.15,0,86.14
4484,2025-10-06,Grocery,South,2,37.21,0.3,0,19.55
4485,2025-09-09,Clothing,South,1,76.16,0.05,0,64.2
4486,2025-03-19,Clothing,East,2,59.26,0.15,1,31.32
4487,2025-03-23,Electronics,North,1,161.84,0.05,1,102.68
4488,2025-01-13,Clothing,South,1,54.24,0.05,0,36.59
4489,2025-07-17,Electronics,South,1,216.01,0.3,0,143.33
4490,2025-01-01,Grocery,West,1,106.39,0.0,0,89.42
4491,2025-03-12,Grocery,North,5,15.97,0.3,0,11.6
4492,2025-06-08,Electronics,North,1,222.01,0.0,1,165.15
4493,2025-08-12,Clothing,West,4,73.35,0.0,0,47.9
4494,2025-10-01,Home,North,4,17.5,0.15,0,13.86
4495,2025-08-24,Electronics,East,4,180.01,0.15,0,138.82
4496,2025-03-23,Clothing,West,4,168.86,0.0,0,122.92
4497,2025-11-07,Electronics,West,2,82.15,0.0,0,67.45
4498,2025-12-14,Electronics,East,2,80.5,0.0,0,50.51
4499,2025-04-05,Home,East,2,209.67,0.3,0,150.83
4500,2025-11-30,Home,South,1,169.29,0.05,0,98.3
4501,2025-10-10,Grocery,East,1,34.45,0.15,0,26.03
4502,2025-04-05,Electronics,South,5,223.09,0.0,0,140.62
4503,2025-06-21,Grocery,North,3,203.06,0.15,0,131.33
4504,2025-11-20,Clothing,East,4,175.9,0.15,0,89.15
4505,2025-03-23,Home,East,3,181.22,0.0,0,145.45
4506,2025-03-02,Home,West,4,163.71,0.05,0,119.73
4507,2025-02-24,Clothing,West,5,189.58,0.15,0,156.37
4508,2025-12-20,Grocery,West,3,103.64,0.3,0,80.57
4509,2025-02-27,Electronics,East,1,248.14,0.0,0,203.88
4510,2025-11-24,Electronics,East,5,159.77,0.0,0,85.56
4511,2025-02-20,Home,North,3,193.73,0.05,0,141.67
4512,2025-03-20,Electronics,South,5,30.06,0.3,0,25.51
4513,2025-01-28,Home,West,2,203.96,0.3,0,147.32
4514,2025-05-27,Grocery,South,4,197.27,0.0,0,115.36
4515,2025-03-30,Grocery,South,3,84.68,0.05,0,55.81
4516,2025-10-29,Grocery,North,3,18.16,0.05,0,13.5
4517,2025-10-09,Grocery,North,1,184.92,0.15,0,120.97
4518,2025-03-01,Grocery,South,1,48.55,0.0,0,31.68
4519,2025-11-14,Grocery,East,5,185.34,0.3,0,150.23
4520,2025-06-22,Home,South,2,165.6,0.15,0,123.88
4521,2025-04-29,Electronics,North,1,27.08,0.0,0,20.75
4522,2025-11-05,Home,South,2,82.83,0.05,0,65.12
4523,2025-06-27,Electronics,North,5,185.08,0.0,0,99.6
4524,2025-03-09,Grocery,North,2,70.23,0.0,0,51.75
4525,2025-01-12,Clothing,East,4,128.1,0.15,0,107.27
4526,2025-09-17,Grocery,East,3,247.13,0.3,0,162.15
4527,2025-12-12,Clothing,North,3,167.19,0.3,0,111.09
4528,2025-02-07,Home,West,2,67.78,0.3,0,54.41
4529,2025-11-25,Home,East,1,150.82,0.0,0,124.68
4530,2025-04-11,Grocery,West,3,214.59,0.15,0,120.66
4531,2025-08-24,Grocery,East,1,75.61,0.0,0,37.32
4532,2025-04-10,Clothing,North,4,247.99,0.05,0,199.59
4533,2025-05-13,Grocery,East,5,99.97,0.0,0,65.52
4534,2025-07-18,Electronics,East,4,202.92,0.3,1,112.57
4535,2025-05-19,Home,East,2,133.19,0.15,0,71.51
4536,2025-09-01,Electronics,South,1,104.29,0.15,0,48.58
4537,2025-06-20,Home,West,2,216.54,0.05,0,160.48
4538,2025-08-06,Grocery,East,4,116.73,0.0,0,70.67
4539,2025-05-09,Home,East,5,192.8,0.05,0,122.85
4540,2025-12-23,Grocery,South,5,181.86,0.15,1,143.57
4541,2025-10-27,Clothing,South,5,234.04,0.15,0,107.63
4542,2025-05-09,Electronics,East,5,152.04,0.05,0,118.39
4543,2025-09-22,Electronics,East,3,232.35,0.0,0,182.1
4544,2025-05-24,Electronics,South,2,36.58,0.3,0,18.27
4545,2025-05-30,Electronics,West,5,73.91,0.0,0,48.08
4546,2025-08-15,Home,East,3,246.56,0.0,1,126.53
4547,2025-05-30,Grocery,East,1,118.47,0.15,0,54.72
4548,2025-09-28,Clothing,South,3,28.68,0.3,0,20.37
4549,2025-12-02,Home,South,4,140.2,0.0,0,104.88
4550,2025-09-05,Electronics,West,4,40.37,0.05,0,25.83
4551,2025-04-29,Home,East,1,76.53,0.05,0,46.05
4552,2025-06-28,Electronics,West,3,81.36,0.3,0,49.41
4553,2025-12-05,Grocery,East,4,120.46,0.05,0,97.37
4554,2025-10-14,Home,West,5,183.31,0.3,0,106.1
4555,2025-01-15,Home,West,3,86.05,0.15,0,65.36
4556,2025-08-28,Grocery,West,2,230.35,0.05,0,125.79
4557,2025-01-22,Electronics,West,3,79.39,0.15,0,37.99
4558,2025-03-26,Clothing,East,3,27.79,0.15,0,16.9
4559,2025-01-24,Electronics,West,4,73.98,0.3,0,59.45
4560,2025-03-20,Electronics,East,4,137.78,0.3,0,90.92
4561,2025-03-27,Clothing,South,3,98.47,0.3,1,54.38
4562,2025-01-22,Grocery,South,4,199.95,0.3,0,153.67
4563,2025-06-30,Clothing,East,3,242.31,0.0,0,139.3
4564,2025-01-12,Clothing,West,1,198.88,0.15,0,136.12
4565,2025-02-14,Clothing,North,4,107.73,0.0,1,53.34
4566,2025-04-06,Electronics,North,4,226.04,0.3,0,105.61
4567,2025-12-26,Clothing,East,1,87.25,0.3,0,44.55
4568,2025-04-27,Grocery,North,5,104.31,0.15,0,52.01
4569,2025-06-14,Electronics,East,2,89.02,0.05,0,65.03
4570,2025-04-19,Grocery,East,2,179.48,0.3,0,130.28
4571,2025-03-23,Clothing,South,1,129.23,0.0,0,103.93
4572,2025-03-20,Home,North,3,218.69,0.15,0,135.65
4573,2025-10-28,Home,North,4,25.76,0.0,0,13.08
4574,2025-03-13,Grocery,South,2,175.26,0.15,0,117.0
4575,2025-08-06,Grocery,West,2,235.72,0.0,0,149.32
4576,2025-11-14,Electronics,North,1,198.45,0.05,0,142.73
4577,2025-07-03,Clothing,West,3,84.36,0.15,0,66.54
4578,2025-03-13,Home,South,4,63.62,0.15,0,34.87
4579,2025-02-25,Electronics,West,3,248.48,0.15,0,202.88
4580,2025-03-10,Electronics,North,2,171.8,0.05,0,127.43
4581,2025-08-23,Clothing,South,3,54.66,0.3,0,35.7
4582,2025-10-25,Clothing,North,1,125.04,0.05,0,57.9
4583,2025-07-06,Grocery,South,1,229.8,0.3,1,151.74
4584,2025-03-29,Clothing,East,4,184.23,0.05,0,89.07
4585,2025-09-21,Home,East,3,208.04,0.05,1,115.05
4586,2025-04-29,Electronics,South,2,41.21,0.0,0,28.7
4587,2025-04-01,Home,East,1,116.3,0.05,0,90.91
4588,2025-07-08,Electronics,East,5,132.35,0.3,0,75.53
4589,2025-11-30,Electronics,North,3,103.29,0.0,0,59.18
4590,2025-11-02,Electronics,West,3,70.93,0.3,0,35.37
4591,2025-09-04,Grocery,North,1,120.89,0.0,0,54.85
4592,2025-07-25,Clothing,North,1,223.52,0.05,0,119.24
4593,2025-01-23,Clothing,South,4,205.52,0.0,0,128.97
4594,2025-02-21,Clothing,South,2,21.39,0.3,1,17.42
4595,2025-10-07,Grocery,East,2,81.07,0.0,0,43.16
4596,2025-09-25,Home,North,2,185.9,0.15,0,112.65
4597,2025-11-20,Electronics,East,3,224.44,0.3,0,147.14
4598,2025-11-08,Clothing,South,3,73.35,0.15,0,38.6
4599,2025-03-15,Grocery,North,3,157.85,0.05,0,132.14
4600,2025-08-30,Clothing,North,3,190.69,0.0,1,96.33
4601,2025-05-12,Home,West,1,188.03,0.0,0,131.85
4602,2025-01-27,Electronics,East,3,32.06,0.0,1,21.05
4603,2025-08-06,Home,South,2,90.65,0.15,0,65.21
4604,2025-08-20,Home,West,5,167.06,0.05,0,98.87
4605,2025-03-28,Home,North,1,61.38,0.0,0,29.94
4606,2025-07-20,Clothing,North,2,138.73,0.05,1,68.43
4607,2025-07-04,Clothing,South,3,125.75,0.15,0,103.65
4608,2025-11-16,Clothing,South,1,199.5,0.15,0,136.26
4609,2025-11-21,Home,East,1,244.73,0.3,0,190.12
4610,2025-01-14,Electronics,West,4,90.91,0.3,1,72.3
4611,2025-02-23,Grocery,North,4,219.8,0.05,0,137.86
4612,2025-05-18,Grocery,South,5,107.32,0.0,0,78.07
4613,2025-01-10,Clothing,East,5,160.82,0.15,0,88.24
4614,2025-12-24,Grocery,East,4,132.57,0.0,0,59.83
4615,2025-10-14,Electronics,West,1,139.63,0.05,0,98.55
4616,2025-08-20,Home,North,2,47.96,0.15,0,22.22
4617,2025-12-20,Grocery,West,3,231.07,0.3,0,144.59
4618,2025-05-14,Grocery,West,1,231.6,0.3,0,189.38
4619,2025-09-03,Grocery,East,2,181.68,0.05,0,92.48
4620,2025-09-20,Grocery,North,1,245.36,0.0,0,198.04
4621,2025-01-09,Grocery,North,4,75.41,0.15,1,62.7
4622,2025-08-24,Clothing,South,3,166.39,0.0,0,137.85
4623,2025-03-23,Electronics,South,1,246.25,0.3,0,154.99
4624,2025-07-23,Clothing,East,1,132.72,0.05,0,87.61
4625,2025-11-30,Clothing,East,4,81.25,0.0,1,66.26
4626,2025-03-03,Grocery,South,2,151.65,0.0,0,73.14
4627,2025-05-04,Home,East,1,149.58,0.05,0,92.03
4628,2025-04-14,Home,South,4,86.34,0.3,0,51.7
4629,2025-04-11,Clothing,East,3,25.8,0.0,0,16.81
4630,2025-10-06,Home,East,2,56.53,0.0,0,42.46
4631,2025-07-16,Electronics,South,2,103.51,0.0,0,78.98
4632,2025-04-30,Home,South,4,106.4,0.3,1,52.27
4633,2025-10-21,Grocery,South,3,113.83,0.0,0,59.93
4634,2025-10-17,Clothing,West,2,223.82,0.0,0,149.53
4635,2025-03-11,Electronics,East,5,130.32,0.05,0,68.5
4636,2025-08-18,Clothing,South,2,118.07,0.05,0,67.66
4637,2025-02-23,Clothing,West,3,151.74,0.05,0,108.16
4638,2025-03-23,Home,North,2,184.61,0.3,0,137.44
4639,2025-05-04,Home,West,5,183.64,0.15,0,123.27
4640,2025-05-22,Electronics,East,5,188.68,0.05,0,114.98
4641,2025-03-05,Clothing,South,4,65.28,0.0,0,46.72
4642,2025-06-20,Clothing,East,1,64.5,0.15,0,47.39
4643,2025-08-13,Electronics,South,4,219.19,0.3,0,105.01
4644,2025-03-24,Clothing,North,2,52.21,0.3,0,37.23
4645,2025-09-23,Grocery,West,3,238.58,0.05,0,138.08
4646,2025-09-13,Electronics,South,3,111.56,0.15,0,61.65
4647,2025-09-21,Grocery,North,1,155.94,0.15,0,79.56
4648,2025-02-06,Grocery,West,5,36.19,0.15,0,30.51
4649,2025-10-22,Home,West,3,115.86,0.3,0,57.05
4650,2025-11-03,Electronics,East,2,28.92,0.0,0,18.01
4651,2025-06-21,Clothing,West,2,77.63,0.15,0,62.62
4652,2025-07-08,Grocery,North,4,162.68,0.05,0,91.99
4653,2025-05-12,Home,West,1,171.25,0.15,0,81.94
4654,2025-11-07,Grocery,South,2,63.7,0.05,0,47.29
4655,2025-11-05,Grocery,East,5,135.89,0.15,0,108.33
4656,2025-12-10,Clothing,North,4,215.42,0.0,0,156.63
4657,2025-06-18,Home,East,2,23.04,0.3,0,13.55
4658,2025-05-28,Grocery,South,1,236.92,0.3,0,150.03
4659,2025-04-06,Grocery,West,5,78.26,0.15,0,59.75
4660,2025-01-23,Home,North,1,226.42,0.3,0,170.38
4661,2025-11-02,Grocery,South,4,28.55,0.0,0,18.15
4662,2025-12-04,Home,West,5,200.75,0.05,0,116.08
4663,2025-12-12,Clothing,North,5,43.32,0.0,0,30.71
4664,2025-12-20,Electronics,West,3,176.62,0.3,0,119.15
4665,2025-05-18,Home,South,5,132.33,0.05,0,107.15
4666,2025-06-04,Electronics,South,4,71.27,0.3,0,52.83
4667,2025-07-02,Electronics,East,4,35.78,0.3,0,29.22
4668,2025-11-10,Clothing,South,1,208.02,0.3,0,146.73
4669,2025-03-17,Home,South,3,163.44,0.3,0,133.97
4670,2025-06-12,Clothing,West,4,211.3,0.0,0,111.85
4671,2025-12-24,Grocery,East,3,56.34,0.0,0,40.25
4672,2025-10-25,Electronics,South,2,19.75,0.05,0,9.08
4673,2025-02-08,Clothing,North,3,92.16,0.15,0,63.97
4674,2025-12-02,Clothing,North,5,210.32,0.0,0,178.1
4675,2025-12-08,Electronics,West,4,75.01,0.15,0,63.4
4676,2025-10-03,Grocery,South,5,147.3,0.0,0,97.18
4677,2025-04-20,Electronics,South,4,187.26,0.3,0,99.96
4678,2025-11-25,Home,West,3,211.02,0.0,0,131.73
4679,2025-03-01,Grocery,West,5,154.18,0.05,0,114.78
4680,2025-11-01,Clothing,South,5,114.52,0.15,0,77.67
4681,2025-11-03,Home,South,1,139.52,0.3,0,103.56
4682,2025-04-29,Electronics,North,2,71.29,0.0,0,39.34
4683,2025-03-30,Clothing,North,3,140.67,0.05,0,101.46
4684,2025-08-10,Electronics,North,1,85.48,0.0,0,39.62
4685,2025-03-28,Grocery,West,2,152.63,0.0,0,105.56
4686,2025-02-02,Electronics,South,2,177.24,0.3,0,138.21
4687,2025-04-13,Grocery,North,5,148.73,0.3,0,124.41
4688,2025-11-25,Clothing,West,5,197.44,0.0,0,113.3
4689,2025-01-18,Home,East,5,196.41,0.15,0,161.44
4690,2025-07-04,Electronics,East,3,115.21,0.0,0,84.37
4691,2025-12-24,Electronics,West,2,120.85,0.05,0,76.56
4692,2025-09-23,Home,North,5,225.2,0.15,0,181.2
4693,2025-03-01,Home,South,4,200.93,0.05,0,100.63
4694,2025-05-30,Grocery,West,4,108.28,0.15,0,61.51
4695,2025-02-07,Electronics,East,5,36.62,0.05,0,21.02
4696,2025-11-06,Clothing,West,4,193.69,0.3,1,142.25
4697,2025-09-24,Home,South,2,89.74,0.15,0,47.97
4698,2025-09-08,Grocery,West,1,72.91,0.05,0,45.47
4699,2025-01-16,Electronics,East,2,225.93,0.15,0,133.47
4700,2025-11-01,Clothing,West,3,112.4,0.05,0,85.09
4701,2025-04-03,Grocery,South,3,24.74,0.0,1,15.85
4702,2025-09-03,Home,West,4,83.45,0.3,1,55.44
4703,2025-12-16,Home,East,5,170.38,0.05,0,83.04
4704,2025-02-04,Home,South,1,75.22,0.05,0,39.86
4705,2025-09-05,Grocery,South,3,107.68,0.05,0,73.16
4706,2025-09-05,Electronics,North,3,174.58,0.3,0,146.99
4707,2025-08-15,Electronics,West,2,153.35,0.3,0,104.63
4708,2025-06-03,Grocery,East,4,29.98,0.05,0,13.6
4709,2025-07-01,Home,North,1,187.03,0.3,0,155.84
4710,2025-10-25,Grocery,East,3,41.44,0.05,0,26.55
4711,2025-01-02,Electronics,North,1,131.42,0.3,0,106.99
4712,2025-07-24,Grocery,North,4,152.32,0.15,0,109.92
4713,2025-05-30,Electronics,East,4,203.1,0.05,0,166.01
4714,2025-01-27,Electronics,South,4,73.94,0.3,0,42.82
4715,2025-04-28,Electronics,East,4,51.71,0.3,0,33.82
4716,2025-01-15,Grocery,East,2,60.65,0.0,0,32.29
4717,2025-08-11,Grocery,East,3,28.75,0.05,0,20.66
4718,2025-09-06,Clothing,East,5,170.39,0.05,0,114.95
4719,2025-06-22,Electronics,East,2,205.2,0.3,0,131.0
4720,2025-09-08,Home,North,4,235.4,0.3,0,158.45
4721,2025-03-13,Grocery,North,4,46.47,0.15,0,31.27
4722,2025-05-09,Clothing,West,4,248.92,0.3,0,117.96
4723,2025-11-06,Grocery,West,2,189.28,0.15,0,148.35
4724,2025-07-28,Home,South,1,73.68,0.3,0,62.39
4725,2025-02-11,Home,West,3,130.35,0.3,1,100.38
4726,2025-03-27,Electronics,North,5,56.66,0.05,0,46.35
4727,2025-05-02,Grocery,East,2,145.59,0.05,0,108.03
4728,2025-10-05,Home,South,1,115.94,0.3,0,85.44
4729,2025-12-05,Grocery,South,4,114.95,0.0,0,56.2
4730,2025-04-08,Electronics,East,5,58.72,0.05,0,38.21
4731,2025-06-12,Grocery,North,4,162.94,0.15,0,80.77
4732,2025-08-17,Electronics,West,5,248.14,0.05,0,195.57
4733,2025-02-12,Home,West,5,220.06,0.15,0,127.43
4734,2025-12-18,Grocery,North,3,232.47,0.0,0,123.66
4735,2025-06-01,Grocery,South,5,102.18,0.05,0,71.65
4736,2025-02-23,Clothing,North,5,76.69,0.15,0,35.39
4737,2025-07-31,Electronics,South,4,93.79,0.15,0,54.06
4738,2025-12-31,Grocery,East,1,42.63,0.0,0,27.7
4739,2025-12-10,Clothing,East,5,32.06,0.3,0,17.35
4740,2025-05-22,Grocery,South,4,55.88,0.15,0,43.24
4741,2025-03-06,Clothing,West,2,196.16,0.3,0,124.75
4742,2025-07-04,Grocery,West,1,68.35,0.15,0,44.77
4743,2025-01-27,Home,West,4,239.76,0.05,0,189.26
4744,2025-09-24,Home,North,1,191.3,0.05,0,136.67
4745,2025-08-03,Home,West,4,212.57,0.15,0,170.4
4746,2025-12-06,Clothing,North,1,245.07,0.3,0,147.14
4747,2025-07-22,Grocery,West,4,64.34,0.15,0,47.43
4748,2025-01-22,Home,West,3,46.98,0.3,0,38.79
4749,2025-08-16,Electronics,South,5,220.23,0.05,0,170.1
4750,2025-06-21,Electronics,South,1,28.25,0.15,0,13.42
4751,2025-08-09,Grocery,East,3,42.63,0.3,0,24.95
4752,2025-07-30,Clothing,West,1,193.49,0.15,1,92.99
4753,2025-09-11,Clothing,North,5,238.85,0.15,0,186.31
4754,2025-08-29,Grocery,South,5,20.74,0.3,0,15.04
4755,2025-12-20,Clothing,South,1,44.64,0.05,0,32.68
4756,2025-06-26,Clothing,North,3,215.7,0.3,0,174.71
4757,2025-07-19,Clothing,West,4,203.58,0.3,0,147.25
4758,2025-10-19,Clothing,South,1,111.62,0.15,0,91.81
4759,2025-07-04,Home,North,4,189.84,0.0,0,95.09
4760,2025-10-08,Electronics,North,1,219.21,0.05,0,119.65
4761,2025-05-31,Home,East,4,245.42,0.05,0,160.68
4762,2025-10-30,Clothing,South,5,95.57,0.3,0,63.55
4763,2025-08-25,Grocery,South,5,142.27,0.0,0,104.34
4764,2025-07-01,Home,West,5,18.71,0.15,0,12.61
4765,2025-08-14,Grocery,East,5,225.71,0.05,0,167.64
4766,2025-05-31,Clothing,South,2,193.98,0.0,0,111.51
4767,2025-01-19,Clothing,West,2,101.65,0.3,0,82.16
4768,2025-07-10,Clothing,South,2,66.87,0.05,0,41.98
4769,2025-03-19,Grocery,North,4,236.74,0.05,0,157.97
4770,2025-01-27,Electronics,East,2,175.36,0.3,0,90.89
4771,2025-02-18,Grocery,West,2,46.01,0.3,0,32.04
4772,2025-09-07,Clothing,North,5,228.89,0.3,0,131.75
4773,2025-12-21,Grocery,North,3,77.48,0.05,0,63.43
4774,2025-07-01,Grocery,East,3,78.76,0.0,0,55.34
4775,2025-08-15,Electronics,North,4,143.14,0.05,0,98.15
4776,2025-11-14,Grocery,East,2,249.06,0.3,0,160.58
4777,2025-10-11,Electronics,South,4,203.12,0.3,0,166.68
4778,2025-05-21,Home,North,1,99.53,0.3,0,62.49
4779,2025-12-17,Electronics,North,3,229.03,0.15,0,162.36
4780,2025-12-29,Grocery,North,5,74.4,0.3,0,57.9
4781,2025-03-26,Clothing,North,5,233.86,0.05,1,111.98
4782,2025-04-18,Home,North,4,136.62,0.0,0,83.2
4783,2025-08-13,Grocery,West,3,176.32,0.05,0,134.39
4784,2025-08-25,Clothing,North,3,156.98,0.05,0,74.94
4785,2025-05-09,Electronics,West,5,88.94,0.05,0,48.7
4786,2025-02-13,Home,North,2,157.12,0.3,0,117.02
4787,2025-01-07,Electronics,East,5,67.14,0.05,0,42.63
4788,2025-10-20,Clothing,South,4,46.86,0.0,0,22.55
4789,2025-10-27,Electronics,East,4,131.17,0.3,0,76.73
4790,2025-01-30,Clothing,South,4,73.94,0.3,0,41.58
4791,2025-03-02,Electronics,South,2,158.96,0.15,0,89.44
4792,2025-04-11,Grocery,West,3,174.72,0.15,0,135.59
4793,2025-01-21,Electronics,West,5,36.42,0.3,0,22.52
4794,2025-02-01,Electronics,East,4,179.38,0.0,0,135.01
4795,2025-05-30,Electronics,East,1,189.19,0.3,0,107.33
4796,2025-06-14,Home,North,5,147.2,0.05,0,105.95
4797,2025-12-31,Home,North,3,143.47,0.05,0,65.82
4798,2025-05-28,Electronics,West,1,148.74,0.15,0,101.51
4799,2025-08-06,Grocery,South,1,88.92,0.15,0,46.16
4800,2025-01-27,Electronics,West,2,208.52,0.0,0,118.04
4801,2025-09-30,Home,West,3,67.72,0.15,0,50.62
4802,2025-04-15,Electronics,South,1,139.34,0.15,0,66.09
4803,2025-01-04,Home,North,1,68.89,0.15,0,50.28
4804,2025-09-29,Home,South,1,142.87,0.05,1,117.87
4805,2025-06-22,Home,North,1,42.43,0.0,0,19.36
4806,2025-03-25,Electronics,South,4,104.01,0.3,0,56.1
4807,2025-03-02,Clothing,East,1,196.03,0.15,0,107.07
4808,2025-11-23,Electronics,North,4,68.95,0.15,0,55.91
4809,2025-09-08,Clothing,South,2,246.46,0.15,0,170.0
4810,2025-12-14,Grocery,East,5,240.15,0.05,0,134.47
4811,2025-10-17,Clothing,North,5,187.49,0.3,0,133.8
4812,2025-07-25,Clothing,East,5,99.11,0.0,0,61.7
4813,2025-06-19,Home,East,3,95.6,0.0,0,46.09
4814,2025-09-12,Home,North,4,100.66,0.0,0,54.3
4815,2025-02-01,Electronics,West,1,233.76,0.3,0,136.02
4816,2025-07-01,Clothing,North,4,42.54,0.05,0,33.98
4817,2025-05-10,Home,East,1,39.8,0.15,0,17.93
4818,2025-03-09,Grocery,North,3,95.05,0.15,0,44.45
4819,2025-03-13,Clothing,North,1,201.15,0.0,1,154.07
4820,2025-03-07,Electronics,West,2,207.34,0.3,0,171.09
4821,2025-09-03,Home,West,4,172.81,0.05,0,79.42
4822,2025-10-15,Clothing,North,2,90.78,0.15,0,71.55
4823,2025-02-01,Clothing,South,5,184.39,0.05,0,130.62
4824,2025-03-24,Clothing,South,1,39.45,0.0,0,18.9
4825,2025-06-01,Home,West,4,112.2,0.0,0,89.27
4826,2025-10-25,Electronics,West,2,171.78,0.15,0,121.32
4827,2025-11-25,Electronics,West,4,143.94,0.0,0,114.37
4828,2025-01-23,Electronics,East,1,249.69,0.0,0,184.65
4829,2025-09-22,Electronics,South,4,233.16,0.05,0,137.6
4830,2025-12-08,Electronics,East,5,17.54,0.15,0,10.27
4831,2025-09-24,Home,West,1,30.63,0.3,0,24.8
4832,2025-04-16,Clothing,East,5,241.5,0.05,0,168.34
4833,2025-06-13,Electronics,North,5,106.62,0.05,0,77.58
4834,2025-02-04,Electronics,North,1,28.89,0.3,1,14.49
4835,2025-11-10,Home,West,1,193.85,0.0,0,158.2
4836,2025-02-02,Home,West,4,151.22,0.0,0,98.6
4837,2025-05-13,Electronics,North,1,120.22,0.0,0,60.75
4838,2025-11-20,Electronics,North,1,100.25,0.15,0,53.12
4839,2025-07-16,Clothing,West,4,72.87,0.15,0,56.87
4840,2025-06-10,Grocery,South,1,204.31,0.3,0,161.2
4841,2025-07-03,Home,East,5,130.39,0.15,0,96.55
4842,2025-11-06,Grocery,North,1,159.95,0.3,0,78.1
4843,2025-12-12,Electronics,North,1,128.03,0.05,0,58.9
4844,2025-08-21,Electronics,West,2,56.91,0.3,0,30.55
4845,2025-07-06,Home,West,5,102.88,0.05,0,79.15
4846,2025-02-08,Grocery,East,3,201.52,0.15,1,100.31
4847,2025-09-15,Electronics,South,3,167.92,0.05,0,108.24
4848,2025-04-24,Home,South,3,69.34,0.15,0,54.83
4849,2025-02-15,Grocery,North,3,75.34,0.0,0,40.11
4850,2025-06-07,Clothing,East,4,213.16,0.05,0,111.93
4851,2025-05-25,Clothing,North,2,48.64,0.15,0,34.49
4852,2025-09-19,Grocery,West,1,141.36,0.15,0,83.77
4853,2025-04-19,Clothing,North,2,39.22,0.05,0,29.83
4854,2025-04-11,Home,South,2,96.46,0.3,0,56.46
4855,2025-11-23,Home,North,1,196.54,0.3,1,112.79
4856,2025-01-13,Grocery,West,1,34.52,0.15,0,21.34
4857,2025-10-31,Electronics,East,1,56.06,0.05,0,44.74
4858,2025-02-19,Home,East,4,102.22,0.15,1,78.6
4859,2025-10-11,Grocery,West,3,72.34,0.05,0,58.92
4860,2025-10-21,Electronics,North,1,46.76,0.15,0,39.34
4861,2025-02-22,Clothing,North,3,92.73,0.3,0,77.13
4862,2025-07-01,Clothing,South,2,215.77,0.3,0,131.48
4863,2025-04-25,Grocery,North,2,225.16,0.0,0,151.31
4864,2025-03-11,Grocery,South,4,241.85,0.15,0,143.95
4865,2025-01-24,Home,West,5,183.88,0.05,1,95.77
4866,2025-12-10,Clothing,East,1,33.42,0.0,0,20.56
4867,2025-10-29,Grocery,North,4,76.09,0.05,0,41.08
4868,2025-10-29,Clothing,West,4,186.06,0.3,0,126.62
4869,2025-01-17,Grocery,North,5,196.69,0.3,0,143.84
4870,2025-01-08,Grocery,West,5,62.78,0.3,0,45.36
4871,2025-03-12,Grocery,East,1,22.83,0.05,1,19.01
4872,2025-11-22,Home,South,1,230.82,0.0,0,152.72
4873,2025-09-18,Grocery,North,5,247.28,0.0,0,133.17
4874,2025-06-01,Clothing,West,1,163.39,0.3,0,109.88
4875,2025-07-12,Home,East,2,16.02,0.05,0,7.56
4876,2025-12-30,Clothing,East,2,249.9,0.05,0,149.64
4877,2025-05-07,Home,North,3,149.69,0.15,0,70.56
4878,2025-11-20,Electronics,West,3,246.36,0.05,0,207.02
4879,2025-05-03,Grocery,East,4,138.93,0.0,0,116.81
4880,2025-03-23,Clothing,East,2,132.93,0.15,0,109.67
4881,2025-06-24,Clothing,North,1,216.35,0.0,0,122.88
4882,2025-05-06,Electronics,East,3,206.17,0.3,0,153.79
4883,2025-04-08,Home,East,3,32.39,0.3,0,23.03
4884,2025-03-26,Grocery,South,5,69.47,0.15,0,35.63
4885,2025-04-14,Electronics,North,5,178.7,0.15,0,119.52
4886,2025-03-01,Grocery,South,4,190.66,0.3,0,89.19
4887,2025-10-09,Electronics,East,4,214.05,0.3,0,180.78
4888,2025-01-04,Grocery,East,4,177.48,0.3,0,82.77
4889,2025-09-24,Grocery,South,2,15.4,0.15,0,12.33
4890,2025-12-08,Electronics,South,4,55.66,0.05,0,32.14
4891,2025-07-04,Electronics,East,2,143.41,0.3,0,71.92
4892,2025-07-14,Electronics,South,3,109.94,0.3,0,70.46
4893,2025-09-02,Clothing,East,1,243.96,0.0,0,191.52
4894,2025-03-05,Home,North,2,142.07,0.15,0,119.89
4895,2025-06-09,Grocery,South,2,169.63,0.0,0,133.21
4896,2025-08-26,Home,East,3,149.77,0.3,0,79.46
4897,2025-09-07,Electronics,West,3,114.01,0.05,0,75.85
4898,2025-10-09,Electronics,West,2,118.04,0.0,0,80.67
4899,2025-03-11,Electronics,South,2,146.96,0.15,0,93.61
4900,2025-09-29,Electronics,South,3,194.36,0.3,0,120.49
4901,2025-08-03,Electronics,West,4,43.44,0.15,0,33.08
4902,2025-06-10,Electronics,North,5,152.09,0.05,0,80.03
4903,2025-05-24,Grocery,East,4,93.95,0.15,0,59.02
4904,2025-09-07,Electronics,South,5,24.56,0.05,0,16.25
4905,2025-09-27,Home,North,1,192.12,0.05,0,106.33
4906,2025-02-14,Home,South,1,209.55,0.3,0,107.5
4907,2025-07-08,Clothing,North,5,105.25,0.3,0,65.3
4908,2025-12-13,Grocery,West,1,62.23,0.15,0,46.17
4909,2025-08-15,Clothing,North,1,206.1,0.15,0,140.09
4910,2025-12-09,Grocery,East,2,210.31,0.15,0,166.76
4911,2025-02-17,Electronics,North,5,141.16,0.3,0,102.38
4912,2025-10-18,Electronics,South,1,115.26,0.0,0,95.35
4913,2025-10-28,Clothing,West,3,117.45,0.3,0,92.69
4914,2025-10-07,Clothing,South,1,217.16,0.15,0,150.75
4915,2025-08-06,Clothing,East,4,29.42,0.3,0,14.15
4916,2025-01-22,Clothing,East,3,30.06,0.0,0,16.58
4917,2025-08-29,Home,South,4,196.15,0.05,0,127.66
4918,2025-07-24,Home,North,4,21.59,0.0,0,16.38
4919,2025-08-19,Home,East,2,26.05,0.05,0,12.1
4920,2025-09-10,Clothing,East,4,125.96,0.0,0,99.41
4921,2025-08-13,Home,North,1,140.28,0.3,0,96.71
4922,2025-12-29,Grocery,East,4,144.78,0.05,0,107.64
4923,2025-04-15,Electronics,South,4,83.43,0.15,0,44.27
4924,2025-11-01,Grocery,East,4,16.12,0.0,0,12.12
4925,2025-03-16,Grocery,North,4,125.64,0.15,0,71.56
4926,2025-07-12,Home,South,5,20.36,0.0,0,14.13
4927,2025-09-24,Home,West,2,157.14,0.0,0,114.44
4928,2025-04-25,Electronics,South,1,125.37,0.0,0,92.71
4929,2025-05-15,Home,East,2,245.29,0.3,0,206.53
4930,2025-06-02,Electronics,South,3,135.99,0.05,0,105.36
4931,2025-10-05,Electronics,South,2,192.28,0.05,0,122.31
4932,2025-01-07,Clothing,East,1,182.48,0.05,0,128.47
4933,2025-07-23,Home,East,3,18.44,0.05,0,9.22
4934,2025-02-17,Clothing,East,2,198.3,0.15,0,164.95
4935,2025-09-29,Grocery,South,3,213.14,0.15,0,143.01
4936,2025-11-30,Grocery,East,1,163.38,0.0,0,122.81
4937,2025-04-12,Home,South,3,172.75,0.15,0,133.17
4938,2025-12-18,Electronics,East,3,39.24,0.0,0,20.17
4939,2025-05-24,Home,South,3,28.28,0.3,0,16.86
4940,2025-08-03,Electronics,North,5,86.25,0.0,0,60.94
4941,2025-02-15,Electronics,South,4,80.95,0.3,0,48.47
4942,2025-06-20,Home,East,2,226.78,0.3,0,145.16
4943,2025-11-07,Electronics,North,3,105.69,0.05,0,84.7
4944,2025-05-30,Electronics,North,1,186.73,0.05,0,105.51
4945,2025-08-06,Electronics,East,3,162.04,0.05,0,133.16
4946,2025-01-12,Clothing,West,1,209.41,0.0,0,168.12
4947,2025-02-27,Electronics,East,5,21.42,0.3,1,10.73
4948,2025-06-12,Home,South,3,136.79,0.05,0,88.43
4949,2025-10-08,Electronics,East,2,197.99,0.0,0,91.73
4950,2025-09-16,Grocery,West,1,191.18,0.3,0,155.97
4951,2025-04-21,Clothing,South,5,181.1,0.05,0,121.3
4952,2025-08-25,Grocery,East,3,16.9,0.0,0,8.19
4953,2025-04-11,Home,East,1,127.38,0.05,0,64.23
4954,2025-03-03,Clothing,South,1,108.61,0.3,0,60.64
4955,2025-12-13,Clothing,West,2,118.44,0.0,0,83.65
4956,2025-07-27,Grocery,West,5,87.35,0.3,0,62.0
4957,2025-03-06,Home,South,1,120.18,0.0,0,66.38
4958,2025-07-09,Grocery,West,2,214.04,0.05,0,100.69
4959,2025-05-15,Electronics,East,1,44.04,0.0,0,36.83
4960,2025-03-23,Clothing,East,3,138.18,0.3,0,72.28
4961,2025-09-11,Home,East,4,15.12,0.15,0,8.55
4962,2025-10-31,Home,North,3,78.57,0.15,0,57.69
4963,2025-02-02,Electronics,West,3,73.24,0.3,0,49.1
4964,2025-01-11,Home,East,1,105.45,0.15,0,70.86
4965,2025-02-27,Home,South,4,191.75,0.05,0,100.71
4966,2025-09-21,Home,West,2,182.69,0.0,0,135.52
4967,2025-06-10,Grocery,North,2,19.06,0.0,0,8.79
4968,2025-10-05,Clothing,East,4,100.99,0.3,0,80.51
4969,2025-05-08,Home,West,1,22.56,0.3,0,15.56
4970,2025-07-23,Electronics,West,4,182.58,0.05,0,99.5
4971,2025-10-25,Grocery,West,1,224.28,0.05,0,173.41
4972,2025-11-16,Clothing,East,1,168.81,0.3,0,141.38
4973,2025-07-20,Clothing,North,2,118.43,0.0,0,93.68
4974,2025-12-02,Grocery,North,2,51.53,0.05,0,43.75
4975,2025-09-26,Grocery,West,1,88.58,0.0,0,61.39
4976,2025-09-20,Home,East,2,234.7,0.0,0,168.09
4977,2025-04-30,Home,East,2,151.46,0.0,0,79.79
4978,2025-02-07,Home,South,1,73.83,0.05,0,39.61
4979,2025-03-14,Clothing,North,4,55.7,0.3,0,26.35
4980,2025-09-25,Electronics,West,5,182.04,0.3,0,104.09
4981,2025-07-22,Electronics,South,1,81.15,0.3,0,60.84
4982,2025-10-17,Electronics,South,1,224.73,0.05,0,156.87
4983,2025-08-09,Clothing,South,2,74.68,0.15,0,54.18
4984,2025-05-25,Home,North,2,154.74,0.15,0,101.98
4985,2025-09-27,Clothing,West,4,221.39,0.05,0,109.17
4986,2025-08-10,Clothing,West,3,163.69,0.3,1,75.53
4987,2025-02-20,Home,West,1,151.04,0.0,0,105.51
4988,2025-07-22,Electronics,South,5,234.59,0.3,0,141.38
4989,2025-07-13,Grocery,West,1,221.92,0.0,0,184.61
4990,2025-05-06,Electronics,North,1,183.28,0.15,0,94.4
4991,2025-07-03,Home,West,1,212.63,0.15,0,147.03
4992,2025-07-05,Home,North,1,74.12,0.15,0,41.37
4993,2025-12-05,Electronics,North,1,195.67,0.3,0,102.53
4994,2025-05-12,Grocery,West,1,249.89,0.15,0,169.35
4995,2025-01-13,Home,South,5,210.51,0.05,0,104.73
4996,2025-10-12,Home,South,5,91.05,0.15,0,56.98
4997,2025-07-13,Home,West,4,72.95,0.05,0,49.18
4998,2025-11-02,Electronics,West,5,216.23,0.05,0,149.1
4999,2025-02-05,Grocery,West,4,173.15,0.15,0,125.65
5000,2025-09-24,Electronics,South,4,48.49,0.05,0,33.33
5001,2025-03-31,Grocery,North,4,238.69,0.3,0,178.23
5002,2025-04-29,Grocery,North,5,79.11,0.05,0,67.08
5003,2025-07-17,Clothing,North,5,180.84,0.0,0,123.94
5004,2025-05-28,Home,North,5,160.23,0.15,0,81.8
5005,2025-03-18,Home,South,4,189.05,0.0,0,149.79
5006,2025-08-09,Home,East,2,176.36,0.3,0,127.61
5007,2025-10-28,Electronics,North,2,65.37,0.0,0,52.81
5008,2025-03-03,Home,North,5,192.23,0.0,0,146.85
5009,2025-04-23,Grocery,South,4,18.04,0.15,0,9.49
5010,2025-07-30,Grocery,East,3,63.18,0.0,1,41.77
5011,2025-07-31,Electronics,South,4,56.38,0.3,0,41.28
5012,2025-08-22,Home,West,5,71.75,0.05,0,54.26
5013,2025-02-16,Electronics,East,2,184.75,0.05,0,106.07
5014,2025-12-04,Electronics,North,4,209.17,0.3,0,146.03
5015,2025-10-21,Electronics,North,4,209.87,0.3,0,177.14
5016,2025-10-13,Grocery,West,1,47.33,0.3,0,30.35
5017,2025-12-13,Grocery,East,5,168.04,0.0,0,93.14
5018,2025-09-08,Grocery,South,1,116.95,0.0,0,69.51
5019,2025-10-13,Clothing,West,1,225.5,0.0,0,123.15
5020,2025-01-16,Clothing,West,5,194.1,0.0,0,126.95
5021,2025-10-22,Electronics,West,3,168.0,0.15,1,81.0
5022,2025-02-06,Home,West,1,97.89,0.3,0,45.99
5023,2025-09-24,Grocery,West,4,181.97,0.3,0,117.82
5024,2025-11-19,Electronics,South,1,214.42,0.0,0,141.35
5025,2025-09-02,Electronics,West,3,216.34,0.0,1,151.79
5026,2025-01-13,Grocery,East,2,167.26,0.15,0,111.26
5027,2025-06-26,Grocery,West,1,134.25,0.0,1,62.96
5028,2025-05-01,Home,South,3,226.92,0.15,0,176.17
5029,2025-07-29,Electronics,East,4,143.9,0.3,0,84.24
5030,2025-10-19,Grocery,South,2,105.24,0.0,0,81.13
5031,2025-11-22,Electronics,West,1,96.54,0.05,0,67.45
5032,2025-04-19,Electronics,South,2,72.12,0.3,0,40.69
5033,2025-01-20,Home,West,2,64.99,0.15,0,49.55
5034,2025-02-03,Electronics,North,5,210.02,0.0,0,108.95
5035,2025-02-03,Home,East,1,19.68,0.15,0,14.01
5036,2025-12-04,Grocery,East,5,110.77,0.15,0,63.79
5037,2025-06-17,Clothing,South,3,211.6,0.0,0,140.53
5038,2025-11-30,Grocery,South,3,153.45,0.0,0,114.64
5039,2025-12-27,Clothing,South,4,166.62,0.0,0,84.11
5040,2025-02-06,Clothing,South,3,138.82,0.3,0,115.25
5041,2025-10-08,Clothing,East,5,211.76,0.05,0,175.45
5042,2025-05-17,Clothing,East,4,27.9,0.0,0,13.8
5043,2025-09-19,Home,West,4,70.0,0.05,0,43.61
5044,2025-07-13,Grocery,East,5,143.62,0.15,0,79.48
5045,2025-03-25,Electronics,East,4,70.38,0.3,0,38.98
5046,2025-08-24,Home,West,5,79.7,0.05,0,57.72
5047,2025-01-22,Home,East,5,243.47,0.3,0,110.17
5048,2025-12-13,Home,North,5,132.28,0.0,0,102.46
5049,2025-04-21,Grocery,North,5,34.56,0.05,0,29.19
5050,2025-02-15,Grocery,South,5,69.82,0.15,0,50.33
5051,2025-10-08,Clothing,North,3,152.35,0.05,0,120.43
5052,2025-05-20,Electronics,East,2,27.95,0.15,0,22.53
5053,2025-12-12,Grocery,East,1,21.97,0.3,0,11.6
5054,2025-04-12,Grocery,North,3,22.97,0.15,0,12.46
5055,2025-10-20,Clothing,North,3,187.16,0.15,0,132.0
5056,2025-07-07,Electronics,West,4,218.52,0.3,0,129.76
5057,2025-01-03,Clothing,North,2,202.0,0.0,0,109.47
5058,2025-12-04,Grocery,North,4,24.47,0.0,0,18.88
5059,2025-12-16,Electronics,East,1,171.69,0.3,0,126.72
5060,2025-02-16,Grocery,North,2,116.22,0.05,0,97.03
5061,2025-08-08,Home,West,2,90.35,0.15,0,47.04
5062,2025-05-30,Clothing,East,5,208.42,0.0,0,97.31
5063,2025-05-14,Electronics,East,2,23.61,0.05,0,17.5
5064,2025-05-23,Electronics,North,1,217.0,0.0,0,129.85
5065,2025-12-26,Home,West,1,81.65,0.05,0,65.05
5066,2025-04-23,Clothing,East,5,201.71,0.0,0,159.69
5067,2025-06-19,Grocery,East,3,95.13,0.0,0,65.11
5068,2025-12-22,Electronics,West,1,28.74,0.05,0,18.89
5069,2025-08-14,Grocery,East,3,122.57,0.0,0,101.37
5070,2025-05-18,Clothing,North,2,246.55,0.05,0,180.63
5071,2025-12-17,Grocery,North,5,175.0,0.15,0,137.73
5072,2025-06-14,Electronics,South,1,228.01,0.0,0,143.49
5073,2025-06-16,Clothing,South,5,160.0,0.3,0,73.59
5074,2025-06-23,Electronics,West,1,161.63,0.15,0,96.24
5075,2025-07-06,Grocery,South,4,244.52,0.05,0,160.6
5076,2025-03-13,Clothing,North,5,50.64,0.0,0,33.31
5077,2025-07-08,Electronics,East,2,167.87,0.05,0,126.56
5078,2025-03-20,Home,East,5,174.55,0.0,0,86.69
5079,2025-04-26,Clothing,North,2,111.11,0.15,0,81.11
5080,2025-11-25,Grocery,West,3,133.65,0.0,0,72.48
5081,2025-02-06,Home,North,4,227.98,0.05,0,119.32
5082,2025-04-14,Grocery,West,4,98.74,0.05,0,50.71
5083,2025-12-19,Electronics,North,1,88.49,0.0,0,50.51
5084,2025-11-28,Home,North,3,242.65,0.15,0,118.28
5085,2025-08-30,Home,East,1,55.21,0.15,1,44.52
5086,2025-08-12,Home,East,3,28.6,0.3,0,19.55
5087,2025-10-29,Clothing,East,1,192.97,0.15,0,156.25
5088,2025-11-12,Clothing,West,3,178.76,0.15,0,95.69
5089,2025-11-24,Clothing,East,1,106.94,0.15,0,58.06
5090,2025-02-17,Electronics,North,5,214.12,0.0,0,170.67
5091,2025-01-03,Electronics,East,1,113.26,0.3,0,56.22
5092,2025-01-11,Grocery,North,3,106.86,0.0,0,59.89
5093,2025-05-15,Electronics,West,2,46.46,0.3,0,31.73
5094,2025-04-05,Home,West,4,74.43,0.05,0,52.36
5095,2025-02-21,Home,South,1,159.74,0.05,1,107.61
5096,2025-02-07,Home,South,2,221.33,0.15,0,115.11
5097,2025-08-07,Home,North,1,93.74,0.3,0,58.7
5098,2025-02-14,Clothing,West,1,90.29,0.05,1,73.55
5099,2025-12-17,Clothing,East,5,207.35,0.05,0,161.71
5100,2025-12-10,Home,West,3,216.26,0.15,0,98.84
5101,2025-03-12,Home,South,3,211.78,0.3,0,165.81
5102,2025-09-28,Home,East,1,249.45,0.0,0,128.98
5103,2025-05-04,Home,North,2,156.13,0.15,0,98.23
5104,2025-10-12,Electronics,West,3,155.68,0.05,0,125.13
5105,2025-07-29,Electronics,North,4,50.15,0.0,0,40.57
5106,2025-10-02,Electronics,North,1,180.23,0.0,0,150.81
5107,2025-11-06,Clothing,South,2,184.22,0.0,1,138.0
5108,2025-11-12,Home,North,2,53.8,0.0,0,33.25
5109,2025-02-19,Clothing,South,5,142.68,0.15,0,100.77
5110,2025-01-28,Grocery,East,4,119.63,0.0,0,60.12
5111,2025-12-14,Home,East,1,55.82,0.05,0,35.14
5112,2025-08-27,Clothing,North,1,125.24,0.3,0,99.86
5113,2025-10-29,Clothing,East,2,108.99,0.05,0,70.12
5114,2025-06-19,Electronics,East,4,133.55,0.15,0,101.31
5115,2025-10-02,Grocery,West,1,150.61,0.0,0,122.88
5116,2025-08-26,Grocery,West,2,63.74,0.3,0,29.42
5117,2025-02-22,Clothing,West,1,203.0,0.3,0,100.69
5118,2025-10-13,Home,South,5,177.07,0.0,0,86.78
5119,2025-02-11,Grocery,North,2,236.83,0.15,0,184.34
5120,2025-05-24,Grocery,South,1,234.46,0.3,0,134.04
5121,2025-11-19,Clothing,North,5,223.38,0.3,0,123.61
5122,2025-03-29,Clothing,South,2,65.9,0.15,0,47.11
5123,2025-05-02,Grocery,South,2,32.04,0.0,0,15.5
5124,2025-02-12,Electronics,West,3,232.35,0.15,0,155.51
5125,2025-11-13,Grocery,West,3,148.04,0.3,0,90.51
5126,2025-10-06,Grocery,North,4,214.29,0.15,0,174.73
5127,2025-12-16,Grocery,North,3,46.96,0.15,0,22.25
5128,2025-10-14,Electronics,East,4,37.15,0.15,0,17.48
5129,2025-09-13,Home,East,4,34.63,0.0,0,17.5
5130,2025-09-23,Clothing,North,5,62.55,0.05,0,52.15
5131,2025-05-08,Grocery,East,2,19.95,0.05,0,13.09
5132,2025-11-28,Electronics,West,1,114.58,0.0,0,84.44
5133,2025-06-23,Grocery,East,5,98.42,0.3,0,75.89
5134,2025-09-04,Home,South,5,84.94,0.15,0,69.08
5135,2025-11-03,Grocery,North,3,99.62,0.05,0,69.72
5136,2025-09-18,Home,East,5,233.09,0.15,0,153.54
5137,2025-12-10,Grocery,East,3,60.41,0.0,0,30.77
5138,2025-01-02,Clothing,East,3,44.97,0.3,0,38.14
5139,2025-02-22,Home,South,2,249.64,0.15,0,128.6
5140,2025-10-02,Grocery,South,4,138.73,0.3,0,75.85
5141,2025-09-11,Electronics,East,2,131.36,0.3,0,82.38
5142,2025-12-15,Home,South,2,81.88,0.15,0,57.97
5143,2025-10-12,Grocery,West,4,220.89,0.3,0,101.24
5144,2025-10-06,Home,North,2,245.2,0.0,0,142.56
5145,2025-06-10,Clothing,West,1,43.33,0.0,0,20.7
5146,2025-01-23,Clothing,South,4,131.51,0.05,0,105.59
5147,2025-06-22,Clothing,South,2,156.89,0.05,0,126.3
5148,2025-12-12,Home,South,5,126.27,0.05,0,68.91
5149,2025-11-15,Clothing,North,5,197.13,0.0,0,115.2
5150,2025-03-10,Grocery,West,1,175.61,0.3,0,135.22
5151,2025-06-27,Home,East,1,227.99,0.05,1,142.6
5152,2025-12-06,Grocery,North,3,231.8,0.3,0,151.77
5153,2025-03-04,Electronics,East,1,84.92,0.05,0,45.28
5154,2025-04-06,Grocery,South,5,109.2,0.0,0,91.28
5155,2025-12-02,Clothing,West,5,50.91,0.05,0,31.83
5156,2025-07-08,Home,East,1,25.22,0.05,1,11.5
5157,2025-12-09,Electronics,South,3,90.78,0.15,0,66.98
5158,2025-03-07,Electronics,East,1,210.73,0.0,0,96.88
5159,2025-01-21,Clothing,West,2,101.91,0.05,0,77.99
5160,2025-12-28,Grocery,North,3,178.08,0.3,0,101.19
5161,2025-08-10,Home,West,5,205.44,0.0,0,156.17
5162,2025-11-26,Grocery,East,1,43.9,0.3,0,30.9
5163,2025-03-11,Home,East,4,112.17,0.3,0,61.57
5164,2025-06-19,Electronics,East,2,137.91,0.05,0,87.81
5165,2025-11-28,Electronics,South,4,222.69,0.15,0,143.85
5166,2025-05-01,Grocery,West,3,76.67,0.0,0,58.94
5167,2025-07-25,Grocery,North,3,166.26,0.0,1,74.95
5168,2025-05-26,Grocery,South,3,108.1,0.05,0,84.05
5169,2025-04-17,Home,East,1,84.75,0.0,0,48.52
5170,2025-11-09,Home,North,1,153.96,0.05,0,121.62
5171,2025-11-23,Electronics,East,4,136.15,0.15,0,66.75
5172,2025-04-10,Clothing,East,5,20.22,0.3,0,15.28
5173,2025-01-30,Grocery,West,5,144.19,0.15,1,86.95
5174,2025-05-22,Electronics,East,5,198.69,0.3,0,154.66
5175,2025-02-18,Electronics,North,1,137.78,0.0,0,93.15
5176,2025-10-13,Clothing,East,5,176.35,0.05,0,147.67
5177,2025-10-30,Electronics,East,5,15.55,0.15,0,12.91
5178,2025-02-19,Grocery,North,5,212.38,0.05,0,119.05
5179,2025-01-07,Grocery,North,2,114.09,0.3,0,60.26
5180,2025-12-19,Home,South,5,66.76,0.3,0,42.08
5181,2025-05-16,Grocery,South,5,187.52,0.0,1,84.83
5182,2025-03-08,Electronics,East,5,108.75,0.15,0,84.62
5183,2025-01-16,Home,West,5,115.3,0.0,0,96.01
5184,2025-01-14,Electronics,North,3,173.82,0.3,0,103.31
5185,2025-08-15,Grocery,North,5,124.29,0.05,0,58.31
5186,2025-06-14,Home,North,2,74.44,0.15,0,62.16
5187,2025-11-18,Home,South,4,64.46,0.05,0,30.2
5188,2025-11-14,Clothing,West,3,242.97,0.3,0,199.84
5189,2025-02-13,Home,North,1,176.62,0.05,0,108.92
5190,2025-01-22,Home,East,1,41.51,0.0,0,26.87
5191,2025-04-15,Home,West,2,54.53,0.3,0,38.83
5192,2025-06-02,Electronics,West,4,189.1,0.0,0,144.0
5193,2025-05-25,Home,West,5,49.15,0.0,0,38.63
5194,2025-10-04,Grocery,East,4,226.66,0.3,0,159.38
5195,2025-07-19,Home,North,4,220.38,0.0,0,165.81
5196,2025-09-23,Home,South,3,156.74,0.3,0,112.95
5197,2025-03-21,Electronics,South,4,54.21,0.0,0,38.93
5198,2025-11-04,Grocery,South,2,40.4,0.15,0,31.36
5199,2025-04-24,Home,North,4,152.76,0.05,0,111.72
5200,2025-05-30,Home,West,4,225.02,0.05,0,184.49
5201,2025-03-06,Home,South,3,96.2,0.0,0,56.56
5202,2025-12-10,Clothing,South,5,22.97,0.05,0,17.94
5203,2025-05-12,Home,East,4,240.0,0.05,0,133.0
5204,2025-08-08,Home,East,4,102.28,0.05,0,56.09
5205,2025-12-10,Grocery,South,5,212.37,0.05,0,163.03
5206,2025-09-11,Clothing,South,2,238.39,0.3,0,182.27
5207,2025-01-04,Home,West,2,124.24,0.15,0,81.34
5208,2025-08-15,Clothing,West,3,68.53,0.05,0,31.74
5209,2025-11-04,Home,South,4,159.0,0.15,0,114.74
5210,2025-03-01,Clothing,South,1,24.36,0.3,0,12.54
5211,2025-01-02,Grocery,West,2,164.84,0.3,0,82.9
5212,2025-07-21,Electronics,West,1,199.27,0.15,0,107.53
5213,2025-05-27,Grocery,North,3,98.96,0.3,0,77.09
5214,2025-02-05,Electronics,South,2,220.7,0.0,0,143.59
5215,2025-06-16,Electronics,East,4,19.45,0.0,0,16.4
5216,2025-03-03,Grocery,North,1,196.94,0.05,0,120.54
5217,2025-12-22,Home,West,1,66.16,0.0,0,40.87
5218,2025-05-20,Clothing,North,2,248.39,0.0,0,179.82
5219,2025-05-06,Home,North,4,232.85,0.3,1,185.29
5220,2025-10-24,Home,South,3,65.95,0.0,0,50.78
5221,2025-10-09,Electronics,East,5,187.41,0.15,1,159.24
5222,2025-07-01,Electronics,East,2,167.68,0.0,0,114.88
5223,2025-02-04,Home,South,5,132.49,0.15,0,60.43
5224,2025-07-31,Electronics,West,3,95.28,0.0,0,48.91
5225,2025-03-25,Grocery,South,4,171.67,0.3,0,140.31
5226,2025-10-24,Home,West,3,37.33,0.0,0,31.11
5227,2025-04-29,Electronics,South,3,33.7,0.05,0,28.39
5228,2025-06-30,Clothing,North,3,28.8,0.05,0,23.93
5229,2025-09-23,Electronics,South,5,72.05,0.3,0,57.7
5230,2025-06-15,Home,South,1,232.24,0.0,0,184.28
5231,2025-03-18,Clothing,East,1,242.71,0.05,0,148.5
5232,2025-11-11,Electronics,South,4,47.04,0.3,0,34.78
5233,2025-12-29,Electronics,East,2,157.42,0.0,0,112.35
5234,2025-09-04,Home,South,4,160.35,0.3,0,95.9
5235,2025-11-02,Grocery,North,5,234.3,0.3,0,128.89
5236,2025-02-19,Grocery,East,1,133.72,0.15,0,74.74
5237,2025-10-21,Clothing,South,5,152.63,0.3,1,114.13
5238,2025-12-01,Grocery,South,2,104.47,0.15,0,70.76
5239,2025-01-15,Electronics,East,1,79.53,0.05,0,59.87
5240,2025-05-24,Grocery,South,3,127.2,0.05,0,78.52
5241,2025-06-17,Home,West,2,97.45,0.3,0,53.22
5242,2025-07-29,Home,North,4,34.95,0.3,0,17.1
5243,2025-04-13,Home,South,1,43.7,0.0,0,23.91
5244,2025-11-05,Home,South,4,45.04,0.15,0,35.23
5245,2025-11-23,Home,East,1,15.11,0.0,0,10.06
5246,2025-10-14,Home,South,3,126.55,0.15,0,64.45
5247,2025-09-17,Grocery,East,3,188.79,0.3,0,85.22
5248,2025-07-21,Grocery,East,1,76.28,0.15,1,56.53
5249,2025-07-14,Clothing,North,3,194.69,0.3,0,151.28
5250,2025-06-26,Home,North,2,22.16,0.0,0,11.93
5251,2025-11-21,Grocery,North,2,36.04,0.3,0,25.16
5252,2025-05-03,Grocery,East,3,207.5,0.3,0,119.11
5253,2025-09-01,Grocery,South,3,44.08,0.15,0,29.56
5254,2025-06-10,Clothing,West,3,79.43,0.3,0,65.32
5255,2025-07-10,Clothing,North,1,27.68,0.15,1,13.75
5256,2025-06-04,Home,North,3,122.23,0.0,0,100.64
5257,2025-02-15,Home,East,3,24.36,0.05,0,13.9
5258,2025-07-09,Home,South,5,176.71,0.15,1,110.66
5259,2025-04-17,Home,East,1,50.01,0.3,0,24.62
5260,2025-11-20,Grocery,East,1,229.62,0.05,0,140.72
5261,2025-08-12,Clothing,South,2,67.08,0.05,0,45.91
5262,2025-09-28,Electronics,South,3,223.92,0.3,0,103.9
5263,2025-08-16,Home,West,2,116.41,0.15,1,65.85
5264,2025-01-20,Grocery,South,1,39.33,0.15,0,27.69
5265,2025-09-28,Home,North,2,107.4,0.15,0,78.87
5266,2025-05-15,Grocery,South,4,113.11,0.0,0,75.73
5267,2025-05-18,Home,South,2,68.86,0.05,0,47.84
5268,2025-01-04,Electronics,East,5,121.02,0.05,0,71.14
5269,2025-07-14,Electronics,East,5,96.54,0.3,0,75.97
5270,2025-02-15,Home,North,3,178.21,0.15,0,150.59
5271,2025-08-27,Grocery,North,2,147.62,0.3,1,84.65
5272,2025-03-09,Home,North,5,115.0,0.0,0,80.34
5273,2025-08-03,Electronics,South,1,58.89,0.0,0,49.1
5274,2025-12-07,Electronics,East,5,89.42,0.15,0,75.86
5275,2025-05-21,Clothing,South,5,81.37,0.3,0,47.16
5276,2025-07-21,Clothing,West,5,54.27,0.3,0,41.54
5277,2025-04-18,Electronics,South,5,46.27,0.15,0,37.32
5278,2025-08-16,Grocery,West,3,82.65,0.0,0,42.08
5279,2025-02-28,Electronics,South,1,83.05,0.05,0,64.26
5280,2025-08-04,Home,East,4,249.89,0.0,0,165.02
5281,2025-01-03,Electronics,South,3,28.02,0.3,0,14.79
5282,2025-02-13,Electronics,East,3,82.72,0.15,0,37.91
5283,2025-07-23,Grocery,North,4,236.25,0.0,0,167.97
5284,2025-12-31,Clothing,East,5,32.01,0.05,0,15.42
5285,2025-02-14,Electronics,East,3,60.41,0.0,0,44.41
5286,2025-07-03,Clothing,North,2,159.26,0.0,0,130.89
5287,2025-06-17,Electronics,West,1,214.95,0.05,1,112.52
5288,2025-05-15,Grocery,South,5,76.55,0.3,0,50.2
5289,2025-09-07,Home,North,2,20.84,0.3,0,13.07
5290,2025-06-28,Electronics,South,1,68.3,0.3,0,37.9
5291,2025-12-16,Clothing,North,5,48.61,0.15,0,38.84
5292,2025-08-03,Electronics,West,2,182.35,0.05,0,150.49
5293,2025-05-01,Home,West,4,108.7,0.05,0,71.09
5294,2025-07-28,Home,North,2,75.35,0.15,0,39.62
5295,2025-06-05,Clothing,South,3,196.58,0.0,0,94.3
5296,2025-04-21,Home,South,5,112.19,0.0,0,83.58
5297,2025-09-03,Grocery,West,2,176.75,0.3,0,86.4
5298,2025-12-19,Clothing,North,3,45.13,0.3,0,23.04
5299,2025-11-26,Grocery,East,2,78.21,0.05,0,37.7
5300,2025-10-03,Grocery,South,3,172.67,0.15,0,135.75
5301,2025-02-07,Clothing,South,2,51.98,0.0,1,35.98
5302,2025-12-01,Electronics,East,3,77.43,0.0,0,51.8
5303,2025-08-14,Home,North,2,127.19,0.15,0,100.05
5304,2025-08-27,Electronics,West,4,235.43,0.15,0,199.91
5305,2025-09-14,Grocery,South,3,25.06,0.15,0,11.57
5306,2025-10-11,Electronics,South,4,63.48,0.0,0,36.58
5307,2025-05-31,Electronics,East,4,231.83,0.15,0,120.9
5308,2025-02-16,Electronics,East,2,64.64,0.3,1,50.71
5309,2025-08-13,Grocery,South,1,57.47,0.0,0,44.06
5310,2025-02-06,Electronics,North,4,126.87,0.15,0,66.32
5311,2025-01-08,Electronics,South,2,190.57,0.05,0,99.11
5312,2025-12-29,Clothing,West,5,19.2,0.05,0,9.42
5313,2025-01-07,Electronics,East,5,18.11,0.0,0,14.99
5314,2025-12-06,Grocery,North,1,65.11,0.05,0,34.07
5315,2025-02-21,Grocery,North,3,184.51,0.15,0,106.41
5316,2025-01-02,Home,East,1,52.17,0.3,0,43.29
5317,2025-05-05,Grocery,West,2,180.12,0.05,0,135.41
5318,2025-01-28,Electronics,West,4,221.06,0.05,1,135.13
5319,2025-06-11,Home,West,1,169.92,0.05,0,133.35
5320,2025-06-28,Home,North,2,99.18,0.3,0,45.09
5321,2025-06-17,Grocery,North,4,27.92,0.05,0,23.59
5322,2025-03-19,Grocery,West,5,225.09,0.05,0,140.79
5323,2025-07-23,Grocery,East,2,50.72,0.0,0,37.39
5324,2025-08-27,Clothing,East,1,186.9,0.0,0,86.0
5325,2025-05-24,Clothing,North,1,220.94,0.15,0,137.23
5326,2025-04-19,Electronics,West,4,228.16,0.15,1,158.33
5327,2025-02-10,Electronics,East,5,52.25,0.0,0,39.68
5328,2025-01-02,Clothing,West,2,248.55,0.0,0,197.79
5329,2025-02-21,Home,North,1,111.84,0.05,0,57.49
5330,2025-11-25,Electronics,South,2,53.51,0.05,0,38.6
5331,2025-10-29,Grocery,West,4,148.51,0.3,0,68.78
5332,2025-06-09,Electronics,North,1,176.51,0.3,0,118.59
5333,2025-01-01,Home,North,2,249.61,0.0,0,196.98
5334,2025-07-19,Grocery,West,4,203.59,0.0,0,139.03
5335,2025-12-11,Home,East,1,247.08,0.0,0,208.55
5336,2025-12-02,Clothing,South,2,249.7,0.3,0,146.36
5337,2025-01-22,Home,South,4,88.62,0.0,0,42.65
5338,2025-07-21,Clothing,North,4,119.49,0.0,0,81.31
5339,2025-05-15,Electronics,North,5,198.54,0.3,0,117.33
5340,2025-10-15,Clothing,West,4,53.48,0.0,0,27.29
5341,2025-09-23,Home,South,1,35.16,0.0,0,25.45
5342,2025-04-14,Electronics,West,4,154.81,0.3,0,106.05
5343,2025-11-11,Home,South,5,97.91,0.3,1,54.58
5344,2025-12-06,Electronics,North,2,158.51,0.0,0,132.94
5345,2025-07-26,Grocery,North,4,105.69,0.15,1,73.18
5346,2025-11-23,Clothing,East,5,217.72,0.15,0,110.88
5347,2025-02-02,Home,South,3,17.84,0.3,0,9.38
5348,2025-01-16,Home,West,1,227.53,0.15,0,110.99
5349,2025-06-03,Electronics,West,3,235.19,0.3,0,118.13
5350,2025-06-18,Grocery,South,5,93.9,0.05,0,69.07
5351,2025-07-25,Grocery,North,2,249.96,0.3,0,209.68
5352,2025-04-28,Home,South,4,99.42,0.05,0,69.66
5353,2025-01-09,Clothing,North,5,119.9,0.3,0,85.89
5354,2025-03-30,Home,South,3,200.49,0.05,0,123.86
5355,2025-06-04,Clothing,South,5,202.49,0.0,0,119.61
5356,2025-12-08,Electronics,East,3,103.56,0.3,0,56.27
5357,2025-03-25,Clothing,South,2,216.47,0.3,0,123.96
5358,2025-11-06,Home,West,2,95.06,0.05,0,75.49
5359,2025-01-06,Grocery,West,5,87.57,0.15,0,58.02
5360,2025-11-05,Clothing,East,5,134.42,0.05,0,93.08
5361,2025-10-01,Electronics,East,3,68.17,0.15,0,36.67
5362,2025-11-06,Grocery,South,2,202.88,0.3,0,142.59
5363,2025-03-13,Electronics,East,2,176.63,0.05,1,148.07
5364,2025-02-09,Grocery,West,5,45.95,0.15,0,38.35
5365,2025-11-24,Clothing,East,3,173.69,0.15,0,131.8
5366,2025-05-29,Clothing,West,4,208.34,0.05,0,174.03
5367,2025-03-01,Clothing,South,3,223.99,0.05,0,120.79
5368,2025-03-29,Electronics,East,4,27.7,0.05,0,18.56
5369,2025-05-14,Home,West,4,225.66,0.05,0,130.04
5370,2025-08-23,Clothing,South,3,46.29,0.05,0,21.23
5371,2025-01-28,Home,North,2,131.78,0.0,0,106.35
5372,2025-04-03,Clothing,East,3,16.84,0.05,0,8.35
5373,2025-05-11,Clothing,North,3,153.63,0.05,0,99.95
5374,2025-11-18,Clothing,East,4,223.5,0.0,0,170.03
5375,2025-02-02,Home,West,5,151.21,0.15,0,122.77
5376,2025-09-07,Clothing,East,1,232.91,0.3,0,116.67
5377,2025-12-08,Clothing,North,5,219.77,0.05,0,107.05
5378,2025-06-22,Clothing,South,4,142.2,0.0,0,115.65
5379,2025-04-04,Electronics,South,4,151.06,0.0,0,125.84
5380,2025-08-08,Home,South,5,161.58,0.3,0,104.08
5381,2025-11-15,Home,East,3,156.72,0.05,0,104.17
5382,2025-09-08,Clothing,North,2,101.11,0.05,0,81.73
5383,2025-09-01,Clothing,West,1,50.5,0.0,0,34.47
5384,2025-11-10,Grocery,North,1,100.84,0.15,0,48.61
5385,2025-03-05,Grocery,West,2,107.77,0.3,0,85.7
5386,2025-02-25,Clothing,South,1,237.74,0.15,0,140.57
5387,2025-06-05,Electronics,North,3,102.17,0.0,0,64.74
5388,2025-08-13,Grocery,South,2,248.25,0.3,0,157.09
5389,2025-12-24,Home,West,2,162.74,0.0,0,93.14
5390,2025-08-16,Home,South,5,98.13,0.15,1,82.49
5391,2025-03-11,Clothing,East,3,36.58,0.0,0,24.1
5392,2025-05-09,Electronics,South,3,228.41,0.3,0,138.22
5393,2025-03-20,Electronics,West,1,28.06,0.0,0,21.43
5394,2025-07-02,Grocery,North,3,125.45,0.15,0,93.48
5395,2025-02-24,Clothing,East,5,69.15,0.05,0,45.71
5396,2025-05-04,Electronics,North,5,220.01,0.3,0,108.11
5397,2025-11-08,Grocery,North,2,47.87,0.15,0,26.6
5398,2025-07-11,Grocery,West,5,196.98,0.0,0,140.69
5399,2025-07-29,Electronics,North,2,161.12,0.05,1,96.13
5400,2025-02-04,Electronics,South,4,238.77,0.0,0,150.73
5401,2025-07-21,Grocery,East,2,33.63,0.3,0,19.83
5402,2025-06-17,Electronics,North,3,48.6,0.3,0,26.85
5403,2025-09-23,Electronics,South,5,209.01,0.0,0,140.55
5404,2025-02-09,Home,North,5,207.69,0.3,0,151.24
5405,2025-07-17,Electronics,North,2,203.1,0.05,0,122.19
5406,2025-04-07,Clothing,West,1,29.73,0.3,0,18.16
5407,2025-11-22,Grocery,North,2,175.84,0.05,0,113.85
5408,2025-07-08,Home,North,5,183.78,0.3,0,82.83
5409,2025-05-20,Grocery,North,2,113.21,0.3,1,92.54
5410,2025-07-11,Grocery,East,3,38.91,0.3,0,29.61
5411,2025-04-07,Home,East,1,133.69,0.0,0,89.54
5412,2025-03-14,Home,North,3,135.45,0.15,1,95.11
5413,2025-03-05,Electronics,North,4,79.44,0.05,0,63.19
5414,2025-10-18,Clothing,South,2,201.7,0.05,0,131.37
5415,2025-07-31,Grocery,East,2,66.51,0.3,0,48.93
5416,2025-02-18,Electronics,East,1,56.28,0.05,0,29.56
5417,2025-05-14,Electronics,North,5,39.42,0.15,0,23.13
5418,2025-08-05,Grocery,West,3,120.43,0.15,0,60.75
5419,2025-11-18,Home,West,3,218.9,0.0,0,162.29
5420,2025-06-24,Clothing,East,3,236.47,0.05,0,181.57
5421,2025-11-22,Home,North,3,17.83,0.15,0,10.19
5422,2025-04-29,Grocery,North,4,19.63,0.0,0,11.78
5423,2025-08-17,Clothing,North,3,235.8,0.15,0,121.71
5424,2025-05-10,Home,South,2,32.42,0.3,0,17.04
5425,2025-08-22,Clothing,West,1,110.38,0.0,0,65.71
5426,2025-11-10,Home,West,3,122.91,0.3,0,88.06
5427,2025-06-29,Grocery,South,2,152.35,0.3,0,76.13
5428,2025-06-13,Clothing,North,3,85.32,0.0,0,63.43
5429,2025-05-31,Home,East,3,59.69,0.05,0,44.96
5430,2025-02-05,Grocery,West,1,172.99,0.0,0,131.17
5431,2025-06-29,Home,North,2,63.61,0.3,0,30.8
5432,2025-09-20,Electronics,West,4,236.19,0.3,0,169.96
5433,2025-05-26,Home,West,1,144.28,0.15,0,87.42
5434,2025-04-03,Electronics,North,5,118.73,0.3,0,58.65
5435,2025-12-08,Clothing,East,3,145.6,0.3,0,71.52
5436,2025-05-10,Clothing,South,2,63.05,0.0,0,47.36
5437,2025-01-11,Electronics,West,4,22.43,0.05,0,12.42
5438,2025-09-07,Grocery,East,1,109.95,0.0,0,82.78
5439,2025-11-26,Electronics,East,2,113.97,0.15,0,92.23
5440,2025-10-27,Home,East,1,137.41,0.15,0,65.29
5441,2025-05-05,Clothing,North,3,223.59,0.0,0,138.52
5442,2025-04-14,Home,South,3,222.69,0.3,0,139.74
5443,2025-09-09,Home,North,3,235.55,0.05,0,116.4
5444,2025-06-30,Electronics,North,3,120.73,0.0,0,93.56
5445,2025-09-24,Home,East,5,170.38,0.15,0,100.26
5446,2025-02-19,Electronics,East,5,188.68,0.15,0,97.27
5447,2025-08-20,Home,South,4,238.21,0.0,0,172.36
5448,2025-06-18,Electronics,East,2,147.42,0.15,0,74.85
5449,2025-08-02,Grocery,North,1,33.94,0.05,0,23.48
5450,2025-11-30,Clothing,South,1,29.92,0.05,0,20.01
5451,2025-02-24,Electronics,North,2,207.33,0.15,0,127.65
5452,2025-03-21,Grocery,North,1,80.48,0.3,0,39.26
5453,2025-02-25,Home,North,1,119.9,0.15,0,70.83
5454,2025-09-28,Clothing,North,3,72.35,0.3,0,57.05
5455,2025-09-17,Electronics,South,5,52.72,0.0,0,39.72
5456,2025-03-13,Electronics,South,1,143.2,0.05,0,91.56
5457,2025-01-17,Electronics,West,1,236.22,0.05,0,161.65
5458,2025-09-15,Home,East,5,225.54,0.05,0,142.75
5459,2025-02-07,Home,North,5,205.0,0.15,0,122.83
5460,2025-06-25,Grocery,West,4,142.14,0.0,0,119.03
5461,2025-06-12,Grocery,West,2,202.63,0.15,0,112.75
5462,2025-08-28,Grocery,West,5,222.87,0.05,0,123.7
5463,2025-10-08,Home,North,1,230.88,0.0,0,106.45
5464,2025-03-30,Electronics,West,5,26.06,0.15,0,11.96
5465,2025-03-26,Home,West,2,59.22,0.3,1,36.75
5466,2025-03-03,Grocery,East,2,178.64,0.15,0,146.54
5467,2025-11-26,Home,South,1,67.06,0.0,0,56.76
5468,2025-12-31,Home,South,2,193.55,0.0,0,135.4
5469,2025-09-13,Clothing,West,5,73.4,0.05,0,46.02
5470,2025-08-29,Clothing,North,1,19.4,0.3,1,11.67
5471,2025-05-22,Electronics,West,3,180.36,0.15,1,143.46
5472,2025-01-06,Electronics,West,5,176.36,0.3,0,132.4
5473,2025-09-10,Home,East,2,70.65,0.15,0,37.22
5474,2025-12-09,Grocery,East,3,146.36,0.3,0,106.37
5475,2025-11-16,Electronics,East,4,16.7,0.15,0,9.33
5476,2025-08-08,Clothing,East,1,80.52,0.15,1,64.55
5477,2025-07-20,Electronics,West,1,70.15,0.0,0,57.8
5478,2025-10-22,Home,East,2,132.11,0.3,1,68.01
5479,2025-07-23,Home,East,2,86.73,0.15,1,66.72
5480,2025-05-30,Clothing,West,3,28.12,0.3,0,17.05
5481,2025-10-21,Grocery,East,1,129.91,0.05,0,77.29
5482,2025-07-17,Home,South,5,16.9,0.15,0,11.1
5483,2025-01-28,Clothing,East,2,34.39,0.15,0,25.15
5484,2025-07-17,Grocery,West,1,53.01,0.3,0,26.55
5485,2025-11-17,Electronics,South,3,193.67,0.05,0,103.41
5486,2025-01-07,Clothing,West,4,86.28,0.05,0,42.92
5487,2025-06-14,Electronics,East,3,120.23,0.15,0,74.94
5488,2025-06-23,Home,East,3,238.73,0.3,0,125.24
5489,2025-04-29,Clothing,South,3,187.45,0.15,0,98.72
5490,2025-05-10,Home,East,3,236.69,0.05,0,157.43
5491,2025-11-15,Clothing,East,2,165.43,0.15,0,93.51
5492,2025-09-07,Electronics,East,2,189.06,0.3,0,154.44
5493,2025-10-22,Electronics,West,1,188.72,0.3,0,135.2
5494,2025-11-22,Electronics,West,3,27.26,0.05,0,12.56
5495,2025-11-15,Home,West,1,161.64,0.05,0,120.37
5496,2025-01-12,Grocery,East,3,122.32,0.0,0,97.88
5497,2025-06-11,Home,West,2,82.68,0.0,0,37.92
5498,2025-11-27,Clothing,South,1,74.9,0.3,0,58.45
5499,2025-12-25,Grocery,West,5,103.91,0.15,0,70.29
5500,2025-02-25,Grocery,North,5,34.81,0.05,0,29.31
5501,2025-11-20,Clothing,West,4,212.57,0.05,0,157.67
5502,2025-05-21,Grocery,South,3,237.77,0.3,0,136.29
5503,2025-08-22,Electronics,West,2,42.03,0.05,0,25.36
5504,2025-04-11,Electronics,South,3,242.78,0.3,0,165.75
5505,2025-09-28,Electronics,East,4,217.88,0.3,0,180.59
5506,2025-08-15,Home,West,5,68.68,0.3,1,43.39
5507,2025-08-12,Grocery,West,5,246.67,0.3,0,178.94
5508,2025-12-21,Clothing,South,4,176.99,0.3,0,128.21
5509,2025-09-25,Grocery,East,4,130.24,0.15,0,99.65
5510,2025-09-05,Electronics,West,3,162.92,0.15,0,82.36
5511,2025-08-16,Electronics,West,3,98.52,0.0,0,71.92
5512,2025-12-09,Electronics,East,3,159.95,0.0,0,118.14
5513,2025-06-18,Home,West,1,198.86,0.3,0,115.14
5514,2025-02-15,Home,South,2,109.9,0.3,0,81.57
5515,2025-04-18,Grocery,West,2,70.73,0.05,0,60.06
5516,2025-01-06,Home,West,1,124.3,0.15,0,85.19
5517,2025-06-26,Electronics,South,1,248.72,0.05,0,202.29
5518,2025-03-16,Home,West,4,158.61,0.05,0,95.28
5519,2025-02-23,Home,East,3,104.58,0.05,0,69.87
5520,2025-11-16,Clothing,West,2,139.3,0.15,0,67.29
5521,2025-07-22,Home,North,4,151.41,0.3,0,117.45
5522,2025-05-01,Clothing,West,1,113.42,0.15,0,78.67
5523,2025-12-23,Grocery,North,5,224.99,0.05,0,163.64
5524,2025-04-24,Electronics,East,1,53.39,0.3,0,31.92
5525,2025-11-19,Electronics,South,3,182.13,0.0,0,114.66
5526,2025-03-23,Home,South,5,92.36,0.15,0,59.55
5527,2025-02-24,Home,East,3,163.45,0.3,0,114.65
5528,2025-12-21,Grocery,West,1,151.31,0.15,0,120.29
5529,2025-06-13,Clothing,West,1,74.22,0.3,0,57.12
5530,2025-12-13,Home,West,1,22.17,0.05,0,16.56
5531,2025-03-09,Electronics,North,1,180.22,0.0,0,132.06
5532,2025-06-21,Grocery,West,5,231.05,0.05,0,110.84
5533,2025-11-27,Electronics,North,5,193.54,0.3,0,158.95
5534,2025-11-03,Grocery,West,2,224.12,0.15,0,108.03
5535,2025-02-12,Home,South,2,240.26,0.05,0,179.89
5536,2025-02-10,Grocery,West,4,151.62,0.0,0,123.09
5537,2025-12-06,Home,East,5,107.0,0.05,0,77.31
5538,2025-03-03,Clothing,West,2,54.34,0.3,1,41.03
5539,2025-01-01,Electronics,West,5,139.48,0.3,0,113.43
5540,2025-12-30,Clothing,East,3,137.48,0.05,0,81.36
5541,2025-06-19,Grocery,South,4,102.06,0.15,0,85.37
5542,2025-03-25,Clothing,West,2,30.35,0.0,1,14.55
5543,2025-06-05,Clothing,East,3,94.89,0.15,0,51.54
5544,2025-03-05,Clothing,West,1,159.27,0.3,0,101.97
5545,2025-08-27,Clothing,North,4,183.55,0.15,0,111.75
5546,2025-01-30,Grocery,North,4,143.12,0.15,0,98.6
5547,2025-07-12,Electronics,South,3,42.79,0.3,0,21.96
5548,2025-12-19,Clothing,East,4,129.13,0.05,1,79.6
5549,2025-09-06,Electronics,East,5,156.45,0.15,0,111.88
5550,2025-07-31,Clothing,East,3,144.96,0.15,0,118.41
5551,2025-08-03,Home,West,1,133.59,0.0,0,66.89
5552,2025-06-27,Clothing,South,3,38.24,0.15,0,22.38
5553,2025-12-11,Grocery,North,4,43.96,0.05,0,32.95
5554,2025-12-23,Electronics,West,5,16.11,0.05,0,10.49
5555,2025-11-19,Home,South,5,41.47,0.0,0,26.15
5556,2025-03-27,Electronics,North,2,46.42,0.0,0,26.89
5557,2025-07-22,Electronics,East,2,31.32,0.3,0,23.98
5558,2025-02-03,Grocery,West,3,57.83,0.3,0,36.23
5559,2025-07-12,Home,South,3,218.97,0.3,0,106.59
5560,2025-07-19,Electronics,West,1,231.96,0.0,1,104.57
5561,2025-11-13,Grocery,North,3,185.56,0.05,0,151.03
5562,2025-04-26,Home,North,2,22.43,0.3,0,13.65
5563,2025-11-19,Electronics,North,2,122.92,0.0,0,77.7
5564,2025-08-23,Home,East,5,79.49,0.15,0,67.09
5565,2025-04-19,Electronics,West,3,93.56,0.3,0,52.94
5566,2025-11-02,Grocery,South,3,221.08,0.05,0,134.82
5567,2025-08-16,Clothing,North,4,138.57,0.0,0,114.08
5568,2025-12-22,Grocery,West,5,90.44,0.0,0,52.28
5569,2025-05-03,Clothing,South,4,62.43,0.05,0,35.26
5570,2025-08-15,Electronics,East,1,246.17,0.05,0,199.53
5571,2025-09-09,Grocery,South,1,241.86,0.15,0,190.07
5572,2025-01-16,Electronics,West,5,123.95,0.15,0,68.87
5573,2025-02-23,Clothing,North,1,45.58,0.3,0,30.75
5574,2025-07-06,Electronics,North,2,197.49,0.0,0,110.62
5575,2025-08-19,Home,South,1,162.87,0.3,0,113.21
5576,2025-09-29,Clothing,East,4,222.88,0.0,0,145.73
5577,2025-07-14,Home,South,4,196.97,0.15,0,90.81
5578,2025-02-21,Clothing,West,2,65.39,0.15,0,53.42
5579,2025-04-18,Grocery,North,2,29.95,0.05,1,14.3
5580,2025-07-12,Grocery,East,1,244.04,0.15,0,199.08
5581,2025-12-03,Home,East,4,139.87,0.3,0,110.5
5582,2025-11-26,Grocery,North,2,72.79,0.05,0,48.34
5583,2025-10-03,Home,West,2,216.86,0.0,0,150.13
5584,2025-01-24,Home,East,2,69.74,0.05,0,57.26
5585,2025-12-25,Electronics,East,3,173.6,0.15,0,132.97
5586,2025-08-15,Home,East,5,194.17,0.15,0,124.39
5587,2025-04-06,Home,South,2,21.73,0.0,0,14.36
5588,2025-03-31,Grocery,South,5,102.82,0.3,0,59.09
5589,2025-09-23,Grocery,West,2,90.51,0.05,0,68.9
5590,2025-10-12,Home,South,5,185.69,0.0,0,113.64
5591,2025-08-28,Home,South,5,175.53,0.0,0,131.39
5592,2025-01-05,Grocery,North,2,168.21,0.3,0,128.28
5593,2025-10-17,Home,West,2,195.35,0.3,0,141.75
5594,2025-08-31,Home,West,1,47.58,0.15,0,29.42
5595,2025-02-04,Grocery,South,1,176.74,0.15,0,137.04
5596,2025-09-15,Grocery,North,2,31.58,0.15,0,19.18
5597,2025-11-11,Grocery,North,2,203.14,0.05,0,145.03
5598,2025-10-19,Home,West,5,104.49,0.15,0,85.81
5599,2025-04-22,Home,North,5,34.83,0.3,0,20.81
5600,2025-09-07,Grocery,North,1,51.92,0.3,0,28.04
5601,2025-05-16,Electronics,South,2,112.74,0.0,0,59.4
5602,2025-12-17,Clothing,North,2,121.46,0.05,0,96.99
5603,2025-09-24,Electronics,North,4,220.94,0.05,0,177.21
5604,2025-10-29,Grocery,East,2,109.29,0.0,0,50.18
5605,2025-10-10,Home,North,5,101.52,0.0,0,62.13
5606,2025-10-17,Home,North,5,238.28,0.15,0,116.92
5607,2025-06-22,Clothing,West,3,174.17,0.0,1,121.34
5608,2025-01-10,Electronics,South,1,88.74,0.15,0,65.89
5609,2025-08-29,Clothing,East,3,93.05,0.0,0,70.91
5610,2025-04-12,Grocery,East,4,85.39,0.15,0,49.46
5611,2025-05-30,Grocery,West,1,220.05,0.3,0,114.42
5612,2025-09-18,Home,South,3,167.2,0.0,0,136.75
5613,2025-08-06,Home,North,4,60.74,0.0,0,48.0
5614,2025-09-27,Grocery,North,2,73.75,0.15,0,59.5
5615,2025-08-09,Clothing,North,2,209.63,0.0,0,113.85
5616,2025-08-03,Home,West,2,39.82,0.0,0,23.64
5617,2025-10-21,Electronics,North,4,18.23,0.3,1,11.13
5618,2025-08-20,Electronics,North,5,204.16,0.0,0,146.45
5619,2025-12-01,Clothing,West,5,242.29,0.05,0,118.96
5620,2025-04-01,Home,North,5,160.39,0.15,0,124.7
5621,2025-02-28,Grocery,East,2,27.23,0.15,0,14.89
5622,2025-03-03,Clothing,West,1,57.4,0.3,0,42.18
5623,2025-12-31,Electronics,South,3,211.24,0.05,0,166.68
5624,2025-02-09,Grocery,East,5,54.35,0.15,0,38.78
5625,2025-03-14,Clothing,North,1,208.86,0.15,0,97.3
5626,2025-11-23,Grocery,West,5,96.19,0.15,0,44.91
5627,2025-06-01,Home,East,5,67.77,0.15,0,31.4
5628,2025-01-12,Grocery,East,1,86.03,0.05,0,58.88
5629,2025-10-30,Grocery,East,3,51.91,0.3,0,32.15
5630,2025-08-14,Home,East,4,172.53,0.3,0,78.61
5631,2025-06-16,Clothing,East,4,48.5,0.3,0,34.66
5632,2025-04-11,Clothing,North,1,207.31,0.05,0,175.02
5633,2025-03-19,Clothing,South,4,46.98,0.3,0,21.69
5634,2025-05-13,Electronics,South,1,117.75,0.05,0,61.15
5635,2025-11-19,Grocery,East,3,146.76,0.0,0,122.31
5636,2025-04-27,Grocery,West,1,89.18,0.15,0,72.46
5637,2025-06-02,Grocery,West,3,233.09,0.0,0,116.76
5638,2025-01-24,Electronics,West,1,234.62,0.15,0,147.78
5639,2025-04-19,Electronics,South,3,32.23,0.3,0,18.62
5640,2025-07-19,Electronics,East,4,73.83,0.0,0,47.12
5641,2025-10-19,Clothing,West,3,186.77,0.3,0,95.88
5642,2025-10-26,Clothing,South,5,224.07,0.15,0,120.8
5643,2025-08-21,Electronics,North,3,121.36,0.0,0,89.4
5644,2025-10-20,Electronics,West,2,38.02,0.05,0,28.6
5645,2025-02-04,Home,East,1,191.47,0.15,0,110.58
5646,2025-12-14,Grocery,West,2,204.72,0.05,0,153.48
5647,2025-07-02,Grocery,South,1,141.0,0.3,0,118.13
5648,2025-06-25,Home,West,2,244.64,0.0,0,169.42
5649,2025-04-05,Home,North,3,212.84,0.05,0,158.25
5650,2025-03-30,Home,North,3,78.04,0.0,0,41.63
5651,2025-01-20,Clothing,East,1,205.82,0.3,0,141.95
5652,2025-03-23,Home,East,2,172.82,0.3,0,143.79
5653,2025-02-14,Clothing,East,4,162.75,0.3,0,97.47
5654,2025-03-10,Electronics,West,4,101.43,0.3,0,80.13
5655,2025-12-13,Home,East,2,150.53,0.05,0,77.13
5656,2025-08-13,Clothing,West,4,23.44,0.3,0,12.31
5657,2025-08-20,Clothing,North,2,51.63,0.0,0,29.18
5658,2025-10-31,Home,North,4,182.41,0.05,0,105.08
5659,2025-12-23,Home,North,4,234.43,0.15,0,188.3
5660,2025-06-21,Grocery,East,5,144.9,0.3,0,97.26
5661,2025-06-04,Clothing,East,2,208.09,0.05,0,139.0
5662,2025-04-10,Electronics,North,5,19.7,0.3,0,13.46
5663,2025-10-06,Electronics,West,5,246.36,0.15,0,204.52
5664,2025-03-11,Home,East,4,204.46,0.05,0,164.78
5665,2025-01-21,Home,West,1,171.52,0.15,0,112.51
5666,2025-07-29,Home,East,4,211.7,0.15,0,152.16
5667,2025-08-15,Clothing,South,5,19.66,0.0,0,10.74
5668,2025-08-27,Clothing,North,3,69.3,0.05,0,55.57
5669,2025-09-20,Electronics,North,3,20.65,0.0,0,13.3
5670,2025-02-16,Grocery,West,5,193.09,0.15,0,97.14
5671,2025-11-12,Grocery,West,4,222.89,0.3,0,188.2
5672,2025-01-05,Electronics,West,2,236.39,0.15,0,124.22
5673,2025-02-22,Grocery,West,5,165.32,0.15,0,85.89
5674,2025-09-12,Electronics,South,5,129.58,0.3,0,62.77
5675,2025-04-29,Electronics,West,2,172.96,0.0,0,129.48
5676,2025-07-24,Home,South,2,245.65,0.15,0,168.56
5677,2025-04-30,Electronics,West,1,95.07,0.0,0,54.47
5678,2025-06-25,Home,South,4,227.47,0.05,0,122.12
5679,2025-11-10,Home,South,3,16.07,0.15,1,10.58
5680,2025-01-05,Home,East,1,66.26,0.05,0,30.1
5681,2025-05-23,Grocery,North,2,42.37,0.15,0,27.85
5682,2025-02-01,Electronics,West,3,34.61,0.15,0,24.69
5683,2025-08-08,Grocery,West,3,159.51,0.0,0,121.63
5684,2025-07-12,Clothing,South,5,242.01,0.05,0,177.75
5685,2025-09-17,Clothing,North,4,147.43,0.0,0,77.73
5686,2025-07-31,Clothing,West,5,221.03,0.0,0,156.68
5687,2025-06-01,Electronics,South,2,211.19,0.15,0,168.85
5688,2025-01-17,Electronics,East,2,110.74,0.0,0,52.77
5689,2025-04-09,Electronics,South,1,48.81,0.15,0,32.17
5690,2025-08-06,Electronics,West,1,128.32,0.0,0,74.48
5691,2025-08-03,Electronics,South,2,114.48,0.0,0,75.41
5692,2025-05-28,Clothing,North,3,39.08,0.15,0,19.74
5693,2025-09-03,Electronics,South,2,244.67,0.0,0,165.13
5694,2025-10-04,Clothing,North,2,185.48,0.15,0,97.47
5695,2025-12-21,Clothing,North,2,137.63,0.3,0,108.67
5696,2025-07-30,Grocery,North,1,63.66,0.05,0,50.31
5697,2025-11-11,Home,West,5,165.22,0.15,0,119.31
5698,2025-08-13,Home,East,4,223.66,0.15,0,119.98
5699,2025-04-01,Grocery,East,4,133.67,0.3,0,100.33
5700,2025-08-10,Electronics,North,4,23.35,0.05,1,13.9
5701,2025-03-27,Clothing,North,3,39.44,0.3,0,26.94
5702,2025-07-28,Home,East,1,153.33,0.05,1,91.89
5703,2025-05-29,Home,West,3,112.4,0.3,0,95.03
5704,2025-08-25,Grocery,North,1,220.56,0.0,0,144.15
5705,2025-10-07,Grocery,North,2,137.18,0.0,0,79.45
5706,2025-03-26,Electronics,East,5,228.56,0.15,0,169.18
5707,2025-01-27,Electronics,North,5,181.21,0.15,0,128.93
5708,2025-10-31,Grocery,South,4,235.9,0.3,0,141.7
5709,2025-07-30,Electronics,East,1,138.96,0.3,0,117.97
5710,2025-09-05,Electronics,North,3,50.83,0.0,0,30.76
5711,2025-05-08,Clothing,North,5,151.83,0.3,1,122.17
5712,2025-04-04,Home,West,5,222.02,0.0,0,109.91
5713,2025-09-20,Electronics,South,3,47.88,0.0,0,26.1
5714,2025-09-12,Electronics,North,3,48.44,0.0,0,37.26
5715,2025-04-14,Home,North,4,150.8,0.15,0,90.17
5716,2025-09-20,Grocery,South,5,121.78,0.05,0,82.44
5717,2025-08-16,Home,West,3,52.51,0.05,0,23.67
5718,2025-04-22,Clothing,East,1,91.26,0.0,0,48.13
5719,2025-01-13,Clothing,North,1,177.56,0.05,0,91.63
5720,2025-04-30,Grocery,North,5,230.68,0.0,0,164.74
5721,2025-02-15,Grocery,East,5,215.57,0.05,0,112.51
5722,2025-04-01,Clothing,North,4,217.2,0.0,0,124.17
5723,2025-06-27,Clothing,North,1,120.66,0.3,0,67.22
5724,2025-02-22,Electronics,West,5,92.5,0.15,0,56.16
5725,2025-06-21,Grocery,West,2,57.4,0.3,0,31.22
5726,2025-06-26,Grocery,West,2,185.17,0.15,0,149.61
5727,2025-10-10,Home,East,1,122.49,0.3,0,69.38
5728,2025-05-28,Electronics,East,5,211.83,0.05,0,176.79
5729,2025-04-11,Clothing,East,2,197.48,0.0,0,104.44
5730,2025-12-31,Home,South,3,196.23,0.3,1,102.67
5731,2025-05-12,Clothing,South,5,231.5,0.15,0,173.09
5732,2025-04-04,Home,North,5,142.95,0.3,0,73.52
5733,2025-12-29,Clothing,West,4,55.83,0.3,0,28.8
5734,2025-07-05,Grocery,East,4,158.39,0.05,0,117.26
5735,2025-12-24,Home,East,1,90.27,0.3,0,75.06
5736,2025-01-07,Clothing,South,2,100.3,0.3,0,76.17
5737,2025-04-24,Grocery,South,5,179.54,0.0,0,129.78
5738,2025-08-18,Clothing,East,1,232.47,0.15,0,113.35
5739,2025-01-13,Home,North,5,27.04,0.3,0,16.4
5740,2025-05-04,Home,North,1,245.76,0.05,0,156.67
5741,2025-10-16,Grocery,South,2,199.45,0.3,1,165.27
5742,2025-08-25,Grocery,North,5,36.46,0.3,0,20.84
5743,2025-07-17,Grocery,South,3,129.9,0.3,0,108.11
5744,2025-07-24,Grocery,West,3,33.23,0.15,0,26.37
5745,2025-03-20,Home,East,1,162.05,0.15,0,117.75
5746,2025-04-12,Grocery,West,5,230.42,0.3,0,189.58
5747,2025-07-18,Clothing,South,5,90.04,0.0,0,41.17
5748,2025-10-09,Clothing,East,1,163.84,0.15,0,96.86
5749,2025-01-05,Clothing,North,3,39.71,0.15,0,27.72
5750,2025-08-24,Electronics,South,1,90.22,0.3,0,67.0
5751,2025-11-09,Home,South,1,200.53,0.05,0,147.4
5752,2025-09-11,Home,West,2,162.49,0.3,0,104.49
5753,2025-10-09,Grocery,South,4,150.61,0.05,0,102.36
5754,2025-01-13,Electronics,South,1,192.87,0.3,0,105.28
5755,2025-05-18,Clothing,North,4,190.82,0.0,0,96.31
5756,2025-07-09,Clothing,North,2,119.49,0.05,0,89.18
5757,2025-08-05,Grocery,West,1,40.98,0.05,0,24.52
5758,2025-05-22,Electronics,North,1,141.67,0.3,0,96.13
5759,2025-11-21,Clothing,South,3,131.26,0.05,0,78.07
5760,2025-02-05,Grocery,East,2,166.75,0.3,0,98.72
5761,2025-06-30,Grocery,North,4,47.98,0.05,0,37.42
5762,2025-04-09,Clothing,North,2,33.3,0.0,0,26.6
5763,2025-12-18,Home,West,3,203.04,0.0,0,104.39
5764,2025-12-26,Home,West,4,187.14,0.05,0,144.82
5765,2025-11-09,Grocery,North,5,155.74,0.15,0,131.61
5766,2025-07-21,Clothing,West,3,96.63,0.3,0,76.7
5767,2025-06-05,Electronics,West,4,101.32,0.05,0,85.6
5768,2025-10-03,Home,East,1,192.36,0.05,0,161.88
5769,2025-06-23,Home,West,1,128.58,0.0,0,60.81
5770,2025-03-31,Home,North,4,199.59,0.3,0,109.85
5771,2025-11-03,Clothing,West,3,231.38,0.15,0,165.45
5772,2025-11-10,Grocery,East,1,47.46,0.05,1,33.19
5773,2025-08-31,Electronics,East,5,87.17,0.0,0,65.33
5774,2025-08-24,Electronics,North,1,187.92,0.05,0,136.81
5775,2025-03-01,Clothing,West,3,206.94,0.05,0,129.33
5776,2025-08-24,Electronics,North,1,42.12,0.05,0,31.46
5777,2025-07-27,Electronics,East,2,73.58,0.05,0,41.79
5778,2025-01-07,Home,East,3,171.18,0.0,0,84.55
5779,2025-09-14,Clothing,South,1,156.29,0.15,0,84.8
5780,2025-09-14,Home,East,4,60.97,0.05,0,43.5
5781,2025-11-08,Electronics,East,1,163.87,0.05,0,110.84
5782,2025-04-05,Clothing,South,1,196.55,0.0,0,165.34
5783,2025-12-03,Grocery,West,3,201.84,0.15,0,101.28
5784,2025-05-21,Electronics,East,5,125.66,0.0,0,63.2
5785,2025-12-29,Grocery,South,4,58.99,0.0,0,35.78
5786,2025-10-07,Home,East,1,151.24,0.05,0,104.96
5787,2025-05-19,Clothing,East,4,63.34,0.05,0,36.93
5788,2025-08-28,Grocery,North,5,33.8,0.05,0,28.02
5789,2025-06-28,Grocery,North,1,203.44,0.15,0,166.47
5790,2025-02-14,Clothing,South,3,133.26,0.15,0,60.72
5791,2025-07-14,Home,South,4,30.02,0.15,0,22.59
5792,2025-07-26,Home,North,3,59.82,0.15,0,49.98
5793,2025-10-29,Clothing,South,4,87.29,0.05,1,43.39
5794,2025-01-23,Electronics,East,5,143.77,0.3,0,76.42
5795,2025-05-06,Home,South,2,122.44,0.0,0,74.07
5796,2025-09-13,Electronics,East,1,208.05,0.15,0,135.0
5797,2025-05-11,Home,North,2,145.17,0.05,0,122.96
5798,2025-06-23,Home,North,3,94.46,0.0,0,65.56
5799,2025-04-16,Clothing,East,5,48.71,0.15,0,25.57
5800,2025-11-24,Clothing,West,4,196.83,0.3,0,142.36
5801,2025-10-20,Clothing,North,2,18.58,0.3,1,12.6
5802,2025-03-17,Grocery,East,3,67.0,0.15,0,32.45
5803,2025-09-09,Grocery,South,5,141.71,0.15,0,96.5
5804,2025-12-19,Clothing,North,4,217.25,0.0,0,171.32
5805,2025-02-10,Electronics,South,2,143.95,0.05,0,79.92
5806,2025-06-05,Clothing,North,1,75.77,0.15,0,56.75
5807,2025-04-20,Electronics,South,4,225.16,0.05,0,101.68
5808,2025-09-25,Grocery,West,4,35.17,0.3,0,18.21
5809,2025-11-25,Clothing,West,4,71.87,0.05,0,51.16
5810,2025-11-05,Clothing,South,4,199.34,0.3,0,105.91
5811,2025-12-22,Electronics,West,2,242.52,0.15,0,128.37
5812,2025-05-26,Grocery,North,1,39.46,0.3,0,25.04
5813,2025-08-04,Grocery,North,4,112.1,0.05,0,88.64
5814,2025-02-12,Clothing,North,3,90.0,0.05,0,64.93
5815,2025-02-24,Clothing,North,1,128.77,0.3,0,95.9
5816,2025-01-19,Grocery,South,4,60.0,0.15,0,30.69
5817,2025-03-26,Clothing,West,1,231.32,0.3,0,151.56
5818,2025-09-22,Electronics,East,1,232.73,0.15,0,165.3
5819,2025-06-05,Clothing,West,5,22.77,0.15,0,15.82
5820,2025-04-02,Electronics,North,2,124.38,0.3,0,77.95
5821,2025-11-03,Grocery,North,2,154.68,0.3,0,101.91
5822,2025-04-28,Clothing,East,3,199.34,0.15,0,111.93
5823,2025-11-04,Electronics,West,2,144.66,0.0,0,81.64
5824,2025-05-22,Clothing,South,2,190.5,0.15,0,86.06
5825,2025-08-09,Clothing,North,4,218.11,0.0,0,167.09
5826,2025-06-10,Home,East,2,127.59,0.3,0,84.91
5827,2025-09-12,Electronics,West,1,44.64,0.3,0,35.64
5828,2025-05-21,Clothing,West,3,213.55,0.05,1,117.47
5829,2025-09-12,Electronics,West,5,92.55,0.15,0,71.34
5830,2025-05-10,Grocery,East,2,131.78,0.0,0,102.4
5831,2025-10-31,Grocery,East,4,120.0,0.05,0,92.01
5832,2025-01-15,Grocery,West,3,93.07,0.3,0,67.89
5833,2025-02-10,Home,South,5,84.53,0.0,0,43.69
5834,2025-10-27,Grocery,North,2,51.69,0.15,0,31.45
5835,2025-03-06,Home,West,2,22.47,0.3,0,11.57
5836,2025-10-22,Home,North,2,248.33,0.15,0,173.7
5837,2025-01-10,Electronics,East,5,242.86,0.05,0,171.76
5838,2025-08-06,Electronics,North,5,57.15,0.0,0,31.14
5839,2025-05-13,Grocery,East,5,131.16,0.0,0,93.94
5840,2025-11-19,Grocery,West,1,162.92,0.0,0,137.02
5841,2025-10-04,Clothing,North,4,245.86,0.05,0,173.66
5842,2025-04-13,Grocery,East,2,142.6,0.3,0,94.5
5843,2025-12-22,Clothing,South,5,123.63,0.0,0,104.38
5844,2025-01-20,Grocery,East,2,178.45,0.3,0,87.07
5845,2025-12-22,Home,North,5,124.76,0.15,0,61.29
5846,2025-01-15,Home,South,1,211.98,0.15,0,159.74
5847,2025-09-16,Electronics,West,3,46.21,0.0,0,25.78
5848,2025-11-18,Grocery,North,5,154.44,0.0,1,122.52
5849,2025-10-10,Clothing,North,4,150.41,0.0,0,122.19
5850,2025-11-19,Home,East,5,165.11,0.15,0,96.89
5851,2025-06-23,Clothing,North,5,93.94,0.15,1,50.57
5852,2025-12-19,Clothing,South,5,56.94,0.05,0,36.27
5853,2025-12-24,Clothing,West,5,177.17,0.05,0,89.98
5854,2025-07-08,Electronics,East,4,63.84,0.05,0,34.55
5855,2025-07-27,Home,East,5,146.54,0.05,0,94.84
5856,2025-08-20,Clothing,East,4,166.58,0.15,0,101.77
5857,2025-05-22,Home,East,2,32.5,0.05,0,17.81
5858,2025-01-14,Electronics,West,3,52.2,0.0,0,32.21
5859,2025-11-29,Grocery,South,5,85.32,0.05,0,50.0
5860,2025-04-24,Grocery,North,3,79.96,0.15,0,60.36
5861,2025-01-29,Home,North,5,128.57,0.0,0,85.71
5862,2025-02-20,Home,East,1,120.06,0.15,0,58.27
5863,2025-06-21,Electronics,East,2,214.33,0.15,0,128.03
5864,2025-07-06,Grocery,East,2,109.63,0.05,0,50.01
5865,2025-10-26,Home,West,4,229.08,0.3,0,125.53
5866,2025-10-28,Clothing,West,2,64.4,0.3,0,53.71
5867,2025-02-10,Clothing,West,4,50.82,0.05,1,26.72
5868,2025-08-17,Electronics,West,2,169.05,0.05,0,79.64
5869,2025-04-30,Clothing,West,2,159.48,0.0,0,85.07
5870,2025-06-04,Grocery,East,3,18.63,0.3,0,11.72
5871,2025-08-30,Electronics,North,5,84.01,0.15,0,42.43
5872,2025-07-16,Grocery,West,2,117.9,0.15,0,70.88
5873,2025-10-26,Grocery,South,2,44.5,0.15,0,37.71
5874,2025-10-11,Electronics,West,4,119.23,0.0,0,72.81
5875,2025-06-27,Electronics,West,1,145.76,0.3,0,99.15
5876,2025-04-04,Home,South,3,22.28,0.05,0,15.9
5877,2025-12-23,Electronics,South,2,40.32,0.05,0,31.69
5878,2025-03-17,Clothing,South,3,230.52,0.05,0,132.98
5879,2025-02-12,Grocery,North,4,181.21,0.05,0,144.22
5880,2025-11-26,Electronics,North,4,245.76,0.05,0,154.53
5881,2025-09-20,Clothing,West,4,129.26,0.3,0,88.46
5882,2025-12-16,Clothing,North,5,165.26,0.15,0,127.56
5883,2025-11-17,Electronics,South,1,188.42,0.3,0,116.97
5884,2025-09-28,Home,South,1,104.65,0.05,0,79.39
5885,2025-12-20,Grocery,East,2,199.68,0.15,0,131.7
5886,2025-11-22,Electronics,East,4,29.85,0.0,0,18.17
5887,2025-06-20,Grocery,North,3,222.45,0.15,0,155.92
5888,2025-07-16,Clothing,West,5,133.14,0.15,0,94.92
5889,2025-01-12,Electronics,North,4,85.24,0.0,0,47.04
5890,2025-01-05,Clothing,East,2,225.22,0.0,0,121.66
5891,2025-04-28,Clothing,North,1,93.31,0.0,0,56.7
5892,2025-03-15,Clothing,East,2,177.62,0.3,0,94.34
5893,2025-12-12,Clothing,East,2,207.39,0.3,0,165.56
5894,2025-03-15,Electronics,West,3,41.07,0.0,0,18.72
5895,2025-01-01,Grocery,South,4,110.55,0.15,0,52.25
5896,2025-06-17,Electronics,East,4,19.5,0.15,1,8.92
5897,2025-09-29,Home,West,5,158.96,0.15,0,90.74
5898,2025-06-27,Clothing,West,2,78.84,0.05,0,43.2
5899,2025-05-15,Electronics,West,1,218.93,0.0,0,157.61
5900,2025-02-08,Electronics,South,2,226.32,0.15,0,149.24
5901,2025-01-14,Clothing,West,2,197.78,0.05,0,132.18
5902,2025-09-22,Clothing,South,2,42.1,0.3,0,34.23
5903,2025-06-24,Home,South,5,142.26,0.0,0,112.49
5904,2025-02-08,Clothing,East,2,130.99,0.3,0,67.25
5905,2025-04-27,Clothing,North,2,48.53,0.0,0,28.91
5906,2025-04-13,Electronics,North,2,39.19,0.15,0,23.62
5907,2025-02-19,Home,East,4,113.02,0.3,0,69.66
5908,2025-04-23,Home,East,5,100.55,0.3,0,57.85
5909,2025-01-30,Electronics,West,4,215.41,0.0,0,140.9
5910,2025-11-20,Clothing,North,4,95.4,0.15,0,73.32
5911,2025-06-21,Grocery,West,1,92.96,0.15,0,75.12
5912,2025-02-03,Home,North,3,178.47,0.3,0,88.37
5913,2025-11-03,Clothing,North,5,234.58,0.0,1,139.62
5914,2025-05-28,Grocery,North,3,162.74,0.3,0,117.85
5915,2025-10-10,Clothing,North,4,134.6,0.3,0,92.99
5916,2025-12-06,Electronics,West,5,232.84,0.05,0,136.27
5917,2025-04-24,Home,East,3,172.05,0.0,0,113.68
5918,2025-07-07,Grocery,North,2,122.44,0.15,0,87.21
5919,2025-07-13,Electronics,South,3,64.22,0.05,0,36.89
5920,2025-11-05,Electronics,South,1,79.18,0.05,0,36.75
5921,2025-09-30,Home,West,5,76.81,0.3,1,38.7
5922,2025-02-08,Home,North,3,41.64,0.15,0,26.32
5923,2025-05-18,Electronics,West,2,214.45,0.3,0,181.25
5924,2025-03-31,Home,South,4,156.04,0.0,0,86.5
5925,2025-11-08,Home,East,2,42.92,0.3,0,29.58
5926,2025-11-22,Home,South,5,159.5,0.0,0,118.18
5927,2025-01-05,Electronics,West,3,180.19,0.05,0,119.52
5928,2025-05-16,Clothing,South,1,121.51,0.05,0,65.26
5929,2025-04-23,Clothing,West,3,235.35,0.05,0,169.35
5930,2025-11-19,Home,East,5,188.72,0.15,0,109.34
5931,2025-01-24,Clothing,East,5,180.19,0.15,0,112.27
5932,2025-05-11,Clothing,South,2,219.9,0.05,0,126.52
5933,2025-07-20,Home,South,4,48.15,0.0,0,22.92
5934,2025-11-23,Clothing,West,2,245.87,0.0,0,151.92
5935,2025-10-16,Clothing,East,5,84.38,0.0,0,43.22
5936,2025-10-20,Clothing,West,3,115.21,0.3,0,57.18
5937,2025-03-22,Electronics,East,5,153.76,0.15,0,75.2
5938,2025-02-17,Home,South,1,129.94,0.15,0,83.21
5939,2025-10-07,Home,East,5,178.44,0.3,0,100.47
5940,2025-08-29,Clothing,South,1,145.57,0.05,0,92.0
5941,2025-01-11,Clothing,East,1,136.79,0.3,0,68.3
5942,2025-05-28,Electronics,West,2,29.6,0.0,0,15.45
5943,2025-01-27,Electronics,North,5,147.33,0.0,0,84.13
5944,2025-03-13,Clothing,North,4,158.92,0.15,1,76.16
5945,2025-11-09,Home,East,3,154.11,0.3,0,86.25
5946,2025-12-22,Home,East,1,158.61,0.0,0,110.91
5947,2025-06-12,Home,East,2,159.35,0.3,0,114.26
5948,2025-09-16,Home,North,1,90.85,0.15,0,71.59
5949,2025-08-26,Electronics,East,4,153.27,0.15,0,127.05
5950,2025-11-19,Grocery,South,1,149.97,0.0,0,90.5
5951,2025-01-30,Grocery,East,4,38.03,0.05,0,24.33
5952,2025-07-18,Grocery,East,4,88.14,0.15,0,44.53
5953,2025-07-27,Electronics,North,5,131.24,0.05,0,82.01
5954,2025-03-22,Clothing,West,4,83.43,0.05,0,58.6
5955,2025-01-19,Grocery,North,4,231.97,0.3,0,144.21
5956,2025-08-19,Grocery,North,4,97.38,0.15,0,57.4
5957,2025-10-26,Grocery,West,5,137.74,0.05,0,95.61
5958,2025-08-30,Clothing,East,3,243.88,0.3,0,186.8
5959,2025-04-06,Home,West,3,74.58,0.0,0,59.19
5960,2025-05-04,Home,South,4,19.88,0.05,0,10.62
5961,2025-01-19,Electronics,North,5,148.58,0.3,0,93.02
5962,2025-02-24,Home,North,5,223.26,0.3,0,119.94
5963,2025-05-02,Home,North,3,118.23,0.15,0,60.93
5964,2025-01-31,Grocery,West,4,231.34,0.15,0,146.81
5965,2025-07-22,Electronics,North,2,206.32,0.0,0,95.46
5966,2025-02-26,Electronics,North,2,80.05,0.0,1,50.47
5967,2025-12-24,Electronics,North,4,196.47,0.05,0,163.82
5968,2025-11-09,Home,East,4,186.98,0.15,0,147.94
5969,2025-09-04,Clothing,North,3,211.48,0.3,0,177.79
5970,2025-10-11,Grocery,South,4,65.51,0.05,0,41.49
5971,2025-04-29,Home,North,3,58.92,0.0,0,30.32
5972,2025-03-10,Clothing,East,1,76.85,0.05,0,49.04
5973,2025-01-07,Clothing,East,1,38.34,0.15,0,30.24
5974,2025-11-25,Clothing,East,5,210.64,0.15,0,164.7
5975,2025-02-12,Clothing,East,3,215.26,0.3,0,157.81
5976,2025-06-05,Home,East,5,31.5,0.15,1,25.13
5977,2025-06-25,Home,South,4,141.47,0.15,0,119.78
5978,2025-04-03,Grocery,East,2,245.49,0.0,0,165.56
5979,2025-06-12,Home,East,1,49.09,0.3,0,24.79
5980,2025-01-26,Grocery,East,4,165.39,0.05,0,139.04
5981,2025-12-20,Grocery,West,2,142.64,0.3,0,109.37
5982,2025-07-07,Clothing,North,4,124.36,0.0,0,92.32
5983,2025-10-18,Electronics,East,1,64.0,0.0,0,49.96
5984,2025-11-12,Electronics,North,3,59.6,0.15,0,41.03
5985,2025-01-29,Clothing,North,3,129.43,0.15,0,72.44
5986,2025-08-09,Home,West,3,233.99,0.05,0,133.45
5987,2025-04-21,Clothing,East,3,234.69,0.05,0,130.35
5988,2025-06-22,Clothing,East,2,206.89,0.15,0,127.77
5989,2025-01-28,Electronics,East,1,242.96,0.05,0,186.13
5990,2025-09-30,Clothing,West,3,145.14,0.0,0,69.98
5991,2025-11-22,Grocery,South,3,173.38,0.0,0,118.88
5992,2025-03-15,Home,West,1,74.44,0.3,0,52.19
5993,2025-09-08,Home,East,2,181.53,0.15,0,102.22
5994,2025-02-23,Grocery,South,1,181.8,0.3,1,88.07
5995,2025-06-11,Home,West,5,99.61,0.15,0,50.51
5996,2025-12-16,Grocery,East,3,202.83,0.0,0,144.45
5997,2025-01-03,Home,North,1,226.12,0.0,0,154.39
5998,2025-07-13,Clothing,South,2,234.73,0.3,0,164.57
5999,2025-08-28,Grocery,West,2,71.31,0.15,0,38.15
6000,2025-01-16,Clothing,South,3,115.01,0.0,0,86.76
1,2025-01-12,Home,East,4,126.47,0.0,0,69.98
2,2025-08-07,Electronics,East,4,201.62,0.05,0,91.42
3,2025-02-13,Grocery,South,4,94.1,0.05,0,46.37
4,2025-08-02,Electronics,West,1,93.95,0.0,0,58.49
5,2025-05-30,Clothing,West,2,157.01,0.05,0,81.86
6,2025-01-18,Electronics,East,1,204.21,0.0,0,149.33
7,2025-01-03,Electronics,North,2,222.72,0.3,0,187.9
8,2025-12-05,Clothing,South,1,214.94,0.15,0,112.59
9,2025-12-10,Clothing,West,4,17.26,0.05,0,9.65
10,2025-12-25,Home,North,2,187.08,0.05,0,156.32
11,2025-10-31,Grocery,South,1,190.02,0.3,0,140.18
12,2025-08-04,Electronics,East,3,87.44,0.3,0,64.5
