po_id,date,supplier,ordered_units,delivered_units,promised_days,actual_days,stock_units,daily_demand
1,2025-09-29,Beacon,50,50,4,5,692,26
2,2025-10-09,Aster,94,94,14,13,258,50
3,2025-12-13,Beacon,168,168,3,3,78,36
4,2025-03-13,Delta,94,94,12,12,208,32
5,2025-10-24,Beacon,187,187,15,17,375,56
6,2025-11-16,Delta,226,226,13,14,577,23
7,2025-12-09,Cedar,78,78,2,6,407,23
8,2025-07-07,Beacon,221,206,12,16,650,51
9,2025-06-21,Aster,87,82,2,5,527,57
10,2025-12-16,Beacon,141,136,3,6,176,11
11,2025-11-02,Aster,211,206,14,17,596,53
12,2025-06-29,Aster,223,223,3,1,687,24
13,2025-09-22,Delta,245,245,12,10,151,55
14,2025-02-16,Delta,51,36,4,6,246,35
15,2025-11-09,Beacon,105,90,4,2,280,31
16,2025-11-07,Cedar,126,126,15,16,551,50
17,2025-06-03,Aster,59,59,5,4,108,42
18,2025-03-07,Cedar,183,178,14,16,437,39
19,2025-07-30,Beacon,139,139,15,19,301,36
20,2025-09-24,Delta,34,29,11,12,585,23
21,2025-01-30,Beacon,123,118,14,14,70,43
22,2025-05-24,Aster,92,77,4,8,180,36
23,2025-03-06,Delta,142,142,11,9,658,42
24,2025-08-18,Beacon,216,216,3,7,261,44
25,2025-11-24,Delta,149,144,14,17,655,45
26,2025-08-08,Delta,69,64,11,10,647,49
27,2025-12-16,Delta,97,92,10,11,369,53
28,2025-11-16,Beacon,216,216,7,10,389,19
29,2025-10-12,Cedar,134,129,15,17,640,12
30,2025-08-31,Cedar,210,205,15,18,437,63
31,2025-03-31,Aster,237,222,10,12,235,29
32,2025-03-31,Aster,134,129,3,3,656,14
33,2025-03-19,Cedar,207,207,14,14,31,35
34,2025-02-11,Aster,31,16,12,12,143,51
35,2025-05-29,Aster,104,99,10,9,172,41
36,2025-07-10,Beacon,179,179,6,5,34,8
37,2025-07-30,Aster,102,102,5,4,502,25
38,2025-05-12,Cedar,67,62,14,14,387,35
39,2025-10-30,Beacon,229,229,10,8,216,26
40,2025-09-25,Beacon,151,136,6,5,616,41
41,2025-10-10,Aster,236,236,13,15,395,51
42,2025-07-26,Beacon,162,162,6,10,172,15
43,2025-01-09,Beacon,74,74,5,8,71,54
44,2025-05-21,Aster,55,40,11,11,724,10
45,2025-10-04,Beacon,24,24,7,5,593,15
46,2025-05-01,Beacon,74,59,5,8,628,36
47,2025-05-15,Aster,149,149,6,7,594,62
48,2025-10-23,Cedar,33,33,10,13,645,39
49,2025-08-10,Cedar,27,27,8,12,738,34
50,2025-09-01,Beacon,128,128,5,6,234,48
51,2025-10-17,Aster,21,16,15,16,275,44
52,2025-04-17,Cedar,94,79,7,8,469,62
53,2025-02-03,Beacon,173,158,2,1,444,39
54,2025-05-28,Delta,25,25,11,9,700,18
55,2025-05-01,Cedar,140,140,14,16,193,29
56,2025-06-18,Aster,205,205,4,7,718,41
57,2025-11-09,Cedar,56,56,15,15,407,54
58,2025-12-06,Beacon,181,181,13,17,161,33
59,2025-02-13,Delta,178,178,9,9,238,11
60,2025-09-15,Cedar,79,79,13,17,197,31
61,2025-05-18,Cedar,52,52,11,11,336,41
62,2025-08-25,Beacon,164,159,12,12,413,48
63,2025-05-15,Cedar,215,210,4,7,528,21
64,2025-12-08,Delta,216,201,5,5,370,15
65,2025-04-10,Beacon,72,57,4,2,461,11
66,2025-06-20,Cedar,70,70,15,17,769,62
67,2025-12-04,Delta,55,40,12,15,106,7
68,2025-12-18,Cedar,214,214,15,15,512,7
69,2025-07-03,Beacon,28,28,9,11,49,55
70,2025-11-13,Cedar,44,44,12,15,551,23
71,2025-08-13,Delta,32,27,5,7,11,36
72,2025-10-28,Cedar,241,226,15,18,777,34
73,2025-02-26,Cedar,175,170,4,4,123,24
74,2025-04-18,Cedar,50,50,13,13,221,59
75,2025-07-14,Aster,223,208,3,2,364,53
76,2025-09-01,Aster,93,93,6,8,710,25
77,2025-08-22,Delta,48,48,10,12,473,61
78,2025-05-10,Cedar,104,104,4,7,721,40
79,2025-03-02,Aster,191,191,10,9,566,45
80,2025-04-28,Delta,89,89,12,15,185,57
81,2025-08-19,Aster,152,152,6,6,498,32
82,2025-08-11,Delta,211,211,9,12,104,21
83,2025-07-29,Cedar,156,156,4,8,471,37
84,2025-01-01,Aster,123,108,12,10,497,58
85,2025-09-25,Aster,240,240,5,9,759,33
86,2025-10-13,Cedar,150,150,7,6,305,56
87,2025-07-16,Beacon,160,160,8,12,186,38
88,2025-06-26,Delta,164,149,8,12,404,25
89,2025-11-07,Cedar,35,35,14,16,718,17
90,2025-05-23,Delta,118,103,13,15,717,9
91,2025-06-04,Delta,69,69,3,4,409,16
92,2025-01-12,Aster,67,62,3,4,539,15
93,2025-01-03,Aster,59,59,3,1,530,17
94,2025-01-22,Delta,172,172,8,9,232,58
95,2025-04-01,Beacon,191,191,3,5,783,43
96,2025-01-29,Delta,53,53,10,14,176,43
97,2025-10-19,Delta,219,204,13,15,766,40
98,2025-06-28,Beacon,119,119,9,9,406,51
99,2025-03-14,Delta,235,235,7,11,399,42
100,2025-07-22,Cedar,52,37,8,11,662,12
101,2025-02-07,Aster,143,138,13,14,704,44
102,2025-09-24,Cedar,199,199,9,7,420,40
103,2025-10-29,Aster,75,70,10,11,720,15
104,2025-10-20,Delta,103,88,8,6,620,48
105,2025-10-04,Delta,145,145,2,6,423,21
106,2025-03-08,Cedar,95,95,5,3,128,55
107,2025-02-05,Cedar,77,77,10,10,220,6
108,2025-06-17,Delta,43,38,11,9,764,25
109,2025-07-10,Cedar,242,227,11,12,484,8
110,2025-04-06,Delta,205,200,8,6,652,34
111,2025-12-07,Delta,110,110,13,15,453,33
112,2025-11-09,Aster,216,216,9,10,608,49
113,2025-08-02,Beacon,85,80,15,13,327,41
114,2025-03-06,Cedar,94,79,7,11,408,33
115,2025-08-29,Aster,229,214,6,6,723,29
116,2025-06-21,Cedar,44,44,12,15,398,25
117,2025-05-23,Delta,203,203,7,6,690,30
118,2025-10-08,Beacon,144,129,5,7,579,6
119,2025-04-21,Aster,112,112,13,13,47,5
120,2025-06-08,Beacon,187,172,14,15,574,11
121,2025-02-19,Delta,238,233,12,12,335,19
122,2025-08-12,Aster,22,22,5,5,271,32
123,2025-09-30,Beacon,45,45,2,1,265,9
124,2025-09-19,Delta,29,29,5,8,513,12
125,2025-06-19,Beacon,102,102,10,9,275,23
126,2025-05-29,Cedar,79,79,4,7,236,36
127,2025-07-13,Aster,64,64,5,8,527,64
128,2025-02-17,Delta,90,90,3,1,68,26
129,2025-11-11,Aster,41,41,10,9,116,5
130,2025-08-04,Beacon,87,87,6,8,412,46
131,2025-08-22,Aster,84,69,6,9,72,55
132,2025-08-14,Cedar,95,95,7,7,63,31
133,2025-09-11,Cedar,51,51,4,4,392,60
134,2025-08-12,Delta,42,42,12,12,51,63
135,2025-04-25,Cedar,227,212,7,5,409,38
136,2025-10-13,Cedar,182,182,7,11,47,38
137,2025-07-14,Delta,116,116,10,13,575,41
138,2025-08-15,Delta,225,225,8,6,661,60
139,2025-01-27,Cedar,68,53,11,10,33,57
140,2025-10-30,Cedar,153,153,5,6,729,24
141,2025-10-13,Aster,105,105,6,7,336,19
142,2025-04-17,Cedar,132,132,2,2,331,57
143,2025-07-03,Beacon,161,146,12,16,339,22
144,2025-04-30,Delta,194,194,2,5,80,26
145,2025-12-22,Cedar,226,226,7,9,39,54
146,2025-02-04,Aster,88,88,14,12,216,60
147,2025-05-24,Aster,92,87,13,13,751,56
148,2025-05-21,Cedar,38,38,5,8,274,11
149,2025-06-29,Beacon,42,27,2,5,54,31
150,2025-09-18,Beacon,88,88,4,7,93,40
151,2025-08-20,Aster,191,191,12,15,197,35
152,2025-10-11,Cedar,71,71,7,8,559,5
153,2025-10-03,Delta,133,128,12,13,206,60
154,2025-10-21,Aster,230,230,3,7,507,49
155,2025-06-05,Delta,167,167,4,3,221,14
156,2025-06-29,Cedar,210,195,7,5,758,59
157,2025-03-04,Beacon,246,246,9,12,517,16
158,2025-06-09,Delta,83,83,6,10,581,50
159,2025-09-02,Beacon,188,188,15,14,249,35
160,2025-08-07,Cedar,173,168,4,8,698,29
161,2025-10-18,Beacon,96,91,9,7,685,26
162,2025-07-25,Aster,71,71,7,9,505,41
163,2025-11-01,Aster,192,177,12,11,751,59
164,2025-07-22,Delta,87,82,6,6,703,17
165,2025-07-15,Cedar,152,152,5,8,431,44
166,2025-07-05,Beacon,65,60,8,10,114,25
167,2025-09-22,Aster,209,204,11,14,118,31
168,2025-06-27,Beacon,182,182,7,9,492,58
169,2025-03-27,Beacon,157,157,13,15,353,62
170,2025-07-16,Delta,113,113,15,17,634,17
171,2025-04-17,Beacon,131,131,2,2,478,55
172,2025-09-22,Delta,106,101,10,13,572,30
173,2025-08-22,Cedar,237,237,14,14,640,44
174,2025-11-24,Cedar,121,121,7,7,146,7
175,2025-02-14,Aster,192,187,14,16,427,63
176,2025-01-31,Delta,247,242,13,16,421,8
177,2025-12-16,Aster,175,160,2,1,287,63
178,2025-10-12,Beacon,169,169,13,12,347,31
179,2025-09-08,Delta,33,18,14,13,76,43
180,2025-06-24,Beacon,28,23,9,13,296,38
181,2025-12-21,Cedar,24,24,5,4,674,61
182,2025-04-08,Cedar,93,93,12,11,135,56
183,2025-09-29,Cedar,230,230,3,1,117,60
184,2025-09-12,Delta,230,215,14,14,144,9
185,2025-08-13,Delta,153,153,2,6,276,48
186,2025-12-23,Cedar,232,232,4,7,569,24
187,2025-10-27,Beacon,179,164,8,12,582,25
188,2025-04-07,Aster,84,84,6,7,731,15
189,2025-01-05,Aster,95,90,14,15,125,21
190,2025-07-23,Delta,147,147,12,14,780,5
191,2025-09-04,Beacon,25,10,15,14,297,21
192,2025-04-24,Delta,95,80,15,19,404,54
193,2025-11-29,Delta,225,210,4,8,256,22
194,2025-09-30,Beacon,121,121,14,18,58,36
195,2025-10-18,Cedar,54,54,13,15,226,50
196,2025-03-11,Delta,131,126,5,4,85,56
197,2025-12-10,Delta,92,77,8,10,92,29
198,2025-07-18,Delta,123,123,14,13,50,41
199,2025-11-26,Cedar,241,241,13,12,57,30
200,2025-11-21,Aster,208,208,13,16,598,22
201,2025-04-04,Beacon,52,37,7,7,313,32
202,2025-07-12,Delta,182,182,10,12,318,20
203,2025-11-26,Cedar,192,192,2,3,566,39
204,2025-10-26,Aster,90,85,2,3,79,46
205,2025-11-25,Cedar,181,181,5,6,704,57
206,2025-11-16,Aster,90,75,13,14,655,23
207,2025-09-27,Beacon,200,185,5,8,600,60
208,2025-09-05,Delta,185,185,3,3,697,32
209,2025-06-28,Beacon,77,77,12,15,499,19
210,2025-02-13,Aster,149,144,5,3,383,59
211,2025-10-22,Beacon,158,158,5,6,321,24
212,2025-02-19,Delta,47,47,11,11,171,26
213,2025-10-15,Beacon,224,224,5,9,174,36
214,2025-09-11,Beacon,143,143,7,7,494,15
215,2025-02-18,Delta,96,96,7,6,201,50
216,2025-05-28,Cedar,92,92,3,6,621,28
217,2025-07-29,Cedar,192,177,12,12,424,20
218,2025-02-18,Cedar,140,140,14,13,270,38
219,2025-03-21,Delta,226,221,15,17,86,15
220,2025-12-19,Aster,42,42,6,9,107,56
221,2025-08-19,Beacon,228,213,12,16,711,23
222,2025-03-08,Beacon,61,56,15,13,322,24
223,2025-09-05,Aster,197,197,9,13,397,17
224,2025-04-18,Cedar,111,106,5,3,176,31
225,2025-05-22,Aster,89,89,8,12,658,47
226,2025-11-27,Aster,78,78,2,1,693,21
227,2025-02-04,Delta,221,221,11,9,638,10
228,2025-05-04,Aster,57,52,4,5,139,49
229,2025-01-05,Cedar,199,199,8,12,411,17
230,2025-05-03,Cedar,238,233,11,14,235,5
231,2025-06-04,Cedar,243,243,14,13,303,31
232,2025-08-13,Delta,133,133,10,11,492,18
233,2025-01-30,Cedar,70,70,13,14,114,25
234,2025-04-10,Cedar,45,40,3,1,313,31
235,2025-02-08,Delta,132,127,10,8,77,18
236,2025-08-28,Beacon,91,91,14,16,590,56
237,2025-01-05,Cedar,184,179,3,2,545,6
238,2025-10-29,Delta,130,130,11,11,702,13
239,2025-07-13,Aster,171,171,3,6,479,58
240,2025-02-27,Beacon,71,71,4,6,209,61
241,2025-05-21,Beacon,173,158,7,10,154,48
242,2025-07-17,Delta,246,231,11,15,620,60
243,2025-10-19,Aster,54,54,15,18,507,13
244,2025-09-18,Beacon,81,76,6,9,279,38
245,2025-04-14,Delta,170,170,9,13,720,20
246,2025-01-29,Aster,35,20,11,10,61,11
247,2025-05-08,Beacon,47,47,14,17,352,19
248,2025-10-09,Aster,170,155,10,14,362,20
249,2025-02-13,Beacon,236,236,11,14,509,50
250,2025-08-26,Cedar,183,183,6,7,129,19
251,2025-04-05,Cedar,99,84,3,6,372,29
252,2025-12-06,Delta,200,200,14,17,110,58
253,2025-05-16,Cedar,167,162,10,14,116,61
254,2025-09-24,Aster,243,228,6,7,265,8
255,2025-10-11,Delta,237,232,15,18,216,18
256,2025-07-05,Cedar,244,244,12,13,541,53
257,2025-01-24,Cedar,34,34,3,6,60,20
258,2025-08-08,Cedar,153,148,11,13,133,25
259,2025-02-20,Cedar,152,152,8,10,25,45
260,2025-06-29,Beacon,136,121,5,3,186,39
261,2025-04-10,Cedar,199,199,13,11,453,52
262,2025-10-27,Delta,117,117,8,8,664,57
263,2025-02-23,Cedar,213,213,15,13,375,14
264,2025-07-26,Beacon,123,123,15,13,350,64
265,2025-12-01,Beacon,157,142,11,9,97,21
266,2025-08-28,Delta,230,230,10,10,457,13
267,2025-05-28,Cedar,218,213,5,4,465,56
268,2025-05-06,Beacon,121,121,2,4,93,42
269,2025-11-15,Beacon,191,191,4,4,235,51
270,2025-01-21,Delta,198,193,8,8,259,41
271,2025-02-12,Aster,120,105,3,6,392,50
272,2025-02-05,Beacon,60,60,7,10,570,22
273,2025-01-05,Beacon,75,75,3,4,13,15
274,2025-12-24,Cedar,126,126,14,15,728,34
275,2025-04-18,Cedar,35,35,2,1,286,49
276,2025-01-28,Delta,245,245,6,6,96,15
277,2025-06-27,Cedar,191,176,6,10,487,17
278,2025-06-03,Delta,232,227,6,9,149,8
279,2025-07-12,Beacon,123,108,6,4,769,18
280,2025-05-05,Beacon,136,121,7,11,71,59
281,2025-01-15,Delta,77,62,5,8,34,57
282,2025-01-01,Delta,182,182,12,15,660,36
283,2025-07-26,Delta,56,56,6,8,707,50
284,2025-07-04,Delta,38,33,14,14,306,50
285,2025-12-10,Aster,228,228,9,7,205,31
286,2025-11-03,Cedar,119,119,15,19,743,34
287,2025-12-05,Cedar,41,36,3,6,156,10
288,2025-11-03,Aster,127,127,15,16,651,60
289,2025-05-26,Beacon,142,137,15,19,663,5
290,2025-01-12,Cedar,201,201,13,13,464,26
291,2025-02-03,Aster,35,20,10,8,654,12
292,2025-05-11,Beacon,67,52,2,3,205,35
293,2025-10-05,Cedar,64,49,5,9,555,58
294,2025-02-10,Cedar,61,46,4,8,398,64
295,2025-07-29,Cedar,91,91,9,13,264,21
296,2025-01-13,Beacon,194,194,13,17,275,5
297,2025-11-29,Cedar,168,153,11,11,131,42
298,2025-12-08,Cedar,153,153,3,3,426,9
299,2025-03-20,Beacon,66,51,11,9,460,14
300,2025-06-01,Cedar,172,172,3,3,605,42
301,2025-10-13,Delta,205,200,11,13,252,28
302,2025-02-25,Cedar,173,173,13,16,526,41
303,2025-02-12,Aster,69,64,8,8,272,5
304,2025-02-17,Cedar,222,222,14,17,23,41
305,2025-06-20,Beacon,197,197,6,9,139,64
306,2025-07-02,Cedar,67,67,12,15,308,54
307,2025-02-06,Delta,143,143,13,12,619,63
308,2025-06-04,Aster,33,33,6,7,570,11
309,2025-07-14,Cedar,162,157,6,10,239,43
310,2025-12-22,Beacon,169,164,14,15,554,62
311,2025-05-30,Beacon,106,106,15,13,546,14
312,2025-01-13,Delta,225,210,8,7,411,36
313,2025-12-22,Delta,219,204,4,6,728,22
314,2025-05-20,Delta,62,47,15,16,99,48
315,2025-08-16,Beacon,224,224,8,11,685,60
316,2025-10-02,Aster,113,108,9,12,730,36
317,2025-07-03,Aster,68,68,12,16,48,62
318,2025-06-08,Cedar,41,26,7,11,147,39
319,2025-08-07,Delta,227,227,6,7,519,46
320,2025-12-03,Delta,64,64,3,6,524,56
321,2025-12-29,Aster,189,174,15,16,756,13
322,2025-05-09,Aster,176,176,3,5,534,28
323,2025-06-30,Delta,226,226,5,5,113,56
324,2025-10-12,Beacon,23,23,12,13,221,6
325,2025-07-17,Delta,249,234,10,13,679,38
326,2025-09-26,Cedar,198,198,9,7,122,46
327,2025-11-07,Delta,234,234,3,5,404,47
328,2025-01-23,Aster,233,233,2,3,287,31
329,2025-11-02,Aster,59,59,6,4,77,39
330,2025-09-10,Beacon,39,34,13,13,129,56
331,2025-02-21,Cedar,103,103,8,8,417,10
332,2025-02-12,Beacon,151,146,12,11,689,52
333,2025-05-07,Aster,75,70,14,12,573,39
334,2025-09-21,Delta,20,5,2,2,358,62
335,2025-02-21,Beacon,117,117,13,12,527,12
336,2025-11-11,Delta,152,152,8,12,671,45
337,2025-08-11,Beacon,125,110,3,6,270,15
338,2025-01-05,Beacon,135,135,4,8,469,59
339,2025-02-11,Beacon,80,80,5,6,343,38
340,2025-02-02,Beacon,214,214,12,13,771,11
341,2025-09-25,Delta,59,59,5,5,575,13
342,2025-11-27,Aster,49,49,10,8,362,38
343,2025-08-05,Cedar,121,106,12,12,695,33
344,2025-10-02,Beacon,54,54,4,7,316,52
345,2025-04-11,Beacon,79,64,13,17,209,10
346,2025-02-04,Beacon,114,109,8,9,614,63
347,2025-11-10,Aster,108,93,6,6,768,53
348,2025-04-29,Aster,129,124,9,9,619,28
349,2025-02-01,Beacon,76,76,5,6,278,37
350,2025-05-11,Beacon,180,180,6,7,228,8
351,2025-06-07,Aster,202,187,11,13,220,53
352,2025-02-22,Beacon,198,198,15,16,762,46
353,2025-04-12,Aster,123,118,3,6,588,33
354,2025-03-05,Aster,148,148,15,14,794,16
355,2025-10-14,Beacon,42,42,4,6,369,25
356,2025-10-14,Aster,196,196,7,7,123,59
357,2025-06-26,Beacon,185,180,13,13,84,47
358,2025-01-22,Aster,120,120,2,1,38,20
359,2025-08-10,Delta,46,46,5,5,735,62
360,2025-10-20,Aster,138,123,6,4,377,62
361,2025-01-23,Aster,154,149,11,13,553,15
362,2025-09-03,Cedar,65,50,4,4,148,42
363,2025-04-06,Cedar,152,152,10,12,649,17
364,2025-01-31,Cedar,66,61,6,9,91,15
365,2025-02-15,Aster,82,82,6,8,246,14
366,2025-05-15,Aster,78,63,5,8,428,34
367,2025-09-08,Cedar,101,96,8,9,64,17
368,2025-10-22,Beacon,210,210,14,14,401,35
369,2025-07-27,Beacon,150,145,5,7,676,54
370,2025-03-04,Delta,78,78,6,10,754,49
371,2025-11-17,Delta,87,87,10,11,631,15
372,2025-04-04,Cedar,28,23,14,18,630,37
373,2025-07-01,Aster,85,70,6,5,280,23
374,2025-06-22,Delta,136,131,11,10,291,19
375,2025-11-18,Delta,173,158,4,7,621,20
376,2025-04-30,Beacon,23,18,14,13,690,8
377,2025-09-01,Aster,62,62,2,5,739,32
378,2025-01-15,Beacon,139,139,3,7,717,32
379,2025-03-27,Aster,63,58,12,14,581,26
380,2025-07-15,Beacon,181,166,3,3,776,52
381,2025-04-24,Beacon,219,219,12,11,227,60
382,2025-07-24,Beacon,66,66,12,12,789,11
383,2025-09-14,Cedar,87,87,11,12,179,42
384,2025-10-09,Delta,72,72,4,6,303,51
385,2025-07-26,Cedar,118,103,2,1,537,43
386,2025-03-11,Cedar,205,205,10,12,648,58
387,2025-12-23,Aster,151,146,13,17,467,64
388,2025-11-18,Cedar,26,21,9,11,759,18
389,2025-11-07,Aster,28,23,11,15,631,34
390,2025-09-22,Delta,43,43,9,9,42,56
391,2025-08-29,Aster,35,35,9,11,383,51
392,2025-07-30,Aster,116,101,9,12,331,57
393,2025-12-25,Cedar,76,76,7,9,121,55
394,2025-12-16,Beacon,115,115,4,6,756,10
395,2025-11-22,Beacon,149,144,2,6,305,17
396,2025-12-11,Aster,242,227,5,7,14,15
397,2025-02-18,Delta,125,125,13,14,700,30
398,2025-02-05,Cedar,98,83,2,4,445,23
399,2025-08-28,Cedar,129,124,10,14,88,61
400,2025-03-23,Cedar,57,57,4,5,671,18
401,2025-03-04,Aster,113,98,14,18,627,63
402,2025-10-27,Beacon,145,130,4,4,32,19
403,2025-11-04,Delta,122,122,14,18,331,26
404,2025-05-10,Delta,224,209,13,13,57,44
405,2025-12-21,Delta,154,154,7,10,441,25
406,2025-12-08,Cedar,43,43,5,4,522,56
407,2025-05-10,Beacon,212,197,11,15,795,43
408,2025-02-20,Cedar,155,155,5,8,754,48
409,2025-02-16,Cedar,186,186,14,15,221,40
410,2025-12-14,Cedar,188,173,7,10,451,37
411,2025-02-11,Beacon,46,31,15,18,548,10
412,2025-08-30,Beacon,67,62,11,9,557,9
413,2025-01-23,Cedar,52,52,6,7,592,11
414,2025-03-02,Aster,73,58,14,13,437,7
415,2025-01-02,Aster,59,59,5,7,32,8
416,2025-11-30,Cedar,188,188,15,13,137,6
417,2025-05-27,Aster,109,109,12,13,64,55
418,2025-06-10,Cedar,216,216,14,16,768,36
419,2025-11-12,Delta,113,108,12,16,223,47
420,2025-05-08,Delta,218,218,7,7,778,49
421,2025-06-02,Cedar,189,189,6,7,343,45
422,2025-02-23,Cedar,166,161,4,6,703,50
423,2025-07-30,Cedar,202,202,9,11,259,59
424,2025-03-24,Beacon,176,176,3,7,196,45
425,2025-09-07,Cedar,202,202,7,7,40,5
426,2025-10-07,Beacon,240,240,14,17,115,40
427,2025-02-15,Delta,76,76,7,10,81,5
428,2025-12-09,Delta,209,209,12,12,755,32
429,2025-11-15,Aster,249,244,9,11,416,37
430,2025-04-12,Beacon,233,228,9,13,481,6
431,2025-02-20,Cedar,62,57,11,12,754,46
432,2025-09-12,Cedar,30,30,10,8,433,35
433,2025-10-01,Cedar,162,147,13,14,195,59
434,2025-07-19,Beacon,66,51,9,12,684,22
435,2025-01-21,Delta,94,79,7,11,189,15
436,2025-09-27,Beacon,146,131,13,17,330,63
437,2025-12-09,Beacon,148,148,7,9,16,55
438,2025-12-01,Cedar,185,185,7,10,287,33
439,2025-12-08,Aster,222,222,8,11,757,27
440,2025-09-29,Aster,61,61,4,7,682,49
441,2025-03-13,Beacon,77,72,10,14,117,42
442,2025-07-27,Delta,126,126,10,13,145,21
443,2025-06-30,Cedar,183,183,8,6,43,62
444,2025-10-16,Cedar,243,228,13,12,456,48
445,2025-07-12,Delta,241,236,15,14,504,27
446,2025-12-09,Beacon,243,238,8,7,110,25
447,2025-02-11,Cedar,155,140,7,9,463,58
448,2025-06-21,Aster,168,168,14,18,363,60
449,2025-08-17,Aster,180,165,4,5,704,7
450,2025-09-27,Beacon,59,54,13,14,76,41
451,2025-12-06,Beacon,59,54,3,3,533,52
452,2025-07-07,Delta,92,87,6,8,328,30
453,2025-11-08,Cedar,209,209,12,15,113,42
454,2025-11-11,Cedar,100,95,14,17,250,45
455,2025-08-22,Cedar,63,48,4,8,272,9
456,2025-01-30,Cedar,26,26,4,7,367,40
457,2025-02-08,Aster,238,223,8,12,556,55
458,2025-05-27,Cedar,58,53,15,18,330,48
459,2025-10-17,Cedar,216,201,10,13,37,41
460,2025-04-15,Delta,63,63,3,7,635,27
461,2025-05-17,Beacon,168,168,14,14,656,60
462,2025-11-27,Aster,87,87,14,13,630,55
463,2025-11-25,Delta,216,211,15,13,447,56
464,2025-12-26,Delta,76,61,4,4,787,14
465,2025-09-30,Beacon,156,141,5,3,92,35
466,2025-01-18,Cedar,244,244,12,15,411,7
467,2025-07-12,Aster,110,105,10,12,538,25
468,2025-03-27,Cedar,63,63,4,8,767,14
469,2025-07-03,Aster,72,72,14,18,114,14
470,2025-05-08,Delta,34,34,15,16,154,21
471,2025-01-01,Delta,212,197,9,11,87,48
472,2025-05-11,Delta,77,72,7,9,27,49
473,2025-08-25,Aster,118,118,14,18,70,61
474,2025-06-08,Beacon,163,158,2,2,486,38
475,2025-11-02,Cedar,168,168,4,5,756,14
476,2025-04-20,Cedar,148,148,13,14,685,53
477,2025-12-31,Cedar,238,238,8,9,135,19
478,2025-12-18,Beacon,33,28,11,12,177,16
479,2025-06-03,Delta,126,126,3,2,731,32
480,2025-07-25,Aster,188,188,14,18,688,18
481,2025-05-28,Cedar,199,194,8,7,507,23
482,2025-02-23,Aster,122,122,12,12,296,36
483,2025-05-31,Cedar,150,135,9,12,302,41
484,2025-03-29,Aster,229,214,14,15,55,47
485,2025-01-13,Beacon,168,168,13,11,465,35
486,2025-04-09,Aster,185,170,9,9,318,17
487,2025-01-14,Delta,27,27,5,9,713,42
488,2025-12-13,Delta,187,187,4,6,752,23
489,2025-11-02,Cedar,34,19,12,14,781,57
490,2025-05-23,Cedar,57,57,10,11,40,7
491,2025-12-04,Beacon,214,199,11,14,341,6
492,2025-06-09,Aster,98,83,3,1,420,18
493,2025-02-25,Aster,237,222,15,17,437,15
494,2025-04-03,Aster,155,155,13,15,105,54
495,2025-07-04,Aster,200,200,3,7,99,50
496,2025-03-06,Delta,221,221,3,5,773,45
497,2025-10-30,Delta,48,33,2,5,575,45
498,2025-11-28,Beacon,240,240,4,4,603,44
499,2025-04-05,Aster,136,136,14,12,290,20
500,2025-11-30,Aster,46,46,2,1,763,19
501,2025-10-16,Delta,29,29,3,7,688,10
502,2025-08-07,Delta,66,66,11,10,177,42
503,2025-06-22,Cedar,112,112,7,11,290,56
504,2025-12-19,Beacon,225,210,4,5,290,27
505,2025-11-15,Aster,181,181,14,16,473,38
506,2025-05-07,Beacon,87,82,12,11,701,40
507,2025-01-25,Delta,233,233,11,9,600,46
508,2025-05-05,Cedar,245,240,4,6,217,9
509,2025-08-10,Aster,242,242,14,17,656,29
510,2025-02-02,Cedar,147,147,11,10,196,45
511,2025-10-09,Beacon,163,163,14,15,375,49
512,2025-01-02,Aster,165,150,12,13,203,22
513,2025-07-03,Aster,30,30,14,17,703,25
514,2025-07-01,Aster,217,212,9,9,242,11
515,2025-08-26,Aster,115,110,7,8,71,48
516,2025-12-29,Beacon,177,177,6,10,250,12
517,2025-02-03,Delta,240,225,15,17,40,6
518,2025-12-07,Cedar,176,176,8,12,541,64
519,2025-03-13,Delta,172,167,11,11,596,18
520,2025-11-13,Aster,183,183,2,4,121,48
521,2025-08-05,Aster,177,177,3,3,319,26
522,2025-05-07,Cedar,145,145,8,12,139,55
523,2025-11-12,Aster,102,102,6,6,638,9
524,2025-06-18,Aster,201,196,15,19,172,44
525,2025-10-10,Cedar,150,150,2,5,244,16
526,2025-08-18,Aster,222,222,5,4,16,57
527,2025-07-31,Cedar,119,119,14,12,750,42
528,2025-08-21,Aster,111,106,15,16,42,11
529,2025-10-04,Aster,231,226,7,10,711,23
530,2025-10-30,Delta,83,68,2,2,306,22
531,2025-07-03,Beacon,95,95,12,16,530,60
532,2025-08-19,Beacon,177,162,11,10,309,23
533,2025-09-09,Aster,74,69,3,3,241,28
534,2025-10-13,Beacon,247,247,14,12,542,24
535,2025-07-06,Beacon,62,57,13,13,488,20
536,2025-09-04,Aster,242,242,13,15,184,33
537,2025-03-21,Beacon,245,240,8,11,692,51
538,2025-04-04,Cedar,32,17,4,6,512,37
539,2025-04-16,Cedar,123,118,15,15,454,46
540,2025-09-11,Beacon,35,35,7,6,585,13
541,2025-04-10,Beacon,114,109,2,5,380,21
542,2025-09-24,Beacon,92,92,8,11,751,22
543,2025-03-04,Delta,120,120,15,19,727,30
544,2025-07-15,Delta,24,24,3,6,509,27
545,2025-06-26,Aster,200,200,9,9,56,20
546,2025-11-25,Cedar,122,117,10,14,213,38
547,2025-05-11,Beacon,150,145,10,13,667,45
548,2025-09-15,Aster,230,215,7,7,308,52
549,2025-08-04,Cedar,101,101,15,17,633,59
550,2025-06-15,Aster,183,183,15,14,271,29
551,2025-01-28,Aster,238,233,8,10,359,7
552,2025-11-07,Cedar,153,153,10,11,373,48
553,2025-06-17,Aster,133,118,3,3,433,29
554,2025-06-07,Aster,205,200,14,14,575,31
555,2025-03-06,Cedar,94,94,12,11,291,25
556,2025-08-24,Cedar,157,157,13,15,611,42
557,2025-02-11,Aster,179,174,12,12,517,6
558,2025-04-24,Aster,145,140,3,1,107,61
559,2025-06-01,Delta,236,231,9,10,762,18
560,2025-05-06,Cedar,225,225,12,15,754,18
561,2025-06-04,Aster,217,202,15,17,784,13
562,2025-05-25,Delta,246,246,5,5,432,31
563,2025-10-04,Aster,160,145,11,14,602,38
564,2025-03-17,Beacon,135,130,8,7,527,42
565,2025-07-11,Aster,177,177,6,6,652,29
566,2025-07-01,Cedar,127,127,8,11,180,16
567,2025-07-15,Cedar,208,193,11,9,338,26
568,2025-08-28,Beacon,153,148,3,4,415,62
569,2025-01-15,Cedar,42,37,14,13,267,50
570,2025-07-31,Cedar,45,30,9,7,207,17
571,2025-12-07,Aster,92,92,12,14,284,48
572,2025-12-29,Delta,248,248,11,14,182,29
573,2025-01-24,Beacon,112,112,13,15,679,40
574,2025-09-27,Delta,212,197,2,3,381,56
575,2025-04-15,Aster,165,160,7,6,629,27
576,2025-02-15,Cedar,54,49,2,6,102,17
577,2025-05-19,Delta,78,78,13,13,32,41
578,2025-11-21,Beacon,240,240,11,10,694,62
579,2025-12-13,Delta,240,240,14,17,634,15
580,2025-05-15,Beacon,50,45,12,15,680,15
581,2025-08-28,Beacon,28,13,8,8,175,54
582,2025-02-17,Aster,77,62,8,11,35,36
583,2025-11-03,Beacon,130,115,13,17,352,34
584,2025-12-29,Aster,81,81,3,4,214,42
585,2025-02-13,Beacon,160,160,9,9,697,42
586,2025-03-27,Beacon,166,161,12,11,562,8
587,2025-10-09,Aster,169,164,13,16,402,15
588,2025-11-02,Beacon,38,38,8,9,286,22
589,2025-04-24,Beacon,42,42,5,7,695,60
590,2025-05-19,Delta,91,91,13,14,625,10
591,2025-08-27,Beacon,95,95,15,19,776,5
592,2025-01-24,Cedar,74,59,6,8,534,10
593,2025-03-23,Aster,130,130,6,5,76,27
594,2025-11-30,Delta,35,30,7,7,122,23
595,2025-09-15,Cedar,192,177,13,15,549,32
596,2025-08-05,Beacon,23,8,2,4,511,27
597,2025-07-07,Cedar,90,90,15,16,544,28
598,2025-06-23,Delta,182,167,15,17,95,37
599,2025-05-15,Beacon,87,82,15,14,350,34
600,2025-06-11,Aster,140,135,9,13,306,57
601,2025-03-05,Delta,96,96,5,7,92,29
602,2025-09-16,Beacon,195,190,15,16,690,21
603,2025-02-09,Delta,119,114,10,14,430,15
604,2025-04-30,Beacon,106,91,8,10,79,57
605,2025-03-18,Delta,51,51,12,11,135,10
606,2025-07-02,Beacon,195,195,15,17,15,38
607,2025-11-28,Cedar,93,93,9,11,503,29
608,2025-10-09,Delta,203,188,13,15,784,5
609,2025-09-01,Beacon,134,134,15,16,51,37
610,2025-09-16,Cedar,240,240,5,8,612,56
611,2025-12-11,Beacon,117,112,14,13,202,11
612,2025-03-19,Cedar,43,38,4,7,768,38
613,2025-12-22,Aster,194,189,13,16,737,46
614,2025-10-20,Beacon,104,99,2,1,360,7
615,2025-03-07,Delta,249,244,10,10,497,61
616,2025-11-29,Beacon,53,38,10,12,621,11
617,2025-03-02,Cedar,63,58,5,4,333,5
618,2025-04-29,Aster,163,163,9,8,198,40
619,2025-01-01,Delta,71,66,2,6,434,52
620,2025-01-09,Delta,199,199,12,11,685,62
621,2025-01-17,Aster,103,98,10,11,170,17
622,2025-08-21,Cedar,113,113,2,6,745,44
623,2025-11-23,Beacon,102,102,12,11,548,43
624,2025-02-07,Aster,112,107,7,10,162,48
625,2025-10-13,Aster,110,110,13,13,478,56
626,2025-06-16,Cedar,32,32,2,5,515,9
627,2025-02-19,Beacon,180,175,13,14,316,28
628,2025-06-08,Aster,178,178,2,2,356,44
629,2025-10-22,Beacon,141,141,5,8,568,14
630,2025-04-02,Beacon,161,146,15,18,410,51
631,2025-04-01,Beacon,221,216,11,10,403,9
632,2025-09-28,Delta,244,244,8,12,343,6
633,2025-02-17,Delta,239,234,12,13,105,34
634,2025-07-05,Beacon,189,189,10,9,246,49
635,2025-08-23,Delta,212,212,2,1,188,40
636,2025-11-13,Beacon,59,59,4,6,492,52
637,2025-09-20,Delta,150,135,7,8,434,47
638,2025-04-04,Beacon,35,35,11,13,537,45
639,2025-10-31,Cedar,91,76,6,10,88,63
640,2025-06-28,Cedar,92,92,2,3,196,42
641,2025-05-13,Delta,163,158,8,11,308,11
642,2025-05-09,Beacon,112,112,14,16,706,30
643,2025-09-15,Beacon,152,137,9,9,540,17
644,2025-04-28,Aster,190,185,6,9,115,14
645,2025-06-08,Cedar,65,65,2,6,555,31
646,2025-07-19,Beacon,46,31,8,6,414,33
647,2025-05-14,Delta,207,202,11,10,476,36
648,2025-02-08,Aster,133,133,8,10,762,9
649,2025-07-10,Delta,148,148,7,5,549,63
650,2025-02-27,Cedar,146,146,14,14,189,5
651,2025-10-10,Cedar,212,212,14,17,225,41
652,2025-07-28,Delta,22,22,3,5,799,54
653,2025-03-27,Beacon,135,135,10,13,797,6
654,2025-06-22,Delta,158,158,9,7,391,58
655,2025-02-17,Aster,208,208,2,5,708,59
656,2025-10-28,Delta,66,66,2,1,506,27
657,2025-02-05,Delta,45,45,10,9,594,28
658,2025-12-08,Cedar,164,149,14,18,87,42
659,2025-12-26,Aster,198,198,4,2,310,57
660,2025-07-09,Cedar,68,68,4,2,121,17
661,2025-09-18,Beacon,149,144,5,9,294,43
662,2025-03-08,Aster,155,155,15,17,417,42
663,2025-04-03,Cedar,240,240,12,15,765,52
664,2025-08-30,Beacon,97,97,14,16,415,48
665,2025-07-21,Cedar,196,196,2,6,102,62
666,2025-08-22,Beacon,142,142,9,11,661,63
667,2025-08-21,Beacon,133,133,13,14,673,15
668,2025-01-12,Cedar,167,167,7,11,97,44
669,2025-10-26,Cedar,42,37,10,12,608,24
670,2025-06-24,Delta,123,123,6,7,156,46
671,2025-05-25,Aster,148,143,12,13,37,30
672,2025-11-15,Delta,46,41,6,5,753,17
673,2025-07-18,Beacon,134,134,10,11,420,63
674,2025-04-26,Delta,222,222,6,5,208,64
675,2025-07-11,Beacon,122,122,14,14,522,7
676,2025-04-22,Cedar,188,188,4,2,358,8
677,2025-04-28,Beacon,174,174,13,15,400,59
678,2025-01-04,Delta,129,114,3,6,781,61
679,2025-03-19,Aster,70,70,10,12,20,61
680,2025-01-10,Delta,229,224,9,12,104,53
681,2025-08-26,Cedar,203,188,5,7,651,22
682,2025-04-15,Cedar,133,133,6,7,118,18
683,2025-08-26,Aster,164,164,2,2,74,64
684,2025-08-26,Beacon,91,76,9,8,373,34
685,2025-12-26,Delta,169,164,10,13,60,5
686,2025-12-20,Cedar,103,103,11,10,434,10
687,2025-10-27,Delta,148,143,15,13,422,28
688,2025-07-13,Aster,38,23,2,2,232,11
689,2025-02-09,Aster,208,208,6,5,59,7
690,2025-02-12,Delta,90,85,9,7,91,22
691,2025-06-12,Delta,165,150,14,16,663,12
692,2025-07-06,Cedar,236,236,4,5,532,46
693,2025-01-16,Aster,112,112,13,11,662,39
694,2025-09-21,Beacon,22,22,5,8,653,22
695,2025-04-03,Delta,228,228,13,14,510,30
696,2025-03-06,Beacon,225,225,14,12,427,21
697,2025-03-09,Aster,206,191,11,9,463,27
698,2025-02-06,Beacon,173,158,10,8,584,13
699,2025-08-06,Cedar,169,154,13,12,209,15
700,2025-01-09,Cedar,31,31,3,6,797,11
701,2025-02-25,Delta,106,101,6,9,135,11
702,2025-03-24,Cedar,223,223,15,18,71,63
703,2025-05-21,Beacon,160,160,12,16,178,34
704,2025-11-27,Delta,65,65,13,14,47,50
705,2025-08-06,Aster,97,97,7,9,380,7
706,2025-12-10,Cedar,223,223,7,8,218,11
707,2025-10-26,Delta,25,25,7,5,728,63
708,2025-05-07,Beacon,63,63,4,3,198,19
709,2025-09-28,Aster,60,45,14,18,256,30
710,2025-06-30,Aster,96,96,9,8,190,27
711,2025-09-27,Delta,184,184,11,13,539,22
712,2025-04-10,Delta,209,209,12,13,424,16
713,2025-08-13,Delta,236,236,2,6,799,55
714,2025-07-10,Cedar,190,185,6,5,636,18
715,2025-08-05,Aster,197,182,15,15,520,6
716,2025-03-13,Cedar,35,35,15,16,713,59
717,2025-11-15,Cedar,112,97,14,16,644,48
718,2025-04-11,Beacon,52,52,2,2,74,58
719,2025-03-01,Beacon,171,171,3,6,324,47
720,2025-04-25,Delta,96,81,14,18,783,50
721,2025-06-29,Delta,179,179,8,11,693,52
722,2025-01-09,Beacon,89,74,4,2,38,64
723,2025-07-11,Beacon,35,30,6,10,436,27
724,2025-12-08,Aster,20,20,8,10,721,40
725,2025-05-26,Beacon,112,112,12,15,367,46
726,2025-02-10,Beacon,27,12,4,2,463,57
727,2025-10-02,Beacon,78,73,3,2,107,46
728,2025-10-04,Cedar,128,128,11,15,21,10
729,2025-11-03,Cedar,225,225,13,12,745,23
730,2025-04-27,Delta,202,187,3,1,781,46
731,2025-10-27,Aster,59,59,13,13,470,7
732,2025-09-05,Delta,166,166,13,17,439,14
733,2025-08-16,Cedar,209,209,12,15,191,20
734,2025-10-08,Delta,22,17,4,6,148,29
735,2025-08-23,Aster,102,87,4,6,249,13
736,2025-08-15,Beacon,165,160,2,2,206,49
737,2025-05-27,Aster,21,6,2,4,211,12
738,2025-01-29,Beacon,122,107,11,14,746,24
739,2025-08-10,Beacon,78,78,5,6,545,20
740,2025-03-05,Delta,243,243,10,8,606,33
741,2025-01-23,Aster,65,50,8,8,149,40
742,2025-07-02,Delta,141,141,15,16,636,44
743,2025-05-29,Aster,200,195,9,9,153,48
744,2025-10-08,Delta,82,82,3,5,248,17
745,2025-08-06,Cedar,20,20,2,5,345,51
746,2025-03-28,Cedar,77,77,5,3,186,20
747,2025-05-09,Delta,229,224,9,9,303,27
748,2025-09-10,Delta,142,142,5,9,480,27
749,2025-06-07,Delta,172,172,15,15,466,55
750,2025-09-04,Beacon,69,64,14,16,296,20
751,2025-02-15,Cedar,212,212,14,15,704,22
752,2025-01-08,Beacon,79,79,14,15,526,30
753,2025-12-03,Cedar,25,10,10,11,135,18
754,2025-08-06,Cedar,221,216,11,12,659,57
755,2025-04-08,Aster,107,107,12,13,56,38
756,2025-07-31,Delta,148,148,7,10,681,16
757,2025-09-18,Beacon,147,147,8,10,231,52
758,2025-01-17,Beacon,53,38,15,13,737,27
759,2025-12-29,Cedar,157,157,10,8,392,8
760,2025-05-12,Aster,234,234,12,15,316,21
761,2025-06-22,Delta,224,224,7,6,193,35
762,2025-02-17,Cedar,186,186,4,3,358,48
763,2025-10-19,Beacon,96,96,15,17,779,44
764,2025-07-04,Aster,47,47,6,6,321,59
765,2025-06-28,Delta,118,118,15,14,56,55
766,2025-06-21,Aster,238,238,14,17,366,37
767,2025-04-15,Delta,237,237,6,4,145,55
768,2025-11-24,Delta,46,46,8,6,614,33
769,2025-11-25,Cedar,112,97,7,9,526,24
770,2025-08-08,Cedar,54,54,4,7,42,35
771,2025-10-21,Beacon,53,53,12,11,724,16
772,2025-04-28,Delta,59,59,5,3,156,6
773,2025-08-20,Beacon,23,18,14,14,461,48
774,2025-02-01,Cedar,152,152,4,4,715,54
775,2025-02-02,Delta,41,41,3,7,612,47
776,2025-08-29,Cedar,22,22,6,10,508,58
777,2025-03-20,Aster,160,160,14,14,430,44
778,2025-07-31,Beacon,244,244,12,10,735,51
779,2025-12-08,Aster,238,238,2,5,766,53
780,2025-09-28,Beacon,45,45,7,6,159,58
781,2025-03-21,Delta,104,104,3,1,568,63
782,2025-12-13,Delta,21,6,6,5,112,11
783,2025-04-09,Delta,51,51,9,8,277,34
784,2025-10-23,Delta,192,187,13,14,639,40
785,2025-08-07,Delta,242,242,7,5,395,28
786,2025-02-03,Cedar,218,213,10,13,780,13
787,2025-10-15,Cedar,40,40,6,10,638,7
788,2025-04-02,Aster,47,47,9,13,381,34
789,2025-04-04,Delta,140,140,13,17,114,29
790,2025-11-02,Aster,227,222,15,16,241,33
791,2025-09-29,Cedar,90,90,10,11,618,37
792,2025-03-30,Delta,244,229,7,7,126,51
793,2025-01-26,Aster,129,124,9,13,296,11
794,2025-11-06,Delta,26,26,12,11,635,17
795,2025-06-03,Aster,80,75,4,7,578,20
796,2025-07-20,Cedar,232,232,12,14,465,51
797,2025-02-11,Cedar,128,128,2,4,39,43
798,2025-06-20,Delta,89,84,14,14,329,40
799,2025-04-05,Beacon,132,127,4,4,602,31
800,2025-03-10,Beacon,168,168,11,13,580,45
801,2025-05-19,Cedar,171,171,6,6,471,45
802,2025-09-19,Beacon,80,80,2,2,74,49
803,2025-05-22,Delta,26,26,14,14,684,23
804,2025-05-16,Cedar,137,122,9,9,54,29
805,2025-08-24,Delta,23,18,6,9,392,47
806,2025-10-25,Cedar,186,186,8,9,510,9
807,2025-07-25,Beacon,88,88,7,10,534,26
808,2025-04-27,Delta,92,87,5,8,599,41
809,2025-06-24,Aster,242,242,5,8,234,37
810,2025-07-06,Aster,204,199,10,8,363,31
811,2025-02-21,Cedar,228,228,6,10,568,7
812,2025-05-27,Cedar,42,27,7,8,227,55
813,2025-02-01,Cedar,215,200,11,11,285,49
814,2025-07-24,Cedar,128,113,12,12,589,24
815,2025-05-26,Cedar,229,214,2,3,116,50
816,2025-03-19,Delta,91,91,2,5,230,6
817,2025-03-02,Beacon,163,148,10,14,515,57
818,2025-12-05,Cedar,80,80,11,12,719,18
819,2025-07-13,Delta,153,153,7,6,29,52
820,2025-04-23,Beacon,200,200,11,13,375,9
821,2025-11-19,Cedar,98,98,10,13,166,21
822,2025-12-08,Delta,145,145,2,6,84,61
823,2025-04-21,Cedar,60,60,4,5,188,17
824,2025-12-05,Delta,126,121,13,17,474,49
825,2025-06-30,Delta,159,154,9,9,412,55
826,2025-02-20,Aster,100,100,9,11,165,43
827,2025-08-09,Aster,133,133,6,10,387,56
828,2025-09-11,Aster,192,177,15,18,39,10
829,2025-04-04,Cedar,177,177,11,11,23,53
830,2025-02-14,Cedar,202,187,9,9,728,22
831,2025-11-03,Delta,150,150,6,4,500,17
832,2025-05-12,Beacon,195,195,2,3,10,41
833,2025-10-20,Beacon,219,219,7,10,418,21
834,2025-04-20,Beacon,206,206,7,9,581,45
835,2025-07-14,Cedar,22,17,11,10,415,48
836,2025-02-03,Delta,47,32,3,4,110,12
837,2025-07-21,Cedar,53,53,15,14,726,58
838,2025-02-08,Aster,216,211,9,12,53,5
839,2025-08-29,Beacon,82,77,9,9,543,64
840,2025-10-02,Aster,36,31,2,5,274,13
841,2025-11-09,Cedar,68,63,7,11,286,14
842,2025-06-14,Delta,214,209,8,7,301,40
843,2025-01-10,Cedar,173,173,5,5,29,52
844,2025-04-02,Cedar,154,149,10,14,298,54
845,2025-01-20,Aster,135,130,8,6,588,37
846,2025-01-14,Beacon,192,187,9,9,25,11
847,2025-03-04,Aster,33,33,5,8,732,58
848,2025-12-11,Cedar,168,168,8,9,449,56
849,2025-01-30,Aster,82,82,13,11,567,49
850,2025-05-22,Beacon,178,173,11,15,666,16
851,2025-08-25,Cedar,144,144,11,13,299,36
852,2025-10-07,Aster,77,72,8,12,152,12
853,2025-07-13,Delta,62,62,4,6,633,32
854,2025-06-19,Delta,193,193,8,7,350,64
855,2025-07-25,Delta,48,48,10,13,137,45
856,2025-08-22,Delta,174,174,14,14,633,31
857,2025-03-23,Beacon,170,170,8,9,298,49
858,2025-02-14,Beacon,204,199,9,12,519,24
859,2025-06-17,Cedar,69,64,12,14,698,28
860,2025-08-29,Delta,247,232,11,12,400,33
861,2025-10-31,Delta,42,42,5,8,148,43
862,2025-06-06,Aster,26,11,6,4,156,37
863,2025-10-07,Cedar,184,179,2,6,654,12
864,2025-05-30,Delta,197,197,3,2,641,56
865,2025-11-23,Aster,147,132,3,5,465,12
866,2025-12-17,Delta,67,67,5,9,176,43
867,2025-04-16,Aster,125,110,13,15,427,64
868,2025-08-19,Delta,127,112,11,12,27,32
869,2025-01-29,Delta,217,217,11,9,260,13
870,2025-12-24,Delta,106,91,4,2,59,41
871,2025-12-06,Delta,229,229,15,16,357,19
872,2025-09-05,Delta,219,219,15,19,775,14
873,2025-04-04,Beacon,35,35,7,8,782,60
874,2025-06-23,Cedar,54,54,5,5,553,17
875,2025-05-16,Cedar,219,219,11,13,200,5
876,2025-09-02,Delta,162,162,3,7,542,42
877,2025-01-10,Beacon,104,104,8,11,168,22
878,2025-01-29,Cedar,183,178,13,12,606,7
879,2025-10-20,Cedar,31,31,5,6,80,28
880,2025-10-17,Delta,47,47,9,13,550,35
881,2025-01-14,Cedar,29,29,8,8,696,30
882,2025-02-23,Aster,133,128,11,9,436,20
883,2025-09-18,Cedar,133,118,8,8,256,6
884,2025-09-23,Beacon,40,25,3,1,497,13
885,2025-01-26,Beacon,189,189,7,11,107,60
886,2025-07-31,Cedar,238,238,15,14,446,8
887,2025-02-13,Delta,98,83,9,13,741,40
888,2025-11-19,Cedar,220,220,14,12,511,50
889,2025-05-16,Cedar,184,184,9,10,751,31
890,2025-01-30,Beacon,184,179,8,6,247,14
891,2025-03-04,Delta,178,178,10,13,614,9
892,2025-06-15,Delta,167,167,3,6,621,47
893,2025-03-13,Beacon,164,149,5,9,712,52
894,2025-05-02,Beacon,49,49,12,16,17,10
895,2025-01-28,Beacon,53,48,6,8,766,48
896,2025-09-15,Beacon,219,219,5,5,670,18
897,2025-03-25,Delta,86,86,8,11,335,12
898,2025-05-17,Aster,198,198,8,11,661,12
899,2025-11-06,Beacon,226,221,12,15,236,34
900,2025-10-07,Cedar,187,187,2,2,672,23
901,2025-11-29,Delta,140,125,6,4,414,62
902,2025-12-31,Beacon,110,110,15,13,680,64
903,2025-06-12,Aster,130,130,3,7,178,14
904,2025-08-16,Delta,176,171,8,11,599,38
905,2025-08-14,Aster,81,81,10,9,116,60
906,2025-10-29,Beacon,237,237,5,4,516,17
907,2025-04-18,Beacon,161,156,10,13,634,48
908,2025-09-23,Aster,177,162,6,8,22,53
909,2025-11-11,Delta,55,55,8,6,388,57
910,2025-05-21,Cedar,53,48,13,14,213,6
911,2025-08-03,Delta,23,18,4,5,241,5
912,2025-02-04,Cedar,122,107,13,11,728,6
913,2025-12-17,Cedar,140,140,6,5,653,25
914,2025-09-28,Aster,146,131,6,5,410,10
915,2025-08-26,Beacon,102,102,14,16,423,43
916,2025-06-03,Beacon,214,214,14,16,106,52
917,2025-06-02,Cedar,64,64,6,5,484,61
918,2025-08-23,Beacon,175,175,4,5,757,42
919,2025-06-02,Cedar,26,26,7,5,339,10
920,2025-02-28,Beacon,85,70,8,7,415,5
921,2025-10-28,Aster,244,244,8,6,444,64
922,2025-07-19,Aster,77,62,6,4,297,5
923,2025-07-20,Aster,191,191,4,3,354,17
924,2025-06-20,Delta,121,116,3,3,400,22
925,2025-06-18,Cedar,152,152,9,13,767,32
926,2025-01-29,Beacon,93,93,7,5,232,26
927,2025-02-21,Cedar,119,119,11,13,38,32
928,2025-04-18,Beacon,60,60,11,13,627,37
929,2025-03-29,Cedar,36,36,9,9,72,55
930,2025-01-15,Beacon,93,78,3,6,25,46
931,2025-06-16,Delta,199,184,11,13,747,30
932,2025-03-01,Aster,228,228,12,11,382,40
933,2025-01-25,Aster,145,140,8,7,193,56
934,2025-09-07,Delta,125,125,14,18,82,55
935,2025-05-02,Beacon,154,154,11,10,111,62
936,2025-01-20,Aster,170,170,2,1,243,37
937,2025-11-24,Cedar,122,122,15,19,286,40
938,2025-09-01,Beacon,218,218,15,17,774,7
939,2025-07-11,Aster,225,225,15,15,184,12
940,2025-06-19,Cedar,179,179,15,14,94,61
941,2025-11-02,Cedar,185,185,4,7,738,16
942,2025-04-04,Delta,111,111,3,5,706,6
943,2025-05-05,Beacon,130,130,8,9,133,55
944,2025-04-23,Delta,79,74,14,13,189,19
945,2025-12-26,Cedar,37,22,12,14,752,64
946,2025-01-22,Cedar,220,215,6,4,496,7
947,2025-07-29,Beacon,122,117,3,5,778,60
948,2025-01-11,Delta,88,73,4,4,513,39
949,2025-01-11,Aster,181,166,13,13,38,25
950,2025-05-16,Beacon,182,182,3,7,498,61
951,2025-09-03,Aster,169,154,8,9,104,56
952,2025-09-27,Delta,74,59,14,16,516,47
953,2025-10-06,Beacon,227,227,12,10,44,45
954,2025-06-11,Beacon,189,174,14,15,233,43
955,2025-12-13,Aster,63,63,7,8,280,58
956,2025-03-04,Delta,197,197,11,12,331,26
957,2025-10-23,Beacon,94,89,6,4,725,13
958,2025-08-26,Beacon,100,100,4,7,677,43
959,2025-07-22,Delta,75,75,13,14,610,19
960,2025-02-21,Aster,126,126,12,10,337,8
961,2025-08-03,Cedar,227,222,11,11,546,46
962,2025-01-01,Aster,125,125,3,7,307,27
963,2025-08-11,Aster,215,215,11,9,389,5
964,2025-03-09,Delta,205,205,10,14,234,12
965,2025-12-18,Beacon,196,196,4,5,747,29
966,2025-06-27,Aster,22,22,9,11,459,12
967,2025-09-22,Cedar,130,125,15,14,421,55
968,2025-12-04,Beacon,83,83,14,17,195,21
969,2025-01-27,Beacon,198,198,7,5,608,54
970,2025-07-29,Cedar,203,198,7,8,455,47
971,2025-11-04,Aster,196,196,11,14,421,32
972,2025-05-06,Delta,103,103,2,2,189,22
973,2025-01-12,Cedar,178,178,9,7,241,41
974,2025-09-22,Cedar,59,59,7,7,535,64
975,2025-01-13,Aster,190,190,8,11,296,61
976,2025-03-04,Aster,140,135,13,14,336,26
977,2025-05-20,Beacon,45,45,4,4,394,45
978,2025-05-30,Aster,94,89,14,13,274,34
979,2025-07-10,Beacon,218,203,8,12,520,8
980,2025-05-22,Beacon,106,101,9,12,79,18
981,2025-05-29,Aster,91,91,7,8,379,14
982,2025-05-16,Beacon,146,146,7,7,419,42
983,2025-09-09,Beacon,85,85,9,10,556,61
984,2025-05-19,Beacon,33,18,14,13,78,6
985,2025-09-11,Beacon,67,52,14,12,252,7
986,2025-11-05,Aster,154,149,9,12,309,53
987,2025-05-04,Aster,85,85,9,10,206,57
988,2025-09-20,Delta,117,117,8,8,461,45
989,2025-08-11,Beacon,197,182,6,7,381,22
990,2025-10-16,Delta,150,135,7,5,109,35
991,2025-04-03,Delta,53,53,15,14,129,51
992,2025-05-29,Aster,99,99,3,3,257,7
993,2025-10-28,Aster,234,234,13,12,581,6
994,2025-12-19,Aster,106,106,6,7,587,63
995,2025-12-14,Cedar,209,209,8,7,586,25
996,2025-07-13,Delta,79,79,5,9,382,6
997,2025-06-12,Aster,190,190,10,10,462,29
998,2025-08-27,Delta,79,79,7,6,351,40
999,2025-09-07,Cedar,172,172,9,9,67,62
1000,2025-11-19,Aster,125,125,10,12,307,37
1001,2025-01-22,Cedar,217,217,2,5,110,46
1002,2025-03-06,Cedar,213,213,9,12,423,60
1003,2025-11-16,Delta,138,123,10,11,777,30
1004,2025-09-22,Cedar,51,51,4,2,478,45
1005,2025-08-23,Aster,227,212,10,9,506,43
1006,2025-09-01,Aster,201,186,11,13,242,48
1007,2025-09-08,Delta,78,78,5,6,496,32
1008,2025-02-10,Aster,81,81,5,4,125,27
1009,2025-05-06,Beacon,76,76,14,13,322,48
1010,2025-05-12,Aster,26,26,10,12,339,14
1011,2025-07-09,Delta,170,170,9,8,279,55
1012,2025-05-06,Delta,71,66,6,7,500,6
1013,2025-01-27,Aster,176,171,9,12,316,52
1014,2025-12-05,Delta,194,194,5,4,354,43
1015,2025-07-06,Beacon,168,168,13,16,77,56
1016,2025-04-04,Delta,102,102,9,8,305,17
1017,2025-09-27,Beacon,224,209,15,16,591,61
1018,2025-02-14,Beacon,63,58,5,4,577,50
1019,2025-12-27,Beacon,119,114,5,7,336,6
1020,2025-05-06,Cedar,157,157,9,13,686,20
1021,2025-04-16,Aster,160,160,10,12,315,6
1022,2025-11-02,Cedar,76,76,12,12,181,44
1023,2025-03-26,Beacon,33,33,11,11,400,50
1024,2025-09-20,Cedar,29,14,10,12,122,43
1025,2025-02-09,Cedar,153,153,5,3,772,37
1026,2025-06-07,Beacon,190,190,8,12,20,32
1027,2025-11-07,Cedar,104,104,10,9,702,43
1028,2025-10-03,Beacon,109,109,11,10,182,22
1029,2025-07-04,Cedar,47,42,5,9,203,32
1030,2025-12-03,Aster,86,81,8,8,98,18
1031,2025-03-16,Aster,137,137,8,6,551,17
1032,2025-02-09,Delta,112,107,8,6,647,11
1033,2025-10-06,Beacon,186,181,13,11,224,7
1034,2025-07-07,Delta,80,65,2,1,589,57
1035,2025-07-24,Delta,109,104,13,11,137,16
1036,2025-05-26,Aster,131,126,6,10,432,49
1037,2025-10-20,Beacon,224,224,6,7,352,26
1038,2025-06-20,Aster,116,116,11,13,319,58
1039,2025-10-05,Delta,206,206,14,15,431,31
1040,2025-12-11,Aster,39,24,12,16,470,61
1041,2025-05-04,Delta,108,108,14,17,305,64
1042,2025-12-21,Aster,153,148,4,6,242,9
1043,2025-01-03,Delta,45,30,11,13,312,13
1044,2025-06-26,Delta,20,15,6,5,162,60
1045,2025-01-04,Cedar,158,158,6,7,296,17
1046,2025-10-15,Delta,103,98,2,1,52,47
1047,2025-03-20,Cedar,184,184,3,6,353,46
1048,2025-06-20,Aster,29,24,4,7,381,32
1049,2025-10-19,Aster,200,185,3,2,629,23
1050,2025-02-01,Aster,22,22,12,14,467,58
1051,2025-11-20,Aster,52,47,13,17,93,18
1052,2025-03-19,Aster,72,67,9,12,558,10
1053,2025-07-17,Cedar,223,223,4,2,458,13
1054,2025-03-31,Beacon,208,208,4,4,262,23
1055,2025-08-08,Cedar,123,118,6,8,635,41
1056,2025-02-21,Delta,161,161,2,6,276,58
1057,2025-05-15,Delta,200,195,2,1,151,37
1058,2025-11-24,Delta,74,69,12,12,272,15
1059,2025-05-03,Delta,230,215,8,6,478,27
1060,2025-08-10,Cedar,40,40,10,12,625,49
1061,2025-04-04,Beacon,224,224,12,15,705,29
1062,2025-01-05,Delta,59,59,7,8,130,36
1063,2025-05-11,Aster,73,58,12,11,497,6
1064,2025-03-30,Cedar,36,36,4,4,604,12
1065,2025-04-22,Cedar,182,177,2,1,309,42
1066,2025-11-16,Aster,156,151,2,3,286,50
1067,2025-10-11,Beacon,182,177,8,11,60,51
1068,2025-08-16,Cedar,237,237,6,6,781,53
1069,2025-09-03,Cedar,109,94,7,5,501,30
1070,2025-07-07,Aster,78,78,14,12,257,44
1071,2025-11-19,Cedar,225,220,8,10,247,45
1072,2025-06-08,Beacon,62,62,8,10,756,53
1073,2025-07-06,Cedar,205,190,9,12,473,40
1074,2025-07-19,Beacon,163,163,13,17,644,63
1075,2025-05-20,Cedar,119,119,13,11,517,62
1076,2025-05-31,Delta,23,23,14,15,409,36
1077,2025-08-10,Beacon,66,66,9,12,758,41
1078,2025-12-03,Cedar,88,83,5,5,754,38
1079,2025-03-08,Aster,102,87,14,18,368,12
1080,2025-03-17,Cedar,198,198,4,8,566,40
1081,2025-12-31,Aster,245,230,13,11,425,14
1082,2025-01-13,Delta,80,75,3,3,141,5
1083,2025-10-19,Delta,42,42,10,10,423,60
1084,2025-04-22,Delta,179,174,4,8,560,29
1085,2025-03-09,Beacon,107,107,11,9,373,64
1086,2025-12-26,Beacon,31,26,15,13,114,38
1087,2025-08-10,Aster,229,229,13,13,216,54
1088,2025-03-18,Cedar,27,27,13,17,506,64
1089,2025-11-22,Aster,152,152,3,6,287,33
1090,2025-12-09,Aster,132,127,4,7,761,17
1091,2025-12-26,Aster,246,246,2,3,265,42
1092,2025-07-07,Aster,29,24,14,12,525,58
1093,2025-09-19,Beacon,45,45,7,8,201,61
1094,2025-01-17,Beacon,67,67,5,5,711,58
1095,2025-09-10,Delta,191,191,4,8,282,64
1096,2025-12-15,Beacon,201,196,7,8,745,58
1097,2025-07-08,Cedar,56,51,13,17,434,31
1098,2025-08-21,Beacon,75,75,7,7,92,8
1099,2025-09-13,Cedar,217,202,2,1,169,17
1100,2025-10-04,Aster,226,221,12,10,602,44
1101,2025-10-28,Delta,115,115,3,5,17,45
1102,2025-02-25,Delta,173,173,13,13,551,59
1103,2025-07-29,Aster,208,203,7,7,567,55
1104,2025-11-03,Aster,21,16,3,5,736,62
1105,2025-10-09,Delta,58,58,12,16,539,40
1106,2025-09-09,Aster,102,87,14,15,531,10
1107,2025-07-26,Cedar,37,32,12,11,591,49
1108,2025-03-13,Beacon,248,248,15,19,79,20
1109,2025-10-24,Delta,39,34,13,13,13,57
1110,2025-07-20,Aster,127,127,14,16,223,56
1111,2025-02-12,Beacon,57,57,4,5,684,6
1112,2025-12-18,Delta,42,37,4,4,83,63
1113,2025-05-13,Cedar,108,103,11,9,700,57
1114,2025-02-27,Beacon,71,56,7,9,332,18
1115,2025-05-18,Delta,153,148,7,11,658,49
1116,2025-02-15,Beacon,244,244,7,9,33,24
1117,2025-11-15,Aster,87,72,14,12,268,12
1118,2025-04-10,Aster,138,133,15,14,294,27
1119,2025-09-13,Delta,117,112,3,7,536,22
1120,2025-03-16,Cedar,96,96,14,12,539,45
1121,2025-09-20,Delta,84,69,10,8,176,23
1122,2025-07-27,Aster,242,237,15,15,44,61
1123,2025-10-06,Beacon,109,104,7,10,674,23
1124,2025-04-29,Delta,38,38,10,14,369,40
1125,2025-03-29,Cedar,147,147,11,14,504,63
1126,2025-05-25,Delta,168,168,4,3,401,7
1127,2025-06-29,Delta,130,115,4,3,175,46
1128,2025-01-10,Beacon,43,28,5,9,381,11
1129,2025-07-08,Aster,61,61,14,17,762,44
1130,2025-03-08,Aster,107,92,3,2,384,43
1131,2025-02-28,Delta,203,203,8,9,661,62
1132,2025-11-17,Delta,94,79,14,14,53,13
1133,2025-12-29,Cedar,111,111,11,14,281,57
1134,2025-11-08,Aster,218,218,5,7,84,36
1135,2025-05-15,Delta,175,175,14,12,220,64
1136,2025-10-15,Aster,238,238,8,6,117,10
1137,2025-03-21,Delta,149,134,12,15,290,47
1138,2025-07-30,Delta,240,225,14,15,583,7
1139,2025-10-09,Aster,117,117,6,6,586,44
1140,2025-09-30,Cedar,94,79,4,4,414,32
1141,2025-10-06,Beacon,189,189,12,16,306,50
1142,2025-03-02,Cedar,177,172,8,10,343,62
1143,2025-12-10,Beacon,233,233,5,8,34,46
1144,2025-03-27,Beacon,234,234,10,8,476,7
1145,2025-09-20,Beacon,249,234,3,6,295,31
1146,2025-11-24,Cedar,108,103,11,12,699,17
1147,2025-07-29,Beacon,68,53,5,4,228,47
1148,2025-05-20,Beacon,216,216,8,12,678,10
1149,2025-12-03,Beacon,158,158,5,3,706,24
1150,2025-08-14,Beacon,161,156,11,10,200,49
1151,2025-12-11,Aster,163,163,7,7,180,14
1152,2025-10-06,Cedar,242,227,12,15,139,14
1153,2025-02-26,Aster,53,53,7,11,529,24
1154,2025-02-05,Aster,145,145,13,17,685,38
1155,2025-01-23,Delta,110,110,5,5,426,31
1156,2025-08-17,Beacon,134,134,3,5,687,36
1157,2025-05-21,Delta,173,173,15,18,303,12
1158,2025-08-11,Beacon,24,19,14,13,533,58
1159,2025-08-19,Cedar,110,95,12,10,526,9
1160,2025-11-30,Aster,236,236,9,12,259,32
1161,2025-03-07,Delta,26,26,15,13,741,29
1162,2025-03-04,Aster,158,153,10,12,330,48
1163,2025-11-30,Delta,230,215,12,16,650,37
1164,2025-07-31,Cedar,68,53,8,6,593,11
1165,2025-12-14,Beacon,90,90,6,7,538,46
1166,2025-03-09,Delta,209,204,13,12,137,26
1167,2025-08-17,Delta,48,33,4,7,671,38
1168,2025-02-13,Aster,141,126,14,15,339,17
1169,2025-08-03,Beacon,211,211,10,14,399,50
1170,2025-02-13,Delta,70,65,6,7,590,53
1171,2025-06-19,Beacon,193,193,8,8,343,17
1172,2025-12-06,Aster,72,72,11,15,541,34
1173,2025-02-21,Cedar,95,95,13,14,731,15
1174,2025-04-01,Beacon,64,64,5,7,71,56
1175,2025-04-06,Beacon,103,103,10,12,30,30
1176,2025-07-26,Beacon,196,181,15,13,794,11
1177,2025-06-13,Cedar,224,224,7,9,134,29
1178,2025-08-06,Delta,187,187,3,2,87,29
1179,2025-07-07,Aster,88,73,10,8,706,42
1180,2025-01-28,Cedar,129,114,4,2,33,45
1181,2025-09-11,Aster,197,182,2,4,726,58
1182,2025-01-12,Aster,93,78,7,10,467,29
1183,2025-03-13,Cedar,128,128,8,8,748,11
1184,2025-10-23,Aster,128,113,5,9,701,47
1185,2025-01-06,Delta,30,30,11,10,470,37
1186,2025-04-15,Cedar,93,93,5,8,261,17
1187,2025-08-28,Cedar,213,213,5,9,33,8
1188,2025-12-31,Aster,56,41,3,2,661,17
1189,2025-06-05,Beacon,221,216,2,6,263,46
1190,2025-08-12,Aster,155,155,9,8,546,48
1191,2025-02-28,Cedar,28,23,2,1,372,25
1192,2025-01-11,Beacon,203,203,8,9,616,17
1193,2025-09-06,Cedar,155,155,6,4,362,40
1194,2025-08-24,Delta,138,133,14,13,170,17
1195,2025-04-03,Beacon,72,72,3,5,201,46
1196,2025-09-16,Beacon,211,211,8,10,640,8
1197,2025-08-02,Beacon,218,218,2,1,586,30
1198,2025-12-07,Beacon,197,182,7,10,751,11
1199,2025-08-23,Aster,28,23,11,9,40,11
1200,2025-04-22,Delta,44,29,9,13,298,50
1201,2025-08-04,Beacon,187,182,5,3,648,41
1202,2025-12-15,Beacon,186,171,8,6,105,50
1203,2025-10-19,Cedar,62,62,12,12,634,50
1204,2025-03-06,Beacon,84,69,11,11,402,36
1205,2025-10-12,Aster,212,197,2,3,224,50
1206,2025-02-24,Aster,31,31,4,7,94,61
1207,2025-06-10,Cedar,167,162,9,10,364,64
1208,2025-06-15,Delta,153,148,12,10,435,19
1209,2025-06-21,Beacon,150,145,5,3,738,5
1210,2025-07-22,Cedar,201,201,2,5,785,21
1211,2025-08-19,Delta,152,147,10,8,97,63
1212,2025-11-02,Beacon,87,87,11,10,466,64
1213,2025-05-12,Cedar,34,29,11,10,31,38
1214,2025-05-19,Beacon,236,236,6,4,387,11
1215,2025-06-23,Cedar,20,20,12,11,712,24
1216,2025-06-14,Beacon,222,222,9,13,619,17
1217,2025-04-13,Cedar,53,53,12,10,567,31
1218,2025-11-28,Aster,170,170,6,6,490,28
1219,2025-03-12,Aster,112,97,11,12,218,8
1220,2025-05-03,Cedar,247,247,11,14,740,20
1221,2025-05-05,Beacon,62,57,6,5,789,29
1222,2025-03-01,Beacon,227,212,4,8,119,49
1223,2025-03-10,Cedar,154,149,14,16,432,51
1224,2025-08-28,Beacon,32,32,5,6,720,60
1225,2025-06-16,Aster,243,243,3,5,394,13
1226,2025-12-27,Cedar,29,14,5,8,131,42
1227,2025-04-27,Delta,67,67,2,3,420,29
1228,2025-10-12,Aster,87,72,6,4,307,23
1229,2025-04-29,Aster,90,75,7,9,728,49
1230,2025-07-29,Cedar,146,131,11,15,516,14
1231,2025-12-13,Cedar,169,164,4,6,262,43
1232,2025-07-17,Aster,59,44,8,6,135,53
1233,2025-06-25,Beacon,144,139,9,13,418,46
1234,2025-01-03,Beacon,22,17,8,8,19,32
1235,2025-11-03,Delta,136,121,6,10,114,17
1236,2025-08-27,Aster,45,45,13,17,769,24
1237,2025-04-14,Beacon,50,45,12,14,461,6
1238,2025-10-30,Beacon,144,129,13,17,97,14
1239,2025-05-22,Cedar,192,187,14,13,158,36
1240,2025-09-16,Beacon,182,182,13,17,673,47
1241,2025-01-29,Beacon,230,225,14,15,373,11
1242,2025-03-19,Delta,40,40,2,5,437,58
1243,2025-08-26,Beacon,216,216,7,6,15,61
1244,2025-06-01,Cedar,220,205,3,5,663,62
1245,2025-06-28,Cedar,186,186,10,12,389,63
1246,2025-01-07,Cedar,68,68,15,15,173,30
1247,2025-01-26,Aster,231,216,10,10,58,16
1248,2025-01-04,Aster,116,116,11,9,339,19
1249,2025-12-07,Cedar,36,31,13,17,367,29
1250,2025-06-10,Aster,238,223,3,5,454,17
1251,2025-06-12,Aster,143,138,5,3,268,40
1252,2025-09-02,Aster,101,101,15,19,494,12
1253,2025-11-23,Cedar,171,171,12,10,601,26
1254,2025-03-06,Aster,23,23,7,5,466,18
1255,2025-03-28,Aster,73,73,15,16,420,29
1256,2025-12-21,Beacon,181,181,10,9,436,63
1257,2025-06-30,Aster,31,26,14,15,633,20
1258,2025-08-02,Aster,26,26,14,18,642,46
1259,2025-12-20,Aster,70,70,8,6,468,15
1260,2025-09-06,Cedar,149,149,12,10,689,10
1261,2025-01-06,Beacon,50,50,14,16,739,6
1262,2025-11-23,Delta,23,8,11,11,702,34
1263,2025-01-18,Delta,53,48,14,15,157,11
1264,2025-06-14,Aster,191,191,3,6,264,49
1265,2025-07-31,Delta,215,215,11,13,255,42
1266,2025-12-13,Beacon,182,182,10,8,563,58
1267,2025-07-16,Cedar,157,142,15,15,391,34
1268,2025-08-26,Cedar,149,134,4,2,717,62
1269,2025-09-01,Aster,218,218,3,7,154,43
1270,2025-12-30,Beacon,186,171,12,12,616,12
1271,2025-09-17,Cedar,138,138,14,18,708,17
1272,2025-01-25,Beacon,225,225,2,1,785,54
1273,2025-10-22,Beacon,211,211,5,4,641,59
1274,2025-04-10,Beacon,202,197,9,9,728,48
1275,2025-09-02,Cedar,138,123,6,4,732,48
1276,2025-01-29,Cedar,189,189,9,9,76,13
1277,2025-05-22,Cedar,216,216,2,6,406,32
1278,2025-10-29,Delta,35,35,10,8,391,41
1279,2025-07-16,Delta,76,76,11,14,155,29
1280,2025-10-27,Beacon,111,111,7,8,659,38
1281,2025-08-08,Beacon,240,240,13,11,599,61
1282,2025-04-23,Beacon,200,200,7,7,553,48
1283,2025-04-22,Cedar,159,159,12,10,772,19
1284,2025-01-13,Beacon,125,125,4,6,553,62
1285,2025-12-21,Delta,65,50,3,3,342,27
1286,2025-07-16,Beacon,148,148,14,12,760,57
1287,2025-11-21,Aster,37,32,10,12,360,25
1288,2025-10-22,Beacon,235,230,6,8,21,39
1289,2025-04-07,Beacon,42,27,12,11,412,28
1290,2025-08-30,Cedar,121,106,2,1,487,54
1291,2025-10-07,Aster,138,138,2,4,602,11
1292,2025-02-06,Beacon,167,167,6,10,237,26
1293,2025-04-23,Beacon,220,220,7,5,570,12
1294,2025-10-03,Aster,52,37,11,13,473,16
1295,2025-04-30,Delta,143,143,5,3,446,6
1296,2025-12-28,Delta,183,168,9,11,548,30
1297,2025-06-10,Beacon,49,49,4,5,302,50
1298,2025-07-01,Cedar,216,216,14,17,315,44
1299,2025-08-26,Aster,229,229,8,8,519,40
1300,2025-11-10,Aster,141,126,12,14,438,39
1301,2025-09-02,Delta,223,223,14,13,738,36
1302,2025-06-19,Beacon,60,60,4,8,251,44
1303,2025-04-18,Cedar,162,162,2,4,32,44
1304,2025-11-29,Cedar,108,108,13,16,585,40
1305,2025-03-19,Aster,94,94,5,6,472,39
1306,2025-01-05,Delta,103,98,2,2,778,60
1307,2025-01-24,Cedar,199,199,7,9,117,59
1308,2025-09-03,Delta,173,173,8,6,537,29
1309,2025-09-25,Aster,161,156,14,13,27,9
1310,2025-11-22,Beacon,76,76,14,13,221,56
1311,2025-05-29,Beacon,23,18,4,8,324,32
1312,2025-01-16,Beacon,134,129,11,12,482,24
1313,2025-04-08,Aster,174,174,11,9,741,63
1314,2025-02-03,Delta,238,233,5,8,153,55
1315,2025-12-31,Aster,41,26,4,8,54,6
1316,2025-01-16,Delta,165,160,12,15,420,61
1317,2025-10-16,Beacon,166,166,13,14,511,51
1318,2025-03-24,Cedar,105,105,9,9,364,16
1319,2025-12-03,Beacon,52,37,7,9,335,35
1320,2025-08-05,Delta,228,228,12,12,351,24
1321,2025-09-13,Delta,167,167,11,14,118,14
1322,2025-10-31,Delta,87,87,5,7,121,9
1323,2025-07-06,Aster,70,70,15,15,736,13
1324,2025-11-10,Delta,220,215,6,9,292,19
1325,2025-07-29,Aster,129,129,12,11,571,40
1326,2025-09-19,Beacon,150,135,10,10,380,49
1327,2025-02-26,Beacon,205,205,2,2,651,26
1328,2025-07-09,Delta,136,136,15,13,188,61
1329,2025-11-07,Beacon,175,175,11,11,545,50
1330,2025-10-13,Aster,100,100,4,3,54,46
1331,2025-04-25,Delta,110,110,6,10,474,63
1332,2025-07-11,Cedar,57,57,9,7,618,37
1333,2025-02-12,Delta,136,136,11,11,395,59
1334,2025-07-23,Cedar,94,94,12,13,214,50
1335,2025-11-10,Beacon,178,178,8,11,672,34
1336,2025-12-31,Aster,75,75,7,7,768,56
1337,2025-01-05,Aster,177,162,2,1,362,11
1338,2025-05-21,Beacon,45,30,4,6,651,11
1339,2025-02-02,Aster,203,203,11,10,193,21
1340,2025-12-21,Delta,242,242,2,5,335,24
1341,2025-04-13,Delta,53,53,14,13,61,57
1342,2025-12-29,Beacon,65,65,8,8,369,36
1343,2025-09-08,Aster,180,180,11,14,312,9
1344,2025-06-12,Beacon,163,158,14,13,387,47
1345,2025-01-05,Delta,58,58,14,14,74,16
1346,2025-03-04,Aster,122,117,4,7,550,27
1347,2025-11-25,Cedar,111,111,13,13,450,15
1348,2025-01-30,Aster,194,194,3,6,584,32
1349,2025-11-21,Delta,237,237,9,10,635,38
1350,2025-02-17,Delta,128,128,4,3,755,30
1351,2025-04-08,Aster,171,171,13,11,45,49
1352,2025-08-02,Aster,138,138,10,8,14,24
1353,2025-07-10,Beacon,151,136,8,10,481,60
1354,2025-05-30,Cedar,181,166,15,18,263,28
1355,2025-01-17,Delta,78,73,3,3,440,42
1356,2025-04-13,Cedar,106,91,11,14,494,27
1357,2025-04-15,Delta,50,50,9,8,160,40
1358,2025-07-24,Cedar,232,217,6,10,314,22
1359,2025-03-05,Cedar,60,55,14,12,96,54
1360,2025-06-24,Cedar,80,75,3,4,648,49
1361,2025-06-04,Aster,141,141,8,10,746,62
1362,2025-05-16,Cedar,146,146,2,6,676,24
1363,2025-09-24,Delta,200,185,14,13,372,44
1364,2025-10-31,Aster,81,66,8,7,571,64
1365,2025-08-24,Cedar,56,56,4,4,408,6
1366,2025-04-06,Beacon,152,152,4,6,325,8
1367,2025-08-21,Beacon,53,53,2,3,139,17
1368,2025-09-29,Aster,53,53,13,15,41,60
1369,2025-06-13,Delta,226,226,3,1,421,16
1370,2025-04-15,Cedar,217,202,5,7,432,45
1371,2025-09-26,Cedar,132,127,4,7,47,46
1372,2025-01-23,Beacon,66,66,13,16,608,42
1373,2025-09-23,Beacon,153,138,14,12,306,54
1374,2025-11-20,Delta,44,44,2,1,756,5
1375,2025-10-13,Aster,206,206,4,7,324,24
1376,2025-06-27,Delta,235,235,9,12,218,47
1377,2025-02-19,Beacon,152,152,3,7,524,29
1378,2025-09-23,Beacon,158,158,6,8,395,30
1379,2025-06-06,Cedar,170,170,7,8,572,20
1380,2025-05-25,Beacon,246,246,11,15,122,8
1381,2025-05-30,Aster,117,117,8,12,362,26
1382,2025-04-25,Delta,222,222,15,13,551,34
1383,2025-09-12,Delta,243,243,5,6,398,20
1384,2025-07-26,Cedar,225,225,6,5,205,14
1385,2025-11-30,Aster,145,130,15,15,659,44
1386,2025-11-10,Delta,72,72,4,6,302,10
1387,2025-03-01,Cedar,221,216,6,4,498,42
1388,2025-07-01,Aster,96,96,9,11,554,11
1389,2025-07-03,Aster,246,246,12,15,714,60
1390,2025-06-28,Aster,157,142,3,1,450,42
1391,2025-05-07,Beacon,112,112,15,19,710,6
1392,2025-03-08,Cedar,165,165,7,6,546,43
1393,2025-08-10,Aster,103,88,4,2,119,11
1394,2025-06-27,Cedar,212,212,7,9,456,10
1395,2025-07-30,Cedar,94,89,10,10,51,24
1396,2025-06-02,Aster,58,53,3,4,256,34
1397,2025-04-29,Cedar,68,63,10,13,469,49
1398,2025-12-11,Aster,108,108,4,5,606,18
1399,2025-12-01,Cedar,229,214,15,13,542,27
1400,2025-01-18,Beacon,74,74,15,18,122,38
1401,2025-09-26,Delta,245,240,5,9,180,34
1402,2025-07-03,Aster,74,74,2,5,105,32
1403,2025-02-22,Aster,162,162,3,6,640,56
1404,2025-05-28,Aster,101,101,14,12,170,34
1405,2025-11-20,Aster,246,246,9,13,216,8
1406,2025-07-13,Beacon,77,77,7,6,385,63
1407,2025-11-07,Cedar,38,33,12,15,487,21
1408,2025-10-21,Beacon,34,19,2,1,487,43
1409,2025-03-11,Beacon,77,77,7,11,494,12
1410,2025-12-08,Cedar,60,45,2,2,184,34
1411,2025-02-03,Cedar,32,17,15,18,685,63
1412,2025-02-20,Beacon,23,23,15,15,349,5
1413,2025-05-17,Beacon,151,151,11,9,737,49
1414,2025-03-14,Beacon,187,187,13,11,514,44
1415,2025-04-20,Beacon,107,107,14,14,362,22
1416,2025-12-25,Delta,231,231,12,15,398,26
1417,2025-04-22,Aster,179,164,14,14,518,22
1418,2025-02-09,Cedar,220,220,10,9,528,41
1419,2025-06-14,Aster,49,49,15,15,91,5
1420,2025-08-26,Beacon,198,183,12,16,317,27
1421,2025-10-15,Delta,62,62,12,11,789,60
1422,2025-07-24,Cedar,57,42,10,8,724,32
1423,2025-10-01,Aster,237,222,12,13,31,47
1424,2025-04-24,Aster,165,160,11,9,196,36
1425,2025-01-23,Beacon,171,171,2,6,483,10
1426,2025-08-12,Aster,224,224,14,18,297,17
1427,2025-02-13,Delta,166,166,14,15,258,50
1428,2025-01-03,Delta,162,162,11,13,317,54
1429,2025-05-20,Aster,240,235,3,5,49,19
1430,2025-08-31,Delta,25,10,6,6,714,29
1431,2025-09-20,Aster,237,237,15,16,110,5
1432,2025-09-27,Cedar,190,185,4,3,495,55
1433,2025-10-31,Aster,219,219,10,10,409,43
1434,2025-10-31,Beacon,144,139,6,5,64,64
1435,2025-01-31,Cedar,194,194,2,6,459,42
1436,2025-01-17,Delta,140,140,12,11,506,43
1437,2025-11-29,Delta,191,191,7,8,571,27
1438,2025-09-28,Delta,45,45,4,6,515,20
1439,2025-09-18,Aster,211,211,13,13,580,51
1440,2025-10-15,Aster,87,87,7,9,519,42
1441,2025-04-22,Delta,194,194,8,6,605,11
1442,2025-05-21,Aster,109,109,4,2,79,24
1443,2025-09-01,Aster,179,179,9,10,320,51
1444,2025-12-22,Aster,208,203,6,6,620,32
1445,2025-10-11,Delta,30,30,3,2,693,15
1446,2025-05-17,Aster,82,82,14,14,401,7
1447,2025-05-15,Cedar,125,125,5,8,166,27
1448,2025-08-31,Delta,98,98,2,5,457,61
1449,2025-07-13,Cedar,79,79,3,5,256,38
1450,2025-11-25,Cedar,216,216,7,8,609,14
1451,2025-04-10,Delta,104,104,4,8,457,13
1452,2025-02-14,Beacon,215,210,3,1,105,27
1453,2025-08-31,Beacon,43,38,7,9,687,23
1454,2025-03-09,Delta,166,166,9,9,63,32
1455,2025-03-31,Beacon,59,44,9,11,333,25
1456,2025-02-07,Delta,214,199,7,10,165,22
1457,2025-11-06,Cedar,249,249,8,11,668,16
1458,2025-09-08,Cedar,212,207,15,13,411,33
1459,2025-08-06,Aster,53,48,12,15,700,30
1460,2025-01-27,Beacon,231,231,10,12,146,47
1461,2025-12-23,Aster,156,156,2,5,59,50
1462,2025-02-25,Aster,65,65,15,16,631,26
1463,2025-01-09,Beacon,170,170,8,10,689,27
1464,2025-01-20,Cedar,106,106,9,12,201,20
1465,2025-08-16,Cedar,190,175,9,13,239,63
1466,2025-08-06,Delta,122,107,8,10,426,42
1467,2025-02-24,Aster,183,178,14,17,227,61
1468,2025-11-17,Cedar,25,25,4,6,567,42
1469,2025-02-16,Aster,23,23,10,8,569,37
1470,2025-04-28,Delta,36,36,8,7,378,21
1471,2025-01-19,Beacon,222,222,7,6,208,37
1472,2025-07-16,Cedar,77,72,15,18,600,10
1473,2025-03-07,Delta,128,128,12,15,427,38
1474,2025-03-02,Cedar,96,96,5,4,792,6
1475,2025-01-10,Beacon,233,233,6,10,356,15
1476,2025-12-10,Delta,117,102,10,14,773,20
1477,2025-08-04,Beacon,101,101,10,14,708,28
1478,2025-03-31,Beacon,147,147,4,6,41,22
1479,2025-06-06,Delta,77,72,15,13,365,31
1480,2025-02-25,Aster,82,82,9,12,104,6
1481,2025-03-29,Beacon,193,193,14,15,725,54
1482,2025-01-22,Aster,135,130,3,1,660,14
1483,2025-02-23,Cedar,186,181,3,7,268,5
1484,2025-07-26,Delta,233,218,15,16,274,15
1485,2025-04-09,Aster,179,179,15,19,484,46
1486,2025-04-28,Cedar,243,243,3,4,68,27
1487,2025-02-12,Aster,84,84,8,8,259,44
1488,2025-11-29,Aster,22,22,14,15,650,41
1489,2025-07-22,Beacon,60,60,7,8,757,26
1490,2025-09-19,Aster,80,80,2,1,40,29
1491,2025-01-10,Beacon,167,167,8,10,233,47
1492,2025-10-30,Beacon,94,94,12,11,445,31
1493,2025-02-09,Aster,220,215,15,19,46,45
1494,2025-01-03,Cedar,53,53,6,4,571,32
1495,2025-04-13,Aster,183,178,11,13,298,58
1496,2025-09-15,Delta,181,181,11,12,315,20
1497,2025-08-16,Delta,183,178,14,16,514,36
1498,2025-07-29,Cedar,209,194,12,14,769,61
1499,2025-05-18,Delta,225,210,2,3,491,33
1500,2025-03-30,Cedar,165,165,11,10,495,52
1501,2025-11-30,Delta,118,113,11,9,368,22
1502,2025-03-07,Aster,24,9,13,13,370,52
1503,2025-10-12,Cedar,211,196,10,11,691,51
1504,2025-08-04,Cedar,78,78,3,4,731,42
1505,2025-02-17,Delta,188,188,14,17,700,17
1506,2025-08-25,Delta,229,229,5,4,22,60
1507,2025-03-22,Cedar,172,172,11,15,283,14
1508,2025-04-02,Cedar,84,79,9,8,443,19
1509,2025-01-02,Beacon,237,237,3,4,683,17
1510,2025-12-07,Beacon,33,28,8,11,158,10
1511,2025-02-21,Aster,103,103,2,4,644,15
1512,2025-10-20,Delta,217,217,3,2,586,14
1513,2025-12-30,Beacon,138,133,9,7,797,19
1514,2025-02-28,Cedar,119,119,11,12,634,64
1515,2025-10-23,Delta,115,115,4,6,152,19
1516,2025-10-31,Aster,191,191,8,7,576,6
1517,2025-07-19,Aster,201,201,2,3,698,47
1518,2025-12-21,Delta,25,25,2,5,239,35
1519,2025-03-21,Beacon,58,58,2,1,607,11
1520,2025-12-27,Aster,136,121,13,16,208,30
1521,2025-05-31,Beacon,207,207,5,5,313,60
1522,2025-02-25,Beacon,57,57,13,15,301,61
1523,2025-07-26,Cedar,65,50,9,7,305,13
1524,2025-01-16,Aster,188,188,2,3,410,51
1525,2025-08-09,Beacon,40,40,11,13,669,64
1526,2025-12-07,Aster,39,39,8,10,257,37
1527,2025-04-26,Beacon,224,219,7,5,367,52
1528,2025-11-11,Cedar,45,45,9,11,310,32
1529,2025-08-27,Delta,43,43,4,5,176,42
1530,2025-12-28,Cedar,109,94,10,9,399,8
1531,2025-01-19,Cedar,215,200,5,5,170,44
1532,2025-05-01,Aster,48,33,13,12,17,36
1533,2025-11-06,Aster,31,31,9,7,281,54
1534,2025-08-14,Beacon,82,77,7,10,473,52
1535,2025-11-02,Beacon,82,82,10,12,126,51
1536,2025-08-27,Beacon,139,134,11,12,558,39
1537,2025-02-19,Cedar,66,66,14,12,551,25
1538,2025-07-27,Aster,211,196,8,9,36,44
1539,2025-04-06,Cedar,151,151,12,10,547,55
1540,2025-08-10,Aster,136,136,7,9,344,45
1541,2025-09-26,Aster,163,163,12,14,125,21
1542,2025-11-23,Beacon,39,39,13,17,347,33
1543,2025-02-09,Beacon,159,159,15,18,716,10
1544,2025-12-24,Aster,181,181,14,14,53,42
1545,2025-12-10,Aster,137,137,12,14,530,22
1546,2025-06-13,Delta,209,209,6,7,49,29
1547,2025-11-15,Beacon,221,206,5,5,673,37
1548,2025-07-18,Aster,81,81,15,17,474,64
1549,2025-10-15,Delta,215,215,14,16,255,29
1550,2025-01-10,Beacon,113,113,13,14,544,54
1551,2025-07-29,Beacon,123,123,2,4,399,37
1552,2025-08-27,Cedar,235,235,13,17,665,54
1553,2025-06-19,Cedar,38,38,15,17,292,37
1554,2025-11-16,Beacon,183,178,15,17,619,64
1555,2025-01-14,Beacon,22,7,12,15,426,44
1556,2025-04-13,Beacon,248,248,4,2,197,24
1557,2025-08-29,Delta,109,109,2,2,441,47
1558,2025-06-20,Delta,145,130,6,6,561,15
1559,2025-07-28,Delta,228,228,9,9,667,35
1560,2025-06-11,Cedar,96,96,12,12,336,59
1561,2025-03-14,Delta,85,85,8,6,151,20
1562,2025-10-18,Cedar,195,190,9,11,755,10
1563,2025-04-14,Cedar,40,40,11,11,237,12
1564,2025-07-12,Cedar,50,50,4,8,201,46
1565,2025-04-25,Aster,53,48,10,13,734,28
1566,2025-03-15,Aster,240,240,6,6,402,52
1567,2025-10-06,Aster,125,125,4,5,555,27
1568,2025-04-10,Cedar,117,117,11,12,647,30
1569,2025-12-22,Cedar,244,239,10,11,416,35
1570,2025-08-24,Delta,149,144,10,9,739,25
1571,2025-07-08,Delta,190,190,4,4,679,33
1572,2025-08-18,Aster,205,205,7,9,431,21
1573,2025-10-03,Beacon,114,114,3,7,782,20
1574,2025-11-18,Cedar,72,72,7,6,518,12
1575,2025-03-10,Aster,40,40,5,4,658,21
1576,2025-04-03,Delta,113,113,5,5,281,33
1577,2025-01-24,Beacon,151,146,11,14,762,32
1578,2025-07-06,Aster,38,38,8,8,772,53
1579,2025-02-20,Cedar,66,66,3,1,193,6
1580,2025-08-22,Aster,176,171,7,8,655,6
1581,2025-03-14,Cedar,160,145,2,3,205,64
1582,2025-04-09,Aster,70,70,9,12,641,7
1583,2025-09-19,Delta,74,59,3,2,352,55
1584,2025-10-01,Delta,136,121,5,9,777,42
1585,2025-01-02,Aster,200,195,11,13,524,26
1586,2025-09-26,Delta,140,140,12,12,200,49
1587,2025-05-01,Cedar,246,246,8,6,788,63
1588,2025-09-26,Cedar,76,71,13,17,240,26
1589,2025-02-15,Beacon,43,43,13,16,639,12
1590,2025-04-26,Aster,131,131,12,10,598,31
1591,2025-11-05,Aster,223,218,8,9,151,60
1592,2025-06-24,Cedar,170,170,12,15,131,35
1593,2025-02-25,Aster,223,208,15,19,387,53
1594,2025-01-22,Cedar,213,213,4,7,564,8
1595,2025-02-04,Delta,60,60,9,10,706,58
1596,2025-11-19,Delta,22,7,6,10,310,45
1597,2025-03-09,Cedar,92,92,11,10,94,36
1598,2025-04-19,Cedar,56,56,11,10,56,30
1599,2025-05-04,Aster,232,227,8,8,168,40
1600,2025-08-16,Aster,94,89,14,16,757,19
1601,2025-11-13,Aster,88,88,9,8,736,19
1602,2025-06-24,Aster,22,22,15,14,738,37
1603,2025-02-28,Cedar,141,126,2,4,32,62
1604,2025-09-28,Beacon,171,166,7,5,153,51
1605,2025-01-20,Cedar,38,38,12,15,778,37
1606,2025-02-10,Beacon,79,79,13,13,179,28
1607,2025-01-02,Aster,132,132,7,6,549,25
1608,2025-05-11,Aster,43,43,6,8,365,49
1609,2025-08-14,Aster,231,231,6,9,421,57
1610,2025-09-30,Beacon,55,50,2,4,244,64
1611,2025-01-05,Beacon,154,154,14,13,679,56
1612,2025-04-27,Aster,192,192,10,14,705,15
1613,2025-12-31,Cedar,248,233,13,17,358,20
1614,2025-05-11,Beacon,177,172,14,18,577,56
1615,2025-01-31,Beacon,24,24,13,11,208,60
1616,2025-02-08,Delta,155,155,12,13,738,57
1617,2025-05-20,Cedar,45,30,7,9,463,55
1618,2025-11-20,Aster,242,242,11,9,40,17
1619,2025-12-11,Cedar,169,154,9,10,598,31
1620,2025-09-02,Aster,139,134,5,8,751,17
1621,2025-11-01,Delta,79,79,11,15,234,64
1622,2025-02-09,Beacon,188,173,15,18,276,25
1623,2025-09-07,Delta,120,105,10,13,796,9
1624,2025-06-25,Beacon,47,47,9,10,428,46
1625,2025-02-12,Cedar,121,106,10,8,82,30
1626,2025-07-30,Cedar,33,33,12,15,34,42
1627,2025-06-19,Cedar,216,216,2,3,277,41
1628,2025-04-03,Cedar,186,171,7,11,761,52
1629,2025-05-01,Delta,215,210,9,11,428,57
1630,2025-10-23,Cedar,234,234,14,17,648,39
1631,2025-04-10,Aster,138,138,15,18,56,31
1632,2025-11-17,Beacon,202,187,11,12,262,16
1633,2025-04-21,Cedar,103,103,15,17,454,63
1634,2025-08-31,Aster,171,156,9,9,415,52
1635,2025-03-01,Cedar,29,14,8,11,324,7
1636,2025-03-05,Delta,111,96,14,15,767,39
1637,2025-05-16,Beacon,55,40,11,9,709,28
1638,2025-11-14,Aster,240,240,7,10,364,49
1639,2025-05-30,Cedar,188,188,15,13,24,56
1640,2025-08-04,Aster,131,131,14,15,662,27
1641,2025-10-02,Delta,244,244,2,5,350,22
1642,2025-05-28,Beacon,28,28,3,7,165,42
1643,2025-12-08,Aster,70,70,4,4,324,28
1644,2025-08-19,Aster,202,197,6,8,31,12
1645,2025-01-20,Beacon,241,236,12,13,512,8
1646,2025-08-05,Beacon,68,63,8,12,373,23
1647,2025-10-10,Beacon,144,129,7,5,483,36
1648,2025-05-24,Delta,56,51,3,2,337,58
1649,2025-06-13,Cedar,124,109,2,1,299,18
1650,2025-11-02,Cedar,20,5,8,6,179,24
1651,2025-09-25,Cedar,141,126,10,12,721,23
1652,2025-01-26,Beacon,31,31,14,13,98,50
1653,2025-12-11,Cedar,245,245,5,6,448,29
1654,2025-07-15,Aster,214,214,13,13,547,47
1655,2025-08-13,Beacon,56,41,3,1,148,45
1656,2025-07-29,Cedar,110,110,7,11,91,56
1657,2025-06-10,Cedar,208,208,3,2,463,63
1658,2025-10-25,Delta,160,160,3,1,531,32
1659,2025-05-14,Aster,108,108,11,13,729,8
1660,2025-12-19,Delta,219,214,3,2,419,9
1661,2025-04-01,Aster,174,174,13,13,60,55
1662,2025-05-06,Beacon,41,26,13,14,307,53
1663,2025-11-24,Cedar,38,23,4,8,724,44
1664,2025-12-18,Delta,171,171,15,16,51,56
1665,2025-05-07,Beacon,95,95,3,3,265,45
1666,2025-07-17,Beacon,197,197,13,16,70,63
1667,2025-12-30,Beacon,154,139,4,3,748,43
1668,2025-12-04,Aster,203,203,13,11,716,52
1669,2025-09-28,Cedar,101,96,3,2,50,53
1670,2025-11-15,Cedar,230,230,10,11,356,62
1671,2025-12-14,Cedar,131,131,7,10,252,43
1672,2025-01-29,Beacon,209,209,11,10,657,32
1673,2025-05-14,Cedar,109,109,8,8,462,26
1674,2025-10-24,Cedar,135,120,6,5,60,34
1675,2025-03-06,Delta,35,35,15,19,156,63
1676,2025-11-20,Beacon,206,206,15,13,87,40
1677,2025-04-24,Aster,247,232,15,14,62,40
1678,2025-09-18,Cedar,219,219,4,6,30,46
1679,2025-03-08,Aster,244,244,10,11,21,52
1680,2025-01-27,Beacon,176,176,14,12,687,14
1681,2025-09-06,Cedar,76,76,3,1,549,42
1682,2025-08-27,Aster,90,85,7,5,671,47
1683,2025-10-02,Beacon,101,86,14,16,315,46
1684,2025-08-01,Cedar,217,202,8,7,752,44
1685,2025-09-25,Cedar,236,236,8,12,30,33
1686,2025-08-06,Cedar,188,188,10,13,796,13
1687,2025-08-20,Aster,193,178,2,4,148,45
1688,2025-07-31,Aster,96,96,5,9,346,9
1689,2025-03-29,Aster,65,65,15,15,384,46
1690,2025-09-11,Delta,162,162,6,9,155,12
1691,2025-10-24,Delta,71,66,6,6,406,63
1692,2025-07-05,Delta,212,212,8,7,291,31
1693,2025-03-14,Aster,132,132,11,9,269,52
1694,2025-11-30,Delta,128,128,8,8,464,39
1695,2025-04-25,Delta,192,192,8,8,396,32
1696,2025-07-13,Beacon,82,82,15,17,597,15
1697,2025-08-10,Cedar,183,183,13,11,786,58
1698,2025-10-14,Aster,82,82,4,7,500,19
1699,2025-11-19,Beacon,125,125,15,14,333,51
1700,2025-02-09,Delta,72,72,2,1,737,26
1701,2025-04-29,Delta,204,199,4,2,495,61
1702,2025-07-04,Cedar,175,175,6,10,524,48
1703,2025-11-06,Delta,115,100,14,17,624,13
1704,2025-12-17,Cedar,216,216,10,11,99,17
1705,2025-03-26,Cedar,149,149,7,11,781,58
1706,2025-11-26,Delta,228,223,13,16,166,19
1707,2025-07-04,Delta,219,219,6,7,553,59
1708,2025-04-10,Beacon,64,64,12,11,590,13
1709,2025-05-24,Beacon,113,113,15,19,10,35
1710,2025-10-02,Beacon,223,223,4,5,217,58
1711,2025-06-15,Aster,64,64,5,7,254,19
1712,2025-07-08,Beacon,33,33,12,15,259,64
1713,2025-11-03,Cedar,107,92,7,5,498,15
1714,2025-12-13,Delta,63,48,10,13,367,55
1715,2025-03-25,Delta,180,180,2,1,137,25
1716,2025-07-03,Delta,129,124,12,16,476,8
1717,2025-04-11,Cedar,195,195,6,6,534,28
1718,2025-12-06,Aster,218,203,13,12,753,63
1719,2025-04-04,Delta,201,196,5,7,793,61
1720,2025-06-08,Beacon,96,96,3,3,67,61
1721,2025-03-08,Delta,160,145,9,8,432,56
1722,2025-09-04,Aster,132,132,3,4,200,43
1723,2025-03-13,Aster,80,80,15,13,58,21
1724,2025-05-06,Aster,220,220,8,8,659,38
1725,2025-05-05,Aster,133,133,4,5,569,21
1726,2025-02-02,Aster,29,29,4,4,142,28
1727,2025-07-29,Delta,118,118,6,4,265,14
1728,2025-07-02,Beacon,87,82,14,15,742,54
1729,2025-10-22,Delta,209,209,7,6,16,54
1730,2025-03-21,Delta,93,93,12,14,340,49
1731,2025-04-24,Aster,90,90,6,8,231,31
1732,2025-03-23,Cedar,101,96,13,13,194,21
1733,2025-12-07,Delta,84,84,9,8,112,14
1734,2025-02-13,Aster,27,27,15,13,277,47
1735,2025-03-20,Aster,223,223,3,4,638,50
1736,2025-01-11,Delta,161,161,7,10,538,9
1737,2025-11-21,Delta,22,22,8,7,213,35
1738,2025-10-04,Cedar,179,179,3,3,637,35
1739,2025-04-13,Beacon,93,93,6,10,735,46
1740,2025-12-08,Aster,100,100,8,10,237,9
1741,2025-08-11,Cedar,200,200,8,6,798,13
1742,2025-09-19,Cedar,134,134,2,2,579,10
1743,2025-07-08,Beacon,240,240,3,2,467,58
1744,2025-07-16,Beacon,57,42,4,7,15,7
1745,2025-04-25,Cedar,219,219,11,14,37,61
1746,2025-09-02,Beacon,120,105,11,12,673,22
1747,2025-11-08,Beacon,101,101,11,9,625,8
1748,2025-05-03,Aster,38,23,13,12,523,41
1749,2025-02-05,Delta,228,228,3,1,39,30
1750,2025-07-11,Cedar,84,84,8,6,154,55
1751,2025-07-17,Aster,129,129,5,9,501,21
1752,2025-12-11,Cedar,138,138,14,17,26,63
1753,2025-08-16,Beacon,180,180,4,2,89,62
1754,2025-04-22,Cedar,41,36,11,12,719,41
1755,2025-01-17,Delta,217,217,6,4,368,40
1756,2025-10-28,Beacon,226,211,15,19,448,39
1757,2025-10-03,Aster,215,210,2,3,44,59
1758,2025-05-11,Aster,224,224,12,16,320,23
1759,2025-04-08,Delta,233,233,3,1,479,6
1760,2025-02-06,Delta,177,177,9,10,611,55
1761,2025-10-27,Delta,92,92,4,7,483,23
1762,2025-02-19,Beacon,115,110,3,4,268,64
1763,2025-08-25,Beacon,205,205,12,16,387,55
1764,2025-04-04,Aster,184,184,13,17,558,44
1765,2025-01-08,Aster,41,41,12,13,601,39
1766,2025-12-26,Aster,47,32,3,7,677,55
1767,2025-09-14,Delta,206,206,5,4,527,8
1768,2025-07-25,Aster,225,225,6,9,600,34
1769,2025-08-24,Aster,140,140,13,13,421,61
1770,2025-03-12,Aster,197,197,4,5,145,24
1771,2025-12-01,Cedar,141,126,7,11,696,51
1772,2025-01-31,Delta,243,243,6,6,535,20
1773,2025-06-01,Cedar,213,198,4,2,322,16
1774,2025-04-18,Cedar,206,206,12,14,517,51
1775,2025-04-13,Aster,165,150,10,8,282,52
1776,2025-07-14,Aster,25,25,14,18,289,40
1777,2025-04-16,Cedar,248,233,4,7,416,24
1778,2025-12-20,Cedar,172,167,14,18,774,37
1779,2025-09-07,Aster,26,21,6,8,253,50
1780,2025-08-19,Beacon,179,174,13,13,792,36
1781,2025-09-29,Cedar,172,167,11,12,278,38
1782,2025-12-20,Delta,171,171,13,12,561,28
1783,2025-04-28,Delta,175,175,4,3,130,32
1784,2025-11-18,Delta,158,158,2,1,138,6
1785,2025-11-22,Aster,221,216,15,15,730,64
1786,2025-02-21,Beacon,195,195,7,7,316,45
1787,2025-06-08,Delta,53,48,5,6,761,10
1788,2025-01-06,Delta,173,173,8,10,218,11
1789,2025-01-21,Cedar,148,148,4,2,377,39
1790,2025-08-09,Delta,73,68,15,14,353,40
1791,2025-07-31,Cedar,214,214,13,15,384,44
1792,2025-08-01,Aster,95,90,9,8,787,44
1793,2025-02-28,Aster,170,170,15,17,138,48
1794,2025-08-11,Aster,166,166,5,9,102,11
1795,2025-01-01,Beacon,208,208,2,5,697,57
1796,2025-09-17,Aster,63,48,11,10,576,50
1797,2025-01-17,Aster,156,141,7,7,38,30
1798,2025-07-21,Delta,146,131,3,6,139,28
1799,2025-08-15,Aster,203,198,4,6,95,42
1800,2025-04-05,Delta,80,65,15,15,312,5
1801,2025-10-10,Cedar,68,68,15,17,279,52
1802,2025-02-04,Aster,66,66,6,6,50,52
1803,2025-05-28,Cedar,56,56,11,14,199,47
1804,2025-07-15,Cedar,92,92,6,9,300,13
1805,2025-11-10,Delta,97,82,5,9,717,21
1806,2025-08-03,Aster,84,84,12,16,257,37
1807,2025-04-12,Beacon,210,210,13,15,505,64
1808,2025-04-23,Aster,79,64,2,1,731,15
1809,2025-01-08,Aster,109,109,10,8,189,30
1810,2025-05-16,Delta,227,212,14,13,315,10
1811,2025-02-17,Aster,33,18,7,8,312,36
1812,2025-07-07,Aster,143,143,2,6,762,54
1813,2025-11-07,Cedar,137,132,3,4,678,61
1814,2025-09-10,Beacon,37,37,14,12,185,6
1815,2025-09-18,Delta,222,217,14,13,487,49
1816,2025-08-01,Delta,54,54,10,11,63,39
1817,2025-01-29,Aster,121,121,12,12,791,55
1818,2025-01-14,Aster,202,202,15,13,530,63
1819,2025-06-28,Delta,218,213,2,6,612,10
1820,2025-03-17,Cedar,114,114,6,5,730,24
1821,2025-12-01,Aster,198,198,8,9,272,60
1822,2025-10-29,Aster,121,121,4,2,425,60
1823,2025-11-19,Aster,183,183,12,14,10,7
1824,2025-12-10,Beacon,66,66,10,8,116,39
1825,2025-11-04,Aster,246,246,10,8,643,57
1826,2025-02-07,Aster,174,169,11,14,579,61
1827,2025-09-16,Cedar,115,115,5,8,633,52
1828,2025-01-09,Cedar,249,249,7,9,169,51
1829,2025-01-20,Aster,52,52,14,13,304,7
1830,2025-07-29,Cedar,26,11,8,12,309,19
1831,2025-04-05,Cedar,208,193,12,14,96,49
1832,2025-08-31,Beacon,227,227,4,2,237,9
1833,2025-03-25,Aster,240,240,7,9,250,64
1834,2025-08-24,Aster,107,107,8,10,724,56
1835,2025-02-18,Cedar,227,227,12,14,711,31
1836,2025-12-06,Cedar,114,114,2,1,459,33
1837,2025-01-10,Beacon,202,202,2,6,463,13
1838,2025-07-25,Cedar,222,222,8,9,222,32
1839,2025-11-23,Beacon,106,91,4,6,451,63
1840,2025-01-13,Delta,25,25,15,14,579,58
1841,2025-11-08,Beacon,94,79,7,5,588,40
1842,2025-10-29,Beacon,80,80,4,5,96,42
1843,2025-04-15,Aster,185,170,8,7,15,42
1844,2025-06-11,Cedar,226,226,4,2,556,29
1845,2025-02-22,Cedar,189,189,11,13,141,22
1846,2025-05-24,Aster,95,90,5,6,193,46
1847,2025-12-18,Aster,190,185,7,6,22,36
1848,2025-07-12,Cedar,92,92,2,4,474,64
1849,2025-11-03,Aster,170,165,3,7,625,31
1850,2025-07-02,Cedar,140,125,15,13,118,40
1851,2025-07-23,Beacon,166,161,3,7,78,14
1852,2025-06-21,Cedar,207,207,9,11,789,48
1853,2025-08-04,Aster,97,97,8,7,543,12
1854,2025-08-08,Cedar,163,148,13,16,63,44
1855,2025-12-04,Beacon,90,90,7,5,700,15
1856,2025-05-17,Beacon,184,184,6,10,508,24
1857,2025-11-13,Aster,129,114,2,2,519,12
1858,2025-05-07,Beacon,93,88,11,15,474,62
1859,2025-11-29,Beacon,27,27,2,1,111,64
1860,2025-12-31,Delta,26,21,15,14,104,57
1861,2025-09-21,Aster,188,173,7,8,324,17
1862,2025-03-26,Delta,149,149,15,14,471,49
1863,2025-07-07,Delta,71,56,6,9,336,44
1864,2025-06-23,Beacon,34,34,8,12,39,7
1865,2025-08-23,Delta,96,96,12,13,750,16
1866,2025-11-08,Aster,136,131,5,4,85,39
1867,2025-10-19,Aster,114,109,4,8,95,7
1868,2025-08-25,Delta,50,50,13,11,655,6
1869,2025-04-21,Cedar,64,59,15,18,83,33
1870,2025-11-17,Aster,236,236,7,9,33,5
1871,2025-06-07,Aster,114,114,14,16,43,59
1872,2025-12-14,Delta,123,118,4,2,652,19
1873,2025-05-04,Beacon,94,89,15,19,535,11
1874,2025-06-05,Delta,209,204,8,12,203,16
1875,2025-02-09,Aster,194,194,3,3,158,42
1876,2025-08-03,Aster,147,142,11,15,33,15
1877,2025-12-07,Beacon,243,228,14,17,184,48
1878,2025-12-12,Aster,230,230,4,4,776,37
1879,2025-10-16,Delta,205,200,4,4,555,20
1880,2025-03-06,Aster,46,46,6,5,96,54
1881,2025-06-06,Cedar,21,6,2,6,228,12
1882,2025-02-21,Delta,48,43,9,12,392,11
1883,2025-06-01,Cedar,234,229,4,7,263,45
1884,2025-08-08,Cedar,198,198,3,4,681,18
1885,2025-08-08,Delta,20,20,5,5,223,29
1886,2025-12-28,Aster,144,144,7,10,739,35
1887,2025-10-15,Delta,106,101,2,1,336,7
1888,2025-12-11,Aster,128,128,11,9,229,43
1889,2025-11-11,Aster,68,63,12,14,594,9
1890,2025-09-02,Delta,192,192,8,7,64,53
1891,2025-12-29,Cedar,50,35,8,6,286,14
1892,2025-03-31,Delta,179,174,6,9,662,54
1893,2025-10-29,Delta,235,220,5,9,434,29
1894,2025-05-23,Aster,202,202,9,9,433,43
1895,2025-02-21,Delta,31,31,5,7,537,30
1896,2025-01-12,Cedar,62,62,5,3,509,52
1897,2025-09-11,Delta,162,162,13,13,154,26
1898,2025-09-25,Beacon,191,176,15,19,343,33
1899,2025-02-04,Aster,235,220,10,11,100,49
1900,2025-09-29,Cedar,121,121,14,13,719,35
1901,2025-11-15,Delta,82,67,7,8,333,34
1902,2025-04-21,Delta,58,58,11,15,695,44
1903,2025-03-27,Beacon,149,144,4,5,20,11
1904,2025-05-23,Cedar,224,224,14,13,149,19
1905,2025-09-19,Beacon,183,183,10,13,86,18
1906,2025-08-05,Cedar,210,210,5,7,617,24
1907,2025-02-22,Delta,82,82,7,10,56,53
1908,2025-03-04,Aster,25,25,11,10,518,39
1909,2025-12-07,Aster,177,177,6,5,201,9
1910,2025-11-03,Beacon,54,54,8,11,316,46
1911,2025-07-10,Delta,46,46,5,6,215,13
1912,2025-11-15,Aster,53,53,8,11,524,8
1913,2025-05-01,Beacon,141,126,9,13,23,11
1914,2025-05-24,Cedar,122,117,7,7,738,19
1915,2025-07-06,Aster,99,99,5,7,353,53
1916,2025-08-06,Delta,230,225,6,8,316,48
1917,2025-09-01,Beacon,182,167,12,11,595,48
1918,2025-08-06,Cedar,221,216,3,6,112,38
1919,2025-07-28,Cedar,187,187,12,16,705,21
1920,2025-07-09,Delta,127,127,7,8,76,52
1921,2025-05-18,Delta,160,155,3,7,392,64
1922,2025-11-24,Cedar,223,223,2,2,778,62
1923,2025-04-27,Beacon,175,160,8,11,702,46
1924,2025-03-03,Aster,219,219,11,12,47,15
1925,2025-02-28,Delta,102,102,12,11,283,18
1926,2025-05-03,Cedar,76,71,9,10,219,38
1927,2025-01-15,Beacon,125,125,14,13,142,62
1928,2025-03-19,Cedar,81,66,10,12,774,11
1929,2025-04-21,Aster,222,222,7,6,736,21
1930,2025-10-16,Cedar,149,134,5,4,596,35
1931,2025-07-17,Aster,200,195,8,9,199,36
1932,2025-08-22,Aster,66,51,2,3,538,33
1933,2025-06-09,Beacon,63,63,13,11,320,11
1934,2025-07-12,Cedar,152,152,3,2,607,29
1935,2025-10-21,Beacon,34,34,10,14,671,54
1936,2025-05-01,Cedar,36,36,6,4,621,15
1937,2025-12-01,Aster,214,214,8,7,739,32
1938,2025-04-04,Aster,95,95,11,14,169,37
1939,2025-08-04,Cedar,24,24,12,12,415,18
1940,2025-02-05,Delta,55,55,12,13,349,55
1941,2025-08-12,Beacon,76,61,15,16,582,14
1942,2025-03-05,Cedar,244,239,14,18,130,50
1943,2025-01-19,Aster,29,29,3,4,381,11
1944,2025-04-27,Beacon,155,140,6,7,687,27
1945,2025-08-07,Delta,56,56,8,11,107,42
1946,2025-04-24,Beacon,237,232,2,4,506,44
1947,2025-07-23,Beacon,225,210,12,14,59,50
1948,2025-11-06,Aster,162,162,13,17,122,57
1949,2025-12-07,Aster,161,156,8,11,134,59
1950,2025-08-29,Cedar,61,46,5,3,716,11
1951,2025-02-11,Delta,42,42,15,14,276,24
1952,2025-08-16,Aster,20,20,2,6,196,53
1953,2025-10-03,Cedar,114,99,6,9,496,49
1954,2025-05-21,Beacon,42,42,15,17,642,12
1955,2025-10-23,Beacon,27,22,12,10,586,55
1956,2025-06-14,Aster,211,211,9,13,649,22
1957,2025-12-11,Cedar,30,30,2,4,40,20
1958,2025-10-01,Aster,168,163,15,15,295,35
1959,2025-02-04,Cedar,116,111,8,6,630,55
1960,2025-11-17,Delta,73,73,2,1,582,35
1961,2025-06-07,Cedar,197,197,11,11,340,47
1962,2025-07-06,Beacon,103,98,5,7,659,21
1963,2025-07-31,Aster,28,28,12,16,223,5
1964,2025-11-13,Beacon,97,92,9,12,343,61
1965,2025-12-12,Aster,62,62,6,5,743,59
1966,2025-01-12,Aster,160,160,2,3,164,18
1967,2025-02-02,Beacon,95,95,9,10,403,14
1968,2025-01-28,Aster,208,203,9,9,226,33
1969,2025-12-22,Cedar,120,120,2,2,591,57
1970,2025-11-23,Beacon,187,187,14,15,463,10
1971,2025-04-01,Aster,194,189,15,15,83,46
1972,2025-12-07,Cedar,141,141,9,10,105,33
1973,2025-12-25,Delta,61,46,4,3,65,12
1974,2025-08-12,Aster,56,51,10,13,781,50
1975,2025-12-08,Beacon,132,127,2,1,785,32
1976,2025-12-13,Aster,219,214,15,15,289,25
1977,2025-12-24,Cedar,223,223,14,16,406,10
1978,2025-01-26,Beacon,152,147,14,17,235,19
1979,2025-01-03,Aster,65,60,6,9,674,62
1980,2025-12-03,Beacon,52,52,11,15,57,20
1981,2025-03-31,Delta,75,75,11,13,165,20
1982,2025-06-04,Beacon,181,181,4,2,796,35
1983,2025-05-13,Delta,108,108,14,17,559,26
1984,2025-02-27,Beacon,22,17,13,17,569,49
1985,2025-10-06,Aster,97,82,9,10,568,58
1986,2025-03-17,Delta,131,116,12,15,345,48
1987,2025-07-30,Beacon,223,223,11,9,222,41
1988,2025-07-23,Cedar,32,32,5,8,15,12
1989,2025-11-03,Delta,86,81,12,12,590,39
1990,2025-03-11,Aster,133,133,9,13,661,19
1991,2025-04-24,Cedar,192,192,12,15,79,52
1992,2025-05-07,Cedar,202,187,10,10,378,55
1993,2025-03-15,Aster,114,109,8,9,325,61
1994,2025-08-12,Aster,22,22,14,17,647,9
1995,2025-10-29,Delta,177,172,10,13,609,7
1996,2025-04-23,Cedar,47,42,5,5,620,6
1997,2025-02-12,Cedar,109,104,3,4,314,55
1998,2025-10-22,Cedar,25,25,11,13,340,27
1999,2025-05-23,Delta,102,97,4,4,532,44
2000,2025-09-12,Beacon,87,87,9,11,750,43
2001,2025-05-10,Aster,107,107,15,14,402,55
2002,2025-04-03,Aster,227,227,4,6,467,58
2003,2025-10-29,Beacon,21,16,5,4,251,18
2004,2025-07-01,Beacon,168,168,11,11,152,32
2005,2025-02-27,Beacon,101,86,5,4,88,35
2006,2025-04-12,Cedar,136,121,11,14,740,9
2007,2025-09-07,Cedar,221,221,13,14,585,49
2008,2025-11-20,Delta,100,100,11,11,56,56
2009,2025-09-23,Beacon,26,26,8,10,544,49
2010,2025-09-12,Delta,157,157,6,10,287,30
2011,2025-11-25,Delta,192,177,5,6,41,48
2012,2025-08-27,Aster,55,55,14,12,766,23
2013,2025-08-23,Beacon,148,143,3,2,348,24
2014,2025-07-28,Cedar,97,92,6,8,424,46
2015,2025-12-25,Delta,64,49,9,10,314,44
2016,2025-07-14,Delta,44,44,8,8,688,16
2017,2025-11-16,Delta,212,212,4,2,764,56
2018,2025-02-06,Beacon,84,69,4,2,281,60
2019,2025-10-18,Delta,31,16,3,1,325,45
2020,2025-01-06,Cedar,245,230,10,14,153,55
2021,2025-03-03,Cedar,88,83,8,7,70,27
2022,2025-01-09,Beacon,218,203,4,5,168,64
2023,2025-09-22,Cedar,186,181,2,6,386,39
2024,2025-09-03,Cedar,102,97,5,7,138,36
2025,2025-06-27,Delta,203,203,9,10,549,36
2026,2025-01-29,Beacon,232,217,13,12,657,39
2027,2025-02-02,Delta,189,174,5,3,790,57
2028,2025-01-05,Aster,34,34,3,5,667,20
2029,2025-01-29,Cedar,122,122,13,11,175,18
2030,2025-02-06,Cedar,170,170,3,1,487,41
2031,2025-09-13,Delta,175,175,13,14,233,26
2032,2025-05-01,Cedar,248,248,12,10,344,38
2033,2025-03-24,Beacon,166,166,14,17,652,6
2034,2025-11-02,Beacon,170,155,8,9,560,58
2035,2025-09-26,Delta,105,105,6,9,122,42
2036,2025-12-13,Beacon,148,148,7,10,664,40
2037,2025-04-10,Cedar,152,152,2,5,333,28
2038,2025-05-24,Cedar,166,166,6,10,732,54
2039,2025-04-02,Cedar,143,138,11,12,187,8
2040,2025-10-12,Delta,161,161,15,18,469,55
2041,2025-04-28,Beacon,62,62,8,10,209,39
2042,2025-09-04,Cedar,198,193,5,9,33,48
2043,2025-09-10,Aster,113,108,6,4,367,31
2044,2025-12-05,Beacon,20,20,5,9,565,18
2045,2025-07-24,Beacon,171,156,3,2,515,29
2046,2025-10-25,Aster,38,23,8,7,520,34
2047,2025-12-14,Cedar,47,42,15,15,297,47
2048,2025-02-22,Cedar,191,176,14,17,249,44
2049,2025-07-09,Delta,182,182,7,8,366,46
2050,2025-11-16,Aster,97,97,2,5,661,21
2051,2025-07-17,Cedar,26,26,6,5,617,16
2052,2025-03-05,Beacon,96,96,12,13,643,14
2053,2025-12-02,Cedar,34,34,5,3,339,14
2054,2025-08-04,Aster,100,100,11,15,346,40
2055,2025-03-07,Delta,234,234,4,5,449,39
2056,2025-06-15,Cedar,118,118,2,3,120,25
2057,2025-09-10,Aster,176,176,5,4,84,62
2058,2025-02-28,Cedar,183,168,8,6,232,54
2059,2025-01-11,Beacon,233,233,13,17,304,52
2060,2025-07-02,Beacon,243,243,11,10,454,6
2061,2025-11-28,Aster,193,178,9,7,461,40
2062,2025-01-01,Beacon,68,68,8,9,94,60
2063,2025-06-02,Beacon,157,152,11,13,782,35
2064,2025-09-27,Delta,172,172,5,6,504,31
2065,2025-08-05,Aster,41,26,3,4,677,47
2066,2025-05-05,Beacon,244,244,15,16,581,35
2067,2025-03-01,Delta,236,221,9,7,242,62
2068,2025-01-06,Aster,230,215,3,5,325,24
2069,2025-05-05,Delta,55,55,5,3,688,47
2070,2025-12-08,Aster,225,220,2,1,101,57
2071,2025-05-25,Cedar,169,169,10,8,576,6
2072,2025-12-20,Cedar,57,57,7,9,28,41
2073,2025-11-28,Beacon,25,25,15,13,598,59
2074,2025-03-14,Beacon,120,105,4,5,793,44
2075,2025-01-11,Delta,225,225,2,2,601,24
2076,2025-03-04,Delta,215,200,3,2,538,46
2077,2025-06-06,Aster,204,204,6,10,21,62
2078,2025-04-06,Cedar,164,164,2,4,399,21
2079,2025-09-13,Cedar,115,100,4,3,61,63
2080,2025-12-20,Aster,211,196,14,12,44,6
2081,2025-05-13,Aster,225,225,10,9,21,29
2082,2025-12-21,Delta,142,142,13,12,68,23
2083,2025-03-18,Beacon,28,28,15,16,475,35
2084,2025-05-30,Delta,232,232,6,4,76,26
2085,2025-10-03,Cedar,164,164,6,9,453,7
2086,2025-01-10,Beacon,221,221,7,7,603,28
2087,2025-02-16,Beacon,215,200,14,16,538,58
2088,2025-08-04,Delta,155,140,13,17,96,7
2089,2025-02-14,Cedar,189,174,12,13,796,23
2090,2025-07-16,Cedar,141,141,6,9,683,13
2091,2025-02-10,Delta,189,189,15,16,538,14
2092,2025-09-25,Delta,41,41,9,12,161,20
2093,2025-07-21,Cedar,144,144,12,15,174,10
2094,2025-07-14,Aster,90,90,9,12,611,32
2095,2025-12-09,Delta,166,166,5,5,84,5
2096,2025-08-27,Beacon,144,129,5,6,43,28
2097,2025-07-30,Cedar,92,92,14,15,237,50
2098,2025-02-14,Delta,56,41,9,9,373,25
2099,2025-11-08,Cedar,114,114,12,16,472,52
2100,2025-12-09,Cedar,48,48,8,10,436,61
2101,2025-12-04,Aster,203,203,5,8,240,38
2102,2025-05-15,Delta,91,91,10,9,514,39
2103,2025-11-26,Cedar,226,221,2,3,438,9
2104,2025-07-04,Cedar,28,13,12,16,164,24
2105,2025-10-11,Beacon,245,230,11,11,230,58
2106,2025-06-06,Beacon,144,139,11,10,370,55
2107,2025-07-24,Aster,213,213,13,12,700,26
2108,2025-04-16,Beacon,44,29,6,5,336,53
2109,2025-11-30,Cedar,161,156,7,8,239,35
2110,2025-04-06,Cedar,237,237,7,8,747,14
2111,2025-10-27,Cedar,226,226,4,6,38,11
2112,2025-05-31,Aster,247,247,4,7,545,10
2113,2025-12-06,Delta,25,25,9,7,655,56
2114,2025-02-27,Aster,185,185,9,9,217,40
2115,2025-06-22,Aster,178,163,11,12,440,15
2116,2025-08-17,Delta,94,94,3,1,71,14
2117,2025-07-22,Delta,210,210,2,6,110,33
2118,2025-11-01,Delta,43,28,4,7,585,41
2119,2025-03-26,Cedar,51,36,3,2,194,46
2120,2025-01-14,Delta,169,154,12,14,560,64
2121,2025-06-06,Aster,224,219,12,14,433,15
2122,2025-11-16,Cedar,65,60,4,3,468,30
2123,2025-10-11,Cedar,238,238,6,10,187,44
2124,2025-02-16,Delta,213,213,4,4,293,47
2125,2025-11-03,Delta,55,55,13,17,734,38
2126,2025-10-14,Cedar,237,222,6,8,281,57
2127,2025-02-07,Beacon,35,30,5,3,423,31
2128,2025-06-15,Aster,83,83,10,8,692,33
2129,2025-05-15,Aster,65,65,2,1,478,23
2130,2025-08-13,Cedar,89,89,11,14,429,18
2131,2025-04-03,Aster,71,71,9,11,157,40
2132,2025-02-07,Cedar,89,74,9,11,66,26
2133,2025-11-14,Delta,190,190,6,9,516,47
2134,2025-11-14,Delta,159,154,8,11,24,6
2135,2025-03-09,Aster,151,146,10,8,212,7
2136,2025-08-06,Delta,214,214,13,12,747,53
2137,2025-01-12,Delta,27,22,15,15,514,21
2138,2025-10-14,Cedar,161,161,10,12,471,23
2139,2025-09-13,Delta,180,175,15,16,147,40
2140,2025-02-02,Delta,234,234,15,16,504,6
2141,2025-06-05,Delta,25,10,11,13,664,50
2142,2025-05-21,Cedar,172,157,10,9,385,47
2143,2025-09-03,Aster,100,100,2,6,409,33
2144,2025-02-07,Beacon,75,75,12,10,786,41
2145,2025-08-03,Delta,28,28,8,9,765,60
2146,2025-03-06,Aster,93,93,2,4,375,12
2147,2025-01-02,Cedar,110,95,10,9,210,11
2148,2025-05-05,Delta,161,156,11,12,688,41
2149,2025-11-07,Delta,118,118,9,7,589,25
2150,2025-03-17,Beacon,132,127,14,13,741,22
2151,2025-04-14,Aster,236,231,7,11,363,6
2152,2025-07-01,Cedar,145,140,13,16,129,23
2153,2025-10-15,Aster,33,33,10,13,249,9
2154,2025-11-04,Cedar,69,54,3,3,128,14
2155,2025-07-03,Cedar,81,81,5,6,574,31
2156,2025-04-30,Cedar,48,33,14,18,602,28
2157,2025-02-10,Aster,119,104,2,1,632,19
2158,2025-05-01,Beacon,160,145,10,9,724,44
2159,2025-06-30,Cedar,28,28,8,11,517,37
2160,2025-01-11,Aster,25,25,13,11,788,37
2161,2025-06-27,Aster,91,86,7,6,48,5
2162,2025-01-01,Beacon,75,60,13,17,711,36
2163,2025-01-18,Aster,165,160,4,4,142,24
2164,2025-01-11,Aster,170,155,10,13,591,48
2165,2025-11-01,Delta,228,223,2,3,323,10
2166,2025-05-22,Beacon,70,70,7,6,245,25
2167,2025-06-15,Aster,249,249,5,3,280,22
2168,2025-10-14,Delta,98,93,10,10,602,43
2169,2025-12-30,Aster,213,198,10,9,552,31
2170,2025-01-25,Cedar,122,122,13,17,722,14
2171,2025-02-02,Cedar,39,39,4,2,279,14
2172,2025-08-06,Delta,72,72,2,3,168,39
2173,2025-08-09,Delta,30,30,6,8,345,33
2174,2025-09-20,Beacon,240,240,13,17,369,18
2175,2025-08-25,Beacon,225,225,6,7,376,22
2176,2025-04-01,Beacon,233,218,7,7,623,26
2177,2025-04-03,Beacon,30,30,2,2,560,47
2178,2025-06-05,Delta,191,186,13,14,682,53
2179,2025-12-24,Beacon,111,111,6,8,522,47
2180,2025-07-20,Cedar,136,131,2,5,304,35
2181,2025-08-29,Beacon,120,120,7,9,617,29
2182,2025-07-16,Delta,178,178,6,7,546,63
2183,2025-09-26,Beacon,192,192,2,4,476,29
2184,2025-03-14,Aster,85,85,4,2,413,60
2185,2025-08-01,Delta,212,212,5,8,478,27
2186,2025-10-15,Beacon,233,233,6,4,793,63
2187,2025-04-15,Beacon,45,45,13,16,590,9
2188,2025-06-30,Cedar,174,169,13,11,281,24
2189,2025-07-21,Cedar,171,156,15,19,570,34
2190,2025-06-14,Cedar,204,204,7,10,417,61
2191,2025-12-14,Aster,177,162,13,13,27,24
2192,2025-03-21,Delta,22,22,15,13,366,8
2193,2025-12-05,Aster,217,217,2,4,743,22
2194,2025-10-07,Delta,55,55,15,17,114,29
2195,2025-01-07,Delta,128,123,14,15,399,10
2196,2025-12-18,Beacon,62,62,6,9,393,34
2197,2025-07-05,Delta,65,65,9,8,244,55
2198,2025-04-01,Beacon,107,102,11,15,252,56
2199,2025-06-25,Beacon,81,81,2,4,336,10
2200,2025-02-13,Beacon,121,116,4,4,371,61
2201,2025-07-09,Beacon,153,148,14,16,742,14
2202,2025-09-28,Aster,105,90,4,3,447,36
2203,2025-01-24,Delta,190,190,11,15,40,30
2204,2025-10-28,Aster,147,147,11,13,328,35
2205,2025-09-06,Cedar,151,136,8,10,401,63
2206,2025-12-27,Beacon,48,43,11,13,425,13
2207,2025-11-26,Aster,115,115,3,1,429,49
2208,2025-05-04,Delta,198,193,9,11,555,58
2209,2025-06-14,Aster,130,130,6,8,382,63
2210,2025-09-01,Delta,139,139,15,18,390,39
2211,2025-05-28,Beacon,212,212,4,3,508,28
2212,2025-09-14,Aster,213,198,3,4,488,20
2213,2025-12-17,Aster,221,221,8,6,794,60
2214,2025-12-25,Aster,162,147,13,14,219,9
2215,2025-04-09,Beacon,213,208,8,12,762,6
2216,2025-12-26,Cedar,20,15,3,6,614,29
2217,2025-07-11,Cedar,127,127,10,12,433,33
2218,2025-06-09,Aster,231,231,8,7,289,23
2219,2025-06-14,Beacon,197,197,12,11,604,19
2220,2025-06-05,Delta,112,112,11,9,589,46
2221,2025-06-01,Aster,125,125,2,5,147,54
2222,2025-12-08,Cedar,138,123,11,10,784,32
2223,2025-12-29,Beacon,103,88,15,18,444,23
2224,2025-04-11,Cedar,174,174,6,7,681,9
2225,2025-06-07,Delta,85,85,7,9,728,41
2226,2025-01-04,Aster,33,28,6,7,781,14
2227,2025-09-28,Aster,134,134,4,4,363,11
2228,2025-09-16,Cedar,176,176,8,7,121,19
2229,2025-05-02,Aster,143,138,6,10,368,53
2230,2025-02-10,Aster,61,61,11,11,198,9
2231,2025-09-07,Aster,168,168,14,13,719,51
2232,2025-06-13,Beacon,181,166,13,17,193,33
2233,2025-06-24,Delta,208,208,9,9,161,14
2234,2025-06-17,Delta,153,148,5,6,679,8
2235,2025-06-26,Aster,42,27,10,13,407,24
2236,2025-04-03,Delta,231,226,13,17,534,30
2237,2025-11-20,Delta,93,93,14,17,500,17
2238,2025-08-18,Aster,186,186,2,1,753,30
2239,2025-08-21,Beacon,95,90,3,3,272,28
2240,2025-03-11,Beacon,20,5,5,4,25,13
2241,2025-01-24,Cedar,124,119,2,2,517,33
2242,2025-11-26,Aster,107,102,6,7,583,62
2243,2025-11-08,Cedar,77,72,5,3,34,38
2244,2025-02-22,Cedar,27,27,14,15,764,55
2245,2025-09-15,Cedar,101,101,9,8,445,24
2246,2025-04-17,Delta,225,225,11,14,212,21
2247,2025-09-09,Delta,165,150,3,5,550,10
2248,2025-02-27,Delta,237,237,10,9,10,10
2249,2025-10-27,Beacon,118,113,13,12,83,37
2250,2025-01-05,Cedar,72,67,14,14,583,53
2251,2025-03-20,Delta,110,110,13,12,534,46
2252,2025-01-30,Cedar,31,16,15,15,216,31
2253,2025-02-07,Delta,114,114,4,7,117,49
2254,2025-02-13,Beacon,178,178,7,5,729,48
2255,2025-04-21,Cedar,104,89,9,10,129,37
2256,2025-09-25,Beacon,34,19,12,14,326,63
2257,2025-02-21,Aster,143,138,11,14,205,44
2258,2025-05-05,Delta,168,168,11,10,557,63
2259,2025-12-06,Cedar,206,206,13,17,108,33
2260,2025-02-02,Beacon,52,52,11,9,486,46
2261,2025-10-29,Aster,73,68,2,1,534,20
2262,2025-01-09,Beacon,87,87,12,10,622,52
2263,2025-07-09,Cedar,23,23,5,7,22,17
2264,2025-04-29,Aster,113,108,12,15,261,32
2265,2025-12-14,Aster,50,35,9,13,338,60
2266,2025-06-01,Beacon,227,227,10,9,750,20
2267,2025-10-11,Delta,177,177,12,13,658,58
2268,2025-09-05,Cedar,222,222,9,12,370,18
2269,2025-10-01,Beacon,206,206,9,11,343,5
2270,2025-03-29,Beacon,155,140,5,8,139,57
2271,2025-08-02,Beacon,86,71,15,15,43,23
2272,2025-09-16,Cedar,81,76,7,6,409,15
2273,2025-01-25,Cedar,233,233,6,5,217,20
2274,2025-02-01,Beacon,124,119,4,8,61,57
2275,2025-02-17,Delta,27,12,7,11,118,43
2276,2025-02-27,Cedar,26,21,8,10,45,9
2277,2025-10-17,Aster,133,118,4,5,618,61
2278,2025-06-03,Aster,36,36,15,16,319,32
2279,2025-08-14,Cedar,127,127,13,12,797,59
2280,2025-02-07,Beacon,53,53,13,13,622,21
2281,2025-03-27,Cedar,85,85,10,10,28,34
2282,2025-03-03,Delta,65,60,9,12,193,30
2283,2025-04-15,Aster,54,39,9,9,532,12
2284,2025-10-24,Delta,161,156,8,8,22,13
2285,2025-05-07,Delta,234,234,11,15,98,48
2286,2025-03-28,Cedar,128,128,11,9,423,15
2287,2025-03-04,Beacon,36,21,4,4,510,15
2288,2025-02-09,Delta,99,84,5,6,603,46
2289,2025-10-24,Cedar,105,105,11,13,488,63
2290,2025-12-21,Delta,135,135,5,3,239,45
2291,2025-10-20,Delta,156,156,6,10,250,11
2292,2025-09-20,Cedar,45,30,4,4,113,46
2293,2025-03-02,Cedar,39,39,11,13,677,8
2294,2025-10-26,Aster,20,20,13,17,121,46
2295,2025-08-23,Cedar,35,20,6,6,475,17
2296,2025-06-27,Cedar,43,38,4,6,746,9
2297,2025-06-08,Delta,150,150,6,6,396,34
2298,2025-07-07,Delta,214,214,12,13,313,42
2299,2025-01-06,Beacon,214,214,2,1,215,10
2300,2025-07-18,Delta,220,205,9,7,754,45
2301,2025-06-25,Delta,77,72,12,10,633,56
2302,2025-04-13,Aster,169,154,7,10,122,20
2303,2025-10-04,Cedar,166,166,5,3,539,5
2304,2025-08-02,Aster,239,239,10,14,421,11
2305,2025-11-09,Beacon,204,204,2,1,17,16
2306,2025-04-21,Cedar,84,79,6,8,235,54
2307,2025-02-01,Cedar,167,167,8,12,688,61
2308,2025-06-06,Cedar,41,41,15,18,289,35
2309,2025-03-29,Aster,98,98,7,10,257,35
2310,2025-05-17,Aster,104,104,15,19,349,27
2311,2025-08-03,Delta,115,115,10,8,738,22
2312,2025-09-26,Cedar,200,200,14,18,313,48
2313,2025-09-20,Aster,102,102,13,15,205,49
2314,2025-10-13,Beacon,68,63,6,8,303,29
2315,2025-07-12,Beacon,210,210,4,7,165,64
2316,2025-07-25,Aster,236,236,9,12,357,18
2317,2025-12-25,Aster,99,94,10,10,65,57
2318,2025-08-18,Beacon,89,74,3,1,91,22
2319,2025-03-30,Beacon,190,190,9,10,76,40
2320,2025-03-19,Delta,242,242,4,6,780,15
2321,2025-09-21,Beacon,222,222,9,12,457,27
2322,2025-07-19,Beacon,151,151,9,8,491,23
2323,2025-11-11,Aster,108,103,9,13,699,64
2324,2025-03-02,Beacon,249,249,4,2,59,63
2325,2025-03-10,Cedar,139,139,3,4,216,22
2326,2025-02-23,Beacon,147,132,13,15,556,12
2327,2025-06-23,Cedar,90,85,12,12,213,48
2328,2025-06-06,Cedar,83,83,9,7,68,5
2329,2025-12-01,Beacon,82,82,10,13,193,45
2330,2025-12-08,Cedar,94,94,7,11,315,15
2331,2025-06-24,Cedar,125,110,3,4,279,37
2332,2025-06-28,Cedar,234,234,14,16,18,50
2333,2025-06-09,Delta,92,92,3,1,342,64
2334,2025-09-12,Aster,34,29,11,12,575,18
2335,2025-02-14,Delta,118,113,8,6,396,29
2336,2025-11-07,Beacon,34,34,3,3,281,58
2337,2025-06-11,Delta,203,203,11,11,335,22
2338,2025-04-15,Cedar,60,45,2,6,726,47
2339,2025-12-26,Aster,192,187,12,13,354,54
2340,2025-11-30,Cedar,157,157,11,9,252,27
2341,2025-08-25,Delta,55,55,4,2,383,30
2342,2025-06-28,Beacon,141,141,10,11,271,50
2343,2025-01-10,Aster,218,218,10,10,509,49
2344,2025-11-08,Beacon,98,98,6,4,210,34
2345,2025-09-13,Beacon,158,158,3,6,655,50
2346,2025-04-29,Beacon,165,160,5,4,104,37
2347,2025-11-01,Aster,200,185,5,4,68,48
2348,2025-07-12,Aster,172,172,13,13,411,35
2349,2025-07-29,Delta,57,52,4,6,279,51
2350,2025-06-28,Delta,215,215,5,9,69,55
2351,2025-05-03,Aster,118,103,6,5,257,35
2352,2025-02-07,Aster,210,210,10,8,262,5
2353,2025-07-17,Beacon,239,239,11,15,363,35
2354,2025-03-13,Beacon,148,133,4,2,627,8
2355,2025-11-16,Delta,203,203,14,17,794,45
2356,2025-09-30,Aster,96,96,10,13,687,28
2357,2025-02-07,Beacon,211,211,2,6,660,25
2358,2025-04-21,Cedar,90,90,12,16,355,23
2359,2025-10-18,Cedar,220,215,13,13,297,6
2360,2025-12-16,Delta,221,206,4,7,587,11
2361,2025-06-28,Cedar,188,188,2,5,526,40
2362,2025-10-25,Cedar,74,74,6,4,300,12
2363,2025-05-10,Cedar,131,131,11,13,286,61
2364,2025-09-23,Cedar,168,168,13,16,450,55
2365,2025-04-23,Delta,89,84,7,9,186,34
2366,2025-08-25,Delta,163,158,8,8,587,12
2367,2025-12-16,Delta,89,74,8,10,439,59
2368,2025-08-14,Aster,57,57,8,6,99,28
2369,2025-03-27,Aster,187,187,12,12,119,15
2370,2025-09-02,Delta,126,111,12,10,540,52
2371,2025-04-30,Beacon,21,6,5,8,261,8
2372,2025-02-02,Aster,201,201,2,2,94,13
2373,2025-11-26,Aster,43,43,12,13,616,12
2374,2025-06-14,Delta,201,186,3,1,38,29
2375,2025-07-27,Aster,233,218,2,5,730,45
2376,2025-08-05,Aster,161,146,12,12,467,16
2377,2025-05-01,Aster,90,90,2,4,691,20
2378,2025-03-22,Cedar,94,94,8,8,426,60
2379,2025-02-27,Aster,112,107,4,2,183,42
2380,2025-01-27,Aster,161,156,14,16,372,45
2381,2025-11-30,Delta,200,200,6,4,606,53
2382,2025-04-16,Cedar,246,246,2,2,230,31
2383,2025-05-19,Beacon,29,29,3,6,389,17
2384,2025-05-11,Cedar,79,79,3,3,166,16
2385,2025-02-18,Beacon,45,45,14,17,719,12
2386,2025-01-14,Aster,246,246,8,8,438,16
2387,2025-04-09,Beacon,209,194,3,5,309,51
2388,2025-03-22,Cedar,116,101,11,14,225,43
2389,2025-09-13,Cedar,214,214,6,6,627,13
2390,2025-07-17,Cedar,38,38,2,3,340,26
2391,2025-11-17,Delta,44,39,6,10,741,44
2392,2025-05-12,Beacon,32,32,4,4,463,55
2393,2025-02-10,Aster,70,70,12,10,497,17
2394,2025-04-20,Aster,173,168,11,14,400,34
2395,2025-10-26,Aster,92,92,2,4,352,51
2396,2025-05-17,Aster,214,214,3,4,668,5
2397,2025-12-18,Aster,241,241,9,13,532,27
2398,2025-04-05,Cedar,175,170,14,12,420,56
2399,2025-01-20,Delta,189,174,8,11,149,57
2400,2025-01-21,Delta,79,79,11,14,281,61
2401,2025-01-25,Delta,187,187,14,18,776,28
2402,2025-09-01,Aster,112,97,6,7,552,22
2403,2025-02-03,Aster,191,191,6,7,103,44
2404,2025-12-12,Delta,233,218,10,11,706,17
2405,2025-10-28,Cedar,152,147,4,6,369,16
2406,2025-11-24,Beacon,163,163,6,4,66,60
2407,2025-03-08,Delta,135,120,13,13,254,6
2408,2025-11-26,Cedar,176,161,9,11,417,21
2409,2025-09-13,Delta,201,186,2,5,631,20
2410,2025-08-16,Delta,163,163,5,3,678,24
2411,2025-02-25,Aster,205,205,12,16,319,47
2412,2025-04-23,Beacon,211,211,7,9,186,10
2413,2025-09-14,Delta,93,93,5,8,519,43
2414,2025-07-01,Aster,74,69,13,17,747,59
2415,2025-05-15,Cedar,219,214,4,3,176,25
2416,2025-03-20,Aster,194,194,7,10,703,13
2417,2025-10-08,Delta,223,223,5,5,317,49
2418,2025-03-30,Aster,79,74,4,2,178,43
2419,2025-02-25,Aster,207,207,3,5,665,24
2420,2025-06-12,Cedar,180,180,4,4,797,21
2421,2025-01-23,Cedar,153,153,10,14,788,51
2422,2025-09-10,Cedar,82,82,6,5,790,61
2423,2025-10-14,Beacon,242,237,13,13,229,51
2424,2025-03-21,Delta,110,110,6,10,227,59
2425,2025-08-03,Aster,190,190,15,14,388,59
2426,2025-10-18,Delta,183,183,5,5,497,49
2427,2025-04-15,Cedar,79,79,13,12,414,26
2428,2025-09-04,Cedar,151,136,7,11,570,48
2429,2025-09-10,Cedar,246,231,13,15,580,25
2430,2025-06-04,Delta,84,84,3,1,247,11
2431,2025-04-23,Delta,80,80,11,12,318,29
2432,2025-11-09,Delta,39,34,2,2,465,15
2433,2025-11-28,Cedar,80,80,14,18,570,59
2434,2025-12-06,Beacon,241,236,6,5,125,10
2435,2025-12-24,Beacon,44,39,14,16,334,49
2436,2025-07-24,Cedar,182,182,10,14,455,16
2437,2025-05-26,Aster,161,156,13,16,678,36
2438,2025-09-02,Aster,209,209,5,6,239,44
2439,2025-05-11,Aster,84,84,13,13,690,49
2440,2025-03-02,Aster,114,114,8,11,353,16
2441,2025-10-03,Delta,223,208,3,4,188,60
2442,2025-11-02,Beacon,100,100,13,15,456,12
2443,2025-11-11,Beacon,94,94,13,17,64,36
2444,2025-05-10,Aster,112,112,12,13,202,27
2445,2025-05-07,Aster,131,116,2,1,353,60
2446,2025-03-02,Delta,110,95,11,11,738,20
2447,2025-10-24,Delta,190,190,14,12,336,24
2448,2025-10-05,Cedar,24,24,11,15,655,55
2449,2025-12-25,Beacon,212,207,13,17,524,14
2450,2025-10-04,Cedar,188,183,13,11,543,8
2451,2025-01-16,Delta,38,33,10,13,76,13
2452,2025-01-26,Delta,135,135,7,9,168,41
2453,2025-12-02,Beacon,145,140,14,14,15,32
2454,2025-02-05,Aster,166,166,10,11,23,15
2455,2025-04-13,Beacon,21,21,6,8,52,60
2456,2025-02-10,Cedar,129,124,10,13,263,26
2457,2025-08-23,Delta,181,181,12,14,536,25
2458,2025-05-02,Beacon,114,114,5,3,752,22
2459,2025-06-20,Delta,34,34,13,12,337,31
2460,2025-05-05,Beacon,29,29,3,4,773,40
2461,2025-05-04,Aster,46,41,10,14,720,52
2462,2025-08-15,Aster,155,155,13,12,487,13
2463,2025-04-18,Cedar,208,208,8,10,324,47
2464,2025-09-03,Aster,60,60,6,7,113,21
2465,2025-08-11,Cedar,116,116,14,17,732,5
2466,2025-07-19,Delta,80,65,10,12,591,29
2467,2025-05-10,Cedar,246,231,8,9,697,24
2468,2025-05-11,Beacon,111,96,3,7,397,22
2469,2025-04-08,Cedar,170,170,8,9,773,29
2470,2025-09-14,Beacon,129,124,7,11,504,17
2471,2025-05-27,Delta,173,173,10,9,83,53
2472,2025-09-11,Aster,57,57,4,2,468,43
2473,2025-01-29,Cedar,162,147,11,10,400,44
2474,2025-10-21,Delta,142,137,11,13,30,36
2475,2025-06-09,Aster,173,173,6,7,318,29
2476,2025-09-09,Beacon,44,44,2,1,303,24
2477,2025-04-05,Cedar,29,29,8,7,439,15
2478,2025-03-04,Cedar,198,183,12,16,380,45
2479,2025-12-27,Aster,173,168,8,9,130,23
2480,2025-06-26,Delta,131,131,2,4,183,63
2481,2025-02-23,Aster,206,206,15,13,108,60
2482,2025-07-25,Cedar,126,126,12,11,304,59
2483,2025-08-05,Delta,223,223,8,12,610,58
2484,2025-04-06,Cedar,158,158,7,6,336,38
2485,2025-09-21,Aster,186,186,15,16,712,51
2486,2025-10-22,Aster,163,163,14,15,671,32
2487,2025-07-07,Delta,74,59,11,14,254,18
2488,2025-03-23,Aster,152,137,13,16,639,26
2489,2025-04-15,Delta,125,125,4,6,68,51
2490,2025-10-07,Beacon,106,106,8,10,737,46
2491,2025-09-23,Delta,124,119,12,15,599,53
2492,2025-08-25,Beacon,249,249,9,13,603,42
2493,2025-03-26,Beacon,49,44,11,12,116,18
2494,2025-05-22,Beacon,129,129,6,5,622,6
2495,2025-06-27,Delta,135,135,5,4,601,62
2496,2025-10-23,Cedar,172,172,6,7,172,17
2497,2025-03-30,Cedar,149,149,13,12,505,18
2498,2025-03-09,Beacon,77,77,10,8,545,29
2499,2025-07-30,Beacon,116,116,3,2,535,49
2500,2025-02-17,Cedar,61,61,6,6,90,12
2501,2025-11-21,Cedar,213,213,8,9,447,8
2502,2025-01-29,Delta,176,176,10,9,415,21
2503,2025-08-25,Aster,205,205,4,4,163,5
2504,2025-03-16,Delta,93,93,2,1,86,58
2505,2025-07-31,Cedar,139,124,14,12,787,5
2506,2025-12-28,Delta,75,75,2,1,520,14
2507,2025-08-06,Aster,48,43,15,13,490,48
2508,2025-09-06,Delta,200,200,14,12,702,7
2509,2025-05-14,Aster,49,49,10,10,510,48
2510,2025-06-01,Beacon,46,41,15,15,645,13
2511,2025-01-13,Cedar,213,213,7,8,46,20
2512,2025-03-04,Cedar,22,22,8,7,472,51
2513,2025-12-11,Cedar,206,201,9,13,764,36
2514,2025-03-14,Beacon,116,101,11,11,143,21
2515,2025-02-10,Cedar,150,150,15,19,460,53
2516,2025-01-02,Cedar,86,86,12,13,193,51
2517,2025-08-09,Cedar,244,239,12,16,671,26
2518,2025-03-27,Cedar,44,44,8,7,733,5
2519,2025-11-01,Cedar,159,144,10,11,598,51
2520,2025-03-24,Aster,71,56,2,5,563,54
2521,2025-07-03,Delta,225,225,5,3,795,43
2522,2025-01-14,Beacon,86,86,7,7,592,29
2523,2025-08-28,Cedar,160,160,8,9,349,33
2524,2025-06-12,Cedar,34,34,2,5,362,43
2525,2025-06-01,Beacon,26,26,8,7,668,64
2526,2025-12-27,Beacon,104,99,10,13,468,64
2527,2025-12-25,Beacon,106,106,6,4,564,20
2528,2025-06-09,Beacon,228,228,15,14,727,18
2529,2025-10-25,Delta,223,223,11,11,689,43
2530,2025-10-31,Delta,231,231,8,6,457,42
2531,2025-02-23,Cedar,130,130,5,4,641,16
2532,2025-06-29,Aster,199,194,9,7,640,50
2533,2025-05-25,Aster,70,70,11,15,705,51
2534,2025-09-28,Cedar,25,25,10,14,585,62
2535,2025-10-11,Delta,137,137,4,3,178,16
2536,2025-12-20,Aster,220,220,5,4,248,19
2537,2025-11-10,Aster,55,55,7,7,689,26
2538,2025-06-12,Aster,49,49,13,13,39,27
2539,2025-03-01,Delta,208,208,13,13,318,8
2540,2025-09-16,Beacon,172,172,9,12,317,48
2541,2025-09-16,Delta,87,87,5,6,748,21
2542,2025-02-11,Cedar,168,153,15,18,749,23
2543,2025-06-29,Delta,156,156,8,6,622,17
2544,2025-09-03,Delta,143,138,7,9,545,40
2545,2025-01-01,Beacon,231,226,2,6,107,56
2546,2025-08-26,Beacon,240,240,12,12,442,36
2547,2025-06-27,Cedar,191,186,9,8,738,7
2548,2025-10-05,Delta,55,55,7,9,518,44
2549,2025-12-17,Beacon,37,32,4,7,521,31
2550,2025-11-13,Cedar,165,150,13,14,731,13
2551,2025-12-20,Beacon,116,116,14,17,305,35
2552,2025-06-21,Beacon,177,162,12,12,209,20
2553,2025-02-25,Beacon,190,190,14,16,442,12
2554,2025-01-23,Aster,199,194,12,14,523,58
2555,2025-01-05,Beacon,33,33,14,18,427,50
2556,2025-11-18,Beacon,41,26,14,16,281,56
2557,2025-01-22,Aster,163,148,4,2,745,26
2558,2025-11-10,Cedar,192,187,7,9,203,64
2559,2025-05-09,Delta,239,224,11,14,607,40
2560,2025-01-21,Delta,43,43,5,5,157,44
2561,2025-07-30,Aster,154,149,8,9,176,9
2562,2025-03-14,Delta,228,223,3,6,23,43
2563,2025-12-09,Aster,155,155,6,8,158,14
2564,2025-02-17,Cedar,222,222,5,9,527,33
2565,2025-03-19,Beacon,49,34,9,13,172,58
2566,2025-10-25,Delta,75,70,8,11,15,23
2567,2025-01-18,Cedar,249,249,11,10,126,51
2568,2025-11-24,Delta,188,188,13,11,244,13
2569,2025-11-02,Delta,55,55,15,19,331,51
2570,2025-11-08,Delta,128,113,5,9,516,61
2571,2025-04-10,Aster,119,114,6,8,27,44
2572,2025-05-14,Cedar,150,145,2,4,348,57
2573,2025-11-25,Aster,142,142,9,9,434,17
2574,2025-01-21,Delta,40,40,10,9,27,56
2575,2025-11-26,Beacon,167,167,11,15,659,26
2576,2025-08-18,Delta,32,17,3,5,141,42
2577,2025-10-24,Aster,125,120,8,7,667,58
2578,2025-11-27,Aster,70,65,12,11,119,26
2579,2025-05-10,Aster,25,25,14,12,574,29
2580,2025-09-21,Delta,200,200,14,15,155,43
2581,2025-03-26,Aster,90,90,3,6,205,34
2582,2025-01-24,Beacon,131,131,14,14,717,21
2583,2025-10-30,Aster,61,61,9,8,577,17
2584,2025-12-27,Cedar,79,79,13,17,61,21
2585,2025-05-30,Cedar,182,182,11,13,488,9
2586,2025-09-05,Aster,79,74,9,9,404,24
2587,2025-10-30,Delta,132,132,13,11,377,30
2588,2025-12-26,Aster,136,131,11,12,129,57
2589,2025-11-10,Delta,69,69,11,15,632,6
2590,2025-05-18,Aster,67,67,9,10,611,34
2591,2025-04-20,Beacon,28,23,13,13,569,7
2592,2025-11-24,Cedar,101,86,9,10,242,30
2593,2025-03-29,Aster,137,137,9,9,270,9
2594,2025-11-02,Cedar,246,246,3,2,64,9
2595,2025-07-22,Aster,137,132,10,14,625,44
2596,2025-10-10,Beacon,188,188,14,16,693,35
2597,2025-01-16,Aster,123,123,13,13,168,62
2598,2025-03-24,Cedar,90,85,5,8,715,7
2599,2025-11-29,Aster,105,105,10,11,526,23
2600,2025-03-30,Cedar,174,174,3,4,369,23
