session_id,date,device,visit,product_view,add_to_cart,checkout,purchase
1,2025-08-07,Mobile,1,1,1,0,0
2,2025-04-01,Mobile,1,0,0,0,0
3,2025-09-29,Mobile,1,1,0,0,0
4,2025-12-27,Desktop,1,1,1,1,1
5,2025-05-03,Mobile,1,0,0,0,0
6,2025-09-27,Desktop,1,1,0,0,0
7,2025-01-26,Mobile,1,0,0,0,0
8,2025-10-02,Mobile,1,1,1,1,0
9,2025-07-16,Mobile,1,1,0,0,0
10,2025-11-11,Mobile,1,1,0,0,0
11,2025-04-15,Mobile,1,1,0,0,0
12,2025-05-03,Mobile,1,1,0,0,0
13,2025-07-17,Mobile,1,1,1,0,0
14,2025-08-20,Desktop,1,0,0,0,0
15,2025-09-05,Desktop,1,1,0,0,0
16,2025-01-20,Mobile,1,0,0,0,0
17,2025-01-05,Mobile,1,1,1,1,1
18,2025-12-21,Tablet,1,0,0,0,0
19,2025-02-18,Mobile,1,1,0,0,0
20,2025-10-28,Mobile,1,1,0,0,0
21,2025-10-08,Mobile,1,0,0,0,0
22,2025-04-24,Mobile,1,1,1,1,1
23,2025-12-01,Mobile,1,1,0,0,0
24,2025-08-31,Desktop,1,0,0,0,0
25,2025-07-09,Mobile,1,1,0,0,0
26,2025-06-22,Mobile,1,1,0,0,0
27,2025-05-24,Mobile,1,1,0,0,0
28,2025-05-30,Mobile,1,0,0,0,0
29,2025-07-30,Mobile,1,1,0,0,0
30,2025-02-03,Tablet,1,0,0,0,0
31,2025-06-01,Mobile,1,1,0,0,0
32,2025-12-02,Desktop,1,1,0,0,0
33,2025-08-06,Desktop,1,1,1,1,1
34,2025-06-13,Desktop,1,1,0,0,0
35,2025-01-01,Mobile,1,1,1,1,1
36,2025-09-19,Desktop,1,1,0,0,0
37,2025-08-28,Desktop,1,1,0,0,0
38,2025-03-06,Mobile,1,1,1,1,1
39,2025-02-04,Mobile,1,0,0,0,0
40,2025-10-10,Desktop,1,1,0,0,0
41,2025-11-12,Mobile,1,1,0,0,0
42,2025-05-01,Tablet,1,1,1,0,0
43,2025-10-13,Mobile,1,1,1,1,1
44,2025-04-11,Tablet,1,1,0,0,0
45,2025-06-14,Desktop,1,0,0,0,0
46,2025-07-09,Tablet,1,1,1,1,1
47,2025-04-13,Mobile,1,1,0,0,0
48,2025-04-09,Desktop,1,1,0,0,0
49,2025-10-16,Desktop,1,1,1,1,1
50,2025-03-31,Desktop,1,1,0,0,0
51,2025-02-14,Mobile,1,1,0,0,0
52,2025-07-19,Desktop,1,1,1,1,0
53,2025-04-11,Mobile,1,1,0,0,0
54,2025-01-09,Desktop,1,0,0,0,0
55,2025-03-17,Desktop,1,1,0,0,0
56,2025-03-29,Desktop,1,1,0,0,0
57,2025-10-03,Desktop,1,0,0,0,0
58,2025-12-06,Mobile,1,0,0,0,0
59,2025-12-25,Tablet,1,1,1,1,1
60,2025-08-04,Desktop,1,1,0,0,0
61,2025-06-17,Tablet,1,0,0,0,0
62,2025-03-05,Tablet,1,1,0,0,0
63,2025-01-28,Desktop,1,0,0,0,0
64,2025-01-18,Tablet,1,1,0,0,0
65,2025-11-28,Mobile,1,1,1,1,0
66,2025-04-16,Mobile,1,1,1,1,0
67,2025-07-17,Desktop,1,1,1,1,1
68,2025-01-21,Desktop,1,0,0,0,0
69,2025-08-09,Mobile,1,1,1,1,1
70,2025-04-07,Tablet,1,1,0,0,0
71,2025-02-06,Mobile,1,1,0,0,0
72,2025-02-10,Tablet,1,1,0,0,0
73,2025-01-11,Desktop,1,1,0,0,0
74,2025-07-22,Desktop,1,1,0,0,0
75,2025-05-10,Desktop,1,1,1,1,1
76,2025-07-05,Mobile,1,0,0,0,0
77,2025-04-06,Mobile,1,1,0,0,0
78,2025-03-18,Mobile,1,1,1,0,0
79,2025-11-04,Mobile,1,1,0,0,0
80,2025-02-25,Mobile,1,1,0,0,0
81,2025-01-06,Mobile,1,0,0,0,0
82,2025-10-20,Mobile,1,1,0,0,0
83,2025-11-09,Mobile,1,1,0,0,0
84,2025-05-28,Desktop,1,1,1,1,0
85,2025-09-16,Desktop,1,1,0,0,0
86,2025-09-28,Mobile,1,1,1,1,1
87,2025-04-21,Mobile,1,1,0,0,0
88,2025-04-03,Mobile,1,1,0,0,0
89,2025-12-13,Mobile,1,1,0,0,0
90,2025-01-17,Desktop,1,1,1,0,0
91,2025-06-19,Mobile,1,1,1,1,0
92,2025-05-18,Mobile,1,1,0,0,0
93,2025-06-17,Desktop,1,1,0,0,0
94,2025-01-31,Desktop,1,1,0,0,0
95,2025-12-15,Tablet,1,1,0,0,0
96,2025-08-12,Mobile,1,1,0,0,0
97,2025-10-09,Mobile,1,1,1,1,0
98,2025-10-12,Mobile,1,1,0,0,0
99,2025-11-23,Tablet,1,1,0,0,0
100,2025-02-18,Mobile,1,1,1,1,0
101,2025-12-18,Mobile,1,1,0,0,0
102,2025-08-16,Mobile,1,1,0,0,0
103,2025-05-17,Mobile,1,0,0,0,0
104,2025-01-29,Mobile,1,1,0,0,0
105,2025-05-18,Desktop,1,0,0,0,0
106,2025-06-15,Tablet,1,1,0,0,0
107,2025-08-01,Mobile,1,1,1,0,0
108,2025-08-11,Mobile,1,0,0,0,0
109,2025-03-25,Mobile,1,1,0,0,0
110,2025-07-31,Mobile,1,0,0,0,0
111,2025-04-30,Desktop,1,1,0,0,0
112,2025-11-16,Mobile,1,1,1,1,0
113,2025-10-08,Desktop,1,0,0,0,0
114,2025-03-27,Mobile,1,1,1,0,0
115,2025-08-25,Mobile,1,1,0,0,0
116,2025-01-20,Desktop,1,1,0,0,0
117,2025-12-05,Mobile,1,0,0,0,0
118,2025-12-25,Desktop,1,1,1,1,1
119,2025-04-08,Mobile,1,1,0,0,0
120,2025-10-30,Mobile,1,0,0,0,0
121,2025-10-22,Mobile,1,1,0,0,0
122,2025-04-18,Desktop,1,1,0,0,0
123,2025-09-13,Mobile,1,0,0,0,0
124,2025-09-19,Tablet,1,1,0,0,0
125,2025-07-11,Tablet,1,1,1,1,1
126,2025-10-21,Mobile,1,1,1,0,0
127,2025-07-08,Mobile,1,0,0,0,0
128,2025-08-09,Mobile,1,1,0,0,0
129,2025-04-14,Mobile,1,0,0,0,0
130,2025-10-13,Mobile,1,1,0,0,0
131,2025-04-11,Mobile,1,1,0,0,0
132,2025-12-22,Mobile,1,1,1,1,1
133,2025-04-12,Mobile,1,1,1,1,1
134,2025-09-12,Desktop,1,0,0,0,0
135,2025-05-07,Mobile,1,1,1,1,1
136,2025-07-19,Tablet,1,1,0,0,0
137,2025-02-19,Desktop,1,1,0,0,0
138,2025-02-02,Mobile,1,0,0,0,0
139,2025-10-12,Mobile,1,1,0,0,0
140,2025-01-10,Desktop,1,1,1,1,1
141,2025-01-05,Desktop,1,1,1,1,1
142,2025-04-02,Desktop,1,1,0,0,0
143,2025-03-09,Desktop,1,1,0,0,0
144,2025-09-10,Desktop,1,0,0,0,0
145,2025-04-01,Desktop,1,1,0,0,0
146,2025-01-04,Mobile,1,0,0,0,0
147,2025-02-07,Mobile,1,0,0,0,0
148,2025-11-28,Tablet,1,1,0,0,0
149,2025-03-05,Mobile,1,1,1,0,0
150,2025-11-02,Desktop,1,1,0,0,0
151,2025-11-22,Mobile,1,1,0,0,0
152,2025-10-17,Tablet,1,1,0,0,0
153,2025-04-17,Mobile,1,0,0,0,0
154,2025-12-04,Mobile,1,1,1,1,0
155,2025-03-10,Desktop,1,0,0,0,0
156,2025-08-15,Tablet,1,1,1,1,0
157,2025-08-25,Desktop,1,0,0,0,0
158,2025-07-27,Mobile,1,1,0,0,0
159,2025-11-09,Desktop,1,1,1,0,0
160,2025-04-01,Desktop,1,1,0,0,0
161,2025-05-15,Mobile,1,1,1,1,0
162,2025-11-21,Mobile,1,1,0,0,0
163,2025-04-22,Mobile,1,1,0,0,0
164,2025-09-07,Mobile,1,0,0,0,0
165,2025-03-28,Mobile,1,0,0,0,0
166,2025-11-08,Tablet,1,1,0,0,0
167,2025-04-29,Desktop,1,1,0,0,0
168,2025-11-22,Mobile,1,1,0,0,0
169,2025-06-19,Tablet,1,1,0,0,0
170,2025-01-07,Mobile,1,1,1,1,0
171,2025-01-20,Desktop,1,1,0,0,0
172,2025-04-10,Mobile,1,1,1,1,0
173,2025-05-11,Mobile,1,0,0,0,0
174,2025-09-22,Desktop,1,0,0,0,0
175,2025-08-22,Mobile,1,1,0,0,0
176,2025-07-10,Mobile,1,1,0,0,0
177,2025-06-28,Mobile,1,1,1,1,0
178,2025-09-18,Mobile,1,1,0,0,0
179,2025-05-13,Desktop,1,1,1,0,0
180,2025-04-11,Desktop,1,0,0,0,0
181,2025-12-15,Desktop,1,1,0,0,0
182,2025-06-01,Mobile,1,0,0,0,0
183,2025-02-17,Mobile,1,1,0,0,0
184,2025-08-29,Desktop,1,0,0,0,0
185,2025-08-01,Mobile,1,1,0,0,0
186,2025-05-18,Desktop,1,1,1,1,1
187,2025-02-19,Mobile,1,1,1,1,0
188,2025-03-07,Mobile,1,0,0,0,0
189,2025-09-27,Desktop,1,1,1,1,1
190,2025-08-31,Mobile,1,1,1,1,0
191,2025-07-23,Mobile,1,1,0,0,0
192,2025-10-10,Mobile,1,1,1,1,1
193,2025-11-02,Desktop,1,1,0,0,0
194,2025-03-04,Mobile,1,0,0,0,0
195,2025-09-08,Mobile,1,1,1,0,0
196,2025-03-24,Desktop,1,1,0,0,0
197,2025-05-16,Mobile,1,1,1,1,0
198,2025-03-19,Mobile,1,0,0,0,0
199,2025-01-10,Mobile,1,1,0,0,0
200,2025-06-29,Desktop,1,1,0,0,0
201,2025-06-13,Desktop,1,0,0,0,0
202,2025-10-15,Mobile,1,1,1,1,1
203,2025-01-03,Desktop,1,1,1,0,0
204,2025-10-16,Mobile,1,1,0,0,0
205,2025-08-20,Desktop,1,0,0,0,0
206,2025-04-01,Mobile,1,1,0,0,0
207,2025-08-04,Mobile,1,0,0,0,0
208,2025-06-07,Tablet,1,1,1,1,1
209,2025-09-06,Mobile,1,1,1,1,0
210,2025-06-06,Desktop,1,1,0,0,0
211,2025-12-24,Desktop,1,1,0,0,0
212,2025-04-05,Desktop,1,0,0,0,0
213,2025-09-17,Desktop,1,1,0,0,0
214,2025-04-16,Mobile,1,1,0,0,0
215,2025-07-01,Desktop,1,1,1,0,0
216,2025-09-06,Desktop,1,1,1,0,0
217,2025-01-04,Mobile,1,1,0,0,0
218,2025-02-24,Desktop,1,1,0,0,0
219,2025-12-31,Mobile,1,1,0,0,0
220,2025-07-31,Mobile,1,1,0,0,0
221,2025-03-06,Tablet,1,0,0,0,0
222,2025-02-06,Mobile,1,0,0,0,0
223,2025-10-11,Mobile,1,1,1,1,1
224,2025-03-11,Mobile,1,1,0,0,0
225,2025-05-02,Desktop,1,1,0,0,0
226,2025-05-19,Mobile,1,0,0,0,0
227,2025-09-30,Mobile,1,0,0,0,0
228,2025-02-26,Mobile,1,0,0,0,0
229,2025-02-26,Mobile,1,1,0,0,0
230,2025-06-29,Mobile,1,1,0,0,0
231,2025-08-16,Desktop,1,1,0,0,0
232,2025-07-26,Mobile,1,1,0,0,0
233,2025-02-21,Desktop,1,0,0,0,0
234,2025-12-23,Tablet,1,1,0,0,0
235,2025-05-19,Desktop,1,1,1,1,1
236,2025-03-10,Desktop,1,0,0,0,0
237,2025-05-24,Mobile,1,1,1,0,0
238,2025-04-23,Tablet,1,1,1,1,1
239,2025-01-24,Desktop,1,1,0,0,0
240,2025-02-22,Desktop,1,1,0,0,0
241,2025-08-20,Desktop,1,1,1,0,0
242,2025-11-26,Mobile,1,1,0,0,0
243,2025-08-27,Mobile,1,1,0,0,0
244,2025-01-24,Mobile,1,1,0,0,0
245,2025-09-23,Desktop,1,1,1,1,1
246,2025-09-17,Tablet,1,1,0,0,0
247,2025-10-28,Desktop,1,1,0,0,0
248,2025-10-20,Mobile,1,1,0,0,0
249,2025-04-04,Mobile,1,0,0,0,0
250,2025-11-23,Mobile,1,1,1,1,0
251,2025-10-04,Desktop,1,1,1,0,0
252,2025-10-30,Mobile,1,1,0,0,0
253,2025-09-01,Desktop,1,1,1,1,1
254,2025-01-11,Mobile,1,1,1,1,0
255,2025-10-17,Mobile,1,1,1,0,0
256,2025-10-30,Desktop,1,0,0,0,0
257,2025-10-12,Desktop,1,1,0,0,0
258,2025-03-20,Desktop,1,1,1,1,1
259,2025-07-03,Desktop,1,1,0,0,0
260,2025-10-04,Tablet,1,1,0,0,0
261,2025-05-30,Mobile,1,1,0,0,0
262,2025-03-21,Mobile,1,1,0,0,0
263,2025-07-03,Desktop,1,1,1,1,1
264,2025-11-09,Mobile,1,1,1,0,0
265,2025-02-01,Desktop,1,1,1,0,0
266,2025-10-17,Mobile,1,1,0,0,0
267,2025-05-08,Mobile,1,0,0,0,0
268,2025-09-28,Mobile,1,0,0,0,0
269,2025-05-25,Mobile,1,0,0,0,0
270,2025-08-20,Desktop,1,1,1,1,0
271,2025-07-08,Mobile,1,1,1,0,0
272,2025-04-17,Tablet,1,0,0,0,0
273,2025-03-13,Mobile,1,1,0,0,0
274,2025-02-21,Mobile,1,1,0,0,0
275,2025-03-02,Mobile,1,1,1,0,0
276,2025-11-16,Mobile,1,1,0,0,0
277,2025-07-25,Desktop,1,1,1,1,0
278,2025-08-02,Mobile,1,1,0,0,0
279,2025-07-05,Desktop,1,0,0,0,0
280,2025-10-11,Tablet,1,1,0,0,0
281,2025-09-04,Mobile,1,0,0,0,0
282,2025-01-02,Desktop,1,1,0,0,0
283,2025-01-18,Desktop,1,0,0,0,0
284,2025-08-18,Mobile,1,0,0,0,0
285,2025-06-05,Mobile,1,1,1,1,0
286,2025-03-29,Desktop,1,0,0,0,0
287,2025-10-10,Desktop,1,1,0,0,0
288,2025-07-10,Mobile,1,1,0,0,0
289,2025-05-13,Mobile,1,1,1,0,0
290,2025-10-03,Mobile,1,1,1,1,1
291,2025-01-10,Mobile,1,1,1,0,0
292,2025-05-16,Mobile,1,1,1,1,0
293,2025-01-12,Mobile,1,1,1,1,0
294,2025-09-12,Desktop,1,1,1,0,0
295,2025-02-13,Desktop,1,0,0,0,0
296,2025-12-04,Mobile,1,1,0,0,0
297,2025-09-29,Mobile,1,1,1,1,0
298,2025-07-14,Desktop,1,1,1,1,1
299,2025-09-19,Desktop,1,1,0,0,0
300,2025-07-17,Desktop,1,1,1,1,1
301,2025-03-27,Desktop,1,0,0,0,0
302,2025-02-28,Tablet,1,1,1,1,1
303,2025-12-05,Mobile,1,1,0,0,0
304,2025-04-12,Mobile,1,0,0,0,0
305,2025-11-07,Mobile,1,0,0,0,0
306,2025-10-27,Desktop,1,1,1,1,1
307,2025-03-15,Mobile,1,1,1,1,0
308,2025-12-19,Desktop,1,1,0,0,0
309,2025-04-05,Mobile,1,1,1,0,0
310,2025-05-26,Desktop,1,1,0,0,0
311,2025-04-19,Mobile,1,1,1,0,0
312,2025-07-11,Mobile,1,1,1,1,1
313,2025-01-09,Desktop,1,0,0,0,0
314,2025-11-12,Mobile,1,1,1,1,0
315,2025-03-15,Desktop,1,0,0,0,0
316,2025-02-05,Mobile,1,1,0,0,0
317,2025-09-29,Mobile,1,0,0,0,0
318,2025-10-27,Mobile,1,1,0,0,0
319,2025-12-26,Mobile,1,1,1,1,0
320,2025-03-23,Mobile,1,1,0,0,0
321,2025-10-13,Mobile,1,1,0,0,0
322,2025-04-11,Mobile,1,1,0,0,0
323,2025-04-01,Mobile,1,1,0,0,0
324,2025-11-27,Mobile,1,0,0,0,0
325,2025-10-07,Desktop,1,1,1,0,0
326,2025-10-18,Mobile,1,1,1,1,1
327,2025-07-23,Mobile,1,1,1,1,1
328,2025-04-07,Desktop,1,1,0,0,0
329,2025-10-15,Tablet,1,1,0,0,0
330,2025-03-03,Mobile,1,1,0,0,0
331,2025-11-02,Mobile,1,1,1,1,1
332,2025-09-04,Mobile,1,1,1,0,0
333,2025-01-28,Desktop,1,1,0,0,0
334,2025-11-30,Desktop,1,1,1,1,1
335,2025-01-15,Desktop,1,1,1,0,0
336,2025-07-20,Mobile,1,1,0,0,0
337,2025-05-01,Mobile,1,1,0,0,0
338,2025-10-23,Tablet,1,1,1,1,0
339,2025-12-05,Mobile,1,1,0,0,0
340,2025-04-03,Mobile,1,0,0,0,0
341,2025-05-07,Mobile,1,1,1,1,0
342,2025-11-25,Desktop,1,0,0,0,0
343,2025-03-31,Mobile,1,0,0,0,0
344,2025-12-28,Mobile,1,1,1,0,0
345,2025-07-21,Mobile,1,1,0,0,0
346,2025-05-20,Mobile,1,1,0,0,0
347,2025-04-15,Mobile,1,1,0,0,0
348,2025-03-02,Desktop,1,0,0,0,0
349,2025-08-13,Desktop,1,1,0,0,0
350,2025-05-11,Mobile,1,1,0,0,0
351,2025-03-15,Desktop,1,1,0,0,0
352,2025-03-15,Desktop,1,1,0,0,0
353,2025-05-21,Mobile,1,1,0,0,0
354,2025-08-20,Mobile,1,0,0,0,0
355,2025-01-13,Tablet,1,1,0,0,0
356,2025-12-28,Mobile,1,0,0,0,0
357,2025-06-20,Mobile,1,1,0,0,0
358,2025-08-24,Mobile,1,0,0,0,0
359,2025-01-26,Mobile,1,1,0,0,0
360,2025-06-19,Mobile,1,0,0,0,0
361,2025-11-30,Mobile,1,1,0,0,0
362,2025-05-11,Mobile,1,1,0,0,0
363,2025-06-07,Tablet,1,1,1,1,1
364,2025-01-31,Mobile,1,1,0,0,0
365,2025-03-06,Mobile,1,0,0,0,0
366,2025-06-24,Mobile,1,1,0,0,0
367,2025-08-01,Mobile,1,1,1,1,1
368,2025-11-06,Mobile,1,0,0,0,0
369,2025-04-24,Mobile,1,1,0,0,0
370,2025-09-10,Tablet,1,0,0,0,0
371,2025-04-17,Desktop,1,1,1,1,1
372,2025-06-16,Tablet,1,1,1,1,0
373,2025-04-27,Mobile,1,1,0,0,0
374,2025-01-01,Mobile,1,1,0,0,0
375,2025-08-26,Tablet,1,1,0,0,0
376,2025-01-08,Mobile,1,1,0,0,0
377,2025-06-01,Tablet,1,1,1,0,0
378,2025-01-22,Desktop,1,0,0,0,0
379,2025-04-21,Mobile,1,0,0,0,0
380,2025-03-10,Mobile,1,1,0,0,0
381,2025-10-07,Desktop,1,1,1,1,0
382,2025-07-01,Mobile,1,0,0,0,0
383,2025-12-03,Mobile,1,0,0,0,0
384,2025-10-10,Mobile,1,1,0,0,0
385,2025-05-21,Mobile,1,1,0,0,0
386,2025-12-16,Desktop,1,1,0,0,0
387,2025-09-21,Desktop,1,1,1,1,0
388,2025-07-17,Desktop,1,1,1,0,0
389,2025-03-08,Mobile,1,0,0,0,0
390,2025-08-04,Mobile,1,0,0,0,0
391,2025-12-05,Mobile,1,1,0,0,0
392,2025-12-17,Tablet,1,1,1,1,1
393,2025-06-30,Mobile,1,1,1,1,0
394,2025-06-21,Mobile,1,1,0,0,0
395,2025-06-11,Mobile,1,1,1,1,0
396,2025-06-01,Desktop,1,0,0,0,0
397,2025-06-22,Desktop,1,1,1,1,1
398,2025-05-27,Desktop,1,1,1,1,0
399,2025-06-25,Mobile,1,0,0,0,0
400,2025-07-24,Mobile,1,1,0,0,0
401,2025-07-07,Desktop,1,0,0,0,0
402,2025-12-24,Mobile,1,1,0,0,0
403,2025-09-19,Desktop,1,0,0,0,0
404,2025-06-16,Mobile,1,1,1,0,0
405,2025-12-21,Tablet,1,1,1,1,0
406,2025-12-10,Mobile,1,1,0,0,0
407,2025-08-31,Mobile,1,1,0,0,0
408,2025-12-13,Desktop,1,1,0,0,0
409,2025-12-11,Mobile,1,1,1,0,0
410,2025-01-15,Mobile,1,1,0,0,0
411,2025-02-11,Tablet,1,1,0,0,0
412,2025-01-24,Desktop,1,1,0,0,0
413,2025-04-08,Mobile,1,1,0,0,0
414,2025-05-29,Mobile,1,1,0,0,0
415,2025-10-01,Mobile,1,0,0,0,0
416,2025-07-23,Mobile,1,1,1,1,1
417,2025-09-16,Tablet,1,1,1,1,1
418,2025-03-27,Mobile,1,1,0,0,0
419,2025-09-24,Mobile,1,0,0,0,0
420,2025-06-26,Desktop,1,1,0,0,0
421,2025-06-24,Desktop,1,1,0,0,0
422,2025-10-07,Desktop,1,1,0,0,0
423,2025-01-20,Desktop,1,0,0,0,0
424,2025-03-19,Desktop,1,1,0,0,0
425,2025-05-05,Mobile,1,1,0,0,0
426,2025-01-20,Mobile,1,1,1,0,0
427,2025-07-11,Desktop,1,1,0,0,0
428,2025-02-23,Desktop,1,1,0,0,0
429,2025-12-02,Desktop,1,0,0,0,0
430,2025-08-08,Mobile,1,1,1,0,0
431,2025-05-28,Tablet,1,1,1,1,0
432,2025-01-05,Mobile,1,0,0,0,0
433,2025-11-10,Desktop,1,0,0,0,0
434,2025-08-27,Tablet,1,0,0,0,0
435,2025-07-16,Mobile,1,1,0,0,0
436,2025-07-28,Mobile,1,0,0,0,0
437,2025-10-23,Desktop,1,0,0,0,0
438,2025-01-22,Desktop,1,1,1,1,1
439,2025-02-25,Desktop,1,1,0,0,0
440,2025-10-16,Mobile,1,1,0,0,0
441,2025-07-24,Mobile,1,1,0,0,0
442,2025-05-05,Desktop,1,1,0,0,0
443,2025-11-03,Mobile,1,0,0,0,0
444,2025-10-06,Mobile,1,1,0,0,0
445,2025-10-12,Desktop,1,1,1,1,1
446,2025-12-22,Mobile,1,1,1,1,0
447,2025-08-29,Mobile,1,1,0,0,0
448,2025-12-16,Mobile,1,0,0,0,0
449,2025-06-06,Mobile,1,1,1,1,1
450,2025-07-05,Mobile,1,0,0,0,0
451,2025-06-13,Desktop,1,0,0,0,0
452,2025-11-16,Desktop,1,1,0,0,0
453,2025-05-15,Tablet,1,1,0,0,0
454,2025-11-26,Tablet,1,1,0,0,0
455,2025-07-26,Desktop,1,1,1,1,1
456,2025-10-03,Mobile,1,0,0,0,0
457,2025-01-29,Mobile,1,1,1,1,0
458,2025-10-28,Desktop,1,1,0,0,0
459,2025-11-06,Mobile,1,0,0,0,0
460,2025-01-02,Desktop,1,1,0,0,0
461,2025-12-18,Mobile,1,1,0,0,0
462,2025-03-29,Tablet,1,1,1,1,1
463,2025-12-10,Tablet,1,1,1,0,0
464,2025-06-25,Mobile,1,1,1,1,0
465,2025-04-05,Mobile,1,1,0,0,0
466,2025-12-14,Mobile,1,0,0,0,0
467,2025-07-14,Mobile,1,1,1,0,0
468,2025-10-27,Mobile,1,1,0,0,0
469,2025-11-07,Desktop,1,0,0,0,0
470,2025-10-28,Mobile,1,0,0,0,0
471,2025-11-11,Mobile,1,1,1,1,1
472,2025-09-13,Mobile,1,1,1,1,0
473,2025-07-26,Mobile,1,1,0,0,0
474,2025-04-29,Mobile,1,1,1,1,1
475,2025-10-29,Mobile,1,1,0,0,0
476,2025-10-29,Mobile,1,1,0,0,0
477,2025-11-05,Desktop,1,1,0,0,0
478,2025-10-20,Desktop,1,1,0,0,0
479,2025-11-25,Mobile,1,1,0,0,0
480,2025-02-25,Mobile,1,1,0,0,0
481,2025-07-21,Tablet,1,1,1,1,1
482,2025-01-11,Desktop,1,1,0,0,0
483,2025-06-26,Mobile,1,0,0,0,0
484,2025-05-29,Mobile,1,0,0,0,0
485,2025-01-13,Tablet,1,0,0,0,0
486,2025-06-07,Mobile,1,1,1,1,0
487,2025-07-31,Desktop,1,1,1,0,0
488,2025-12-23,Mobile,1,1,0,0,0
489,2025-06-07,Mobile,1,1,0,0,0
490,2025-09-26,Mobile,1,1,0,0,0
491,2025-04-13,Mobile,1,0,0,0,0
492,2025-07-14,Mobile,1,1,1,1,1
493,2025-04-17,Desktop,1,0,0,0,0
494,2025-01-31,Desktop,1,1,0,0,0
495,2025-03-12,Tablet,1,1,1,1,1
496,2025-02-01,Mobile,1,0,0,0,0
497,2025-11-13,Mobile,1,1,0,0,0
498,2025-12-13,Desktop,1,0,0,0,0
499,2025-08-28,Mobile,1,0,0,0,0
500,2025-05-17,Desktop,1,1,0,0,0
501,2025-07-13,Desktop,1,1,1,1,1
502,2025-11-01,Desktop,1,0,0,0,0
503,2025-10-20,Desktop,1,1,0,0,0
504,2025-07-15,Mobile,1,1,0,0,0
505,2025-04-26,Mobile,1,1,0,0,0
506,2025-11-27,Mobile,1,1,1,1,0
507,2025-12-25,Desktop,1,1,1,1,0
508,2025-09-14,Mobile,1,0,0,0,0
509,2025-12-03,Mobile,1,1,0,0,0
510,2025-03-15,Tablet,1,1,0,0,0
511,2025-05-11,Mobile,1,1,1,1,0
512,2025-04-16,Mobile,1,1,1,1,1
513,2025-02-26,Mobile,1,1,1,1,0
514,2025-06-06,Mobile,1,0,0,0,0
515,2025-08-26,Mobile,1,1,0,0,0
516,2025-01-25,Desktop,1,1,0,0,0
517,2025-06-22,Mobile,1,0,0,0,0
518,2025-11-23,Desktop,1,1,1,1,1
519,2025-01-13,Desktop,1,1,1,1,1
520,2025-03-03,Mobile,1,1,1,1,1
521,2025-02-19,Mobile,1,1,0,0,0
522,2025-12-14,Mobile,1,1,0,0,0
523,2025-10-23,Mobile,1,0,0,0,0
524,2025-01-08,Mobile,1,1,1,1,0
525,2025-04-12,Desktop,1,1,0,0,0
526,2025-06-13,Desktop,1,1,0,0,0
527,2025-01-28,Desktop,1,1,1,0,0
528,2025-05-14,Mobile,1,1,0,0,0
529,2025-01-17,Mobile,1,1,0,0,0
530,2025-06-20,Mobile,1,1,1,0,0
531,2025-03-09,Desktop,1,1,1,0,0
532,2025-11-05,Mobile,1,1,0,0,0
533,2025-10-19,Mobile,1,1,1,0,0
534,2025-05-21,Mobile,1,1,0,0,0
535,2025-07-15,Mobile,1,1,0,0,0
536,2025-11-22,Desktop,1,1,0,0,0
537,2025-03-18,Mobile,1,1,0,0,0
538,2025-03-31,Desktop,1,1,0,0,0
539,2025-02-27,Mobile,1,0,0,0,0
540,2025-04-16,Mobile,1,1,1,1,0
541,2025-03-12,Mobile,1,1,1,1,0
542,2025-06-23,Mobile,1,1,1,1,1
543,2025-04-02,Desktop,1,1,0,0,0
544,2025-05-15,Mobile,1,1,1,1,0
545,2025-12-19,Mobile,1,1,0,0,0
546,2025-06-12,Mobile,1,1,1,1,1
547,2025-01-08,Mobile,1,1,0,0,0
548,2025-05-19,Desktop,1,1,1,1,1
549,2025-12-16,Mobile,1,1,1,1,1
550,2025-04-06,Mobile,1,1,1,1,1
551,2025-03-02,Mobile,1,1,1,1,0
552,2025-03-22,Desktop,1,1,0,0,0
553,2025-04-15,Tablet,1,0,0,0,0
554,2025-08-31,Mobile,1,1,0,0,0
555,2025-11-15,Mobile,1,1,1,1,0
556,2025-09-07,Desktop,1,1,0,0,0
557,2025-04-09,Desktop,1,1,1,1,0
558,2025-03-09,Mobile,1,1,0,0,0
559,2025-09-13,Desktop,1,1,1,1,1
560,2025-07-30,Mobile,1,1,1,1,0
561,2025-07-07,Tablet,1,1,0,0,0
562,2025-02-17,Mobile,1,1,1,1,1
563,2025-06-23,Desktop,1,1,1,1,0
564,2025-05-15,Mobile,1,0,0,0,0
565,2025-11-26,Desktop,1,1,0,0,0
566,2025-04-16,Mobile,1,1,0,0,0
567,2025-06-03,Mobile,1,1,0,0,0
568,2025-12-03,Mobile,1,0,0,0,0
569,2025-04-14,Mobile,1,1,0,0,0
570,2025-11-23,Mobile,1,1,1,1,1
571,2025-06-29,Mobile,1,1,0,0,0
572,2025-07-18,Mobile,1,0,0,0,0
573,2025-04-30,Mobile,1,0,0,0,0
574,2025-04-02,Mobile,1,1,0,0,0
575,2025-11-24,Mobile,1,0,0,0,0
576,2025-04-02,Tablet,1,1,1,1,1
577,2025-04-11,Mobile,1,1,1,0,0
578,2025-09-29,Mobile,1,1,1,0,0
579,2025-10-17,Desktop,1,0,0,0,0
580,2025-08-07,Mobile,1,1,0,0,0
581,2025-06-02,Mobile,1,1,1,1,0
582,2025-08-25,Desktop,1,1,0,0,0
583,2025-12-04,Mobile,1,1,0,0,0
584,2025-08-16,Desktop,1,1,0,0,0
585,2025-03-20,Mobile,1,0,0,0,0
586,2025-03-15,Mobile,1,1,1,1,0
587,2025-05-05,Mobile,1,1,1,1,0
588,2025-02-09,Tablet,1,1,0,0,0
589,2025-04-05,Desktop,1,1,0,0,0
590,2025-05-24,Mobile,1,1,1,1,0
591,2025-06-26,Mobile,1,1,1,0,0
592,2025-03-10,Mobile,1,1,0,0,0
593,2025-03-27,Desktop,1,1,0,0,0
594,2025-03-08,Tablet,1,1,0,0,0
595,2025-08-11,Mobile,1,1,0,0,0
596,2025-10-22,Mobile,1,1,0,0,0
597,2025-05-18,Mobile,1,1,0,0,0
598,2025-10-17,Desktop,1,1,0,0,0
599,2025-05-22,Mobile,1,1,1,1,1
600,2025-08-22,Tablet,1,1,1,1,0
601,2025-02-20,Mobile,1,0,0,0,0
602,2025-09-05,Desktop,1,1,0,0,0
603,2025-09-15,Tablet,1,0,0,0,0
604,2025-04-27,Mobile,1,0,0,0,0
605,2025-04-03,Tablet,1,1,0,0,0
606,2025-06-26,Desktop,1,1,0,0,0
607,2025-03-18,Mobile,1,0,0,0,0
608,2025-12-31,Mobile,1,0,0,0,0
609,2025-07-31,Mobile,1,1,1,1,1
610,2025-02-03,Mobile,1,1,1,1,0
611,2025-10-16,Desktop,1,1,1,1,1
612,2025-05-27,Mobile,1,0,0,0,0
613,2025-07-13,Mobile,1,0,0,0,0
614,2025-11-30,Mobile,1,1,0,0,0
615,2025-01-13,Mobile,1,1,1,1,1
616,2025-09-06,Mobile,1,1,0,0,0
617,2025-10-27,Desktop,1,0,0,0,0
618,2025-11-07,Mobile,1,1,0,0,0
619,2025-10-26,Desktop,1,1,0,0,0
620,2025-01-20,Mobile,1,1,1,1,0
621,2025-09-30,Mobile,1,1,1,0,0
622,2025-08-18,Mobile,1,1,0,0,0
623,2025-06-21,Desktop,1,0,0,0,0
624,2025-04-21,Mobile,1,1,0,0,0
625,2025-04-08,Desktop,1,1,0,0,0
626,2025-08-06,Mobile,1,1,1,1,0
627,2025-03-06,Mobile,1,0,0,0,0
628,2025-08-01,Mobile,1,1,0,0,0
629,2025-04-30,Mobile,1,1,0,0,0
630,2025-07-27,Desktop,1,1,0,0,0
631,2025-07-16,Mobile,1,1,0,0,0
632,2025-09-21,Mobile,1,1,1,1,1
633,2025-09-02,Mobile,1,1,1,0,0
634,2025-05-14,Desktop,1,1,1,1,1
635,2025-04-23,Mobile,1,0,0,0,0
636,2025-01-01,Mobile,1,1,0,0,0
637,2025-07-30,Desktop,1,1,1,1,1
638,2025-08-27,Mobile,1,1,0,0,0
639,2025-03-20,Tablet,1,0,0,0,0
640,2025-12-06,Mobile,1,1,1,1,0
641,2025-10-31,Tablet,1,1,0,0,0
642,2025-03-25,Mobile,1,1,1,0,0
643,2025-05-26,Mobile,1,1,0,0,0
644,2025-01-29,Tablet,1,1,1,1,1
645,2025-07-21,Mobile,1,1,1,1,1
646,2025-04-17,Desktop,1,0,0,0,0
647,2025-05-17,Mobile,1,1,0,0,0
648,2025-03-10,Mobile,1,1,0,0,0
649,2025-01-31,Desktop,1,1,1,1,1
650,2025-05-08,Desktop,1,0,0,0,0
651,2025-11-13,Mobile,1,1,0,0,0
652,2025-03-05,Mobile,1,0,0,0,0
653,2025-10-19,Desktop,1,0,0,0,0
654,2025-01-13,Mobile,1,1,0,0,0
655,2025-05-09,Desktop,1,1,0,0,0
656,2025-04-05,Mobile,1,1,0,0,0
657,2025-06-07,Desktop,1,1,0,0,0
658,2025-07-10,Desktop,1,1,1,1,1
659,2025-12-07,Tablet,1,1,1,1,1
660,2025-12-18,Mobile,1,1,0,0,0
661,2025-07-16,Mobile,1,1,0,0,0
662,2025-10-05,Desktop,1,1,0,0,0
663,2025-10-02,Desktop,1,1,0,0,0
664,2025-06-15,Mobile,1,0,0,0,0
665,2025-01-11,Mobile,1,1,0,0,0
666,2025-08-19,Tablet,1,1,1,1,1
667,2025-02-28,Mobile,1,1,0,0,0
668,2025-12-10,Mobile,1,1,1,1,0
669,2025-03-05,Tablet,1,1,0,0,0
670,2025-12-17,Mobile,1,1,0,0,0
671,2025-09-13,Tablet,1,0,0,0,0
672,2025-05-18,Mobile,1,0,0,0,0
673,2025-01-17,Mobile,1,1,1,1,0
674,2025-06-28,Desktop,1,1,0,0,0
675,2025-08-02,Mobile,1,0,0,0,0
676,2025-04-17,Mobile,1,0,0,0,0
677,2025-05-01,Mobile,1,0,0,0,0
678,2025-10-09,Desktop,1,0,0,0,0
679,2025-07-10,Mobile,1,0,0,0,0
680,2025-07-29,Mobile,1,1,1,1,0
681,2025-10-30,Mobile,1,1,0,0,0
682,2025-04-10,Desktop,1,1,0,0,0
683,2025-11-13,Desktop,1,1,0,0,0
684,2025-04-10,Mobile,1,1,1,1,0
685,2025-09-09,Mobile,1,1,1,1,1
686,2025-07-29,Mobile,1,1,0,0,0
687,2025-09-01,Mobile,1,0,0,0,0
688,2025-04-02,Mobile,1,1,0,0,0
689,2025-06-01,Mobile,1,1,1,1,1
690,2025-04-22,Desktop,1,1,0,0,0
691,2025-01-31,Desktop,1,1,0,0,0
692,2025-06-25,Mobile,1,1,1,1,1
693,2025-07-13,Mobile,1,1,0,0,0
694,2025-10-11,Desktop,1,1,0,0,0
695,2025-09-05,Tablet,1,0,0,0,0
696,2025-07-06,Mobile,1,1,0,0,0
697,2025-12-14,Mobile,1,1,0,0,0
698,2025-08-23,Desktop,1,1,0,0,0
699,2025-10-06,Mobile,1,1,0,0,0
700,2025-04-16,Mobile,1,0,0,0,0
701,2025-02-01,Mobile,1,1,0,0,0
702,2025-11-16,Desktop,1,0,0,0,0
703,2025-08-18,Desktop,1,1,0,0,0
704,2025-02-01,Mobile,1,1,0,0,0
705,2025-08-25,Mobile,1,0,0,0,0
706,2025-02-09,Mobile,1,0,0,0,0
707,2025-03-21,Mobile,1,1,0,0,0
708,2025-09-13,Mobile,1,1,1,1,0
709,2025-01-31,Desktop,1,0,0,0,0
710,2025-03-28,Tablet,1,1,1,1,0
711,2025-09-30,Mobile,1,0,0,0,0
712,2025-07-07,Desktop,1,0,0,0,0
713,2025-12-12,Mobile,1,0,0,0,0
714,2025-11-16,Desktop,1,1,0,0,0
715,2025-03-04,Mobile,1,1,0,0,0
716,2025-06-02,Desktop,1,0,0,0,0
717,2025-08-22,Mobile,1,1,0,0,0
718,2025-04-15,Mobile,1,1,1,1,0
719,2025-03-09,Desktop,1,0,0,0,0
720,2025-06-01,Desktop,1,1,0,0,0
721,2025-12-11,Mobile,1,0,0,0,0
722,2025-04-01,Mobile,1,1,1,1,0
723,2025-11-02,Mobile,1,0,0,0,0
724,2025-10-15,Desktop,1,0,0,0,0
725,2025-07-24,Desktop,1,1,1,1,0
726,2025-08-12,Mobile,1,1,1,1,1
727,2025-02-26,Desktop,1,1,0,0,0
728,2025-05-23,Mobile,1,1,1,1,1
729,2025-10-22,Desktop,1,1,0,0,0
730,2025-01-12,Mobile,1,0,0,0,0
731,2025-09-23,Desktop,1,1,0,0,0
732,2025-04-28,Mobile,1,0,0,0,0
733,2025-03-15,Mobile,1,1,0,0,0
734,2025-10-25,Mobile,1,1,0,0,0
735,2025-05-07,Desktop,1,1,1,1,1
736,2025-01-12,Desktop,1,1,1,1,1
737,2025-03-30,Desktop,1,1,0,0,0
738,2025-04-27,Tablet,1,0,0,0,0
739,2025-10-20,Desktop,1,1,0,0,0
740,2025-06-21,Mobile,1,1,0,0,0
741,2025-11-29,Mobile,1,1,0,0,0
742,2025-11-11,Mobile,1,1,1,0,0
743,2025-08-19,Mobile,1,1,0,0,0
744,2025-06-25,Mobile,1,0,0,0,0
745,2025-01-30,Tablet,1,1,1,1,1
746,2025-03-08,Mobile,1,0,0,0,0
747,2025-04-01,Tablet,1,1,1,1,1
748,2025-08-04,Tablet,1,1,1,1,0
749,2025-05-19,Desktop,1,1,0,0,0
750,2025-12-29,Mobile,1,1,0,0,0
751,2025-04-18,Mobile,1,1,0,0,0
752,2025-10-20,Desktop,1,1,0,0,0
753,2025-07-18,Mobile,1,1,1,1,1
754,2025-03-07,Mobile,1,1,0,0,0
755,2025-11-22,Mobile,1,1,0,0,0
756,2025-12-02,Desktop,1,1,1,1,1
757,2025-12-04,Desktop,1,0,0,0,0
758,2025-04-21,Mobile,1,1,0,0,0
759,2025-10-10,Desktop,1,1,1,0,0
760,2025-05-08,Desktop,1,1,0,0,0
761,2025-12-21,Desktop,1,1,0,0,0
762,2025-11-26,Mobile,1,1,0,0,0
763,2025-03-03,Desktop,1,1,0,0,0
764,2025-09-04,Mobile,1,1,1,0,0
765,2025-12-24,Mobile,1,1,0,0,0
766,2025-06-27,Desktop,1,1,0,0,0
767,2025-03-07,Desktop,1,1,1,1,0
768,2025-10-05,Desktop,1,0,0,0,0
769,2025-01-20,Mobile,1,0,0,0,0
770,2025-05-27,Mobile,1,1,1,0,0
771,2025-02-22,Mobile,1,1,0,0,0
772,2025-11-14,Mobile,1,1,0,0,0
773,2025-02-16,Mobile,1,1,1,1,1
774,2025-03-29,Mobile,1,1,1,1,0
775,2025-11-19,Mobile,1,0,0,0,0
776,2025-05-10,Mobile,1,1,0,0,0
777,2025-07-19,Mobile,1,1,1,1,0
778,2025-08-30,Mobile,1,1,0,0,0
779,2025-04-18,Mobile,1,1,1,0,0
780,2025-07-05,Desktop,1,0,0,0,0
781,2025-01-30,Mobile,1,1,0,0,0
782,2025-11-10,Mobile,1,1,0,0,0
783,2025-01-01,Mobile,1,1,1,0,0
784,2025-07-30,Mobile,1,1,0,0,0
785,2025-11-09,Tablet,1,0,0,0,0
786,2025-08-05,Mobile,1,1,1,0,0
787,2025-05-08,Desktop,1,1,0,0,0
788,2025-07-15,Desktop,1,1,0,0,0
789,2025-02-08,Desktop,1,1,1,1,1
790,2025-12-31,Mobile,1,1,1,0,0
791,2025-04-28,Mobile,1,1,1,1,0
792,2025-12-28,Mobile,1,1,0,0,0
793,2025-10-09,Mobile,1,1,1,1,0
794,2025-02-08,Desktop,1,1,0,0,0
795,2025-12-16,Desktop,1,1,1,1,1
796,2025-07-28,Desktop,1,1,1,1,1
797,2025-04-03,Mobile,1,1,0,0,0
798,2025-12-13,Mobile,1,1,1,1,1
799,2025-01-22,Desktop,1,1,0,0,0
800,2025-06-03,Mobile,1,1,0,0,0
801,2025-11-19,Desktop,1,1,1,1,0
802,2025-04-14,Desktop,1,1,1,1,0
803,2025-11-16,Mobile,1,1,0,0,0
804,2025-02-27,Mobile,1,0,0,0,0
805,2025-03-20,Tablet,1,1,0,0,0
806,2025-10-05,Desktop,1,1,1,1,1
807,2025-08-26,Mobile,1,0,0,0,0
808,2025-12-30,Mobile,1,0,0,0,0
809,2025-03-19,Tablet,1,1,1,1,1
810,2025-07-11,Mobile,1,1,0,0,0
811,2025-10-27,Tablet,1,1,1,1,1
812,2025-02-18,Mobile,1,1,0,0,0
813,2025-12-08,Tablet,1,1,1,0,0
814,2025-05-12,Mobile,1,1,0,0,0
815,2025-12-06,Desktop,1,1,0,0,0
816,2025-10-22,Desktop,1,1,1,1,0
817,2025-05-05,Desktop,1,0,0,0,0
818,2025-07-02,Desktop,1,1,0,0,0
819,2025-06-11,Mobile,1,0,0,0,0
820,2025-02-21,Mobile,1,1,0,0,0
821,2025-04-11,Mobile,1,1,1,1,1
822,2025-04-04,Mobile,1,1,0,0,0
823,2025-06-21,Tablet,1,1,0,0,0
824,2025-07-30,Mobile,1,1,0,0,0
825,2025-10-05,Mobile,1,1,0,0,0
826,2025-12-07,Desktop,1,0,0,0,0
827,2025-03-08,Mobile,1,1,0,0,0
828,2025-04-23,Desktop,1,1,0,0,0
829,2025-07-03,Mobile,1,1,0,0,0
830,2025-09-15,Mobile,1,1,0,0,0
831,2025-03-26,Mobile,1,1,1,1,0
832,2025-07-23,Mobile,1,1,0,0,0
833,2025-08-12,Desktop,1,1,1,0,0
834,2025-09-07,Mobile,1,1,0,0,0
835,2025-07-17,Mobile,1,1,1,0,0
836,2025-02-19,Mobile,1,1,1,0,0
837,2025-07-11,Desktop,1,0,0,0,0
838,2025-05-29,Desktop,1,1,0,0,0
839,2025-09-22,Desktop,1,1,1,0,0
840,2025-09-18,Desktop,1,1,0,0,0
841,2025-02-12,Desktop,1,1,0,0,0
842,2025-11-16,Mobile,1,0,0,0,0
843,2025-07-03,Desktop,1,1,1,1,1
844,2025-04-15,Desktop,1,1,1,1,1
845,2025-08-07,Mobile,1,1,0,0,0
846,2025-08-23,Desktop,1,1,0,0,0
847,2025-09-16,Desktop,1,1,0,0,0
848,2025-12-04,Tablet,1,1,0,0,0
849,2025-07-06,Mobile,1,1,0,0,0
850,2025-09-13,Mobile,1,1,0,0,0
851,2025-05-28,Mobile,1,1,0,0,0
852,2025-07-27,Mobile,1,1,1,1,1
853,2025-10-15,Mobile,1,1,1,1,1
854,2025-06-23,Desktop,1,1,1,1,1
855,2025-07-07,Desktop,1,1,0,0,0
856,2025-12-30,Desktop,1,0,0,0,0
857,2025-08-10,Mobile,1,1,0,0,0
858,2025-09-17,Tablet,1,1,1,1,1
859,2025-10-09,Desktop,1,1,0,0,0
860,2025-12-25,Desktop,1,0,0,0,0
861,2025-04-11,Desktop,1,0,0,0,0
862,2025-08-30,Desktop,1,0,0,0,0
863,2025-09-16,Desktop,1,0,0,0,0
864,2025-09-28,Desktop,1,1,0,0,0
865,2025-08-06,Mobile,1,1,0,0,0
866,2025-06-24,Mobile,1,1,0,0,0
867,2025-06-20,Mobile,1,1,0,0,0
868,2025-09-10,Tablet,1,1,0,0,0
869,2025-01-12,Mobile,1,1,1,1,1
870,2025-09-12,Mobile,1,1,0,0,0
871,2025-02-03,Mobile,1,1,1,1,0
872,2025-04-22,Mobile,1,1,0,0,0
873,2025-07-01,Mobile,1,1,0,0,0
874,2025-10-27,Desktop,1,1,0,0,0
875,2025-06-27,Mobile,1,1,1,1,0
876,2025-09-16,Tablet,1,1,0,0,0
877,2025-05-03,Desktop,1,1,0,0,0
878,2025-01-05,Desktop,1,0,0,0,0
879,2025-06-22,Mobile,1,1,0,0,0
880,2025-10-05,Mobile,1,0,0,0,0
881,2025-12-11,Desktop,1,1,0,0,0
882,2025-07-25,Desktop,1,1,1,0,0
883,2025-06-27,Tablet,1,1,1,0,0
884,2025-11-26,Tablet,1,1,0,0,0
885,2025-04-15,Desktop,1,1,0,0,0
886,2025-09-26,Mobile,1,1,0,0,0
887,2025-09-23,Mobile,1,1,0,0,0
888,2025-05-13,Mobile,1,1,0,0,0
889,2025-12-03,Desktop,1,1,0,0,0
890,2025-02-20,Mobile,1,1,0,0,0
891,2025-02-07,Desktop,1,1,1,1,0
892,2025-02-21,Mobile,1,0,0,0,0
893,2025-05-22,Mobile,1,1,1,1,0
894,2025-01-10,Tablet,1,1,0,0,0
895,2025-02-16,Mobile,1,1,0,0,0
896,2025-08-21,Desktop,1,0,0,0,0
897,2025-02-04,Mobile,1,0,0,0,0
898,2025-12-24,Desktop,1,0,0,0,0
899,2025-08-18,Mobile,1,1,0,0,0
900,2025-01-16,Mobile,1,0,0,0,0
901,2025-06-29,Desktop,1,1,1,1,1
902,2025-12-03,Mobile,1,1,0,0,0
903,2025-01-18,Mobile,1,0,0,0,0
904,2025-08-14,Mobile,1,1,0,0,0
905,2025-05-30,Mobile,1,0,0,0,0
906,2025-02-14,Mobile,1,1,1,0,0
907,2025-01-13,Desktop,1,1,0,0,0
908,2025-06-29,Desktop,1,1,0,0,0
909,2025-09-07,Mobile,1,0,0,0,0
910,2025-12-14,Mobile,1,1,0,0,0
911,2025-09-09,Desktop,1,1,0,0,0
912,2025-08-04,Mobile,1,1,0,0,0
913,2025-11-27,Mobile,1,0,0,0,0
914,2025-06-20,Mobile,1,0,0,0,0
915,2025-07-30,Mobile,1,1,0,0,0
916,2025-10-26,Desktop,1,0,0,0,0
917,2025-08-31,Mobile,1,1,0,0,0
918,2025-01-09,Desktop,1,1,0,0,0
919,2025-05-02,Mobile,1,1,0,0,0
920,2025-02-07,Tablet,1,1,1,1,0
921,2025-07-21,Mobile,1,1,0,0,0
922,2025-10-16,Desktop,1,1,0,0,0
923,2025-09-02,Mobile,1,1,0,0,0
924,2025-04-13,Desktop,1,0,0,0,0
925,2025-12-31,Mobile,1,1,0,0,0
926,2025-04-01,Mobile,1,1,1,1,0
927,2025-06-15,Tablet,1,1,1,1,1
928,2025-08-29,Mobile,1,0,0,0,0
929,2025-06-09,Mobile,1,1,0,0,0
930,2025-05-13,Desktop,1,1,1,1,0
931,2025-07-13,Mobile,1,1,0,0,0
932,2025-11-09,Desktop,1,1,1,0,0
933,2025-10-18,Mobile,1,1,0,0,0
934,2025-06-11,Mobile,1,0,0,0,0
935,2025-04-04,Mobile,1,0,0,0,0
936,2025-11-30,Desktop,1,0,0,0,0
937,2025-06-16,Mobile,1,1,1,1,0
938,2025-05-22,Desktop,1,1,0,0,0
939,2025-09-10,Mobile,1,1,1,0,0
940,2025-06-15,Mobile,1,1,0,0,0
941,2025-10-31,Mobile,1,0,0,0,0
942,2025-12-07,Desktop,1,1,1,1,1
943,2025-07-16,Desktop,1,1,0,0,0
944,2025-06-14,Tablet,1,1,0,0,0
945,2025-04-23,Mobile,1,1,1,1,1
946,2025-04-09,Desktop,1,1,0,0,0
947,2025-12-05,Desktop,1,1,0,0,0
948,2025-05-03,Mobile,1,1,1,0,0
949,2025-10-24,Desktop,1,1,0,0,0
950,2025-11-07,Mobile,1,0,0,0,0
951,2025-08-20,Mobile,1,1,1,1,1
952,2025-06-21,Desktop,1,1,0,0,0
953,2025-06-12,Mobile,1,0,0,0,0
954,2025-06-30,Desktop,1,1,1,1,1
955,2025-10-28,Mobile,1,1,1,1,1
956,2025-10-04,Mobile,1,1,0,0,0
957,2025-05-05,Mobile,1,1,0,0,0
958,2025-10-05,Mobile,1,1,0,0,0
959,2025-02-16,Mobile,1,1,1,0,0
960,2025-05-05,Desktop,1,1,1,1,1
961,2025-02-17,Mobile,1,1,0,0,0
962,2025-05-17,Desktop,1,1,1,1,1
963,2025-12-24,Desktop,1,1,0,0,0
964,2025-10-10,Desktop,1,1,0,0,0
965,2025-01-29,Mobile,1,1,0,0,0
966,2025-04-15,Tablet,1,1,0,0,0
967,2025-07-12,Mobile,1,1,0,0,0
968,2025-10-02,Desktop,1,1,1,1,1
969,2025-06-20,Desktop,1,1,0,0,0
970,2025-06-30,Mobile,1,1,1,1,0
971,2025-12-25,Mobile,1,1,1,1,0
972,2025-11-13,Desktop,1,1,1,0,0
973,2025-02-26,Mobile,1,1,1,1,1
974,2025-10-14,Mobile,1,1,0,0,0
975,2025-10-14,Mobile,1,1,0,0,0
976,2025-06-12,Mobile,1,1,0,0,0
977,2025-08-08,Mobile,1,0,0,0,0
978,2025-02-03,Desktop,1,1,0,0,0
979,2025-02-13,Mobile,1,0,0,0,0
980,2025-06-12,Mobile,1,1,0,0,0
981,2025-04-15,Desktop,1,1,0,0,0
982,2025-03-25,Desktop,1,0,0,0,0
983,2025-09-22,Mobile,1,1,1,1,0
984,2025-12-05,Mobile,1,1,0,0,0
985,2025-08-20,Tablet,1,1,0,0,0
986,2025-03-22,Mobile,1,1,0,0,0
987,2025-08-16,Mobile,1,1,0,0,0
988,2025-05-02,Desktop,1,0,0,0,0
989,2025-09-02,Mobile,1,1,0,0,0
990,2025-12-13,Tablet,1,1,1,1,1
991,2025-02-12,Desktop,1,1,0,0,0
992,2025-08-15,Mobile,1,1,0,0,0
993,2025-10-11,Desktop,1,0,0,0,0
994,2025-10-08,Mobile,1,1,1,0,0
995,2025-06-16,Mobile,1,0,0,0,0
996,2025-07-30,Mobile,1,1,0,0,0
997,2025-04-15,Mobile,1,0,0,0,0
998,2025-12-10,Desktop,1,1,1,1,1
999,2025-03-29,Mobile,1,1,1,1,1
1000,2025-11-24,Desktop,1,1,0,0,0
1001,2025-06-16,Desktop,1,0,0,0,0
1002,2025-04-20,Desktop,1,1,1,0,0
1003,2025-04-10,Desktop,1,1,1,1,1
1004,2025-08-01,Mobile,1,1,1,0,0
1005,2025-11-22,Mobile,1,0,0,0,0
1006,2025-10-08,Mobile,1,0,0,0,0
1007,2025-12-10,Mobile,1,1,0,0,0
1008,2025-10-17,Mobile,1,0,0,0,0
1009,2025-09-01,Desktop,1,1,1,1,0
1010,2025-04-22,Desktop,1,1,1,0,0
1011,2025-03-12,Desktop,1,0,0,0,0
1012,2025-07-15,Desktop,1,0,0,0,0
1013,2025-02-24,Mobile,1,0,0,0,0
1014,2025-03-16,Desktop,1,0,0,0,0
1015,2025-02-25,Mobile,1,1,0,0,0
1016,2025-09-17,Desktop,1,1,1,1,0
1017,2025-03-24,Mobile,1,1,0,0,0
1018,2025-07-01,Mobile,1,0,0,0,0
1019,2025-03-07,Mobile,1,1,0,0,0
1020,2025-07-28,Mobile,1,0,0,0,0
1021,2025-09-30,Mobile,1,1,0,0,0
1022,2025-10-03,Mobile,1,1,1,1,1
1023,2025-10-01,Mobile,1,0,0,0,0
1024,2025-11-12,Mobile,1,0,0,0,0
1025,2025-12-25,Mobile,1,1,1,1,1
1026,2025-03-18,Mobile,1,1,1,1,0
1027,2025-08-08,Mobile,1,1,1,1,0
1028,2025-09-11,Desktop,1,0,0,0,0
1029,2025-06-14,Desktop,1,1,0,0,0
1030,2025-09-05,Tablet,1,1,1,1,1
1031,2025-09-14,Mobile,1,0,0,0,0
1032,2025-01-27,Mobile,1,0,0,0,0
1033,2025-04-09,Mobile,1,1,1,1,1
1034,2025-04-23,Desktop,1,1,1,1,0
1035,2025-08-28,Desktop,1,1,0,0,0
1036,2025-01-30,Mobile,1,1,0,0,0
1037,2025-05-13,Tablet,1,1,0,0,0
1038,2025-09-29,Desktop,1,1,1,1,1
1039,2025-04-06,Mobile,1,1,0,0,0
1040,2025-06-19,Mobile,1,1,1,1,1
1041,2025-04-23,Tablet,1,1,1,1,1
1042,2025-07-13,Desktop,1,1,0,0,0
1043,2025-04-25,Desktop,1,1,0,0,0
1044,2025-11-24,Mobile,1,1,1,0,0
1045,2025-03-13,Mobile,1,1,0,0,0
1046,2025-03-30,Mobile,1,1,1,1,0
1047,2025-05-11,Desktop,1,1,0,0,0
1048,2025-04-24,Mobile,1,1,0,0,0
1049,2025-11-15,Mobile,1,1,0,0,0
1050,2025-07-18,Desktop,1,1,1,1,1
1051,2025-01-21,Desktop,1,1,0,0,0
1052,2025-10-06,Desktop,1,1,1,0,0
1053,2025-09-27,Mobile,1,0,0,0,0
1054,2025-01-07,Mobile,1,0,0,0,0
1055,2025-02-16,Desktop,1,0,0,0,0
1056,2025-08-28,Tablet,1,1,0,0,0
1057,2025-05-04,Mobile,1,1,0,0,0
1058,2025-10-19,Mobile,1,1,0,0,0
1059,2025-09-12,Mobile,1,1,0,0,0
1060,2025-09-19,Mobile,1,1,0,0,0
1061,2025-11-18,Mobile,1,1,1,1,0
1062,2025-07-19,Mobile,1,1,1,0,0
1063,2025-11-19,Mobile,1,1,0,0,0
1064,2025-05-05,Desktop,1,0,0,0,0
1065,2025-02-03,Mobile,1,1,1,1,1
1066,2025-10-23,Mobile,1,0,0,0,0
1067,2025-06-23,Desktop,1,1,1,0,0
1068,2025-09-18,Mobile,1,1,0,0,0
1069,2025-12-27,Mobile,1,1,0,0,0
1070,2025-07-15,Mobile,1,1,0,0,0
1071,2025-03-27,Mobile,1,0,0,0,0
1072,2025-07-01,Desktop,1,1,0,0,0
1073,2025-04-04,Tablet,1,1,0,0,0
1074,2025-10-28,Desktop,1,1,0,0,0
1075,2025-04-26,Desktop,1,1,0,0,0
1076,2025-03-13,Desktop,1,1,0,0,0
1077,2025-08-26,Desktop,1,0,0,0,0
1078,2025-10-30,Mobile,1,0,0,0,0
1079,2025-02-19,Mobile,1,1,0,0,0
1080,2025-08-04,Desktop,1,0,0,0,0
1081,2025-12-08,Mobile,1,1,1,1,1
1082,2025-11-27,Desktop,1,0,0,0,0
1083,2025-10-20,Mobile,1,1,0,0,0
1084,2025-03-19,Tablet,1,1,0,0,0
1085,2025-10-06,Desktop,1,0,0,0,0
1086,2025-01-17,Mobile,1,0,0,0,0
1087,2025-10-12,Mobile,1,1,0,0,0
1088,2025-03-19,Mobile,1,1,0,0,0
1089,2025-09-26,Mobile,1,1,0,0,0
1090,2025-01-30,Mobile,1,1,0,0,0
1091,2025-05-14,Mobile,1,1,0,0,0
1092,2025-09-19,Mobile,1,1,0,0,0
1093,2025-07-31,Mobile,1,1,1,1,0
1094,2025-12-02,Mobile,1,1,1,1,0
1095,2025-02-23,Desktop,1,1,0,0,0
1096,2025-12-05,Mobile,1,0,0,0,0
1097,2025-05-18,Mobile,1,1,0,0,0
1098,2025-03-13,Mobile,1,0,0,0,0
1099,2025-11-08,Mobile,1,1,0,0,0
1100,2025-11-30,Mobile,1,1,0,0,0
1101,2025-11-14,Desktop,1,1,0,0,0
1102,2025-05-30,Desktop,1,1,0,0,0
1103,2025-07-09,Desktop,1,1,0,0,0
1104,2025-03-01,Mobile,1,1,1,1,1
1105,2025-04-24,Mobile,1,1,0,0,0
1106,2025-06-20,Desktop,1,0,0,0,0
1107,2025-10-29,Mobile,1,1,0,0,0
1108,2025-01-11,Mobile,1,1,0,0,0
1109,2025-12-26,Desktop,1,1,1,1,1
1110,2025-04-11,Desktop,1,0,0,0,0
1111,2025-10-18,Tablet,1,1,1,1,0
1112,2025-05-28,Mobile,1,1,0,0,0
1113,2025-10-04,Desktop,1,1,1,1,1
1114,2025-11-02,Mobile,1,0,0,0,0
1115,2025-11-06,Desktop,1,1,0,0,0
1116,2025-01-13,Mobile,1,1,0,0,0
1117,2025-01-25,Mobile,1,1,0,0,0
1118,2025-03-23,Mobile,1,0,0,0,0
1119,2025-04-01,Desktop,1,1,1,1,1
1120,2025-06-28,Mobile,1,1,0,0,0
1121,2025-05-20,Mobile,1,1,0,0,0
1122,2025-06-03,Mobile,1,1,0,0,0
1123,2025-03-18,Desktop,1,1,0,0,0
1124,2025-05-15,Mobile,1,1,1,1,1
1125,2025-10-14,Mobile,1,0,0,0,0
1126,2025-09-29,Mobile,1,1,0,0,0
1127,2025-09-19,Mobile,1,1,0,0,0
1128,2025-09-08,Mobile,1,1,0,0,0
1129,2025-02-01,Mobile,1,1,1,1,1
1130,2025-05-21,Mobile,1,1,1,0,0
1131,2025-11-08,Mobile,1,1,0,0,0
1132,2025-10-20,Mobile,1,0,0,0,0
1133,2025-09-29,Mobile,1,0,0,0,0
1134,2025-02-16,Mobile,1,1,0,0,0
1135,2025-03-19,Mobile,1,0,0,0,0
1136,2025-04-16,Mobile,1,1,0,0,0
1137,2025-05-16,Mobile,1,1,1,0,0
1138,2025-04-29,Mobile,1,1,0,0,0
1139,2025-01-12,Mobile,1,1,0,0,0
1140,2025-10-02,Mobile,1,1,0,0,0
1141,2025-08-24,Desktop,1,1,0,0,0
1142,2025-11-10,Desktop,1,1,0,0,0
1143,2025-07-13,Mobile,1,0,0,0,0
1144,2025-04-06,Mobile,1,1,1,1,0
1145,2025-06-27,Tablet,1,1,0,0,0
1146,2025-01-07,Desktop,1,1,1,1,1
1147,2025-04-18,Mobile,1,1,1,0,0
1148,2025-02-11,Mobile,1,0,0,0,0
1149,2025-07-24,Mobile,1,0,0,0,0
1150,2025-09-28,Desktop,1,1,1,1,0
1151,2025-02-09,Mobile,1,1,1,1,0
1152,2025-08-31,Desktop,1,1,0,0,0
1153,2025-04-30,Mobile,1,1,0,0,0
1154,2025-02-20,Desktop,1,1,0,0,0
1155,2025-04-26,Desktop,1,1,1,1,1
1156,2025-07-21,Mobile,1,1,0,0,0
1157,2025-07-27,Desktop,1,1,0,0,0
1158,2025-03-08,Desktop,1,1,1,1,0
1159,2025-04-26,Mobile,1,1,0,0,0
1160,2025-11-20,Mobile,1,1,0,0,0
1161,2025-12-28,Desktop,1,1,0,0,0
1162,2025-08-18,Mobile,1,1,0,0,0
1163,2025-01-23,Desktop,1,0,0,0,0
1164,2025-05-09,Desktop,1,1,0,0,0
1165,2025-06-30,Mobile,1,1,0,0,0
1166,2025-10-08,Desktop,1,1,0,0,0
1167,2025-02-08,Mobile,1,0,0,0,0
1168,2025-06-25,Mobile,1,1,1,1,1
1169,2025-07-27,Desktop,1,1,1,0,0
1170,2025-04-07,Desktop,1,1,0,0,0
1171,2025-05-03,Desktop,1,1,0,0,0
1172,2025-05-14,Mobile,1,0,0,0,0
1173,2025-04-05,Desktop,1,0,0,0,0
1174,2025-07-25,Mobile,1,0,0,0,0
1175,2025-08-29,Mobile,1,1,0,0,0
1176,2025-07-16,Mobile,1,1,1,1,0
1177,2025-01-23,Desktop,1,1,0,0,0
1178,2025-03-15,Mobile,1,1,1,1,0
1179,2025-07-02,Mobile,1,1,0,0,0
1180,2025-04-07,Mobile,1,0,0,0,0
1181,2025-11-15,Tablet,1,0,0,0,0
1182,2025-11-13,Mobile,1,1,1,1,0
1183,2025-06-28,Tablet,1,1,1,1,1
1184,2025-03-04,Mobile,1,0,0,0,0
1185,2025-03-08,Mobile,1,1,0,0,0
1186,2025-08-30,Mobile,1,1,0,0,0
1187,2025-01-06,Mobile,1,1,1,0,0
1188,2025-01-08,Desktop,1,1,0,0,0
1189,2025-10-24,Mobile,1,1,0,0,0
1190,2025-03-28,Desktop,1,1,0,0,0
1191,2025-12-13,Desktop,1,1,1,1,1
1192,2025-12-29,Desktop,1,1,1,1,0
1193,2025-03-01,Desktop,1,1,1,1,1
1194,2025-03-08,Tablet,1,1,0,0,0
1195,2025-11-17,Desktop,1,1,0,0,0
1196,2025-09-13,Mobile,1,1,0,0,0
1197,2025-04-03,Tablet,1,1,1,1,0
1198,2025-09-30,Desktop,1,1,0,0,0
1199,2025-08-02,Mobile,1,1,0,0,0
1200,2025-02-13,Desktop,1,1,1,0,0
1201,2025-10-30,Mobile,1,1,0,0,0
1202,2025-05-06,Desktop,1,1,1,1,1
1203,2025-11-29,Mobile,1,1,1,1,0
1204,2025-02-01,Desktop,1,1,0,0,0
1205,2025-08-14,Desktop,1,1,0,0,0
1206,2025-12-09,Desktop,1,1,0,0,0
1207,2025-06-15,Mobile,1,1,0,0,0
1208,2025-02-22,Mobile,1,1,0,0,0
1209,2025-03-08,Mobile,1,1,1,0,0
1210,2025-01-28,Tablet,1,1,1,1,1
1211,2025-12-03,Mobile,1,1,1,1,1
1212,2025-09-30,Mobile,1,1,1,1,1
1213,2025-11-11,Mobile,1,0,0,0,0
1214,2025-05-23,Mobile,1,1,0,0,0
1215,2025-10-06,Mobile,1,0,0,0,0
1216,2025-06-28,Mobile,1,1,1,0,0
1217,2025-08-29,Mobile,1,0,0,0,0
1218,2025-04-10,Mobile,1,0,0,0,0
1219,2025-05-09,Mobile,1,1,1,0,0
1220,2025-08-21,Mobile,1,1,0,0,0
1221,2025-04-02,Mobile,1,0,0,0,0
1222,2025-11-23,Desktop,1,1,0,0,0
1223,2025-01-10,Desktop,1,1,0,0,0
1224,2025-11-28,Mobile,1,1,0,0,0
1225,2025-07-08,Mobile,1,1,0,0,0
1226,2025-06-18,Mobile,1,1,0,0,0
1227,2025-10-02,Mobile,1,0,0,0,0
1228,2025-06-01,Mobile,1,1,0,0,0
1229,2025-05-14,Mobile,1,0,0,0,0
1230,2025-07-27,Tablet,1,0,0,0,0
1231,2025-11-25,Desktop,1,0,0,0,0
1232,2025-02-09,Mobile,1,0,0,0,0
1233,2025-08-29,Desktop,1,1,0,0,0
1234,2025-06-30,Mobile,1,0,0,0,0
1235,2025-08-01,Mobile,1,1,0,0,0
1236,2025-03-06,Tablet,1,1,0,0,0
1237,2025-06-27,Desktop,1,1,1,1,0
1238,2025-03-04,Mobile,1,1,1,1,0
1239,2025-07-16,Mobile,1,1,1,1,1
1240,2025-06-09,Mobile,1,1,1,1,1
1241,2025-02-26,Mobile,1,1,0,0,0
1242,2025-06-04,Desktop,1,1,0,0,0
1243,2025-07-04,Mobile,1,1,0,0,0
1244,2025-09-17,Mobile,1,1,1,1,1
1245,2025-02-28,Desktop,1,1,1,0,0
1246,2025-12-28,Mobile,1,1,0,0,0
1247,2025-01-10,Mobile,1,1,0,0,0
1248,2025-09-26,Mobile,1,0,0,0,0
1249,2025-03-31,Desktop,1,1,1,1,0
1250,2025-12-22,Desktop,1,0,0,0,0
1251,2025-08-16,Tablet,1,1,1,1,1
1252,2025-06-28,Tablet,1,1,0,0,0
1253,2025-10-06,Tablet,1,1,0,0,0
1254,2025-05-28,Desktop,1,1,1,0,0
1255,2025-06-06,Mobile,1,0,0,0,0
1256,2025-10-05,Mobile,1,1,1,1,0
1257,2025-02-12,Mobile,1,1,1,1,1
1258,2025-06-16,Tablet,1,0,0,0,0
1259,2025-03-10,Mobile,1,1,0,0,0
1260,2025-10-31,Mobile,1,1,1,1,1
1261,2025-06-22,Mobile,1,1,1,0,0
1262,2025-05-16,Mobile,1,1,0,0,0
1263,2025-12-28,Mobile,1,1,0,0,0
1264,2025-11-30,Mobile,1,1,0,0,0
1265,2025-10-07,Mobile,1,1,0,0,0
1266,2025-07-08,Desktop,1,1,1,1,1
1267,2025-10-08,Mobile,1,0,0,0,0
1268,2025-11-16,Desktop,1,0,0,0,0
1269,2025-05-11,Mobile,1,0,0,0,0
1270,2025-12-06,Mobile,1,0,0,0,0
1271,2025-10-23,Mobile,1,1,0,0,0
1272,2025-03-30,Desktop,1,1,0,0,0
1273,2025-11-30,Mobile,1,1,1,1,1
1274,2025-02-01,Mobile,1,1,0,0,0
1275,2025-09-25,Mobile,1,0,0,0,0
1276,2025-03-01,Mobile,1,1,0,0,0
1277,2025-10-30,Mobile,1,1,0,0,0
1278,2025-02-06,Mobile,1,1,1,0,0
1279,2025-03-08,Desktop,1,1,0,0,0
1280,2025-02-11,Tablet,1,1,1,1,1
1281,2025-05-21,Mobile,1,1,1,1,1
1282,2025-10-21,Mobile,1,0,0,0,0
1283,2025-11-18,Desktop,1,1,0,0,0
1284,2025-08-28,Desktop,1,1,1,1,0
1285,2025-07-01,Mobile,1,1,1,0,0
1286,2025-03-13,Mobile,1,1,0,0,0
1287,2025-11-02,Desktop,1,0,0,0,0
1288,2025-09-08,Desktop,1,1,0,0,0
1289,2025-08-14,Desktop,1,0,0,0,0
1290,2025-08-29,Mobile,1,0,0,0,0
1291,2025-10-24,Desktop,1,1,1,1,1
1292,2025-07-13,Mobile,1,1,0,0,0
1293,2025-03-29,Tablet,1,1,0,0,0
1294,2025-07-04,Mobile,1,1,0,0,0
1295,2025-08-22,Mobile,1,1,0,0,0
1296,2025-12-11,Mobile,1,1,0,0,0
1297,2025-05-05,Mobile,1,0,0,0,0
1298,2025-04-18,Tablet,1,1,1,0,0
1299,2025-06-28,Desktop,1,1,1,0,0
1300,2025-12-14,Mobile,1,0,0,0,0
1301,2025-02-24,Mobile,1,1,0,0,0
1302,2025-03-29,Tablet,1,1,0,0,0
1303,2025-06-21,Tablet,1,0,0,0,0
1304,2025-02-20,Tablet,1,1,0,0,0
1305,2025-09-07,Mobile,1,1,0,0,0
1306,2025-07-18,Mobile,1,1,0,0,0
1307,2025-01-30,Mobile,1,1,0,0,0
1308,2025-06-16,Mobile,1,1,0,0,0
1309,2025-01-25,Mobile,1,1,1,0,0
1310,2025-09-13,Mobile,1,0,0,0,0
1311,2025-04-20,Mobile,1,1,0,0,0
1312,2025-07-25,Mobile,1,0,0,0,0
1313,2025-12-11,Mobile,1,1,1,0,0
1314,2025-05-10,Desktop,1,0,0,0,0
1315,2025-06-13,Mobile,1,0,0,0,0
1316,2025-04-03,Desktop,1,1,1,1,1
1317,2025-06-13,Mobile,1,0,0,0,0
1318,2025-05-30,Mobile,1,1,0,0,0
1319,2025-07-28,Desktop,1,1,0,0,0
1320,2025-12-13,Mobile,1,1,0,0,0
1321,2025-05-29,Mobile,1,1,0,0,0
1322,2025-10-05,Desktop,1,1,0,0,0
1323,2025-10-12,Mobile,1,0,0,0,0
1324,2025-10-30,Desktop,1,1,0,0,0
1325,2025-07-09,Desktop,1,1,0,0,0
1326,2025-12-11,Mobile,1,1,1,1,0
1327,2025-11-07,Tablet,1,1,1,1,0
1328,2025-01-11,Desktop,1,1,0,0,0
1329,2025-04-10,Desktop,1,1,1,1,0
1330,2025-01-28,Mobile,1,1,0,0,0
1331,2025-03-25,Mobile,1,0,0,0,0
1332,2025-08-08,Mobile,1,1,1,0,0
1333,2025-10-27,Mobile,1,1,0,0,0
1334,2025-06-02,Mobile,1,1,0,0,0
1335,2025-10-04,Desktop,1,1,0,0,0
1336,2025-10-27,Mobile,1,0,0,0,0
1337,2025-02-16,Desktop,1,0,0,0,0
1338,2025-10-14,Mobile,1,1,0,0,0
1339,2025-03-13,Desktop,1,1,0,0,0
1340,2025-09-23,Mobile,1,1,1,1,1
1341,2025-11-15,Mobile,1,1,0,0,0
1342,2025-05-10,Mobile,1,1,1,0,0
1343,2025-06-30,Mobile,1,1,1,1,0
1344,2025-10-18,Desktop,1,1,1,0,0
1345,2025-06-17,Tablet,1,1,1,1,0
1346,2025-11-13,Mobile,1,1,0,0,0
1347,2025-12-26,Mobile,1,0,0,0,0
1348,2025-03-15,Mobile,1,1,0,0,0
1349,2025-10-22,Desktop,1,1,0,0,0
1350,2025-10-07,Desktop,1,1,0,0,0
1351,2025-06-19,Desktop,1,1,0,0,0
1352,2025-05-04,Mobile,1,1,1,1,1
1353,2025-12-16,Desktop,1,1,1,1,0
1354,2025-01-02,Mobile,1,1,0,0,0
1355,2025-09-29,Desktop,1,1,0,0,0
1356,2025-06-21,Desktop,1,1,0,0,0
1357,2025-04-18,Mobile,1,1,0,0,0
1358,2025-02-22,Mobile,1,1,0,0,0
1359,2025-11-30,Mobile,1,0,0,0,0
1360,2025-11-09,Mobile,1,1,0,0,0
1361,2025-05-01,Mobile,1,1,1,1,0
1362,2025-05-12,Mobile,1,0,0,0,0
1363,2025-09-12,Tablet,1,0,0,0,0
1364,2025-01-28,Tablet,1,1,1,0,0
1365,2025-10-22,Desktop,1,1,0,0,0
1366,2025-10-27,Mobile,1,0,0,0,0
1367,2025-08-11,Desktop,1,0,0,0,0
1368,2025-08-07,Desktop,1,1,0,0,0
1369,2025-03-11,Mobile,1,0,0,0,0
1370,2025-04-25,Mobile,1,1,0,0,0
1371,2025-10-05,Tablet,1,1,1,1,1
1372,2025-04-07,Mobile,1,1,1,1,0
1373,2025-04-08,Mobile,1,1,0,0,0
1374,2025-08-23,Mobile,1,1,0,0,0
1375,2025-12-16,Tablet,1,1,0,0,0
1376,2025-10-03,Mobile,1,1,0,0,0
1377,2025-04-18,Desktop,1,0,0,0,0
1378,2025-05-09,Mobile,1,1,0,0,0
1379,2025-07-06,Mobile,1,1,0,0,0
1380,2025-02-16,Mobile,1,1,0,0,0
1381,2025-08-13,Tablet,1,1,0,0,0
1382,2025-10-19,Mobile,1,1,1,1,1
1383,2025-06-02,Mobile,1,1,1,1,0
1384,2025-04-19,Mobile,1,0,0,0,0
1385,2025-10-11,Mobile,1,1,0,0,0
1386,2025-11-13,Mobile,1,0,0,0,0
1387,2025-11-15,Mobile,1,1,0,0,0
1388,2025-09-09,Mobile,1,1,1,0,0
1389,2025-11-01,Desktop,1,0,0,0,0
1390,2025-12-25,Mobile,1,1,0,0,0
1391,2025-11-17,Mobile,1,1,0,0,0
1392,2025-11-17,Desktop,1,0,0,0,0
1393,2025-08-23,Desktop,1,1,0,0,0
1394,2025-02-03,Mobile,1,1,1,1,1
1395,2025-10-22,Desktop,1,0,0,0,0
1396,2025-11-08,Mobile,1,1,0,0,0
1397,2025-03-28,Desktop,1,1,1,0,0
1398,2025-10-12,Mobile,1,1,0,0,0
1399,2025-11-22,Mobile,1,1,0,0,0
1400,2025-12-06,Desktop,1,1,1,0,0
1401,2025-04-06,Desktop,1,1,1,1,1
1402,2025-12-16,Desktop,1,1,0,0,0
1403,2025-08-01,Desktop,1,1,0,0,0
1404,2025-05-28,Desktop,1,1,0,0,0
1405,2025-02-20,Mobile,1,1,0,0,0
1406,2025-06-22,Mobile,1,1,1,1,0
1407,2025-08-13,Desktop,1,1,0,0,0
1408,2025-02-18,Mobile,1,1,1,1,1
1409,2025-05-16,Mobile,1,1,1,1,0
1410,2025-12-18,Desktop,1,1,0,0,0
1411,2025-01-07,Desktop,1,1,0,0,0
1412,2025-07-16,Mobile,1,1,1,1,1
1413,2025-08-07,Mobile,1,1,1,1,1
1414,2025-11-24,Mobile,1,0,0,0,0
1415,2025-05-26,Mobile,1,1,0,0,0
1416,2025-06-05,Mobile,1,1,0,0,0
1417,2025-11-14,Mobile,1,1,1,1,1
1418,2025-09-12,Mobile,1,1,0,0,0
1419,2025-05-18,Mobile,1,1,0,0,0
1420,2025-03-10,Mobile,1,1,0,0,0
1421,2025-05-06,Mobile,1,1,0,0,0
1422,2025-05-20,Mobile,1,0,0,0,0
1423,2025-02-14,Desktop,1,1,0,0,0
1424,2025-07-05,Desktop,1,1,1,1,1
1425,2025-10-30,Desktop,1,0,0,0,0
1426,2025-08-09,Mobile,1,1,0,0,0
1427,2025-01-05,Desktop,1,1,1,1,1
1428,2025-04-22,Tablet,1,1,0,0,0
1429,2025-06-26,Mobile,1,1,0,0,0
1430,2025-01-24,Mobile,1,0,0,0,0
1431,2025-04-11,Desktop,1,1,0,0,0
1432,2025-07-30,Mobile,1,0,0,0,0
1433,2025-03-08,Mobile,1,1,0,0,0
1434,2025-04-04,Desktop,1,0,0,0,0
1435,2025-06-30,Mobile,1,1,0,0,0
1436,2025-10-16,Mobile,1,1,1,0,0
1437,2025-08-12,Desktop,1,1,0,0,0
1438,2025-05-07,Mobile,1,0,0,0,0
1439,2025-04-28,Desktop,1,0,0,0,0
1440,2025-08-21,Desktop,1,1,1,1,1
1441,2025-05-09,Mobile,1,1,0,0,0
1442,2025-08-01,Mobile,1,1,1,1,0
1443,2025-11-22,Desktop,1,1,0,0,0
1444,2025-04-07,Mobile,1,1,1,1,0
1445,2025-07-18,Tablet,1,0,0,0,0
1446,2025-07-29,Mobile,1,0,0,0,0
1447,2025-05-23,Mobile,1,0,0,0,0
1448,2025-04-09,Mobile,1,1,1,1,1
1449,2025-03-14,Mobile,1,1,1,1,1
1450,2025-01-01,Mobile,1,0,0,0,0
1451,2025-07-28,Desktop,1,0,0,0,0
1452,2025-09-02,Tablet,1,1,1,1,1
1453,2025-03-18,Tablet,1,0,0,0,0
1454,2025-05-06,Desktop,1,1,1,1,1
1455,2025-01-21,Mobile,1,1,0,0,0
1456,2025-12-30,Desktop,1,0,0,0,0
1457,2025-11-05,Mobile,1,1,0,0,0
1458,2025-05-29,Desktop,1,1,1,1,1
1459,2025-05-28,Mobile,1,1,1,0,0
1460,2025-07-10,Tablet,1,0,0,0,0
1461,2025-12-17,Mobile,1,0,0,0,0
1462,2025-07-28,Mobile,1,1,1,0,0
1463,2025-07-01,Mobile,1,1,1,0,0
1464,2025-10-03,Desktop,1,1,1,0,0
1465,2025-02-01,Mobile,1,0,0,0,0
1466,2025-04-13,Desktop,1,0,0,0,0
1467,2025-05-12,Tablet,1,1,0,0,0
1468,2025-05-01,Mobile,1,1,0,0,0
1469,2025-10-23,Mobile,1,1,0,0,0
1470,2025-01-02,Mobile,1,1,0,0,0
1471,2025-03-24,Desktop,1,0,0,0,0
1472,2025-03-02,Desktop,1,1,0,0,0
1473,2025-07-20,Tablet,1,1,0,0,0
1474,2025-09-12,Mobile,1,1,1,1,0
1475,2025-03-16,Desktop,1,1,0,0,0
1476,2025-09-26,Mobile,1,1,0,0,0
1477,2025-10-06,Mobile,1,1,0,0,0
1478,2025-05-11,Mobile,1,1,0,0,0
1479,2025-02-28,Desktop,1,1,1,1,1
1480,2025-07-18,Mobile,1,1,1,0,0
1481,2025-08-10,Mobile,1,1,0,0,0
1482,2025-05-27,Mobile,1,0,0,0,0
1483,2025-10-16,Desktop,1,0,0,0,0
1484,2025-01-09,Desktop,1,0,0,0,0
1485,2025-04-25,Mobile,1,0,0,0,0
1486,2025-05-07,Mobile,1,0,0,0,0
1487,2025-09-02,Desktop,1,1,0,0,0
1488,2025-02-28,Desktop,1,0,0,0,0
1489,2025-01-22,Mobile,1,1,1,1,0
1490,2025-08-26,Mobile,1,1,1,1,1
1491,2025-09-03,Desktop,1,1,0,0,0
1492,2025-10-16,Desktop,1,1,0,0,0
1493,2025-05-03,Mobile,1,1,1,1,0
1494,2025-03-16,Mobile,1,1,0,0,0
1495,2025-08-31,Desktop,1,1,0,0,0
1496,2025-07-31,Desktop,1,0,0,0,0
1497,2025-10-02,Desktop,1,1,1,1,1
1498,2025-12-18,Mobile,1,1,1,1,1
1499,2025-12-06,Mobile,1,1,1,1,0
1500,2025-05-17,Desktop,1,1,0,0,0
1501,2025-09-05,Tablet,1,0,0,0,0
1502,2025-10-26,Mobile,1,1,0,0,0
1503,2025-12-07,Mobile,1,1,1,1,0
1504,2025-12-26,Mobile,1,0,0,0,0
1505,2025-09-28,Tablet,1,1,0,0,0
1506,2025-06-02,Mobile,1,0,0,0,0
1507,2025-06-28,Desktop,1,0,0,0,0
1508,2025-10-23,Tablet,1,1,1,1,1
1509,2025-05-21,Mobile,1,1,0,0,0
1510,2025-04-05,Mobile,1,1,1,0,0
1511,2025-09-06,Desktop,1,1,1,1,1
1512,2025-10-02,Mobile,1,1,1,1,0
1513,2025-04-22,Desktop,1,1,1,0,0
1514,2025-07-26,Desktop,1,0,0,0,0
1515,2025-12-20,Mobile,1,1,0,0,0
1516,2025-10-02,Mobile,1,1,1,0,0
1517,2025-06-29,Mobile,1,1,0,0,0
1518,2025-06-24,Mobile,1,1,0,0,0
1519,2025-07-18,Mobile,1,1,0,0,0
1520,2025-07-13,Mobile,1,1,0,0,0
1521,2025-05-15,Desktop,1,0,0,0,0
1522,2025-12-18,Desktop,1,0,0,0,0
1523,2025-08-07,Mobile,1,1,0,0,0
1524,2025-12-28,Mobile,1,1,1,1,1
1525,2025-12-06,Mobile,1,1,0,0,0
1526,2025-09-15,Mobile,1,0,0,0,0
1527,2025-05-29,Desktop,1,1,0,0,0
1528,2025-11-06,Mobile,1,1,0,0,0
1529,2025-07-14,Mobile,1,0,0,0,0
1530,2025-04-12,Desktop,1,0,0,0,0
1531,2025-05-11,Mobile,1,1,1,1,1
1532,2025-05-24,Tablet,1,1,0,0,0
1533,2025-07-06,Mobile,1,1,1,1,0
1534,2025-08-15,Mobile,1,1,1,1,1
1535,2025-11-20,Desktop,1,1,0,0,0
1536,2025-01-22,Mobile,1,1,1,0,0
1537,2025-11-17,Mobile,1,1,0,0,0
1538,2025-03-20,Mobile,1,1,1,1,0
1539,2025-02-27,Mobile,1,0,0,0,0
1540,2025-08-10,Desktop,1,0,0,0,0
1541,2025-05-13,Mobile,1,1,1,1,1
1542,2025-03-26,Mobile,1,1,0,0,0
1543,2025-12-24,Mobile,1,1,0,0,0
1544,2025-03-13,Desktop,1,1,0,0,0
1545,2025-02-19,Desktop,1,1,1,1,1
1546,2025-09-02,Desktop,1,0,0,0,0
1547,2025-04-17,Desktop,1,0,0,0,0
1548,2025-03-04,Desktop,1,1,0,0,0
1549,2025-10-31,Mobile,1,1,0,0,0
1550,2025-12-17,Mobile,1,1,0,0,0
1551,2025-09-18,Desktop,1,1,1,0,0
1552,2025-09-07,Desktop,1,1,0,0,0
1553,2025-07-08,Desktop,1,0,0,0,0
1554,2025-01-29,Tablet,1,1,1,1,1
1555,2025-01-03,Mobile,1,1,0,0,0
1556,2025-05-03,Mobile,1,0,0,0,0
1557,2025-04-30,Tablet,1,1,1,1,1
1558,2025-07-06,Mobile,1,1,0,0,0
1559,2025-03-27,Desktop,1,1,0,0,0
1560,2025-03-19,Mobile,1,0,0,0,0
1561,2025-08-10,Mobile,1,1,0,0,0
1562,2025-07-15,Mobile,1,1,1,1,0
1563,2025-08-04,Mobile,1,0,0,0,0
1564,2025-05-03,Desktop,1,1,0,0,0
1565,2025-04-29,Desktop,1,0,0,0,0
1566,2025-04-21,Desktop,1,1,1,1,1
1567,2025-01-25,Desktop,1,0,0,0,0
1568,2025-05-22,Mobile,1,1,1,1,1
1569,2025-10-21,Mobile,1,0,0,0,0
1570,2025-12-02,Desktop,1,0,0,0,0
1571,2025-03-15,Tablet,1,1,0,0,0
1572,2025-01-19,Mobile,1,1,0,0,0
1573,2025-05-11,Desktop,1,1,0,0,0
1574,2025-01-15,Mobile,1,1,1,0,0
1575,2025-10-20,Mobile,1,1,1,1,1
1576,2025-05-13,Mobile,1,1,0,0,0
1577,2025-08-12,Mobile,1,1,1,0,0
1578,2025-06-10,Mobile,1,1,1,1,0
1579,2025-07-17,Mobile,1,1,0,0,0
1580,2025-09-23,Tablet,1,0,0,0,0
1581,2025-10-22,Mobile,1,0,0,0,0
1582,2025-08-01,Mobile,1,0,0,0,0
1583,2025-06-12,Mobile,1,1,1,1,1
1584,2025-06-07,Mobile,1,1,1,1,1
1585,2025-04-25,Mobile,1,1,1,1,0
1586,2025-05-14,Mobile,1,1,0,0,0
1587,2025-02-01,Desktop,1,1,0,0,0
1588,2025-12-03,Desktop,1,0,0,0,0
1589,2025-06-23,Mobile,1,0,0,0,0
1590,2025-01-16,Mobile,1,1,0,0,0
1591,2025-11-04,Desktop,1,1,1,0,0
1592,2025-08-14,Mobile,1,1,0,0,0
1593,2025-11-28,Desktop,1,1,0,0,0
1594,2025-11-08,Mobile,1,1,0,0,0
1595,2025-01-31,Tablet,1,0,0,0,0
1596,2025-01-23,Desktop,1,1,1,1,1
1597,2025-07-14,Tablet,1,1,1,1,1
1598,2025-05-18,Mobile,1,1,1,1,0
1599,2025-11-10,Desktop,1,1,0,0,0
1600,2025-06-04,Mobile,1,0,0,0,0
1601,2025-11-16,Desktop,1,0,0,0,0
1602,2025-10-03,Desktop,1,0,0,0,0
1603,2025-12-19,Mobile,1,0,0,0,0
1604,2025-11-03,Desktop,1,1,0,0,0
1605,2025-09-21,Tablet,1,1,1,0,0
1606,2025-12-24,Mobile,1,0,0,0,0
1607,2025-04-05,Desktop,1,1,0,0,0
1608,2025-12-23,Mobile,1,0,0,0,0
1609,2025-10-30,Desktop,1,0,0,0,0
1610,2025-06-28,Mobile,1,0,0,0,0
1611,2025-05-15,Mobile,1,0,0,0,0
1612,2025-10-19,Desktop,1,1,0,0,0
1613,2025-06-22,Mobile,1,1,0,0,0
1614,2025-09-22,Desktop,1,1,1,1,1
1615,2025-01-18,Desktop,1,1,0,0,0
1616,2025-03-24,Mobile,1,0,0,0,0
1617,2025-06-19,Desktop,1,1,0,0,0
1618,2025-09-25,Mobile,1,1,0,0,0
1619,2025-12-20,Desktop,1,1,1,1,1
1620,2025-07-16,Mobile,1,0,0,0,0
1621,2025-08-11,Mobile,1,0,0,0,0
1622,2025-04-23,Mobile,1,1,1,1,0
1623,2025-03-16,Tablet,1,1,1,1,1
1624,2025-03-10,Mobile,1,0,0,0,0
1625,2025-03-20,Tablet,1,1,1,1,1
1626,2025-11-19,Desktop,1,1,0,0,0
1627,2025-12-20,Mobile,1,0,0,0,0
1628,2025-03-04,Mobile,1,1,0,0,0
1629,2025-10-28,Desktop,1,1,0,0,0
1630,2025-10-18,Mobile,1,1,0,0,0
1631,2025-04-26,Mobile,1,1,0,0,0
1632,2025-09-15,Desktop,1,1,0,0,0
1633,2025-03-02,Mobile,1,0,0,0,0
1634,2025-09-10,Mobile,1,1,0,0,0
1635,2025-04-05,Desktop,1,1,0,0,0
1636,2025-10-28,Desktop,1,0,0,0,0
1637,2025-09-26,Mobile,1,0,0,0,0
1638,2025-05-09,Mobile,1,0,0,0,0
1639,2025-12-13,Desktop,1,1,0,0,0
1640,2025-03-12,Desktop,1,1,0,0,0
1641,2025-05-05,Mobile,1,0,0,0,0
1642,2025-05-30,Desktop,1,1,0,0,0
1643,2025-05-06,Mobile,1,0,0,0,0
1644,2025-08-06,Mobile,1,1,1,0,0
1645,2025-08-18,Desktop,1,1,0,0,0
1646,2025-05-29,Desktop,1,1,0,0,0
1647,2025-04-12,Mobile,1,1,1,1,0
1648,2025-11-29,Mobile,1,1,0,0,0
1649,2025-07-30,Mobile,1,1,1,0,0
1650,2025-03-13,Mobile,1,1,0,0,0
1651,2025-04-04,Mobile,1,1,1,0,0
1652,2025-03-05,Desktop,1,1,0,0,0
1653,2025-06-18,Mobile,1,1,0,0,0
1654,2025-05-21,Mobile,1,1,0,0,0
1655,2025-12-30,Desktop,1,1,1,0,0
1656,2025-04-15,Mobile,1,1,1,0,0
1657,2025-04-24,Mobile,1,1,1,1,1
1658,2025-02-22,Mobile,1,1,0,0,0
1659,2025-04-28,Mobile,1,1,0,0,0
1660,2025-10-06,Tablet,1,1,0,0,0
1661,2025-05-11,Desktop,1,1,1,1,1
1662,2025-12-15,Mobile,1,1,1,1,1
1663,2025-09-19,Desktop,1,1,0,0,0
1664,2025-11-20,Mobile,1,0,0,0,0
1665,2025-06-03,Mobile,1,0,0,0,0
1666,2025-03-14,Mobile,1,1,1,1,1
1667,2025-08-16,Mobile,1,1,1,1,1
1668,2025-05-09,Mobile,1,0,0,0,0
1669,2025-04-04,Desktop,1,0,0,0,0
1670,2025-08-21,Mobile,1,1,0,0,0
1671,2025-05-03,Desktop,1,1,1,0,0
1672,2025-07-15,Mobile,1,1,0,0,0
1673,2025-03-21,Mobile,1,1,0,0,0
1674,2025-05-22,Mobile,1,0,0,0,0
1675,2025-10-13,Mobile,1,1,0,0,0
1676,2025-10-05,Mobile,1,1,0,0,0
1677,2025-11-14,Mobile,1,1,0,0,0
1678,2025-02-15,Mobile,1,1,0,0,0
1679,2025-09-22,Desktop,1,1,1,1,1
1680,2025-07-27,Mobile,1,1,1,1,0
1681,2025-11-07,Tablet,1,1,0,0,0
1682,2025-05-05,Mobile,1,0,0,0,0
1683,2025-10-15,Mobile,1,1,0,0,0
1684,2025-12-15,Desktop,1,1,1,0,0
1685,2025-07-24,Mobile,1,1,1,1,0
1686,2025-09-05,Desktop,1,0,0,0,0
1687,2025-07-04,Tablet,1,0,0,0,0
1688,2025-09-20,Mobile,1,1,1,1,0
1689,2025-08-29,Desktop,1,0,0,0,0
1690,2025-05-22,Mobile,1,1,0,0,0
1691,2025-12-29,Mobile,1,0,0,0,0
1692,2025-12-01,Mobile,1,0,0,0,0
1693,2025-01-08,Mobile,1,1,0,0,0
1694,2025-10-03,Mobile,1,1,0,0,0
1695,2025-12-29,Desktop,1,1,0,0,0
1696,2025-02-11,Desktop,1,1,1,1,1
1697,2025-05-10,Desktop,1,1,1,1,0
1698,2025-06-09,Tablet,1,0,0,0,0
1699,2025-09-02,Mobile,1,1,1,0,0
1700,2025-10-22,Mobile,1,1,0,0,0
1701,2025-03-28,Desktop,1,1,0,0,0
1702,2025-11-10,Desktop,1,0,0,0,0
1703,2025-04-30,Desktop,1,1,1,1,0
1704,2025-01-25,Tablet,1,0,0,0,0
1705,2025-05-09,Desktop,1,0,0,0,0
1706,2025-05-07,Mobile,1,1,0,0,0
1707,2025-05-31,Desktop,1,0,0,0,0
1708,2025-10-30,Mobile,1,1,1,1,0
1709,2025-03-19,Mobile,1,1,1,1,0
1710,2025-03-05,Tablet,1,1,0,0,0
1711,2025-12-14,Mobile,1,1,0,0,0
1712,2025-02-15,Mobile,1,1,1,0,0
1713,2025-09-16,Desktop,1,1,0,0,0
1714,2025-10-29,Mobile,1,0,0,0,0
1715,2025-07-10,Tablet,1,0,0,0,0
1716,2025-01-15,Mobile,1,1,0,0,0
1717,2025-07-05,Mobile,1,1,0,0,0
1718,2025-07-30,Desktop,1,0,0,0,0
1719,2025-03-02,Mobile,1,1,0,0,0
1720,2025-01-14,Desktop,1,0,0,0,0
1721,2025-11-09,Mobile,1,1,0,0,0
1722,2025-09-12,Mobile,1,1,0,0,0
1723,2025-07-14,Desktop,1,1,0,0,0
1724,2025-04-10,Mobile,1,1,1,1,1
1725,2025-12-08,Desktop,1,0,0,0,0
1726,2025-01-26,Desktop,1,1,1,1,0
1727,2025-09-29,Mobile,1,1,1,1,0
1728,2025-04-18,Tablet,1,1,0,0,0
1729,2025-07-29,Mobile,1,1,1,1,0
1730,2025-03-21,Desktop,1,1,0,0,0
1731,2025-02-23,Tablet,1,1,0,0,0
1732,2025-01-17,Mobile,1,1,1,1,0
1733,2025-10-22,Mobile,1,1,1,1,1
1734,2025-04-09,Mobile,1,1,0,0,0
1735,2025-03-30,Mobile,1,0,0,0,0
1736,2025-05-10,Mobile,1,1,0,0,0
1737,2025-09-16,Desktop,1,1,1,1,1
1738,2025-08-03,Mobile,1,1,0,0,0
1739,2025-10-17,Mobile,1,0,0,0,0
1740,2025-03-13,Mobile,1,1,1,0,0
1741,2025-10-20,Mobile,1,0,0,0,0
1742,2025-12-21,Desktop,1,1,1,0,0
1743,2025-03-29,Mobile,1,1,0,0,0
1744,2025-02-12,Desktop,1,0,0,0,0
1745,2025-04-23,Desktop,1,0,0,0,0
1746,2025-10-21,Mobile,1,1,1,1,1
1747,2025-10-03,Desktop,1,1,0,0,0
1748,2025-09-19,Desktop,1,1,1,1,0
1749,2025-03-01,Tablet,1,1,0,0,0
1750,2025-12-12,Tablet,1,1,1,1,1
1751,2025-08-06,Mobile,1,1,0,0,0
1752,2025-08-15,Mobile,1,1,0,0,0
1753,2025-09-17,Desktop,1,1,0,0,0
1754,2025-09-09,Mobile,1,1,0,0,0
1755,2025-12-20,Desktop,1,0,0,0,0
1756,2025-06-15,Mobile,1,1,0,0,0
1757,2025-03-03,Desktop,1,0,0,0,0
1758,2025-07-06,Mobile,1,1,1,1,1
1759,2025-01-15,Desktop,1,1,1,0,0
1760,2025-02-01,Desktop,1,1,0,0,0
1761,2025-12-22,Mobile,1,1,1,1,1
1762,2025-04-17,Desktop,1,1,1,1,1
1763,2025-09-26,Mobile,1,1,0,0,0
1764,2025-03-25,Mobile,1,1,1,1,0
1765,2025-07-30,Desktop,1,1,0,0,0
1766,2025-05-27,Mobile,1,1,0,0,0
1767,2025-03-12,Desktop,1,0,0,0,0
1768,2025-10-27,Mobile,1,0,0,0,0
1769,2025-05-09,Mobile,1,0,0,0,0
1770,2025-06-19,Desktop,1,0,0,0,0
1771,2025-03-21,Mobile,1,0,0,0,0
1772,2025-09-23,Mobile,1,1,1,0,0
1773,2025-09-21,Mobile,1,1,0,0,0
1774,2025-06-05,Mobile,1,1,0,0,0
1775,2025-01-25,Mobile,1,1,1,0,0
1776,2025-06-10,Mobile,1,1,0,0,0
1777,2025-03-25,Mobile,1,1,0,0,0
1778,2025-07-22,Desktop,1,1,1,1,1
1779,2025-02-04,Mobile,1,1,0,0,0
1780,2025-08-12,Tablet,1,0,0,0,0
1781,2025-09-21,Mobile,1,1,1,1,0
1782,2025-03-27,Desktop,1,1,1,1,0
1783,2025-03-17,Mobile,1,1,0,0,0
1784,2025-02-03,Desktop,1,1,1,0,0
1785,2025-06-03,Desktop,1,1,1,1,1
1786,2025-04-23,Mobile,1,0,0,0,0
1787,2025-11-01,Desktop,1,1,0,0,0
1788,2025-05-28,Desktop,1,1,0,0,0
1789,2025-07-28,Mobile,1,1,1,1,0
1790,2025-06-04,Tablet,1,1,1,1,1
1791,2025-10-16,Mobile,1,1,0,0,0
1792,2025-03-07,Mobile,1,1,1,0,0
1793,2025-06-11,Desktop,1,1,1,1,1
1794,2025-03-08,Mobile,1,1,1,1,1
1795,2025-12-02,Mobile,1,1,1,1,1
1796,2025-10-04,Desktop,1,0,0,0,0
1797,2025-02-16,Mobile,1,1,1,1,0
1798,2025-07-12,Desktop,1,1,1,1,0
1799,2025-06-15,Desktop,1,1,1,1,1
1800,2025-07-13,Mobile,1,1,0,0,0
1801,2025-07-02,Mobile,1,1,0,0,0
1802,2025-05-22,Mobile,1,1,0,0,0
1803,2025-02-07,Mobile,1,1,0,0,0
1804,2025-10-16,Desktop,1,1,0,0,0
1805,2025-05-04,Mobile,1,0,0,0,0
1806,2025-09-14,Desktop,1,1,0,0,0
1807,2025-11-08,Tablet,1,0,0,0,0
1808,2025-11-29,Desktop,1,1,0,0,0
1809,2025-03-13,Tablet,1,1,1,1,1
1810,2025-07-03,Mobile,1,1,0,0,0
1811,2025-07-27,Mobile,1,1,0,0,0
1812,2025-03-21,Mobile,1,0,0,0,0
1813,2025-11-13,Mobile,1,1,0,0,0
1814,2025-01-02,Desktop,1,1,0,0,0
1815,2025-12-23,Mobile,1,1,0,0,0
1816,2025-12-01,Mobile,1,0,0,0,0
1817,2025-06-23,Desktop,1,0,0,0,0
1818,2025-08-09,Mobile,1,1,0,0,0
1819,2025-11-11,Mobile,1,0,0,0,0
1820,2025-04-05,Mobile,1,1,0,0,0
1821,2025-01-08,Mobile,1,1,0,0,0
1822,2025-08-06,Mobile,1,0,0,0,0
1823,2025-07-14,Tablet,1,1,0,0,0
1824,2025-11-28,Desktop,1,1,0,0,0
1825,2025-09-24,Desktop,1,1,1,0,0
1826,2025-07-08,Mobile,1,1,0,0,0
1827,2025-06-13,Mobile,1,1,1,0,0
1828,2025-08-10,Mobile,1,1,0,0,0
1829,2025-11-29,Mobile,1,0,0,0,0
1830,2025-12-11,Desktop,1,1,1,1,1
1831,2025-07-27,Mobile,1,1,0,0,0
1832,2025-07-15,Desktop,1,1,0,0,0
1833,2025-03-13,Mobile,1,1,0,0,0
1834,2025-04-01,Desktop,1,1,0,0,0
1835,2025-11-24,Mobile,1,1,1,0,0
1836,2025-03-08,Desktop,1,0,0,0,0
1837,2025-12-03,Desktop,1,1,0,0,0
1838,2025-10-29,Desktop,1,1,1,1,0
1839,2025-11-17,Desktop,1,1,0,0,0
1840,2025-08-14,Mobile,1,0,0,0,0
1841,2025-09-21,Desktop,1,1,1,1,0
1842,2025-08-10,Tablet,1,1,0,0,0
1843,2025-02-14,Desktop,1,1,0,0,0
1844,2025-01-09,Tablet,1,1,0,0,0
1845,2025-09-28,Mobile,1,1,0,0,0
1846,2025-08-23,Mobile,1,1,1,1,0
1847,2025-06-11,Tablet,1,1,0,0,0
1848,2025-10-18,Mobile,1,1,0,0,0
1849,2025-11-06,Mobile,1,1,1,1,1
1850,2025-05-07,Mobile,1,1,1,0,0
1851,2025-11-19,Mobile,1,1,1,1,0
1852,2025-02-03,Desktop,1,1,1,1,1
1853,2025-04-26,Desktop,1,0,0,0,0
1854,2025-01-25,Mobile,1,1,1,1,0
1855,2025-09-20,Mobile,1,1,0,0,0
1856,2025-07-28,Desktop,1,1,0,0,0
1857,2025-09-24,Mobile,1,1,1,1,1
1858,2025-10-18,Mobile,1,0,0,0,0
1859,2025-09-22,Mobile,1,1,0,0,0
1860,2025-04-04,Desktop,1,1,0,0,0
1861,2025-07-05,Desktop,1,0,0,0,0
1862,2025-03-06,Desktop,1,1,1,1,0
1863,2025-03-17,Tablet,1,1,0,0,0
1864,2025-09-21,Mobile,1,0,0,0,0
1865,2025-12-26,Mobile,1,1,1,0,0
1866,2025-02-03,Mobile,1,1,1,0,0
1867,2025-02-04,Mobile,1,1,0,0,0
1868,2025-12-12,Mobile,1,1,0,0,0
1869,2025-03-05,Mobile,1,1,1,1,0
1870,2025-06-30,Mobile,1,1,1,1,1
1871,2025-09-02,Mobile,1,1,0,0,0
1872,2025-02-26,Tablet,1,1,0,0,0
1873,2025-05-29,Desktop,1,1,1,1,0
1874,2025-09-03,Tablet,1,0,0,0,0
1875,2025-04-03,Mobile,1,1,0,0,0
1876,2025-11-12,Mobile,1,1,0,0,0
1877,2025-01-03,Tablet,1,1,1,1,1
1878,2025-05-23,Tablet,1,1,0,0,0
1879,2025-06-19,Mobile,1,1,0,0,0
1880,2025-04-03,Mobile,1,1,0,0,0
1881,2025-08-05,Mobile,1,0,0,0,0
1882,2025-11-24,Desktop,1,1,0,0,0
1883,2025-10-26,Mobile,1,1,1,1,1
1884,2025-12-27,Desktop,1,1,0,0,0
1885,2025-01-01,Desktop,1,1,0,0,0
1886,2025-06-26,Mobile,1,1,0,0,0
1887,2025-04-09,Mobile,1,1,0,0,0
1888,2025-03-01,Mobile,1,1,0,0,0
1889,2025-09-08,Desktop,1,1,0,0,0
1890,2025-04-25,Mobile,1,1,0,0,0
1891,2025-11-24,Mobile,1,1,1,0,0
1892,2025-02-21,Mobile,1,1,1,1,0
1893,2025-02-18,Tablet,1,1,0,0,0
1894,2025-06-12,Desktop,1,1,1,1,1
1895,2025-10-24,Mobile,1,1,0,0,0
1896,2025-11-26,Tablet,1,1,1,0,0
1897,2025-06-22,Tablet,1,1,0,0,0
1898,2025-05-17,Mobile,1,1,0,0,0
1899,2025-10-01,Mobile,1,1,0,0,0
1900,2025-12-31,Desktop,1,1,0,0,0
1901,2025-10-14,Desktop,1,1,1,1,1
1902,2025-03-13,Desktop,1,0,0,0,0
1903,2025-05-30,Mobile,1,1,1,0,0
1904,2025-11-08,Mobile,1,1,1,1,0
1905,2025-10-12,Mobile,1,1,0,0,0
1906,2025-10-12,Mobile,1,1,0,0,0
1907,2025-09-17,Desktop,1,1,0,0,0
1908,2025-10-26,Mobile,1,1,0,0,0
1909,2025-06-16,Mobile,1,1,0,0,0
1910,2025-08-02,Desktop,1,0,0,0,0
1911,2025-09-08,Mobile,1,1,1,1,0
1912,2025-05-11,Mobile,1,1,0,0,0
1913,2025-12-23,Mobile,1,0,0,0,0
1914,2025-07-27,Mobile,1,1,1,1,0
1915,2025-03-28,Desktop,1,1,0,0,0
1916,2025-07-25,Desktop,1,1,0,0,0
1917,2025-05-06,Desktop,1,1,0,0,0
1918,2025-01-04,Desktop,1,1,0,0,0
1919,2025-12-09,Desktop,1,1,1,1,1
1920,2025-09-08,Mobile,1,1,0,0,0
1921,2025-11-04,Mobile,1,1,1,1,0
1922,2025-03-13,Desktop,1,1,1,1,1
1923,2025-11-23,Mobile,1,1,0,0,0
1924,2025-03-25,Mobile,1,1,0,0,0
1925,2025-12-01,Mobile,1,1,1,1,0
1926,2025-06-16,Mobile,1,1,0,0,0
1927,2025-10-27,Mobile,1,1,0,0,0
1928,2025-02-27,Desktop,1,1,0,0,0
1929,2025-10-01,Mobile,1,0,0,0,0
1930,2025-06-14,Desktop,1,0,0,0,0
1931,2025-06-05,Mobile,1,1,0,0,0
1932,2025-07-31,Mobile,1,1,0,0,0
1933,2025-05-14,Mobile,1,1,0,0,0
1934,2025-08-04,Mobile,1,1,1,1,1
1935,2025-01-19,Mobile,1,1,0,0,0
1936,2025-05-28,Mobile,1,0,0,0,0
1937,2025-01-08,Mobile,1,1,0,0,0
1938,2025-10-29,Mobile,1,1,1,1,1
1939,2025-08-14,Desktop,1,1,0,0,0
1940,2025-10-24,Mobile,1,0,0,0,0
1941,2025-10-15,Desktop,1,1,1,1,1
1942,2025-04-12,Tablet,1,1,0,0,0
1943,2025-05-30,Mobile,1,1,1,0,0
1944,2025-02-07,Tablet,1,1,0,0,0
1945,2025-02-09,Mobile,1,1,0,0,0
1946,2025-11-27,Mobile,1,0,0,0,0
1947,2025-06-25,Mobile,1,1,0,0,0
1948,2025-03-26,Mobile,1,1,0,0,0
1949,2025-04-02,Tablet,1,0,0,0,0
1950,2025-02-25,Mobile,1,1,0,0,0
1951,2025-01-23,Mobile,1,1,0,0,0
1952,2025-07-07,Desktop,1,1,0,0,0
1953,2025-05-07,Mobile,1,1,0,0,0
1954,2025-12-10,Tablet,1,0,0,0,0
1955,2025-06-23,Mobile,1,1,0,0,0
1956,2025-03-22,Mobile,1,1,0,0,0
1957,2025-03-22,Mobile,1,1,0,0,0
1958,2025-05-24,Mobile,1,0,0,0,0
1959,2025-08-04,Mobile,1,1,1,0,0
1960,2025-01-13,Mobile,1,1,0,0,0
1961,2025-04-01,Mobile,1,1,1,0,0
1962,2025-11-11,Desktop,1,0,0,0,0
1963,2025-07-10,Mobile,1,1,0,0,0
1964,2025-10-20,Mobile,1,1,0,0,0
1965,2025-10-10,Mobile,1,1,0,0,0
1966,2025-10-19,Tablet,1,1,0,0,0
1967,2025-02-11,Mobile,1,1,1,1,1
1968,2025-11-06,Tablet,1,1,0,0,0
1969,2025-08-17,Desktop,1,1,0,0,0
1970,2025-03-06,Desktop,1,1,0,0,0
1971,2025-08-22,Mobile,1,1,1,1,1
1972,2025-03-07,Mobile,1,0,0,0,0
1973,2025-11-23,Mobile,1,1,1,1,1
1974,2025-01-09,Mobile,1,1,0,0,0
1975,2025-08-23,Tablet,1,1,1,0,0
1976,2025-01-26,Mobile,1,1,0,0,0
1977,2025-08-18,Mobile,1,1,1,1,0
1978,2025-12-26,Mobile,1,1,1,1,0
1979,2025-05-31,Mobile,1,1,1,1,1
1980,2025-08-19,Mobile,1,0,0,0,0
1981,2025-01-31,Mobile,1,0,0,0,0
1982,2025-12-30,Mobile,1,1,0,0,0
1983,2025-01-29,Mobile,1,1,0,0,0
1984,2025-08-31,Mobile,1,0,0,0,0
1985,2025-03-31,Mobile,1,1,0,0,0
1986,2025-04-23,Mobile,1,0,0,0,0
1987,2025-08-12,Desktop,1,1,1,1,1
1988,2025-12-07,Mobile,1,1,1,1,1
1989,2025-05-26,Mobile,1,1,1,0,0
1990,2025-12-25,Desktop,1,1,0,0,0
1991,2025-12-12,Desktop,1,1,0,0,0
1992,2025-05-26,Desktop,1,1,1,1,1
1993,2025-02-08,Mobile,1,0,0,0,0
1994,2025-08-14,Tablet,1,1,0,0,0
1995,2025-11-12,Desktop,1,1,0,0,0
1996,2025-05-11,Mobile,1,1,1,1,1
1997,2025-05-26,Mobile,1,1,0,0,0
1998,2025-06-03,Mobile,1,1,0,0,0
1999,2025-09-13,Mobile,1,1,0,0,0
2000,2025-08-18,Mobile,1,1,1,1,0
2001,2025-09-03,Mobile,1,1,1,1,0
2002,2025-01-12,Tablet,1,1,1,1,0
2003,2025-04-06,Mobile,1,1,1,1,0
2004,2025-05-06,Desktop,1,1,0,0,0
2005,2025-02-11,Mobile,1,1,1,1,0
2006,2025-03-04,Desktop,1,1,0,0,0
2007,2025-12-31,Mobile,1,1,0,0,0
2008,2025-02-24,Mobile,1,1,0,0,0
2009,2025-07-12,Desktop,1,0,0,0,0
2010,2025-01-24,Mobile,1,1,0,0,0
2011,2025-02-18,Desktop,1,1,1,1,1
2012,2025-12-14,Mobile,1,1,0,0,0
2013,2025-04-03,Mobile,1,1,0,0,0
2014,2025-09-12,Mobile,1,0,0,0,0
2015,2025-05-16,Mobile,1,1,0,0,0
2016,2025-11-14,Mobile,1,1,1,1,1
2017,2025-06-24,Desktop,1,1,0,0,0
2018,2025-04-02,Desktop,1,1,0,0,0
2019,2025-05-23,Mobile,1,1,0,0,0
2020,2025-01-16,Desktop,1,1,0,0,0
2021,2025-11-09,Mobile,1,1,0,0,0
2022,2025-11-11,Mobile,1,1,1,0,0
2023,2025-12-21,Mobile,1,1,1,1,0
2024,2025-03-31,Desktop,1,1,0,0,0
2025,2025-05-09,Mobile,1,1,1,1,0
2026,2025-11-21,Desktop,1,0,0,0,0
2027,2025-09-02,Mobile,1,1,0,0,0
2028,2025-04-14,Tablet,1,1,0,0,0
2029,2025-06-22,Desktop,1,0,0,0,0
2030,2025-05-19,Mobile,1,0,0,0,0
2031,2025-03-30,Mobile,1,1,1,1,0
2032,2025-12-15,Mobile,1,1,0,0,0
2033,2025-01-24,Mobile,1,0,0,0,0
2034,2025-03-17,Tablet,1,1,1,1,1
2035,2025-01-08,Mobile,1,1,0,0,0
2036,2025-02-15,Desktop,1,1,1,1,0
2037,2025-08-09,Mobile,1,1,0,0,0
2038,2025-11-26,Desktop,1,1,1,1,0
2039,2025-01-13,Desktop,1,1,0,0,0
2040,2025-08-01,Mobile,1,1,0,0,0
2041,2025-01-02,Desktop,1,1,0,0,0
2042,2025-02-03,Mobile,1,0,0,0,0
2043,2025-11-01,Desktop,1,0,0,0,0
2044,2025-06-01,Mobile,1,1,0,0,0
2045,2025-02-16,Desktop,1,0,0,0,0
2046,2025-12-13,Mobile,1,1,0,0,0
2047,2025-11-12,Desktop,1,1,0,0,0
2048,2025-02-21,Desktop,1,1,0,0,0
2049,2025-03-28,Desktop,1,1,1,1,1
2050,2025-04-06,Mobile,1,1,1,1,0
2051,2025-01-06,Mobile,1,0,0,0,0
2052,2025-01-21,Desktop,1,1,1,1,0
2053,2025-03-03,Desktop,1,1,1,1,1
2054,2025-12-29,Mobile,1,1,1,1,0
2055,2025-10-06,Mobile,1,1,0,0,0
2056,2025-10-18,Desktop,1,1,0,0,0
2057,2025-03-02,Mobile,1,1,1,1,1
2058,2025-09-07,Mobile,1,0,0,0,0
2059,2025-05-17,Mobile,1,1,0,0,0
2060,2025-02-22,Mobile,1,1,1,1,0
2061,2025-11-08,Desktop,1,1,1,1,0
2062,2025-10-03,Mobile,1,1,0,0,0
2063,2025-07-30,Mobile,1,1,0,0,0
2064,2025-07-13,Desktop,1,1,0,0,0
2065,2025-01-23,Mobile,1,1,0,0,0
2066,2025-09-28,Mobile,1,0,0,0,0
2067,2025-04-27,Mobile,1,1,1,0,0
2068,2025-12-23,Mobile,1,1,1,1,1
2069,2025-10-10,Mobile,1,1,0,0,0
2070,2025-07-10,Desktop,1,0,0,0,0
2071,2025-01-06,Desktop,1,1,1,1,1
2072,2025-12-03,Desktop,1,1,1,1,0
2073,2025-08-22,Desktop,1,0,0,0,0
2074,2025-03-18,Desktop,1,0,0,0,0
2075,2025-09-15,Desktop,1,1,0,0,0
2076,2025-05-26,Mobile,1,1,0,0,0
2077,2025-02-10,Mobile,1,1,0,0,0
2078,2025-03-25,Mobile,1,0,0,0,0
2079,2025-04-06,Tablet,1,1,1,1,1
2080,2025-12-19,Mobile,1,1,1,1,0
2081,2025-07-22,Desktop,1,1,0,0,0
2082,2025-10-22,Mobile,1,1,1,0,0
2083,2025-01-18,Mobile,1,1,0,0,0
2084,2025-03-05,Mobile,1,1,0,0,0
2085,2025-02-25,Mobile,1,1,1,1,0
2086,2025-04-12,Mobile,1,0,0,0,0
2087,2025-12-17,Desktop,1,1,1,1,1
2088,2025-11-12,Desktop,1,1,0,0,0
2089,2025-03-07,Mobile,1,1,0,0,0
2090,2025-04-22,Mobile,1,0,0,0,0
2091,2025-10-07,Desktop,1,1,0,0,0
2092,2025-04-21,Mobile,1,1,1,1,1
2093,2025-11-14,Desktop,1,1,1,1,0
2094,2025-12-27,Mobile,1,1,1,1,1
2095,2025-07-31,Mobile,1,1,0,0,0
2096,2025-05-06,Desktop,1,1,1,1,1
2097,2025-03-06,Desktop,1,1,0,0,0
2098,2025-07-18,Mobile,1,1,0,0,0
2099,2025-11-29,Mobile,1,1,0,0,0
2100,2025-06-17,Mobile,1,1,1,1,0
2101,2025-10-25,Mobile,1,1,0,0,0
2102,2025-04-19,Desktop,1,1,1,1,1
2103,2025-08-09,Tablet,1,1,1,1,1
2104,2025-10-05,Desktop,1,1,0,0,0
2105,2025-01-24,Desktop,1,1,1,1,1
2106,2025-07-07,Mobile,1,1,0,0,0
2107,2025-09-03,Mobile,1,1,0,0,0
2108,2025-07-30,Desktop,1,0,0,0,0
2109,2025-06-27,Desktop,1,1,1,1,0
2110,2025-06-21,Mobile,1,0,0,0,0
2111,2025-04-30,Mobile,1,0,0,0,0
2112,2025-09-20,Mobile,1,1,0,0,0
2113,2025-10-24,Mobile,1,0,0,0,0
2114,2025-10-10,Desktop,1,0,0,0,0
2115,2025-11-14,Mobile,1,1,0,0,0
2116,2025-07-13,Desktop,1,0,0,0,0
2117,2025-07-12,Mobile,1,1,1,1,1
2118,2025-11-08,Desktop,1,1,1,1,1
2119,2025-02-15,Desktop,1,1,0,0,0
2120,2025-02-19,Desktop,1,0,0,0,0
2121,2025-11-04,Tablet,1,1,1,1,1
2122,2025-07-24,Desktop,1,1,0,0,0
2123,2025-07-25,Mobile,1,1,0,0,0
2124,2025-03-19,Mobile,1,0,0,0,0
2125,2025-03-08,Mobile,1,1,0,0,0
2126,2025-08-19,Mobile,1,1,0,0,0
2127,2025-09-16,Desktop,1,0,0,0,0
2128,2025-12-13,Desktop,1,1,1,1,1
2129,2025-02-10,Desktop,1,1,0,0,0
2130,2025-07-16,Desktop,1,1,0,0,0
2131,2025-08-25,Desktop,1,0,0,0,0
2132,2025-09-19,Mobile,1,0,0,0,0
2133,2025-04-09,Desktop,1,0,0,0,0
2134,2025-07-15,Mobile,1,0,0,0,0
2135,2025-06-15,Desktop,1,1,1,1,1
2136,2025-04-21,Mobile,1,0,0,0,0
2137,2025-07-05,Desktop,1,1,0,0,0
2138,2025-02-01,Mobile,1,1,0,0,0
2139,2025-05-07,Desktop,1,1,0,0,0
2140,2025-10-26,Desktop,1,0,0,0,0
2141,2025-12-15,Desktop,1,1,1,1,1
2142,2025-05-26,Desktop,1,1,1,1,1
2143,2025-09-20,Mobile,1,1,1,0,0
2144,2025-03-01,Mobile,1,1,0,0,0
2145,2025-05-20,Mobile,1,1,0,0,0
2146,2025-04-20,Mobile,1,1,0,0,0
2147,2025-06-23,Mobile,1,1,0,0,0
2148,2025-06-18,Tablet,1,1,1,1,0
2149,2025-10-30,Mobile,1,1,0,0,0
2150,2025-06-17,Mobile,1,1,0,0,0
2151,2025-08-01,Mobile,1,1,1,1,0
2152,2025-09-03,Tablet,1,1,0,0,0
2153,2025-04-28,Desktop,1,1,0,0,0
2154,2025-10-03,Mobile,1,1,0,0,0
2155,2025-10-27,Desktop,1,1,1,1,1
2156,2025-02-20,Mobile,1,0,0,0,0
2157,2025-06-19,Desktop,1,0,0,0,0
2158,2025-12-25,Mobile,1,0,0,0,0
2159,2025-11-28,Mobile,1,0,0,0,0
2160,2025-06-08,Tablet,1,0,0,0,0
2161,2025-07-18,Desktop,1,1,0,0,0
2162,2025-03-21,Tablet,1,1,0,0,0
2163,2025-10-10,Desktop,1,1,0,0,0
2164,2025-01-27,Mobile,1,1,0,0,0
2165,2025-04-26,Mobile,1,1,1,1,1
2166,2025-09-14,Desktop,1,0,0,0,0
2167,2025-04-13,Mobile,1,1,1,0,0
2168,2025-05-19,Desktop,1,1,0,0,0
2169,2025-10-03,Mobile,1,1,1,1,0
2170,2025-02-14,Mobile,1,0,0,0,0
2171,2025-03-29,Mobile,1,1,0,0,0
2172,2025-03-17,Mobile,1,1,0,0,0
2173,2025-11-24,Desktop,1,1,0,0,0
2174,2025-08-03,Mobile,1,1,0,0,0
2175,2025-02-16,Mobile,1,1,1,1,1
2176,2025-06-20,Mobile,1,0,0,0,0
2177,2025-06-28,Tablet,1,1,0,0,0
2178,2025-09-28,Mobile,1,1,0,0,0
2179,2025-08-19,Mobile,1,1,1,0,0
2180,2025-09-19,Mobile,1,1,0,0,0
2181,2025-02-09,Mobile,1,1,1,1,0
2182,2025-05-07,Desktop,1,0,0,0,0
2183,2025-03-13,Desktop,1,1,0,0,0
2184,2025-09-11,Mobile,1,0,0,0,0
2185,2025-04-27,Mobile,1,0,0,0,0
2186,2025-06-15,Mobile,1,0,0,0,0
2187,2025-05-29,Mobile,1,1,1,1,1
2188,2025-09-02,Tablet,1,0,0,0,0
2189,2025-06-16,Mobile,1,1,1,1,0
2190,2025-07-12,Desktop,1,0,0,0,0
2191,2025-11-24,Mobile,1,0,0,0,0
2192,2025-05-25,Desktop,1,1,1,0,0
2193,2025-01-01,Mobile,1,1,0,0,0
2194,2025-09-18,Desktop,1,1,0,0,0
2195,2025-10-21,Desktop,1,1,0,0,0
2196,2025-01-02,Mobile,1,1,1,0,0
2197,2025-08-16,Mobile,1,1,0,0,0
2198,2025-11-24,Mobile,1,1,0,0,0
2199,2025-07-27,Desktop,1,0,0,0,0
2200,2025-02-04,Mobile,1,1,0,0,0
2201,2025-01-04,Desktop,1,1,1,1,0
2202,2025-10-22,Mobile,1,1,0,0,0
2203,2025-08-17,Desktop,1,0,0,0,0
2204,2025-12-26,Desktop,1,1,0,0,0
2205,2025-10-12,Mobile,1,0,0,0,0
2206,2025-10-11,Desktop,1,1,1,1,0
2207,2025-05-24,Desktop,1,1,0,0,0
2208,2025-10-08,Desktop,1,1,0,0,0
2209,2025-08-03,Mobile,1,1,0,0,0
2210,2025-08-24,Mobile,1,0,0,0,0
2211,2025-04-29,Mobile,1,1,0,0,0
2212,2025-02-05,Mobile,1,1,1,1,0
2213,2025-09-20,Desktop,1,1,0,0,0
2214,2025-03-31,Desktop,1,1,0,0,0
2215,2025-05-23,Mobile,1,1,1,1,0
2216,2025-07-19,Mobile,1,1,1,1,1
2217,2025-09-16,Mobile,1,1,0,0,0
2218,2025-10-23,Tablet,1,1,0,0,0
2219,2025-09-03,Tablet,1,1,0,0,0
2220,2025-09-18,Desktop,1,1,0,0,0
2221,2025-01-04,Mobile,1,1,0,0,0
2222,2025-06-28,Desktop,1,0,0,0,0
2223,2025-12-07,Mobile,1,1,0,0,0
2224,2025-12-24,Desktop,1,0,0,0,0
2225,2025-02-27,Mobile,1,0,0,0,0
2226,2025-07-16,Mobile,1,1,0,0,0
2227,2025-02-16,Mobile,1,1,1,1,1
2228,2025-12-26,Desktop,1,1,0,0,0
2229,2025-09-07,Mobile,1,1,0,0,0
2230,2025-08-18,Tablet,1,0,0,0,0
2231,2025-12-13,Desktop,1,1,1,1,1
2232,2025-09-14,Tablet,1,1,0,0,0
2233,2025-12-09,Mobile,1,1,1,0,0
2234,2025-04-13,Tablet,1,1,0,0,0
2235,2025-06-04,Mobile,1,1,0,0,0
2236,2025-10-29,Desktop,1,1,0,0,0
2237,2025-11-24,Mobile,1,0,0,0,0
2238,2025-04-12,Desktop,1,1,0,0,0
2239,2025-11-02,Desktop,1,1,0,0,0
2240,2025-04-13,Mobile,1,1,1,0,0
2241,2025-12-17,Mobile,1,0,0,0,0
2242,2025-05-22,Desktop,1,1,0,0,0
2243,2025-01-15,Mobile,1,0,0,0,0
2244,2025-06-01,Desktop,1,0,0,0,0
2245,2025-07-20,Mobile,1,1,0,0,0
2246,2025-04-23,Mobile,1,1,0,0,0
2247,2025-02-26,Desktop,1,1,1,0,0
2248,2025-10-07,Mobile,1,1,0,0,0
2249,2025-10-31,Desktop,1,1,0,0,0
2250,2025-11-19,Mobile,1,1,0,0,0
2251,2025-08-17,Mobile,1,1,1,0,0
2252,2025-03-20,Mobile,1,1,0,0,0
2253,2025-11-25,Desktop,1,1,0,0,0
2254,2025-01-18,Mobile,1,0,0,0,0
2255,2025-01-06,Mobile,1,1,1,0,0
2256,2025-04-26,Mobile,1,1,0,0,0
2257,2025-02-01,Mobile,1,1,0,0,0
2258,2025-02-27,Mobile,1,1,0,0,0
2259,2025-02-13,Desktop,1,0,0,0,0
2260,2025-08-11,Mobile,1,1,0,0,0
2261,2025-12-29,Mobile,1,1,0,0,0
2262,2025-02-01,Desktop,1,0,0,0,0
2263,2025-05-14,Mobile,1,1,1,1,0
2264,2025-02-14,Mobile,1,1,0,0,0
2265,2025-01-13,Desktop,1,1,0,0,0
2266,2025-01-08,Desktop,1,1,1,1,0
2267,2025-05-01,Mobile,1,0,0,0,0
2268,2025-09-25,Desktop,1,1,0,0,0
2269,2025-08-31,Mobile,1,1,0,0,0
2270,2025-12-17,Desktop,1,0,0,0,0
2271,2025-03-31,Desktop,1,1,0,0,0
2272,2025-11-08,Mobile,1,1,0,0,0
2273,2025-09-08,Mobile,1,1,0,0,0
2274,2025-06-07,Mobile,1,1,1,1,0
2275,2025-10-16,Desktop,1,1,0,0,0
2276,2025-12-18,Mobile,1,0,0,0,0
2277,2025-11-23,Mobile,1,0,0,0,0
2278,2025-10-21,Mobile,1,1,0,0,0
2279,2025-07-31,Desktop,1,0,0,0,0
2280,2025-04-20,Mobile,1,1,1,1,1
2281,2025-02-08,Mobile,1,1,1,1,0
2282,2025-04-29,Tablet,1,1,1,1,1
2283,2025-11-28,Desktop,1,1,0,0,0
2284,2025-12-30,Mobile,1,1,0,0,0
2285,2025-12-26,Mobile,1,0,0,0,0
2286,2025-06-01,Mobile,1,0,0,0,0
2287,2025-02-03,Desktop,1,1,0,0,0
2288,2025-10-03,Desktop,1,1,1,1,1
2289,2025-06-24,Mobile,1,1,0,0,0
2290,2025-06-19,Desktop,1,1,1,0,0
2291,2025-12-05,Desktop,1,0,0,0,0
2292,2025-12-08,Mobile,1,0,0,0,0
2293,2025-04-29,Desktop,1,1,0,0,0
2294,2025-05-14,Mobile,1,0,0,0,0
2295,2025-01-12,Mobile,1,1,1,1,1
2296,2025-02-18,Mobile,1,1,1,1,0
2297,2025-08-12,Mobile,1,0,0,0,0
2298,2025-08-15,Desktop,1,1,0,0,0
2299,2025-04-28,Desktop,1,1,1,0,0
2300,2025-07-20,Desktop,1,1,1,1,1
2301,2025-07-31,Mobile,1,1,0,0,0
2302,2025-03-20,Mobile,1,1,1,0,0
2303,2025-10-20,Desktop,1,0,0,0,0
2304,2025-12-18,Desktop,1,1,1,1,1
2305,2025-06-30,Desktop,1,1,0,0,0
2306,2025-02-08,Mobile,1,0,0,0,0
2307,2025-09-30,Desktop,1,0,0,0,0
2308,2025-05-27,Mobile,1,1,0,0,0
2309,2025-08-02,Mobile,1,0,0,0,0
2310,2025-07-12,Mobile,1,1,1,1,0
2311,2025-07-08,Mobile,1,1,1,1,0
2312,2025-03-03,Desktop,1,1,0,0,0
2313,2025-08-29,Tablet,1,1,1,1,1
2314,2025-06-09,Mobile,1,0,0,0,0
2315,2025-05-12,Mobile,1,1,1,1,1
2316,2025-04-14,Desktop,1,1,0,0,0
2317,2025-11-30,Mobile,1,1,0,0,0
2318,2025-02-14,Mobile,1,1,1,1,1
2319,2025-09-17,Desktop,1,1,1,1,1
2320,2025-05-20,Mobile,1,1,0,0,0
2321,2025-01-25,Mobile,1,1,0,0,0
2322,2025-03-08,Mobile,1,1,1,1,1
2323,2025-12-05,Mobile,1,0,0,0,0
2324,2025-11-17,Mobile,1,1,1,0,0
2325,2025-10-07,Desktop,1,1,0,0,0
2326,2025-01-12,Mobile,1,1,0,0,0
2327,2025-08-04,Desktop,1,0,0,0,0
2328,2025-12-05,Mobile,1,1,1,1,1
2329,2025-03-27,Mobile,1,1,0,0,0
2330,2025-02-13,Desktop,1,1,1,1,1
2331,2025-06-13,Desktop,1,1,1,1,0
2332,2025-12-18,Mobile,1,0,0,0,0
2333,2025-02-02,Desktop,1,1,1,0,0
2334,2025-04-23,Mobile,1,0,0,0,0
2335,2025-12-06,Desktop,1,1,1,1,1
2336,2025-11-23,Mobile,1,0,0,0,0
2337,2025-10-12,Mobile,1,1,1,0,0
2338,2025-11-22,Mobile,1,1,1,0,0
2339,2025-10-25,Desktop,1,0,0,0,0
2340,2025-01-09,Desktop,1,1,0,0,0
2341,2025-11-24,Mobile,1,1,1,1,1
2342,2025-08-05,Desktop,1,1,0,0,0
2343,2025-12-14,Mobile,1,1,0,0,0
2344,2025-03-20,Mobile,1,1,0,0,0
2345,2025-08-23,Mobile,1,1,1,0,0
2346,2025-04-27,Desktop,1,1,0,0,0
2347,2025-03-10,Mobile,1,0,0,0,0
2348,2025-05-29,Mobile,1,1,0,0,0
2349,2025-08-05,Mobile,1,0,0,0,0
2350,2025-07-11,Desktop,1,1,0,0,0
2351,2025-04-13,Desktop,1,0,0,0,0
2352,2025-08-18,Mobile,1,1,0,0,0
2353,2025-11-30,Mobile,1,1,1,1,1
2354,2025-11-20,Mobile,1,0,0,0,0
2355,2025-07-26,Desktop,1,1,0,0,0
2356,2025-02-10,Desktop,1,1,1,1,1
2357,2025-04-18,Desktop,1,0,0,0,0
2358,2025-07-27,Mobile,1,1,1,1,1
2359,2025-02-20,Desktop,1,1,0,0,0
2360,2025-09-19,Mobile,1,0,0,0,0
2361,2025-10-12,Mobile,1,1,0,0,0
2362,2025-03-08,Mobile,1,1,1,0,0
2363,2025-05-16,Mobile,1,1,0,0,0
2364,2025-11-28,Desktop,1,1,0,0,0
2365,2025-06-19,Desktop,1,1,0,0,0
2366,2025-02-15,Tablet,1,1,0,0,0
2367,2025-12-31,Desktop,1,1,0,0,0
2368,2025-08-21,Desktop,1,1,0,0,0
2369,2025-11-08,Desktop,1,1,1,1,0
2370,2025-11-21,Tablet,1,1,0,0,0
2371,2025-07-02,Mobile,1,1,1,1,0
2372,2025-11-02,Desktop,1,1,0,0,0
2373,2025-08-15,Desktop,1,0,0,0,0
2374,2025-10-03,Mobile,1,1,0,0,0
2375,2025-07-06,Desktop,1,0,0,0,0
2376,2025-10-13,Mobile,1,1,1,1,1
2377,2025-11-08,Mobile,1,1,0,0,0
2378,2025-01-02,Mobile,1,1,1,1,1
2379,2025-07-24,Desktop,1,0,0,0,0
2380,2025-11-02,Mobile,1,1,0,0,0
2381,2025-12-02,Desktop,1,1,1,1,0
2382,2025-10-11,Mobile,1,0,0,0,0
2383,2025-04-17,Mobile,1,1,0,0,0
2384,2025-04-14,Mobile,1,1,1,1,0
2385,2025-02-28,Desktop,1,0,0,0,0
2386,2025-01-16,Mobile,1,1,0,0,0
2387,2025-05-28,Mobile,1,1,1,1,0
2388,2025-12-29,Desktop,1,0,0,0,0
2389,2025-07-14,Mobile,1,1,0,0,0
2390,2025-11-25,Desktop,1,1,1,1,0
2391,2025-08-04,Mobile,1,1,0,0,0
2392,2025-05-04,Mobile,1,1,0,0,0
2393,2025-01-02,Desktop,1,1,1,1,0
2394,2025-07-01,Tablet,1,1,1,0,0
2395,2025-10-10,Mobile,1,0,0,0,0
2396,2025-08-13,Mobile,1,1,0,0,0
2397,2025-03-02,Desktop,1,1,0,0,0
2398,2025-03-06,Mobile,1,0,0,0,0
2399,2025-03-09,Desktop,1,0,0,0,0
2400,2025-09-01,Mobile,1,1,0,0,0
2401,2025-02-12,Desktop,1,0,0,0,0
2402,2025-05-05,Mobile,1,1,0,0,0
2403,2025-09-02,Mobile,1,1,0,0,0
2404,2025-08-08,Mobile,1,1,1,0,0
2405,2025-08-25,Desktop,1,1,0,0,0
2406,2025-06-24,Mobile,1,1,1,1,0
2407,2025-07-14,Mobile,1,0,0,0,0
2408,2025-04-14,Mobile,1,1,0,0,0
2409,2025-06-26,Mobile,1,1,1,1,1
2410,2025-10-19,Desktop,1,1,1,1,1
2411,2025-01-12,Mobile,1,1,0,0,0
2412,2025-07-27,Mobile,1,1,0,0,0
2413,2025-04-21,Mobile,1,1,1,1,0
2414,2025-11-15,Mobile,1,1,0,0,0
2415,2025-06-25,Mobile,1,0,0,0,0
2416,2025-09-08,Desktop,1,0,0,0,0
2417,2025-05-28,Desktop,1,1,1,1,1
2418,2025-02-16,Mobile,1,1,1,0,0
2419,2025-06-25,Mobile,1,1,0,0,0
2420,2025-08-21,Mobile,1,1,1,1,0
2421,2025-10-30,Desktop,1,1,0,0,0
2422,2025-10-20,Desktop,1,1,0,0,0
2423,2025-09-22,Desktop,1,1,1,1,1
2424,2025-11-29,Desktop,1,1,0,0,0
2425,2025-02-27,Desktop,1,1,1,1,1
2426,2025-03-22,Mobile,1,1,0,0,0
2427,2025-09-23,Mobile,1,1,0,0,0
2428,2025-04-04,Mobile,1,1,0,0,0
2429,2025-03-21,Mobile,1,1,0,0,0
2430,2025-10-14,Mobile,1,1,0,0,0
2431,2025-02-08,Mobile,1,1,0,0,0
2432,2025-10-30,Mobile,1,0,0,0,0
2433,2025-02-07,Mobile,1,1,0,0,0
2434,2025-07-08,Mobile,1,0,0,0,0
2435,2025-08-27,Mobile,1,1,0,0,0
2436,2025-11-07,Desktop,1,0,0,0,0
2437,2025-08-28,Mobile,1,0,0,0,0
2438,2025-01-20,Mobile,1,1,0,0,0
2439,2025-04-15,Desktop,1,1,1,1,0
2440,2025-08-02,Desktop,1,1,1,1,1
2441,2025-10-04,Mobile,1,1,0,0,0
2442,2025-06-11,Mobile,1,1,1,1,1
2443,2025-08-08,Mobile,1,1,0,0,0
2444,2025-04-03,Mobile,1,1,1,0,0
2445,2025-05-06,Mobile,1,0,0,0,0
2446,2025-06-28,Mobile,1,1,0,0,0
2447,2025-01-27,Tablet,1,1,0,0,0
2448,2025-08-13,Mobile,1,0,0,0,0
2449,2025-08-05,Desktop,1,1,1,1,1
2450,2025-05-27,Desktop,1,1,1,1,1
2451,2025-02-24,Mobile,1,1,0,0,0
2452,2025-06-03,Desktop,1,1,1,1,0
2453,2025-04-18,Mobile,1,1,1,0,0
2454,2025-01-07,Mobile,1,0,0,0,0
2455,2025-12-01,Mobile,1,1,0,0,0
2456,2025-04-01,Tablet,1,1,0,0,0
2457,2025-03-25,Mobile,1,1,1,1,1
2458,2025-11-17,Mobile,1,1,0,0,0
2459,2025-07-17,Mobile,1,1,0,0,0
2460,2025-10-14,Mobile,1,1,1,0,0
2461,2025-02-04,Mobile,1,1,0,0,0
2462,2025-10-27,Mobile,1,0,0,0,0
2463,2025-02-13,Mobile,1,1,1,1,0
2464,2025-06-30,Desktop,1,1,1,1,0
2465,2025-07-13,Mobile,1,1,0,0,0
2466,2025-10-13,Desktop,1,0,0,0,0
2467,2025-09-20,Mobile,1,0,0,0,0
2468,2025-03-06,Mobile,1,1,1,0,0
2469,2025-12-06,Mobile,1,1,1,1,0
2470,2025-07-28,Desktop,1,1,0,0,0
2471,2025-01-26,Mobile,1,1,0,0,0
2472,2025-10-16,Mobile,1,0,0,0,0
2473,2025-04-15,Desktop,1,1,1,1,1
2474,2025-01-12,Mobile,1,1,1,0,0
2475,2025-12-30,Mobile,1,1,0,0,0
2476,2025-05-22,Desktop,1,1,0,0,0
2477,2025-01-30,Mobile,1,1,0,0,0
2478,2025-06-21,Desktop,1,1,1,1,1
2479,2025-03-09,Desktop,1,1,0,0,0
2480,2025-10-04,Tablet,1,1,0,0,0
2481,2025-12-09,Mobile,1,0,0,0,0
2482,2025-06-15,Mobile,1,1,0,0,0
2483,2025-04-25,Mobile,1,1,1,1,1
2484,2025-07-24,Mobile,1,1,0,0,0
2485,2025-09-25,Mobile,1,1,0,0,0
2486,2025-11-06,Mobile,1,1,0,0,0
2487,2025-09-27,Tablet,1,1,0,0,0
2488,2025-04-20,Mobile,1,0,0,0,0
2489,2025-02-05,Desktop,1,0,0,0,0
2490,2025-11-18,Mobile,1,0,0,0,0
2491,2025-04-13,Desktop,1,0,0,0,0
2492,2025-05-28,Mobile,1,0,0,0,0
2493,2025-08-17,Mobile,1,1,1,1,1
2494,2025-01-09,Mobile,1,1,1,1,1
2495,2025-07-04,Mobile,1,1,0,0,0
2496,2025-04-24,Mobile,1,1,1,0,0
2497,2025-10-07,Mobile,1,0,0,0,0
2498,2025-05-13,Mobile,1,1,0,0,0
2499,2025-06-26,Tablet,1,1,0,0,0
2500,2025-10-16,Desktop,1,1,0,0,0
2501,2025-04-03,Mobile,1,1,1,1,0
2502,2025-03-23,Mobile,1,1,0,0,0
2503,2025-02-13,Desktop,1,1,1,1,0
2504,2025-08-24,Desktop,1,0,0,0,0
2505,2025-08-01,Desktop,1,1,0,0,0
2506,2025-03-02,Mobile,1,1,0,0,0
2507,2025-03-26,Mobile,1,1,1,1,0
2508,2025-01-01,Tablet,1,1,1,1,1
2509,2025-09-24,Mobile,1,1,1,1,1
2510,2025-10-01,Mobile,1,0,0,0,0
2511,2025-08-03,Desktop,1,1,0,0,0
2512,2025-05-19,Mobile,1,1,0,0,0
2513,2025-09-25,Mobile,1,1,0,0,0
2514,2025-07-05,Mobile,1,1,0,0,0
2515,2025-05-19,Mobile,1,1,1,1,0
2516,2025-05-14,Desktop,1,1,0,0,0
2517,2025-10-14,Mobile,1,1,1,1,0
2518,2025-12-29,Desktop,1,1,0,0,0
2519,2025-07-19,Mobile,1,1,0,0,0
2520,2025-07-20,Mobile,1,1,0,0,0
2521,2025-03-01,Desktop,1,1,1,0,0
2522,2025-10-09,Desktop,1,1,0,0,0
2523,2025-05-27,Mobile,1,1,1,1,0
2524,2025-01-08,Mobile,1,1,1,1,0
2525,2025-03-21,Mobile,1,1,0,0,0
2526,2025-08-30,Mobile,1,1,0,0,0
2527,2025-05-30,Mobile,1,1,1,1,1
2528,2025-04-12,Mobile,1,1,0,0,0
2529,2025-05-19,Desktop,1,1,0,0,0
2530,2025-01-23,Desktop,1,0,0,0,0
2531,2025-11-04,Mobile,1,1,0,0,0
2532,2025-09-21,Desktop,1,1,1,1,1
2533,2025-08-09,Mobile,1,0,0,0,0
2534,2025-11-25,Mobile,1,0,0,0,0
2535,2025-02-03,Mobile,1,1,0,0,0
2536,2025-01-18,Mobile,1,1,1,0,0
2537,2025-10-20,Mobile,1,0,0,0,0
2538,2025-12-18,Mobile,1,1,0,0,0
2539,2025-12-14,Mobile,1,1,1,1,1
2540,2025-06-14,Desktop,1,0,0,0,0
2541,2025-10-18,Mobile,1,1,0,0,0
2542,2025-04-22,Mobile,1,1,1,0,0
2543,2025-06-25,Mobile,1,0,0,0,0
2544,2025-07-01,Desktop,1,1,1,0,0
2545,2025-04-28,Mobile,1,1,0,0,0
2546,2025-12-11,Desktop,1,1,0,0,0
2547,2025-11-08,Desktop,1,1,0,0,0
2548,2025-04-17,Mobile,1,0,0,0,0
2549,2025-01-12,Mobile,1,1,1,0,0
2550,2025-02-10,Desktop,1,1,0,0,0
2551,2025-09-15,Desktop,1,1,0,0,0
2552,2025-10-10,Desktop,1,1,0,0,0
2553,2025-09-03,Mobile,1,1,0,0,0
2554,2025-07-10,Mobile,1,0,0,0,0
2555,2025-05-18,Mobile,1,1,1,1,0
2556,2025-03-17,Desktop,1,1,0,0,0
2557,2025-08-05,Mobile,1,1,0,0,0
2558,2025-12-05,Desktop,1,1,0,0,0
2559,2025-02-08,Mobile,1,0,0,0,0
2560,2025-09-13,Mobile,1,1,1,1,0
2561,2025-05-31,Mobile,1,1,1,1,1
2562,2025-10-08,Desktop,1,0,0,0,0
2563,2025-01-07,Desktop,1,1,0,0,0
2564,2025-02-23,Mobile,1,1,0,0,0
2565,2025-11-25,Mobile,1,0,0,0,0
2566,2025-04-22,Mobile,1,1,1,0,0
2567,2025-06-01,Mobile,1,1,0,0,0
2568,2025-07-30,Mobile,1,0,0,0,0
2569,2025-05-15,Mobile,1,1,1,1,1
2570,2025-11-09,Tablet,1,1,1,1,0
2571,2025-05-04,Tablet,1,1,1,0,0
2572,2025-02-23,Mobile,1,0,0,0,0
2573,2025-07-22,Desktop,1,1,1,1,1
2574,2025-05-25,Desktop,1,1,1,1,0
2575,2025-04-19,Desktop,1,0,0,0,0
2576,2025-09-24,Mobile,1,1,1,1,1
2577,2025-04-12,Desktop,1,1,1,0,0
2578,2025-11-10,Mobile,1,0,0,0,0
2579,2025-08-16,Mobile,1,1,0,0,0
2580,2025-02-01,Mobile,1,1,0,0,0
2581,2025-03-28,Mobile,1,0,0,0,0
2582,2025-04-13,Mobile,1,1,0,0,0
2583,2025-04-19,Mobile,1,1,1,1,0
2584,2025-07-31,Desktop,1,1,1,1,1
2585,2025-08-09,Desktop,1,1,1,1,1
2586,2025-03-11,Desktop,1,1,0,0,0
2587,2025-09-22,Tablet,1,1,0,0,0
2588,2025-05-26,Desktop,1,1,0,0,0
2589,2025-05-29,Mobile,1,1,0,0,0
2590,2025-04-15,Desktop,1,1,0,0,0
2591,2025-03-02,Desktop,1,1,0,0,0
2592,2025-07-10,Mobile,1,1,0,0,0
2593,2025-02-24,Desktop,1,1,0,0,0
2594,2025-10-31,Mobile,1,1,0,0,0
2595,2025-02-19,Mobile,1,1,0,0,0
2596,2025-10-24,Mobile,1,1,0,0,0
2597,2025-09-14,Mobile,1,1,1,1,1
2598,2025-08-20,Desktop,1,1,0,0,0
2599,2025-07-17,Desktop,1,1,0,0,0
2600,2025-08-03,Desktop,1,0,0,0,0
2601,2025-02-20,Mobile,1,1,0,0,0
2602,2025-09-15,Mobile,1,1,1,1,1
2603,2025-05-10,Desktop,1,1,1,1,1
2604,2025-08-07,Mobile,1,0,0,0,0
2605,2025-07-30,Mobile,1,1,0,0,0
2606,2025-09-21,Desktop,1,1,0,0,0
2607,2025-07-31,Mobile,1,1,0,0,0
2608,2025-02-19,Desktop,1,1,1,1,1
2609,2025-01-09,Mobile,1,1,1,1,0
2610,2025-08-21,Desktop,1,1,0,0,0
2611,2025-05-01,Desktop,1,1,1,1,1
2612,2025-12-11,Desktop,1,0,0,0,0
2613,2025-05-17,Mobile,1,1,1,1,0
2614,2025-07-11,Mobile,1,1,1,1,0
2615,2025-06-12,Mobile,1,1,1,1,0
2616,2025-12-24,Mobile,1,0,0,0,0
2617,2025-10-04,Mobile,1,1,0,0,0
2618,2025-02-16,Desktop,1,1,0,0,0
2619,2025-05-11,Desktop,1,1,0,0,0
2620,2025-10-12,Mobile,1,1,0,0,0
2621,2025-06-23,Desktop,1,1,0,0,0
2622,2025-03-23,Desktop,1,1,0,0,0
2623,2025-06-29,Desktop,1,0,0,0,0
2624,2025-04-18,Tablet,1,1,1,1,1
2625,2025-05-25,Desktop,1,0,0,0,0
2626,2025-08-08,Mobile,1,1,1,1,0
2627,2025-02-14,Tablet,1,1,1,1,1
2628,2025-02-28,Mobile,1,1,1,1,0
2629,2025-03-23,Mobile,1,1,1,1,1
2630,2025-12-09,Mobile,1,0,0,0,0
2631,2025-01-31,Mobile,1,0,0,0,0
2632,2025-04-09,Mobile,1,1,1,1,1
2633,2025-06-30,Mobile,1,1,1,1,1
2634,2025-07-06,Mobile,1,0,0,0,0
2635,2025-09-20,Tablet,1,1,0,0,0
2636,2025-06-18,Mobile,1,0,0,0,0
2637,2025-01-08,Mobile,1,1,0,0,0
2638,2025-10-23,Mobile,1,1,0,0,0
2639,2025-03-02,Tablet,1,1,0,0,0
2640,2025-10-31,Desktop,1,1,0,0,0
2641,2025-04-10,Desktop,1,0,0,0,0
2642,2025-02-01,Tablet,1,1,0,0,0
2643,2025-06-25,Desktop,1,1,1,1,1
2644,2025-11-25,Mobile,1,1,1,1,1
2645,2025-11-22,Mobile,1,1,0,0,0
2646,2025-05-20,Mobile,1,0,0,0,0
2647,2025-12-29,Tablet,1,1,1,1,1
2648,2025-12-29,Mobile,1,1,0,0,0
2649,2025-09-09,Mobile,1,1,0,0,0
2650,2025-03-02,Desktop,1,1,0,0,0
2651,2025-05-25,Mobile,1,0,0,0,0
2652,2025-10-08,Desktop,1,1,0,0,0
2653,2025-12-12,Mobile,1,1,1,0,0
2654,2025-12-19,Mobile,1,0,0,0,0
2655,2025-12-22,Desktop,1,1,0,0,0
2656,2025-01-10,Mobile,1,1,1,1,0
2657,2025-01-05,Mobile,1,1,1,1,1
2658,2025-04-21,Mobile,1,1,1,1,1
2659,2025-02-28,Desktop,1,0,0,0,0
2660,2025-10-21,Desktop,1,1,0,0,0
2661,2025-04-24,Mobile,1,1,0,0,0
2662,2025-06-05,Desktop,1,1,0,0,0
2663,2025-12-10,Tablet,1,0,0,0,0
2664,2025-03-02,Mobile,1,1,1,1,1
2665,2025-03-18,Mobile,1,1,1,1,0
2666,2025-08-03,Desktop,1,0,0,0,0
2667,2025-05-28,Desktop,1,1,1,1,0
2668,2025-11-12,Desktop,1,1,1,1,1
2669,2025-10-27,Desktop,1,0,0,0,0
2670,2025-08-25,Desktop,1,1,0,0,0
2671,2025-07-18,Mobile,1,1,1,1,1
2672,2025-11-06,Desktop,1,1,1,1,0
2673,2025-08-05,Tablet,1,0,0,0,0
2674,2025-12-30,Mobile,1,0,0,0,0
2675,2025-05-16,Mobile,1,1,0,0,0
2676,2025-03-17,Mobile,1,1,1,1,1
2677,2025-01-31,Mobile,1,1,1,1,1
2678,2025-02-27,Mobile,1,1,1,0,0
2679,2025-04-02,Mobile,1,1,0,0,0
2680,2025-03-03,Mobile,1,1,1,1,1
2681,2025-11-07,Mobile,1,1,1,0,0
2682,2025-10-16,Desktop,1,0,0,0,0
2683,2025-12-06,Mobile,1,1,0,0,0
2684,2025-01-27,Desktop,1,1,1,1,1
2685,2025-12-06,Mobile,1,1,0,0,0
2686,2025-06-05,Mobile,1,1,1,1,1
2687,2025-03-28,Mobile,1,0,0,0,0
2688,2025-06-10,Mobile,1,1,1,1,0
2689,2025-07-28,Mobile,1,0,0,0,0
2690,2025-01-09,Tablet,1,1,1,0,0
2691,2025-02-09,Mobile,1,1,0,0,0
2692,2025-08-28,Mobile,1,0,0,0,0
2693,2025-03-23,Tablet,1,0,0,0,0
2694,2025-05-21,Mobile,1,1,1,1,1
2695,2025-01-10,Mobile,1,0,0,0,0
2696,2025-11-27,Tablet,1,0,0,0,0
2697,2025-10-23,Mobile,1,1,1,0,0
2698,2025-06-16,Tablet,1,1,0,0,0
2699,2025-12-20,Desktop,1,1,1,1,1
2700,2025-09-12,Mobile,1,0,0,0,0
2701,2025-03-29,Desktop,1,1,0,0,0
2702,2025-06-27,Mobile,1,1,1,1,1
2703,2025-07-14,Desktop,1,1,0,0,0
2704,2025-02-01,Desktop,1,1,1,1,1
2705,2025-09-12,Desktop,1,0,0,0,0
2706,2025-11-09,Mobile,1,1,0,0,0
2707,2025-06-25,Tablet,1,1,1,1,1
2708,2025-01-22,Mobile,1,1,1,0,0
2709,2025-01-12,Mobile,1,1,0,0,0
2710,2025-07-18,Desktop,1,1,1,1,1
2711,2025-07-07,Desktop,1,0,0,0,0
2712,2025-06-20,Desktop,1,1,0,0,0
2713,2025-04-01,Desktop,1,1,0,0,0
2714,2025-03-27,Mobile,1,1,1,1,1
2715,2025-03-03,Desktop,1,1,1,0,0
2716,2025-12-20,Desktop,1,0,0,0,0
2717,2025-10-30,Desktop,1,1,1,1,0
2718,2025-01-10,Mobile,1,1,1,0,0
2719,2025-11-03,Mobile,1,0,0,0,0
2720,2025-02-17,Desktop,1,1,0,0,0
2721,2025-04-29,Desktop,1,1,0,0,0
2722,2025-02-01,Mobile,1,1,1,0,0
2723,2025-11-05,Mobile,1,0,0,0,0
2724,2025-09-18,Mobile,1,1,0,0,0
2725,2025-05-29,Desktop,1,1,0,0,0
2726,2025-10-25,Mobile,1,1,1,1,1
2727,2025-08-19,Mobile,1,0,0,0,0
2728,2025-09-06,Mobile,1,1,1,1,1
2729,2025-06-09,Mobile,1,0,0,0,0
2730,2025-03-22,Mobile,1,1,0,0,0
2731,2025-07-24,Mobile,1,1,1,1,0
2732,2025-12-01,Mobile,1,1,0,0,0
2733,2025-08-09,Mobile,1,1,0,0,0
2734,2025-10-07,Tablet,1,1,0,0,0
2735,2025-01-21,Tablet,1,1,0,0,0
2736,2025-01-16,Desktop,1,1,1,0,0
2737,2025-11-17,Tablet,1,1,0,0,0
2738,2025-03-11,Mobile,1,1,0,0,0
2739,2025-09-12,Mobile,1,1,0,0,0
2740,2025-02-10,Mobile,1,0,0,0,0
2741,2025-10-13,Mobile,1,1,1,0,0
2742,2025-08-06,Desktop,1,1,1,1,1
2743,2025-03-01,Mobile,1,1,0,0,0
2744,2025-10-09,Mobile,1,0,0,0,0
2745,2025-08-31,Desktop,1,1,0,0,0
2746,2025-04-27,Desktop,1,1,0,0,0
2747,2025-03-16,Mobile,1,1,1,1,0
2748,2025-05-17,Mobile,1,1,0,0,0
2749,2025-06-22,Mobile,1,0,0,0,0
2750,2025-12-21,Mobile,1,1,0,0,0
2751,2025-03-22,Tablet,1,1,1,0,0
2752,2025-10-19,Mobile,1,1,0,0,0
2753,2025-03-27,Tablet,1,1,0,0,0
2754,2025-01-26,Desktop,1,1,0,0,0
2755,2025-12-21,Tablet,1,1,1,1,0
2756,2025-04-01,Desktop,1,1,1,1,0
2757,2025-10-21,Desktop,1,1,0,0,0
2758,2025-05-14,Mobile,1,1,1,1,1
2759,2025-01-09,Mobile,1,1,0,0,0
2760,2025-03-16,Mobile,1,1,0,0,0
2761,2025-01-12,Mobile,1,1,0,0,0
2762,2025-09-28,Mobile,1,0,0,0,0
2763,2025-09-26,Mobile,1,1,0,0,0
2764,2025-05-21,Mobile,1,1,1,1,1
2765,2025-10-19,Tablet,1,1,0,0,0
2766,2025-10-09,Mobile,1,0,0,0,0
2767,2025-12-27,Mobile,1,1,1,0,0
2768,2025-12-13,Desktop,1,0,0,0,0
2769,2025-02-09,Mobile,1,0,0,0,0
2770,2025-10-13,Mobile,1,1,0,0,0
2771,2025-12-03,Mobile,1,1,1,0,0
2772,2025-04-30,Desktop,1,1,0,0,0
2773,2025-09-07,Mobile,1,1,0,0,0
2774,2025-10-22,Mobile,1,1,0,0,0
2775,2025-07-05,Desktop,1,1,0,0,0
2776,2025-09-17,Desktop,1,0,0,0,0
2777,2025-12-24,Mobile,1,1,0,0,0
2778,2025-08-24,Desktop,1,1,1,0,0
2779,2025-10-23,Mobile,1,1,1,1,0
2780,2025-06-24,Desktop,1,1,1,1,1
2781,2025-07-13,Desktop,1,1,0,0,0
2782,2025-04-27,Mobile,1,1,1,0,0
2783,2025-06-08,Mobile,1,1,0,0,0
2784,2025-03-30,Desktop,1,1,0,0,0
2785,2025-09-14,Desktop,1,1,0,0,0
2786,2025-01-01,Desktop,1,1,1,1,1
2787,2025-05-15,Mobile,1,1,0,0,0
2788,2025-05-14,Desktop,1,1,0,0,0
2789,2025-07-29,Mobile,1,0,0,0,0
2790,2025-05-01,Desktop,1,1,1,1,1
2791,2025-05-06,Desktop,1,1,0,0,0
2792,2025-09-01,Tablet,1,1,1,0,0
2793,2025-12-05,Mobile,1,0,0,0,0
2794,2025-02-26,Mobile,1,1,0,0,0
2795,2025-05-14,Mobile,1,1,1,1,0
2796,2025-01-28,Desktop,1,0,0,0,0
2797,2025-07-29,Mobile,1,1,0,0,0
2798,2025-05-24,Desktop,1,0,0,0,0
2799,2025-02-16,Mobile,1,0,0,0,0
2800,2025-05-17,Desktop,1,1,1,1,1
2801,2025-04-12,Mobile,1,1,0,0,0
2802,2025-02-21,Mobile,1,1,0,0,0
2803,2025-05-25,Mobile,1,1,0,0,0
2804,2025-08-29,Desktop,1,0,0,0,0
2805,2025-10-18,Mobile,1,1,0,0,0
2806,2025-11-11,Mobile,1,1,0,0,0
2807,2025-02-07,Mobile,1,1,0,0,0
2808,2025-03-13,Desktop,1,1,0,0,0
2809,2025-12-02,Mobile,1,1,0,0,0
2810,2025-10-31,Tablet,1,0,0,0,0
2811,2025-09-01,Desktop,1,0,0,0,0
2812,2025-03-21,Desktop,1,0,0,0,0
2813,2025-04-03,Mobile,1,0,0,0,0
2814,2025-02-13,Desktop,1,0,0,0,0
2815,2025-01-03,Mobile,1,1,1,1,1
2816,2025-10-17,Desktop,1,0,0,0,0
2817,2025-05-15,Mobile,1,0,0,0,0
2818,2025-10-01,Tablet,1,1,0,0,0
2819,2025-08-28,Desktop,1,1,1,1,1
2820,2025-09-01,Mobile,1,1,0,0,0
2821,2025-04-22,Desktop,1,0,0,0,0
2822,2025-07-27,Mobile,1,1,0,0,0
2823,2025-07-02,Desktop,1,1,1,1,0
2824,2025-08-05,Desktop,1,0,0,0,0
2825,2025-02-03,Mobile,1,0,0,0,0
2826,2025-04-29,Desktop,1,1,0,0,0
2827,2025-05-25,Mobile,1,1,0,0,0
2828,2025-06-06,Mobile,1,1,0,0,0
2829,2025-01-21,Mobile,1,1,0,0,0
2830,2025-09-22,Mobile,1,1,0,0,0
2831,2025-11-02,Desktop,1,1,1,0,0
2832,2025-04-25,Tablet,1,1,0,0,0
2833,2025-07-30,Desktop,1,1,0,0,0
2834,2025-12-07,Mobile,1,1,0,0,0
2835,2025-05-24,Mobile,1,1,0,0,0
2836,2025-11-29,Desktop,1,1,1,0,0
2837,2025-10-16,Mobile,1,0,0,0,0
2838,2025-02-13,Mobile,1,1,0,0,0
2839,2025-08-04,Desktop,1,0,0,0,0
2840,2025-05-30,Mobile,1,1,1,1,0
2841,2025-08-27,Mobile,1,1,1,1,1
2842,2025-05-29,Mobile,1,0,0,0,0
2843,2025-04-11,Tablet,1,1,1,0,0
2844,2025-05-29,Mobile,1,0,0,0,0
2845,2025-11-15,Mobile,1,1,0,0,0
2846,2025-04-20,Tablet,1,1,0,0,0
2847,2025-11-03,Mobile,1,1,0,0,0
2848,2025-02-22,Desktop,1,1,0,0,0
2849,2025-08-19,Mobile,1,1,0,0,0
2850,2025-05-26,Mobile,1,1,0,0,0
2851,2025-09-22,Tablet,1,1,1,0,0
2852,2025-10-07,Desktop,1,0,0,0,0
2853,2025-03-19,Mobile,1,1,0,0,0
2854,2025-05-10,Desktop,1,1,1,1,1
2855,2025-09-20,Mobile,1,1,0,0,0
2856,2025-12-02,Mobile,1,1,0,0,0
2857,2025-09-27,Tablet,1,1,0,0,0
2858,2025-10-14,Mobile,1,1,1,0,0
2859,2025-02-22,Mobile,1,1,1,1,1
2860,2025-03-01,Mobile,1,1,0,0,0
2861,2025-12-13,Mobile,1,1,0,0,0
2862,2025-08-30,Tablet,1,1,0,0,0
2863,2025-06-06,Mobile,1,1,0,0,0
2864,2025-05-31,Tablet,1,1,0,0,0
2865,2025-09-26,Desktop,1,1,0,0,0
2866,2025-02-02,Desktop,1,1,1,0,0
2867,2025-11-18,Desktop,1,1,0,0,0
2868,2025-11-09,Mobile,1,1,1,0,0
2869,2025-03-22,Mobile,1,0,0,0,0
2870,2025-05-24,Mobile,1,1,0,0,0
2871,2025-05-10,Mobile,1,1,0,0,0
2872,2025-07-08,Mobile,1,1,0,0,0
2873,2025-02-18,Mobile,1,1,0,0,0
2874,2025-06-06,Tablet,1,1,0,0,0
2875,2025-06-28,Mobile,1,1,0,0,0
2876,2025-08-19,Desktop,1,0,0,0,0
2877,2025-02-28,Mobile,1,1,1,1,1
2878,2025-07-30,Desktop,1,1,0,0,0
2879,2025-02-16,Tablet,1,0,0,0,0
2880,2025-09-02,Mobile,1,1,1,0,0
2881,2025-06-13,Desktop,1,1,0,0,0
2882,2025-04-21,Desktop,1,1,0,0,0
2883,2025-04-23,Mobile,1,1,0,0,0
2884,2025-11-11,Mobile,1,1,0,0,0
2885,2025-01-26,Mobile,1,1,1,1,1
2886,2025-07-09,Mobile,1,1,1,0,0
2887,2025-01-09,Tablet,1,1,1,1,1
2888,2025-11-18,Desktop,1,0,0,0,0
2889,2025-05-07,Mobile,1,1,0,0,0
2890,2025-02-28,Desktop,1,1,0,0,0
2891,2025-12-24,Mobile,1,1,0,0,0
2892,2025-05-25,Tablet,1,1,0,0,0
2893,2025-07-22,Mobile,1,1,0,0,0
2894,2025-10-02,Desktop,1,1,0,0,0
2895,2025-02-14,Mobile,1,1,1,1,1
2896,2025-06-16,Mobile,1,1,0,0,0
2897,2025-11-30,Mobile,1,0,0,0,0
2898,2025-05-24,Desktop,1,1,0,0,0
2899,2025-09-18,Mobile,1,1,0,0,0
2900,2025-09-29,Desktop,1,1,1,1,1
2901,2025-04-19,Mobile,1,1,0,0,0
2902,2025-06-15,Desktop,1,1,1,1,0
2903,2025-05-05,Mobile,1,1,0,0,0
2904,2025-03-15,Desktop,1,0,0,0,0
2905,2025-02-20,Mobile,1,1,0,0,0
2906,2025-09-22,Mobile,1,1,0,0,0
2907,2025-11-21,Mobile,1,1,1,1,0
2908,2025-04-19,Mobile,1,1,0,0,0
2909,2025-10-13,Desktop,1,1,1,1,1
2910,2025-04-27,Mobile,1,1,1,1,1
2911,2025-12-10,Desktop,1,0,0,0,0
2912,2025-01-19,Mobile,1,1,0,0,0
2913,2025-12-08,Tablet,1,1,1,1,1
2914,2025-07-20,Mobile,1,1,1,1,0
2915,2025-03-13,Mobile,1,1,1,1,1
2916,2025-08-18,Mobile,1,1,1,1,0
2917,2025-08-27,Mobile,1,1,1,1,0
2918,2025-02-25,Tablet,1,1,1,1,1
2919,2025-02-24,Mobile,1,1,1,1,0
2920,2025-09-09,Mobile,1,1,1,1,0
2921,2025-12-21,Mobile,1,0,0,0,0
2922,2025-08-02,Desktop,1,1,0,0,0
2923,2025-10-11,Mobile,1,1,1,1,0
2924,2025-11-23,Mobile,1,1,0,0,0
2925,2025-02-10,Desktop,1,0,0,0,0
2926,2025-08-28,Desktop,1,1,1,0,0
2927,2025-12-13,Tablet,1,1,0,0,0
2928,2025-01-20,Mobile,1,1,1,1,0
2929,2025-10-26,Desktop,1,1,1,1,1
2930,2025-06-14,Desktop,1,1,0,0,0
2931,2025-10-10,Mobile,1,1,1,0,0
2932,2025-03-29,Desktop,1,1,0,0,0
2933,2025-07-17,Desktop,1,1,0,0,0
2934,2025-10-25,Mobile,1,1,0,0,0
2935,2025-12-12,Desktop,1,1,0,0,0
2936,2025-05-31,Mobile,1,1,1,1,0
2937,2025-05-17,Mobile,1,1,1,1,1
2938,2025-09-20,Desktop,1,1,0,0,0
2939,2025-06-02,Mobile,1,1,1,1,1
2940,2025-01-07,Desktop,1,1,1,0,0
2941,2025-09-11,Mobile,1,1,0,0,0
2942,2025-05-16,Desktop,1,1,1,1,1
2943,2025-02-06,Desktop,1,1,1,1,0
2944,2025-09-21,Desktop,1,1,1,1,1
2945,2025-03-11,Mobile,1,1,0,0,0
2946,2025-01-23,Mobile,1,1,1,1,1
2947,2025-11-29,Mobile,1,1,1,1,1
2948,2025-07-27,Desktop,1,1,0,0,0
2949,2025-12-23,Mobile,1,1,1,1,1
2950,2025-09-29,Desktop,1,1,0,0,0
2951,2025-05-29,Desktop,1,1,0,0,0
2952,2025-09-27,Mobile,1,0,0,0,0
2953,2025-03-23,Mobile,1,0,0,0,0
2954,2025-06-15,Mobile,1,1,0,0,0
2955,2025-10-14,Desktop,1,1,1,1,1
2956,2025-02-17,Mobile,1,1,1,0,0
2957,2025-01-13,Desktop,1,1,1,1,0
2958,2025-01-04,Tablet,1,1,0,0,0
2959,2025-11-23,Mobile,1,0,0,0,0
2960,2025-06-13,Mobile,1,0,0,0,0
2961,2025-01-01,Mobile,1,0,0,0,0
2962,2025-08-01,Mobile,1,1,0,0,0
2963,2025-09-01,Mobile,1,1,1,1,0
2964,2025-03-31,Desktop,1,1,0,0,0
2965,2025-09-23,Mobile,1,1,1,1,0
2966,2025-04-20,Tablet,1,1,0,0,0
2967,2025-04-26,Mobile,1,1,1,1,0
2968,2025-03-16,Desktop,1,1,0,0,0
2969,2025-10-03,Mobile,1,1,1,1,0
2970,2025-01-17,Mobile,1,0,0,0,0
2971,2025-01-10,Desktop,1,0,0,0,0
2972,2025-01-18,Desktop,1,1,0,0,0
2973,2025-03-30,Tablet,1,1,0,0,0
2974,2025-01-28,Desktop,1,0,0,0,0
2975,2025-06-26,Mobile,1,1,1,0,0
2976,2025-12-01,Mobile,1,1,1,0,0
2977,2025-10-26,Mobile,1,1,0,0,0
2978,2025-11-24,Mobile,1,0,0,0,0
2979,2025-07-12,Desktop,1,0,0,0,0
2980,2025-06-30,Desktop,1,0,0,0,0
2981,2025-12-16,Mobile,1,0,0,0,0
2982,2025-07-15,Desktop,1,0,0,0,0
2983,2025-11-12,Mobile,1,0,0,0,0
2984,2025-08-04,Desktop,1,0,0,0,0
2985,2025-03-11,Mobile,1,0,0,0,0
2986,2025-11-08,Mobile,1,1,0,0,0
2987,2025-07-15,Mobile,1,1,0,0,0
2988,2025-09-18,Mobile,1,1,1,1,0
2989,2025-01-08,Mobile,1,1,1,0,0
2990,2025-08-30,Mobile,1,1,0,0,0
2991,2025-01-26,Desktop,1,1,1,0,0
2992,2025-09-28,Mobile,1,0,0,0,0
2993,2025-04-20,Mobile,1,0,0,0,0
2994,2025-02-22,Mobile,1,0,0,0,0
2995,2025-12-13,Desktop,1,1,0,0,0
2996,2025-10-17,Mobile,1,1,0,0,0
2997,2025-04-21,Mobile,1,1,0,0,0
2998,2025-10-05,Mobile,1,1,0,0,0
2999,2025-01-04,Desktop,1,1,1,1,0
3000,2025-07-27,Tablet,1,1,0,0,0
3001,2025-12-26,Mobile,1,1,1,1,0
3002,2025-07-13,Mobile,1,0,0,0,0
3003,2025-11-09,Mobile,1,0,0,0,0
3004,2025-10-22,Mobile,1,1,0,0,0
3005,2025-08-16,Desktop,1,0,0,0,0
3006,2025-05-18,Mobile,1,1,0,0,0
3007,2025-12-30,Tablet,1,1,1,1,1
3008,2025-03-08,Desktop,1,1,0,0,0
3009,2025-09-18,Desktop,1,1,1,1,1
3010,2025-08-29,Mobile,1,0,0,0,0
3011,2025-04-21,Mobile,1,0,0,0,0
3012,2025-07-06,Mobile,1,1,0,0,0
3013,2025-12-19,Mobile,1,1,1,1,0
3014,2025-07-19,Desktop,1,1,0,0,0
3015,2025-09-22,Mobile,1,1,0,0,0
3016,2025-01-24,Mobile,1,1,0,0,0
3017,2025-04-11,Mobile,1,1,0,0,0
3018,2025-09-19,Mobile,1,0,0,0,0
3019,2025-03-23,Mobile,1,1,0,0,0
3020,2025-07-19,Mobile,1,1,0,0,0
3021,2025-09-05,Desktop,1,1,0,0,0
3022,2025-02-13,Mobile,1,1,0,0,0
3023,2025-11-18,Mobile,1,1,1,1,0
3024,2025-08-29,Mobile,1,1,1,1,1
3025,2025-05-07,Mobile,1,1,0,0,0
3026,2025-11-03,Desktop,1,1,1,1,1
3027,2025-05-29,Tablet,1,1,1,1,1
3028,2025-12-07,Desktop,1,0,0,0,0
3029,2025-04-24,Mobile,1,1,1,1,0
3030,2025-08-17,Tablet,1,1,0,0,0
3031,2025-06-18,Mobile,1,1,1,1,1
3032,2025-06-03,Mobile,1,0,0,0,0
3033,2025-04-06,Mobile,1,1,0,0,0
3034,2025-04-16,Mobile,1,1,0,0,0
3035,2025-07-12,Desktop,1,1,1,1,0
3036,2025-04-09,Mobile,1,1,0,0,0
3037,2025-05-09,Mobile,1,1,0,0,0
3038,2025-01-18,Mobile,1,1,1,1,1
3039,2025-05-22,Desktop,1,1,1,1,0
3040,2025-08-27,Mobile,1,1,1,1,1
3041,2025-10-23,Mobile,1,0,0,0,0
3042,2025-12-26,Mobile,1,1,0,0,0
3043,2025-12-17,Desktop,1,1,1,1,0
3044,2025-12-12,Mobile,1,0,0,0,0
3045,2025-07-16,Mobile,1,1,1,0,0
3046,2025-01-22,Mobile,1,1,1,0,0
3047,2025-06-26,Mobile,1,1,1,1,0
3048,2025-12-09,Mobile,1,0,0,0,0
3049,2025-10-03,Mobile,1,1,0,0,0
3050,2025-08-13,Mobile,1,1,0,0,0
3051,2025-09-12,Mobile,1,1,1,1,0
3052,2025-01-25,Mobile,1,1,0,0,0
3053,2025-04-02,Desktop,1,1,0,0,0
3054,2025-02-24,Tablet,1,1,1,1,1
3055,2025-05-06,Mobile,1,1,1,1,0
3056,2025-11-04,Desktop,1,1,1,1,1
3057,2025-02-21,Mobile,1,0,0,0,0
3058,2025-12-31,Desktop,1,1,0,0,0
3059,2025-06-09,Mobile,1,0,0,0,0
3060,2025-08-04,Mobile,1,1,1,1,1
3061,2025-07-26,Mobile,1,1,0,0,0
3062,2025-09-17,Mobile,1,1,0,0,0
3063,2025-09-14,Desktop,1,0,0,0,0
3064,2025-08-31,Mobile,1,0,0,0,0
3065,2025-06-08,Desktop,1,1,0,0,0
3066,2025-11-05,Mobile,1,1,0,0,0
3067,2025-12-01,Mobile,1,1,1,1,0
3068,2025-07-16,Mobile,1,1,0,0,0
3069,2025-10-30,Desktop,1,1,0,0,0
3070,2025-07-28,Mobile,1,1,1,1,1
3071,2025-04-29,Mobile,1,1,1,1,1
3072,2025-10-30,Mobile,1,1,0,0,0
3073,2025-04-10,Mobile,1,1,1,0,0
3074,2025-05-20,Desktop,1,1,0,0,0
3075,2025-07-12,Mobile,1,1,1,0,0
3076,2025-10-19,Mobile,1,0,0,0,0
3077,2025-05-08,Desktop,1,1,1,1,0
3078,2025-06-19,Mobile,1,1,0,0,0
3079,2025-10-11,Desktop,1,1,0,0,0
3080,2025-12-07,Mobile,1,1,0,0,0
3081,2025-08-11,Desktop,1,1,0,0,0
3082,2025-11-26,Mobile,1,1,0,0,0
3083,2025-03-05,Desktop,1,1,0,0,0
3084,2025-03-07,Tablet,1,1,0,0,0
3085,2025-01-18,Mobile,1,1,1,1,0
3086,2025-10-04,Mobile,1,1,0,0,0
3087,2025-06-13,Desktop,1,0,0,0,0
3088,2025-09-02,Mobile,1,1,0,0,0
3089,2025-04-22,Mobile,1,1,0,0,0
3090,2025-07-27,Mobile,1,0,0,0,0
3091,2025-08-25,Desktop,1,1,0,0,0
3092,2025-01-30,Mobile,1,0,0,0,0
3093,2025-04-08,Desktop,1,0,0,0,0
3094,2025-05-19,Mobile,1,1,0,0,0
3095,2025-06-23,Mobile,1,1,1,1,0
3096,2025-06-19,Desktop,1,1,0,0,0
3097,2025-09-23,Desktop,1,1,1,0,0
3098,2025-10-05,Mobile,1,1,1,1,0
3099,2025-10-04,Mobile,1,1,0,0,0
3100,2025-09-02,Desktop,1,1,0,0,0
3101,2025-08-05,Mobile,1,1,0,0,0
3102,2025-05-08,Desktop,1,0,0,0,0
3103,2025-05-14,Desktop,1,0,0,0,0
3104,2025-08-18,Mobile,1,1,0,0,0
3105,2025-12-23,Desktop,1,1,0,0,0
3106,2025-08-14,Desktop,1,1,1,1,1
3107,2025-12-26,Mobile,1,1,0,0,0
3108,2025-05-10,Mobile,1,1,0,0,0
3109,2025-11-11,Mobile,1,1,0,0,0
3110,2025-09-04,Mobile,1,0,0,0,0
3111,2025-04-18,Mobile,1,1,0,0,0
3112,2025-01-28,Mobile,1,0,0,0,0
3113,2025-03-09,Mobile,1,0,0,0,0
3114,2025-11-08,Desktop,1,1,0,0,0
3115,2025-07-05,Desktop,1,0,0,0,0
3116,2025-11-29,Desktop,1,1,1,0,0
3117,2025-04-17,Mobile,1,0,0,0,0
3118,2025-02-06,Mobile,1,1,0,0,0
3119,2025-12-14,Mobile,1,1,1,0,0
3120,2025-02-25,Mobile,1,1,0,0,0
3121,2025-12-13,Desktop,1,1,1,1,1
3122,2025-07-22,Mobile,1,1,0,0,0
3123,2025-04-21,Mobile,1,1,0,0,0
3124,2025-10-26,Mobile,1,0,0,0,0
3125,2025-08-28,Desktop,1,1,0,0,0
3126,2025-12-13,Desktop,1,1,1,1,0
3127,2025-03-07,Mobile,1,1,0,0,0
3128,2025-04-30,Desktop,1,0,0,0,0
3129,2025-08-01,Mobile,1,1,1,0,0
3130,2025-01-15,Mobile,1,1,1,1,1
3131,2025-10-14,Desktop,1,1,0,0,0
3132,2025-08-18,Mobile,1,1,1,1,1
3133,2025-12-20,Desktop,1,1,0,0,0
3134,2025-10-21,Mobile,1,1,1,0,0
3135,2025-06-01,Tablet,1,0,0,0,0
3136,2025-11-19,Desktop,1,0,0,0,0
3137,2025-08-14,Mobile,1,1,1,0,0
3138,2025-10-14,Desktop,1,1,0,0,0
3139,2025-10-18,Desktop,1,0,0,0,0
3140,2025-09-07,Mobile,1,1,1,1,0
3141,2025-05-20,Mobile,1,1,0,0,0
3142,2025-04-14,Desktop,1,1,0,0,0
3143,2025-10-29,Desktop,1,1,0,0,0
3144,2025-05-25,Desktop,1,1,0,0,0
3145,2025-05-25,Desktop,1,0,0,0,0
3146,2025-10-09,Mobile,1,1,0,0,0
3147,2025-10-13,Mobile,1,1,0,0,0
3148,2025-03-11,Mobile,1,1,1,1,1
3149,2025-12-15,Desktop,1,0,0,0,0
3150,2025-10-22,Mobile,1,1,1,1,0
3151,2025-05-26,Mobile,1,0,0,0,0
3152,2025-02-19,Desktop,1,1,0,0,0
3153,2025-12-23,Mobile,1,1,0,0,0
3154,2025-05-11,Desktop,1,1,1,1,0
3155,2025-06-27,Mobile,1,0,0,0,0
3156,2025-04-28,Mobile,1,1,0,0,0
3157,2025-08-02,Desktop,1,1,1,1,0
3158,2025-02-13,Desktop,1,1,0,0,0
3159,2025-06-27,Tablet,1,1,1,1,1
3160,2025-01-05,Mobile,1,1,0,0,0
3161,2025-07-08,Mobile,1,0,0,0,0
3162,2025-10-18,Mobile,1,1,1,1,1
3163,2025-10-02,Mobile,1,1,1,1,1
3164,2025-04-26,Mobile,1,0,0,0,0
3165,2025-05-16,Desktop,1,1,0,0,0
3166,2025-05-09,Mobile,1,1,1,1,1
3167,2025-12-03,Mobile,1,1,0,0,0
3168,2025-08-22,Mobile,1,1,0,0,0
3169,2025-02-09,Desktop,1,0,0,0,0
3170,2025-04-13,Desktop,1,1,0,0,0
3171,2025-03-30,Desktop,1,0,0,0,0
3172,2025-04-16,Mobile,1,1,0,0,0
3173,2025-09-10,Tablet,1,1,1,0,0
3174,2025-09-10,Mobile,1,1,0,0,0
3175,2025-05-03,Tablet,1,1,0,0,0
3176,2025-05-16,Desktop,1,1,0,0,0
3177,2025-01-01,Tablet,1,1,1,0,0
3178,2025-03-07,Mobile,1,0,0,0,0
3179,2025-02-12,Mobile,1,1,0,0,0
3180,2025-06-01,Mobile,1,1,1,0,0
3181,2025-07-20,Mobile,1,1,0,0,0
3182,2025-04-10,Desktop,1,1,0,0,0
3183,2025-02-06,Mobile,1,1,0,0,0
3184,2025-08-30,Mobile,1,1,0,0,0
3185,2025-12-05,Desktop,1,0,0,0,0
3186,2025-06-24,Mobile,1,0,0,0,0
3187,2025-02-05,Desktop,1,0,0,0,0
3188,2025-04-09,Mobile,1,1,0,0,0
3189,2025-06-25,Mobile,1,1,0,0,0
3190,2025-02-18,Mobile,1,1,0,0,0
3191,2025-08-12,Desktop,1,1,1,1,1
3192,2025-01-18,Desktop,1,1,0,0,0
3193,2025-05-05,Mobile,1,0,0,0,0
3194,2025-12-15,Mobile,1,0,0,0,0
3195,2025-12-05,Mobile,1,1,0,0,0
3196,2025-11-16,Mobile,1,1,0,0,0
3197,2025-05-16,Mobile,1,1,1,0,0
3198,2025-12-07,Desktop,1,1,0,0,0
3199,2025-01-07,Mobile,1,1,0,0,0
3200,2025-07-30,Desktop,1,1,1,0,0
3201,2025-07-08,Mobile,1,1,1,1,1
3202,2025-09-13,Mobile,1,1,0,0,0
3203,2025-08-26,Desktop,1,0,0,0,0
3204,2025-12-12,Mobile,1,1,0,0,0
3205,2025-11-07,Mobile,1,1,1,1,0
3206,2025-04-29,Mobile,1,0,0,0,0
3207,2025-02-26,Desktop,1,1,1,1,1
3208,2025-03-16,Desktop,1,1,0,0,0
3209,2025-07-15,Desktop,1,0,0,0,0
3210,2025-08-11,Mobile,1,0,0,0,0
3211,2025-04-16,Mobile,1,1,0,0,0
3212,2025-01-15,Desktop,1,1,0,0,0
3213,2025-04-06,Mobile,1,1,0,0,0
3214,2025-08-03,Desktop,1,0,0,0,0
3215,2025-11-09,Mobile,1,1,0,0,0
3216,2025-08-02,Desktop,1,1,0,0,0
3217,2025-09-22,Desktop,1,1,0,0,0
3218,2025-08-26,Mobile,1,1,0,0,0
3219,2025-04-19,Desktop,1,0,0,0,0
3220,2025-08-15,Desktop,1,1,1,1,1
3221,2025-05-12,Tablet,1,1,1,1,1
3222,2025-09-21,Mobile,1,0,0,0,0
3223,2025-11-13,Desktop,1,1,0,0,0
3224,2025-04-12,Desktop,1,0,0,0,0
3225,2025-01-09,Mobile,1,0,0,0,0
3226,2025-06-11,Mobile,1,1,0,0,0
3227,2025-01-14,Mobile,1,1,0,0,0
3228,2025-06-10,Tablet,1,0,0,0,0
3229,2025-01-28,Mobile,1,1,1,1,0
3230,2025-09-06,Desktop,1,1,1,0,0
3231,2025-07-15,Desktop,1,0,0,0,0
3232,2025-11-29,Mobile,1,1,1,0,0
3233,2025-02-28,Mobile,1,1,0,0,0
3234,2025-10-06,Desktop,1,1,1,1,0
3235,2025-08-06,Mobile,1,1,1,0,0
3236,2025-05-10,Mobile,1,1,0,0,0
3237,2025-12-18,Mobile,1,1,0,0,0
3238,2025-12-07,Mobile,1,0,0,0,0
3239,2025-02-18,Desktop,1,1,0,0,0
3240,2025-02-09,Desktop,1,1,0,0,0
3241,2025-12-01,Mobile,1,1,0,0,0
3242,2025-07-26,Mobile,1,1,0,0,0
3243,2025-02-09,Desktop,1,1,0,0,0
3244,2025-12-06,Mobile,1,1,0,0,0
3245,2025-04-27,Mobile,1,1,0,0,0
3246,2025-06-03,Tablet,1,1,0,0,0
3247,2025-07-24,Desktop,1,1,0,0,0
3248,2025-02-08,Tablet,1,1,0,0,0
3249,2025-08-12,Mobile,1,1,1,1,1
3250,2025-02-11,Desktop,1,0,0,0,0
3251,2025-10-31,Mobile,1,1,1,1,0
3252,2025-11-05,Mobile,1,1,1,0,0
3253,2025-03-06,Desktop,1,1,0,0,0
3254,2025-12-13,Tablet,1,1,1,1,0
3255,2025-05-24,Tablet,1,1,1,1,1
3256,2025-05-28,Mobile,1,0,0,0,0
3257,2025-09-23,Mobile,1,1,0,0,0
3258,2025-06-12,Mobile,1,1,0,0,0
3259,2025-06-05,Mobile,1,1,0,0,0
3260,2025-01-11,Mobile,1,1,1,0,0
3261,2025-09-15,Mobile,1,1,1,1,0
3262,2025-03-17,Mobile,1,0,0,0,0
3263,2025-05-07,Mobile,1,0,0,0,0
3264,2025-09-19,Desktop,1,1,0,0,0
3265,2025-10-10,Desktop,1,0,0,0,0
3266,2025-01-31,Desktop,1,1,0,0,0
3267,2025-03-22,Tablet,1,0,0,0,0
3268,2025-02-07,Mobile,1,1,0,0,0
3269,2025-05-30,Mobile,1,1,1,1,0
3270,2025-09-11,Desktop,1,1,1,0,0
3271,2025-12-21,Mobile,1,1,0,0,0
3272,2025-12-08,Desktop,1,0,0,0,0
3273,2025-11-03,Mobile,1,1,0,0,0
3274,2025-02-20,Desktop,1,1,1,1,1
3275,2025-04-30,Mobile,1,1,1,1,1
3276,2025-07-23,Mobile,1,1,0,0,0
3277,2025-02-14,Mobile,1,1,0,0,0
3278,2025-02-06,Tablet,1,1,0,0,0
3279,2025-09-03,Mobile,1,1,0,0,0
3280,2025-08-13,Mobile,1,0,0,0,0
3281,2025-03-18,Mobile,1,1,0,0,0
3282,2025-05-11,Mobile,1,1,0,0,0
3283,2025-06-24,Desktop,1,0,0,0,0
3284,2025-01-21,Desktop,1,1,1,1,0
3285,2025-09-05,Mobile,1,1,0,0,0
3286,2025-11-20,Desktop,1,0,0,0,0
3287,2025-01-05,Mobile,1,1,1,1,1
3288,2025-04-14,Desktop,1,1,0,0,0
3289,2025-04-02,Desktop,1,1,0,0,0
3290,2025-06-11,Mobile,1,1,0,0,0
3291,2025-07-17,Mobile,1,1,0,0,0
3292,2025-02-13,Mobile,1,1,1,1,1
3293,2025-11-26,Mobile,1,0,0,0,0
3294,2025-07-16,Desktop,1,1,1,0,0
3295,2025-01-10,Desktop,1,1,0,0,0
3296,2025-05-16,Desktop,1,1,0,0,0
3297,2025-12-26,Desktop,1,1,0,0,0
3298,2025-09-20,Mobile,1,1,0,0,0
3299,2025-09-28,Mobile,1,0,0,0,0
3300,2025-05-12,Mobile,1,1,0,0,0
3301,2025-11-14,Tablet,1,1,0,0,0
3302,2025-03-21,Mobile,1,0,0,0,0
3303,2025-08-24,Mobile,1,1,0,0,0
3304,2025-06-13,Mobile,1,0,0,0,0
3305,2025-12-23,Desktop,1,1,1,1,0
3306,2025-04-21,Mobile,1,1,1,1,1
3307,2025-08-02,Mobile,1,1,0,0,0
3308,2025-01-11,Mobile,1,1,0,0,0
3309,2025-12-13,Desktop,1,1,1,1,1
3310,2025-03-09,Desktop,1,0,0,0,0
3311,2025-05-17,Mobile,1,0,0,0,0
3312,2025-04-05,Mobile,1,0,0,0,0
3313,2025-12-23,Desktop,1,1,0,0,0
3314,2025-04-23,Mobile,1,1,0,0,0
3315,2025-02-12,Mobile,1,1,0,0,0
3316,2025-01-27,Desktop,1,1,1,1,1
3317,2025-03-13,Desktop,1,0,0,0,0
3318,2025-09-28,Mobile,1,0,0,0,0
3319,2025-12-15,Tablet,1,0,0,0,0
3320,2025-10-06,Mobile,1,1,0,0,0
3321,2025-04-16,Mobile,1,1,1,0,0
3322,2025-09-01,Desktop,1,1,0,0,0
3323,2025-03-27,Mobile,1,1,0,0,0
3324,2025-07-19,Mobile,1,1,0,0,0
3325,2025-04-12,Mobile,1,1,0,0,0
3326,2025-06-11,Mobile,1,0,0,0,0
3327,2025-03-26,Desktop,1,1,0,0,0
3328,2025-11-09,Mobile,1,1,1,0,0
3329,2025-10-07,Desktop,1,1,0,0,0
3330,2025-08-13,Desktop,1,0,0,0,0
3331,2025-09-01,Mobile,1,0,0,0,0
3332,2025-06-18,Mobile,1,1,0,0,0
3333,2025-02-18,Mobile,1,1,0,0,0
3334,2025-08-26,Mobile,1,1,0,0,0
3335,2025-10-26,Mobile,1,1,1,1,1
3336,2025-06-06,Mobile,1,1,0,0,0
3337,2025-08-20,Mobile,1,1,0,0,0
3338,2025-11-29,Desktop,1,1,0,0,0
3339,2025-04-29,Desktop,1,1,0,0,0
3340,2025-06-21,Mobile,1,0,0,0,0
3341,2025-04-19,Tablet,1,1,1,0,0
3342,2025-06-10,Tablet,1,0,0,0,0
3343,2025-10-15,Mobile,1,1,1,1,1
3344,2025-06-11,Mobile,1,1,1,1,0
3345,2025-01-27,Mobile,1,1,0,0,0
3346,2025-09-13,Mobile,1,0,0,0,0
3347,2025-10-24,Mobile,1,1,0,0,0
3348,2025-05-26,Mobile,1,1,1,1,1
3349,2025-02-15,Desktop,1,1,1,1,0
3350,2025-03-04,Mobile,1,1,0,0,0
3351,2025-04-23,Mobile,1,1,0,0,0
3352,2025-11-05,Tablet,1,1,0,0,0
3353,2025-02-05,Desktop,1,0,0,0,0
3354,2025-02-02,Mobile,1,1,0,0,0
3355,2025-09-10,Mobile,1,1,0,0,0
3356,2025-09-23,Mobile,1,1,0,0,0
3357,2025-06-28,Mobile,1,1,0,0,0
3358,2025-01-04,Desktop,1,1,0,0,0
3359,2025-11-27,Mobile,1,1,0,0,0
3360,2025-11-23,Mobile,1,1,1,1,1
3361,2025-02-21,Mobile,1,1,0,0,0
3362,2025-05-20,Desktop,1,1,1,1,1
3363,2025-07-05,Mobile,1,1,0,0,0
3364,2025-10-03,Desktop,1,1,1,1,0
3365,2025-06-07,Mobile,1,1,0,0,0
3366,2025-05-04,Mobile,1,1,1,1,1
3367,2025-07-15,Desktop,1,1,0,0,0
3368,2025-04-03,Mobile,1,1,1,0,0
3369,2025-08-18,Mobile,1,1,0,0,0
3370,2025-08-19,Tablet,1,0,0,0,0
3371,2025-02-14,Mobile,1,0,0,0,0
3372,2025-12-06,Desktop,1,1,1,0,0
3373,2025-06-12,Mobile,1,1,0,0,0
3374,2025-12-06,Desktop,1,0,0,0,0
3375,2025-11-10,Mobile,1,1,0,0,0
3376,2025-01-16,Desktop,1,1,0,0,0
3377,2025-04-21,Desktop,1,0,0,0,0
3378,2025-11-13,Mobile,1,1,0,0,0
3379,2025-09-23,Desktop,1,1,0,0,0
3380,2025-06-15,Mobile,1,1,0,0,0
3381,2025-08-21,Mobile,1,0,0,0,0
3382,2025-03-18,Desktop,1,1,1,1,1
3383,2025-05-07,Mobile,1,0,0,0,0
3384,2025-12-16,Mobile,1,0,0,0,0
3385,2025-03-27,Desktop,1,1,1,1,0
3386,2025-07-22,Mobile,1,0,0,0,0
3387,2025-06-22,Tablet,1,1,0,0,0
3388,2025-05-08,Desktop,1,0,0,0,0
3389,2025-02-28,Mobile,1,1,0,0,0
3390,2025-02-27,Mobile,1,1,1,0,0
3391,2025-05-15,Mobile,1,1,0,0,0
3392,2025-02-01,Desktop,1,1,1,1,1
3393,2025-01-11,Mobile,1,1,0,0,0
3394,2025-05-22,Mobile,1,1,1,1,1
3395,2025-09-24,Mobile,1,1,1,0,0
3396,2025-10-22,Desktop,1,1,0,0,0
3397,2025-10-30,Mobile,1,1,0,0,0
3398,2025-10-04,Mobile,1,1,1,1,1
3399,2025-01-13,Mobile,1,1,1,0,0
3400,2025-01-15,Mobile,1,0,0,0,0
3401,2025-10-22,Mobile,1,1,1,0,0
3402,2025-11-26,Mobile,1,1,0,0,0
3403,2025-10-27,Mobile,1,1,1,1,0
3404,2025-05-19,Desktop,1,1,0,0,0
3405,2025-09-04,Desktop,1,0,0,0,0
3406,2025-03-18,Mobile,1,1,0,0,0
3407,2025-07-05,Mobile,1,1,0,0,0
3408,2025-12-08,Mobile,1,1,0,0,0
3409,2025-10-19,Desktop,1,1,0,0,0
3410,2025-03-16,Mobile,1,1,1,1,1
3411,2025-08-03,Mobile,1,1,0,0,0
3412,2025-04-30,Mobile,1,1,0,0,0
3413,2025-10-16,Mobile,1,1,0,0,0
3414,2025-10-29,Mobile,1,1,1,1,1
3415,2025-12-03,Mobile,1,1,0,0,0
3416,2025-08-18,Mobile,1,0,0,0,0
3417,2025-03-07,Tablet,1,0,0,0,0
3418,2025-04-09,Mobile,1,1,1,1,1
3419,2025-02-26,Mobile,1,1,1,1,0
3420,2025-04-09,Desktop,1,0,0,0,0
3421,2025-04-14,Mobile,1,1,0,0,0
3422,2025-07-26,Mobile,1,1,0,0,0
3423,2025-09-30,Desktop,1,1,1,1,1
3424,2025-04-26,Desktop,1,0,0,0,0
3425,2025-12-23,Desktop,1,1,0,0,0
3426,2025-03-08,Tablet,1,1,1,0,0
3427,2025-06-15,Mobile,1,1,1,0,0
3428,2025-04-25,Mobile,1,0,0,0,0
3429,2025-05-01,Mobile,1,1,1,0,0
3430,2025-04-10,Desktop,1,1,0,0,0
3431,2025-09-03,Tablet,1,0,0,0,0
3432,2025-12-17,Mobile,1,1,0,0,0
3433,2025-10-24,Tablet,1,1,0,0,0
3434,2025-07-09,Mobile,1,1,0,0,0
3435,2025-07-01,Desktop,1,1,1,1,1
3436,2025-05-09,Desktop,1,1,0,0,0
3437,2025-01-17,Mobile,1,1,1,1,1
3438,2025-05-05,Desktop,1,0,0,0,0
3439,2025-08-24,Mobile,1,0,0,0,0
3440,2025-12-13,Mobile,1,1,0,0,0
3441,2025-10-17,Desktop,1,1,0,0,0
3442,2025-10-30,Desktop,1,0,0,0,0
3443,2025-06-01,Mobile,1,1,1,1,1
3444,2025-01-20,Mobile,1,1,1,1,0
3445,2025-02-24,Mobile,1,1,0,0,0
3446,2025-08-12,Mobile,1,1,0,0,0
3447,2025-06-03,Tablet,1,1,0,0,0
3448,2025-08-03,Tablet,1,1,1,1,1
3449,2025-07-08,Desktop,1,1,0,0,0
3450,2025-11-28,Mobile,1,1,0,0,0
3451,2025-05-25,Mobile,1,1,1,1,1
3452,2025-11-03,Mobile,1,1,0,0,0
3453,2025-01-07,Mobile,1,0,0,0,0
3454,2025-01-07,Desktop,1,1,0,0,0
3455,2025-05-17,Mobile,1,1,0,0,0
3456,2025-04-11,Mobile,1,1,0,0,0
3457,2025-09-24,Desktop,1,1,0,0,0
3458,2025-10-01,Tablet,1,1,0,0,0
3459,2025-02-24,Tablet,1,0,0,0,0
3460,2025-05-23,Mobile,1,1,0,0,0
3461,2025-06-16,Mobile,1,1,1,1,0
3462,2025-08-02,Desktop,1,1,1,1,1
3463,2025-08-22,Mobile,1,1,1,1,0
3464,2025-07-02,Desktop,1,1,0,0,0
3465,2025-08-31,Desktop,1,0,0,0,0
3466,2025-08-26,Mobile,1,1,1,1,0
3467,2025-09-01,Mobile,1,1,0,0,0
3468,2025-07-20,Mobile,1,0,0,0,0
3469,2025-02-05,Mobile,1,1,1,0,0
3470,2025-07-24,Mobile,1,1,1,0,0
3471,2025-02-09,Mobile,1,0,0,0,0
3472,2025-05-26,Desktop,1,1,1,0,0
3473,2025-11-01,Desktop,1,0,0,0,0
3474,2025-12-10,Tablet,1,1,0,0,0
3475,2025-09-13,Mobile,1,0,0,0,0
3476,2025-03-09,Mobile,1,1,0,0,0
3477,2025-03-17,Mobile,1,1,1,1,0
3478,2025-02-03,Desktop,1,1,1,0,0
3479,2025-07-13,Desktop,1,1,1,1,1
3480,2025-03-02,Mobile,1,1,0,0,0
3481,2025-01-26,Mobile,1,1,0,0,0
3482,2025-02-28,Desktop,1,1,0,0,0
3483,2025-10-05,Mobile,1,1,1,0,0
3484,2025-09-15,Desktop,1,1,0,0,0
3485,2025-03-15,Desktop,1,1,0,0,0
3486,2025-08-14,Tablet,1,0,0,0,0
3487,2025-09-01,Mobile,1,1,0,0,0
3488,2025-09-06,Tablet,1,1,0,0,0
3489,2025-02-02,Mobile,1,1,1,1,1
3490,2025-05-20,Desktop,1,1,1,1,1
3491,2025-10-04,Mobile,1,1,1,0,0
3492,2025-02-21,Desktop,1,1,0,0,0
3493,2025-07-17,Mobile,1,1,1,1,0
3494,2025-06-29,Desktop,1,1,0,0,0
3495,2025-02-28,Mobile,1,1,1,1,1
3496,2025-03-20,Desktop,1,1,1,0,0
3497,2025-09-13,Mobile,1,1,0,0,0
3498,2025-11-27,Mobile,1,1,0,0,0
3499,2025-02-01,Desktop,1,0,0,0,0
3500,2025-05-06,Mobile,1,1,1,1,0
3501,2025-07-25,Mobile,1,0,0,0,0
3502,2025-01-18,Desktop,1,1,0,0,0
3503,2025-04-25,Mobile,1,1,1,1,0
3504,2025-10-30,Mobile,1,0,0,0,0
3505,2025-02-11,Mobile,1,0,0,0,0
3506,2025-02-01,Mobile,1,1,0,0,0
3507,2025-06-23,Mobile,1,0,0,0,0
3508,2025-01-28,Mobile,1,1,1,0,0
3509,2025-10-04,Mobile,1,1,1,1,0
3510,2025-12-17,Mobile,1,1,0,0,0
3511,2025-09-16,Desktop,1,1,0,0,0
3512,2025-06-15,Mobile,1,1,1,0,0
3513,2025-10-06,Desktop,1,1,0,0,0
3514,2025-03-26,Desktop,1,1,0,0,0
3515,2025-02-22,Mobile,1,1,1,1,0
3516,2025-11-11,Desktop,1,1,0,0,0
3517,2025-01-22,Mobile,1,1,1,1,0
3518,2025-08-14,Mobile,1,0,0,0,0
3519,2025-11-22,Mobile,1,1,0,0,0
3520,2025-10-22,Mobile,1,1,0,0,0
3521,2025-10-06,Mobile,1,1,0,0,0
3522,2025-06-08,Desktop,1,1,0,0,0
3523,2025-01-06,Desktop,1,1,0,0,0
3524,2025-03-31,Mobile,1,1,0,0,0
3525,2025-12-09,Mobile,1,1,1,1,0
3526,2025-12-08,Mobile,1,1,0,0,0
3527,2025-06-01,Mobile,1,0,0,0,0
3528,2025-04-05,Mobile,1,0,0,0,0
3529,2025-11-18,Mobile,1,1,1,0,0
3530,2025-08-14,Mobile,1,0,0,0,0
3531,2025-07-06,Desktop,1,0,0,0,0
3532,2025-01-22,Mobile,1,0,0,0,0
3533,2025-08-01,Mobile,1,1,0,0,0
3534,2025-05-11,Mobile,1,1,0,0,0
3535,2025-08-20,Desktop,1,1,0,0,0
3536,2025-03-08,Desktop,1,1,1,1,1
3537,2025-05-17,Tablet,1,1,0,0,0
3538,2025-01-29,Mobile,1,0,0,0,0
3539,2025-08-23,Mobile,1,1,0,0,0
3540,2025-12-16,Mobile,1,0,0,0,0
3541,2025-07-27,Desktop,1,1,1,1,1
3542,2025-04-21,Mobile,1,0,0,0,0
3543,2025-10-20,Mobile,1,1,1,0,0
3544,2025-08-12,Mobile,1,1,1,0,0
3545,2025-09-17,Mobile,1,1,1,1,1
3546,2025-10-10,Mobile,1,1,0,0,0
3547,2025-02-12,Desktop,1,0,0,0,0
3548,2025-06-20,Mobile,1,0,0,0,0
3549,2025-10-29,Desktop,1,1,0,0,0
3550,2025-01-20,Tablet,1,0,0,0,0
3551,2025-11-17,Desktop,1,1,0,0,0
3552,2025-08-28,Desktop,1,1,0,0,0
3553,2025-12-11,Desktop,1,1,0,0,0
3554,2025-07-04,Tablet,1,1,0,0,0
3555,2025-04-03,Mobile,1,1,0,0,0
3556,2025-06-20,Mobile,1,1,0,0,0
3557,2025-08-20,Mobile,1,1,0,0,0
3558,2025-04-28,Tablet,1,0,0,0,0
3559,2025-02-06,Tablet,1,0,0,0,0
3560,2025-10-19,Desktop,1,1,0,0,0
3561,2025-02-25,Mobile,1,1,0,0,0
3562,2025-05-07,Mobile,1,0,0,0,0
3563,2025-04-23,Mobile,1,1,1,1,0
3564,2025-04-07,Desktop,1,1,0,0,0
3565,2025-09-07,Desktop,1,1,0,0,0
3566,2025-08-28,Mobile,1,0,0,0,0
3567,2025-07-24,Mobile,1,1,0,0,0
3568,2025-05-08,Mobile,1,1,1,0,0
3569,2025-12-23,Mobile,1,0,0,0,0
3570,2025-07-09,Desktop,1,1,0,0,0
3571,2025-10-27,Mobile,1,0,0,0,0
3572,2025-01-04,Desktop,1,1,0,0,0
3573,2025-05-07,Mobile,1,1,0,0,0
3574,2025-06-15,Mobile,1,1,0,0,0
3575,2025-11-24,Mobile,1,1,0,0,0
3576,2025-08-16,Desktop,1,0,0,0,0
3577,2025-12-26,Mobile,1,1,1,1,0
3578,2025-03-09,Mobile,1,1,0,0,0
3579,2025-06-17,Desktop,1,1,1,1,1
3580,2025-12-25,Desktop,1,0,0,0,0
3581,2025-10-10,Mobile,1,1,0,0,0
3582,2025-08-10,Mobile,1,1,0,0,0
3583,2025-05-14,Mobile,1,1,0,0,0
3584,2025-02-14,Desktop,1,1,0,0,0
3585,2025-03-16,Mobile,1,1,0,0,0
3586,2025-08-15,Desktop,1,1,1,1,1
3587,2025-05-27,Mobile,1,1,1,0,0
3588,2025-02-01,Mobile,1,1,1,1,0
3589,2025-07-08,Mobile,1,1,0,0,0
3590,2025-12-29,Mobile,1,0,0,0,0
3591,2025-12-28,Desktop,1,1,0,0,0
3592,2025-04-14,Desktop,1,1,0,0,0
3593,2025-09-08,Mobile,1,1,1,0,0
3594,2025-02-09,Tablet,1,1,0,0,0
3595,2025-04-24,Mobile,1,1,0,0,0
3596,2025-03-21,Tablet,1,1,1,1,0
3597,2025-06-11,Desktop,1,0,0,0,0
3598,2025-10-13,Mobile,1,1,0,0,0
3599,2025-12-09,Desktop,1,1,0,0,0
3600,2025-02-04,Tablet,1,1,1,0,0
3601,2025-09-22,Mobile,1,1,1,1,1
3602,2025-12-14,Mobile,1,1,0,0,0
3603,2025-12-09,Desktop,1,1,1,1,1
3604,2025-05-08,Mobile,1,1,0,0,0
3605,2025-10-29,Mobile,1,1,1,0,0
3606,2025-09-06,Mobile,1,1,1,1,1
3607,2025-06-28,Mobile,1,1,1,0,0
3608,2025-06-09,Mobile,1,1,1,1,0
3609,2025-12-10,Mobile,1,1,1,1,0
3610,2025-05-17,Desktop,1,1,1,1,1
3611,2025-02-02,Mobile,1,0,0,0,0
3612,2025-09-27,Desktop,1,1,1,1,1
3613,2025-04-20,Mobile,1,1,1,1,1
3614,2025-12-25,Mobile,1,0,0,0,0
3615,2025-11-12,Desktop,1,1,0,0,0
3616,2025-03-21,Mobile,1,0,0,0,0
3617,2025-02-02,Mobile,1,0,0,0,0
3618,2025-01-09,Mobile,1,1,1,1,1
3619,2025-01-19,Mobile,1,0,0,0,0
3620,2025-12-12,Mobile,1,1,0,0,0
3621,2025-07-28,Tablet,1,1,1,1,1
3622,2025-08-10,Desktop,1,1,0,0,0
3623,2025-12-29,Desktop,1,1,0,0,0
3624,2025-09-02,Mobile,1,1,1,1,0
3625,2025-12-11,Desktop,1,0,0,0,0
3626,2025-03-01,Mobile,1,0,0,0,0
3627,2025-12-14,Mobile,1,1,0,0,0
3628,2025-12-11,Mobile,1,1,0,0,0
3629,2025-11-23,Mobile,1,1,0,0,0
3630,2025-05-24,Desktop,1,1,0,0,0
3631,2025-06-04,Mobile,1,1,0,0,0
3632,2025-06-07,Desktop,1,1,1,1,1
3633,2025-02-10,Mobile,1,1,1,1,1
3634,2025-12-14,Mobile,1,1,0,0,0
3635,2025-07-11,Mobile,1,0,0,0,0
3636,2025-11-03,Mobile,1,0,0,0,0
3637,2025-12-16,Mobile,1,1,0,0,0
3638,2025-12-31,Tablet,1,0,0,0,0
3639,2025-05-17,Desktop,1,1,0,0,0
3640,2025-08-05,Mobile,1,1,0,0,0
3641,2025-05-01,Desktop,1,1,0,0,0
3642,2025-10-16,Mobile,1,0,0,0,0
3643,2025-07-28,Mobile,1,1,1,1,1
3644,2025-12-30,Desktop,1,1,1,0,0
3645,2025-09-10,Desktop,1,0,0,0,0
3646,2025-06-09,Tablet,1,1,0,0,0
3647,2025-05-14,Mobile,1,1,1,0,0
3648,2025-01-07,Desktop,1,1,0,0,0
3649,2025-01-17,Mobile,1,1,0,0,0
3650,2025-01-16,Desktop,1,1,1,1,1
3651,2025-05-10,Desktop,1,1,0,0,0
3652,2025-09-16,Mobile,1,1,0,0,0
3653,2025-03-24,Mobile,1,1,0,0,0
3654,2025-01-20,Desktop,1,1,0,0,0
3655,2025-04-02,Mobile,1,1,1,0,0
3656,2025-09-14,Mobile,1,0,0,0,0
3657,2025-12-15,Mobile,1,1,1,1,0
3658,2025-04-29,Desktop,1,1,0,0,0
3659,2025-12-14,Mobile,1,1,0,0,0
3660,2025-12-13,Tablet,1,0,0,0,0
3661,2025-01-17,Desktop,1,1,0,0,0
3662,2025-12-30,Desktop,1,1,0,0,0
3663,2025-07-22,Desktop,1,1,1,1,1
3664,2025-11-26,Desktop,1,1,0,0,0
3665,2025-01-16,Desktop,1,1,1,1,1
3666,2025-12-06,Mobile,1,1,0,0,0
3667,2025-04-11,Desktop,1,1,0,0,0
3668,2025-02-09,Desktop,1,1,0,0,0
3669,2025-03-11,Desktop,1,1,1,1,1
3670,2025-02-15,Desktop,1,1,0,0,0
3671,2025-10-11,Mobile,1,1,0,0,0
3672,2025-08-09,Desktop,1,1,0,0,0
3673,2025-02-16,Mobile,1,1,1,1,1
3674,2025-06-29,Desktop,1,1,0,0,0
3675,2025-06-02,Mobile,1,1,0,0,0
3676,2025-09-13,Tablet,1,1,0,0,0
3677,2025-06-25,Mobile,1,1,1,1,0
3678,2025-03-15,Desktop,1,1,1,0,0
3679,2025-05-12,Mobile,1,1,0,0,0
3680,2025-10-26,Mobile,1,1,0,0,0
3681,2025-03-07,Mobile,1,0,0,0,0
3682,2025-07-02,Mobile,1,1,1,0,0
3683,2025-06-23,Mobile,1,1,0,0,0
3684,2025-07-11,Desktop,1,1,1,0,0
3685,2025-01-21,Desktop,1,1,0,0,0
3686,2025-02-23,Mobile,1,1,1,1,1
3687,2025-09-09,Mobile,1,1,0,0,0
3688,2025-08-18,Mobile,1,1,0,0,0
3689,2025-09-01,Mobile,1,1,0,0,0
3690,2025-08-21,Mobile,1,1,0,0,0
3691,2025-09-10,Desktop,1,1,0,0,0
3692,2025-04-12,Tablet,1,1,0,0,0
3693,2025-06-26,Desktop,1,1,0,0,0
3694,2025-04-06,Tablet,1,1,0,0,0
3695,2025-06-13,Mobile,1,1,1,0,0
3696,2025-02-25,Desktop,1,1,0,0,0
3697,2025-04-20,Desktop,1,1,1,0,0
3698,2025-11-21,Mobile,1,1,1,1,0
3699,2025-09-21,Mobile,1,1,1,1,1
3700,2025-08-01,Mobile,1,1,1,1,1
3701,2025-10-09,Desktop,1,1,0,0,0
3702,2025-03-29,Mobile,1,0,0,0,0
3703,2025-09-04,Desktop,1,1,1,0,0
3704,2025-03-01,Mobile,1,0,0,0,0
3705,2025-03-22,Desktop,1,1,0,0,0
3706,2025-06-20,Desktop,1,1,0,0,0
3707,2025-11-09,Mobile,1,0,0,0,0
3708,2025-06-05,Mobile,1,1,0,0,0
3709,2025-07-18,Mobile,1,1,0,0,0
3710,2025-07-30,Desktop,1,0,0,0,0
3711,2025-09-05,Mobile,1,1,1,1,1
3712,2025-03-08,Tablet,1,1,0,0,0
3713,2025-12-20,Tablet,1,0,0,0,0
3714,2025-05-02,Desktop,1,1,0,0,0
3715,2025-06-30,Desktop,1,0,0,0,0
3716,2025-11-12,Mobile,1,1,0,0,0
3717,2025-09-28,Mobile,1,1,1,1,0
3718,2025-12-12,Mobile,1,1,0,0,0
3719,2025-01-05,Tablet,1,0,0,0,0
3720,2025-01-27,Desktop,1,1,0,0,0
3721,2025-10-02,Desktop,1,1,1,1,1
3722,2025-07-15,Mobile,1,1,0,0,0
3723,2025-07-13,Desktop,1,0,0,0,0
3724,2025-12-01,Desktop,1,1,1,1,0
3725,2025-06-24,Desktop,1,1,1,0,0
3726,2025-04-21,Desktop,1,0,0,0,0
3727,2025-06-27,Mobile,1,1,0,0,0
3728,2025-07-16,Mobile,1,0,0,0,0
3729,2025-06-19,Desktop,1,1,1,0,0
3730,2025-10-01,Mobile,1,1,1,1,1
3731,2025-01-01,Mobile,1,1,0,0,0
3732,2025-10-14,Mobile,1,1,1,1,0
3733,2025-08-27,Mobile,1,0,0,0,0
3734,2025-04-10,Mobile,1,1,0,0,0
3735,2025-09-18,Desktop,1,1,1,1,1
3736,2025-06-27,Mobile,1,1,0,0,0
3737,2025-11-02,Mobile,1,1,1,1,1
3738,2025-05-26,Desktop,1,1,0,0,0
3739,2025-08-06,Mobile,1,1,0,0,0
3740,2025-10-27,Desktop,1,1,1,1,0
3741,2025-05-16,Mobile,1,1,1,1,1
3742,2025-10-15,Desktop,1,1,1,1,1
3743,2025-04-15,Desktop,1,1,0,0,0
3744,2025-02-27,Mobile,1,1,0,0,0
3745,2025-10-01,Tablet,1,0,0,0,0
3746,2025-10-09,Mobile,1,1,0,0,0
3747,2025-07-22,Tablet,1,1,0,0,0
3748,2025-07-25,Mobile,1,1,0,0,0
3749,2025-05-15,Mobile,1,1,0,0,0
3750,2025-07-13,Mobile,1,0,0,0,0
3751,2025-02-11,Mobile,1,1,0,0,0
3752,2025-09-22,Mobile,1,1,0,0,0
3753,2025-10-13,Mobile,1,1,0,0,0
3754,2025-10-05,Mobile,1,1,0,0,0
3755,2025-05-03,Desktop,1,1,1,1,1
3756,2025-03-15,Tablet,1,1,0,0,0
3757,2025-08-20,Mobile,1,1,0,0,0
3758,2025-12-20,Desktop,1,1,0,0,0
3759,2025-01-05,Mobile,1,1,1,1,1
3760,2025-02-15,Desktop,1,0,0,0,0
3761,2025-01-22,Desktop,1,1,0,0,0
3762,2025-12-02,Mobile,1,1,0,0,0
3763,2025-05-14,Desktop,1,1,0,0,0
3764,2025-02-18,Mobile,1,1,1,1,1
3765,2025-07-24,Tablet,1,1,0,0,0
3766,2025-10-05,Desktop,1,0,0,0,0
3767,2025-09-15,Mobile,1,1,0,0,0
3768,2025-08-18,Tablet,1,0,0,0,0
3769,2025-03-10,Tablet,1,1,0,0,0
3770,2025-08-19,Tablet,1,1,0,0,0
3771,2025-04-22,Mobile,1,1,0,0,0
3772,2025-04-17,Desktop,1,1,1,1,1
3773,2025-05-08,Mobile,1,1,1,1,0
3774,2025-02-28,Mobile,1,1,1,1,1
3775,2025-03-23,Mobile,1,1,0,0,0
3776,2025-11-06,Mobile,1,1,0,0,0
3777,2025-01-14,Desktop,1,1,1,1,0
3778,2025-04-02,Mobile,1,0,0,0,0
3779,2025-07-10,Tablet,1,1,0,0,0
3780,2025-12-11,Mobile,1,1,1,1,1
3781,2025-12-24,Mobile,1,0,0,0,0
3782,2025-08-09,Tablet,1,0,0,0,0
3783,2025-03-10,Desktop,1,0,0,0,0
3784,2025-05-07,Desktop,1,1,0,0,0
3785,2025-08-04,Mobile,1,1,0,0,0
3786,2025-11-16,Mobile,1,1,0,0,0
3787,2025-09-30,Tablet,1,0,0,0,0
3788,2025-03-17,Desktop,1,1,0,0,0
3789,2025-02-08,Mobile,1,1,0,0,0
3790,2025-05-16,Mobile,1,0,0,0,0
3791,2025-05-24,Desktop,1,1,0,0,0
3792,2025-03-17,Tablet,1,0,0,0,0
3793,2025-01-22,Mobile,1,1,1,0,0
3794,2025-12-12,Mobile,1,1,0,0,0
3795,2025-12-02,Mobile,1,1,0,0,0
3796,2025-05-12,Mobile,1,0,0,0,0
3797,2025-07-09,Mobile,1,1,0,0,0
3798,2025-02-28,Mobile,1,0,0,0,0
3799,2025-12-09,Mobile,1,1,0,0,0
3800,2025-04-28,Mobile,1,1,0,0,0
3801,2025-09-17,Mobile,1,1,0,0,0
3802,2025-12-13,Desktop,1,1,0,0,0
3803,2025-09-20,Mobile,1,1,1,0,0
3804,2025-07-20,Mobile,1,1,1,1,1
3805,2025-02-02,Desktop,1,0,0,0,0
3806,2025-01-28,Mobile,1,0,0,0,0
3807,2025-04-03,Desktop,1,1,0,0,0
3808,2025-03-30,Mobile,1,1,0,0,0
3809,2025-03-09,Mobile,1,0,0,0,0
3810,2025-10-11,Mobile,1,1,1,1,1
3811,2025-01-22,Mobile,1,1,0,0,0
3812,2025-01-21,Desktop,1,0,0,0,0
3813,2025-05-19,Mobile,1,1,0,0,0
3814,2025-08-01,Desktop,1,0,0,0,0
3815,2025-05-13,Desktop,1,1,1,1,0
3816,2025-10-21,Mobile,1,1,1,1,0
3817,2025-09-13,Mobile,1,1,0,0,0
3818,2025-02-27,Mobile,1,1,1,0,0
3819,2025-07-31,Mobile,1,0,0,0,0
3820,2025-11-17,Tablet,1,1,1,1,0
3821,2025-04-14,Tablet,1,1,1,1,1
3822,2025-12-24,Tablet,1,0,0,0,0
3823,2025-01-25,Desktop,1,0,0,0,0
3824,2025-10-07,Mobile,1,1,0,0,0
3825,2025-05-08,Desktop,1,1,1,1,0
3826,2025-12-23,Mobile,1,0,0,0,0
3827,2025-11-06,Mobile,1,1,1,0,0
3828,2025-11-30,Tablet,1,1,0,0,0
3829,2025-01-26,Mobile,1,1,0,0,0
3830,2025-12-26,Mobile,1,1,0,0,0
3831,2025-10-28,Desktop,1,1,1,0,0
3832,2025-03-11,Desktop,1,1,0,0,0
3833,2025-09-01,Mobile,1,1,0,0,0
3834,2025-09-09,Mobile,1,0,0,0,0
3835,2025-07-01,Desktop,1,1,1,1,1
3836,2025-10-22,Mobile,1,1,0,0,0
3837,2025-05-15,Desktop,1,1,0,0,0
3838,2025-01-30,Desktop,1,1,1,1,1
3839,2025-03-30,Mobile,1,1,0,0,0
3840,2025-05-30,Mobile,1,1,1,1,0
3841,2025-08-23,Mobile,1,1,1,1,1
3842,2025-04-16,Tablet,1,1,1,0,0
3843,2025-03-03,Mobile,1,1,0,0,0
3844,2025-12-14,Desktop,1,1,0,0,0
3845,2025-03-16,Mobile,1,1,1,0,0
3846,2025-05-06,Desktop,1,1,0,0,0
3847,2025-09-04,Mobile,1,1,0,0,0
3848,2025-09-20,Mobile,1,1,0,0,0
3849,2025-07-12,Mobile,1,0,0,0,0
3850,2025-12-01,Tablet,1,1,1,1,1
3851,2025-08-05,Desktop,1,1,1,0,0
3852,2025-10-29,Tablet,1,1,0,0,0
3853,2025-09-23,Desktop,1,1,0,0,0
3854,2025-11-29,Tablet,1,0,0,0,0
3855,2025-03-14,Mobile,1,0,0,0,0
3856,2025-12-29,Mobile,1,1,0,0,0
3857,2025-01-01,Mobile,1,0,0,0,0
3858,2025-06-01,Desktop,1,1,1,1,1
3859,2025-08-21,Mobile,1,1,0,0,0
3860,2025-03-11,Mobile,1,1,1,0,0
3861,2025-05-22,Mobile,1,0,0,0,0
3862,2025-07-29,Mobile,1,0,0,0,0
3863,2025-07-17,Mobile,1,0,0,0,0
3864,2025-10-06,Tablet,1,1,0,0,0
3865,2025-03-30,Mobile,1,0,0,0,0
3866,2025-06-08,Desktop,1,1,0,0,0
3867,2025-05-26,Desktop,1,1,0,0,0
3868,2025-08-01,Desktop,1,1,0,0,0
3869,2025-05-24,Mobile,1,0,0,0,0
3870,2025-12-23,Desktop,1,1,1,1,0
3871,2025-10-29,Desktop,1,1,0,0,0
3872,2025-05-16,Mobile,1,1,1,1,1
3873,2025-09-19,Mobile,1,1,0,0,0
3874,2025-06-09,Mobile,1,1,1,1,1
3875,2025-07-04,Mobile,1,1,0,0,0
3876,2025-04-16,Mobile,1,1,0,0,0
3877,2025-11-10,Mobile,1,1,0,0,0
3878,2025-05-23,Mobile,1,1,1,1,1
3879,2025-01-23,Mobile,1,1,0,0,0
3880,2025-05-14,Tablet,1,1,1,1,1
3881,2025-02-25,Mobile,1,1,0,0,0
3882,2025-06-06,Mobile,1,0,0,0,0
3883,2025-05-14,Mobile,1,1,0,0,0
3884,2025-06-16,Mobile,1,1,0,0,0
3885,2025-07-11,Mobile,1,0,0,0,0
3886,2025-06-24,Desktop,1,1,1,1,0
3887,2025-08-13,Mobile,1,1,0,0,0
3888,2025-11-02,Desktop,1,1,1,1,1
3889,2025-10-12,Mobile,1,1,0,0,0
3890,2025-06-01,Desktop,1,1,1,1,1
3891,2025-01-11,Desktop,1,0,0,0,0
3892,2025-08-01,Desktop,1,1,0,0,0
3893,2025-04-28,Mobile,1,1,0,0,0
3894,2025-01-16,Mobile,1,1,0,0,0
3895,2025-09-06,Desktop,1,1,1,0,0
3896,2025-09-05,Mobile,1,0,0,0,0
3897,2025-07-26,Mobile,1,1,1,1,1
3898,2025-11-08,Mobile,1,0,0,0,0
3899,2025-07-18,Tablet,1,0,0,0,0
3900,2025-06-03,Desktop,1,1,1,1,0
3901,2025-01-12,Tablet,1,1,1,1,1
3902,2025-10-20,Mobile,1,1,0,0,0
3903,2025-09-26,Mobile,1,1,0,0,0
3904,2025-01-24,Mobile,1,1,0,0,0
3905,2025-12-17,Tablet,1,1,0,0,0
3906,2025-05-03,Desktop,1,1,1,0,0
3907,2025-07-18,Tablet,1,1,0,0,0
3908,2025-07-27,Mobile,1,1,0,0,0
3909,2025-09-05,Mobile,1,1,0,0,0
3910,2025-09-30,Desktop,1,1,0,0,0
3911,2025-03-19,Desktop,1,1,0,0,0
3912,2025-02-10,Desktop,1,1,0,0,0
3913,2025-01-11,Desktop,1,0,0,0,0
3914,2025-07-11,Mobile,1,0,0,0,0
3915,2025-02-08,Tablet,1,1,1,1,0
3916,2025-06-26,Desktop,1,1,1,1,1
3917,2025-12-23,Mobile,1,1,0,0,0
3918,2025-03-27,Mobile,1,1,1,1,0
3919,2025-09-13,Desktop,1,0,0,0,0
3920,2025-07-01,Tablet,1,1,0,0,0
3921,2025-09-15,Mobile,1,1,1,1,0
3922,2025-02-20,Mobile,1,0,0,0,0
3923,2025-12-10,Tablet,1,1,0,0,0
3924,2025-06-07,Desktop,1,1,0,0,0
3925,2025-01-04,Mobile,1,0,0,0,0
3926,2025-03-28,Mobile,1,1,0,0,0
3927,2025-11-14,Mobile,1,0,0,0,0
3928,2025-06-22,Desktop,1,1,0,0,0
3929,2025-05-07,Mobile,1,1,1,1,1
3930,2025-10-11,Mobile,1,0,0,0,0
3931,2025-02-21,Mobile,1,1,1,1,1
3932,2025-04-27,Mobile,1,0,0,0,0
3933,2025-06-24,Desktop,1,1,1,1,1
3934,2025-09-01,Mobile,1,1,1,1,0
3935,2025-12-28,Mobile,1,1,0,0,0
3936,2025-07-16,Tablet,1,1,0,0,0
3937,2025-12-24,Mobile,1,1,1,1,0
3938,2025-12-17,Tablet,1,1,0,0,0
3939,2025-08-01,Mobile,1,0,0,0,0
3940,2025-04-04,Tablet,1,1,0,0,0
3941,2025-01-22,Tablet,1,1,0,0,0
3942,2025-03-10,Desktop,1,1,0,0,0
3943,2025-02-03,Desktop,1,1,0,0,0
3944,2025-03-27,Desktop,1,1,0,0,0
3945,2025-08-22,Desktop,1,0,0,0,0
3946,2025-05-04,Desktop,1,0,0,0,0
3947,2025-03-10,Desktop,1,1,0,0,0
3948,2025-02-03,Mobile,1,1,0,0,0
3949,2025-11-14,Mobile,1,0,0,0,0
3950,2025-01-02,Mobile,1,1,0,0,0
3951,2025-03-31,Desktop,1,1,1,1,0
3952,2025-08-06,Mobile,1,1,0,0,0
3953,2025-01-12,Mobile,1,1,0,0,0
3954,2025-12-18,Mobile,1,1,0,0,0
3955,2025-01-23,Desktop,1,1,1,0,0
3956,2025-11-15,Mobile,1,0,0,0,0
3957,2025-10-21,Mobile,1,0,0,0,0
3958,2025-03-13,Mobile,1,0,0,0,0
3959,2025-06-01,Mobile,1,1,1,1,0
3960,2025-04-14,Desktop,1,1,0,0,0
3961,2025-05-23,Mobile,1,0,0,0,0
3962,2025-10-06,Mobile,1,1,1,0,0
3963,2025-01-20,Mobile,1,1,0,0,0
3964,2025-07-06,Mobile,1,1,0,0,0
3965,2025-10-20,Mobile,1,0,0,0,0
3966,2025-06-04,Mobile,1,0,0,0,0
3967,2025-04-30,Mobile,1,1,0,0,0
3968,2025-09-07,Mobile,1,0,0,0,0
3969,2025-05-25,Mobile,1,1,1,1,0
3970,2025-11-28,Mobile,1,0,0,0,0
3971,2025-12-07,Desktop,1,1,0,0,0
3972,2025-10-19,Mobile,1,0,0,0,0
3973,2025-06-24,Mobile,1,1,0,0,0
3974,2025-06-10,Mobile,1,1,0,0,0
3975,2025-09-01,Mobile,1,1,1,1,0
3976,2025-12-22,Tablet,1,1,1,1,1
3977,2025-10-31,Mobile,1,1,0,0,0
3978,2025-05-17,Mobile,1,1,0,0,0
3979,2025-05-08,Mobile,1,1,0,0,0
3980,2025-09-25,Desktop,1,0,0,0,0
3981,2025-08-04,Mobile,1,1,1,1,1
3982,2025-03-31,Mobile,1,0,0,0,0
3983,2025-12-31,Mobile,1,1,0,0,0
3984,2025-08-21,Mobile,1,1,0,0,0
3985,2025-05-17,Mobile,1,1,1,1,1
3986,2025-02-06,Desktop,1,1,0,0,0
3987,2025-12-09,Mobile,1,1,1,1,1
3988,2025-11-13,Mobile,1,1,1,1,1
3989,2025-12-28,Mobile,1,1,0,0,0
3990,2025-04-12,Mobile,1,1,1,1,1
3991,2025-09-09,Desktop,1,1,0,0,0
3992,2025-03-22,Desktop,1,1,0,0,0
3993,2025-09-04,Tablet,1,1,0,0,0
3994,2025-09-18,Desktop,1,1,0,0,0
3995,2025-10-26,Mobile,1,1,0,0,0
3996,2025-07-31,Mobile,1,0,0,0,0
3997,2025-06-11,Mobile,1,1,1,1,1
3998,2025-11-15,Desktop,1,0,0,0,0
3999,2025-03-18,Mobile,1,0,0,0,0
4000,2025-11-25,Mobile,1,1,1,1,0
4001,2025-12-20,Mobile,1,1,1,1,1
4002,2025-03-23,Mobile,1,1,0,0,0
4003,2025-06-04,Desktop,1,1,1,0,0
4004,2025-09-16,Mobile,1,1,0,0,0
4005,2025-05-30,Desktop,1,1,1,1,1
4006,2025-09-11,Mobile,1,1,1,1,0
4007,2025-04-14,Mobile,1,1,0,0,0
4008,2025-10-10,Mobile,1,0,0,0,0
4009,2025-10-30,Mobile,1,1,1,1,1
4010,2025-08-24,Desktop,1,1,0,0,0
4011,2025-12-23,Desktop,1,1,0,0,0
4012,2025-02-15,Tablet,1,0,0,0,0
4013,2025-09-13,Desktop,1,1,1,1,1
4014,2025-10-01,Desktop,1,1,0,0,0
4015,2025-04-01,Mobile,1,0,0,0,0
4016,2025-07-12,Tablet,1,0,0,0,0
4017,2025-07-10,Tablet,1,1,1,0,0
4018,2025-10-31,Mobile,1,1,0,0,0
4019,2025-06-23,Mobile,1,1,0,0,0
4020,2025-08-09,Mobile,1,1,0,0,0
4021,2025-05-18,Tablet,1,1,1,0,0
4022,2025-08-02,Mobile,1,1,0,0,0
4023,2025-11-25,Desktop,1,1,0,0,0
4024,2025-12-16,Mobile,1,0,0,0,0
4025,2025-02-03,Mobile,1,1,1,0,0
4026,2025-09-16,Desktop,1,1,0,0,0
4027,2025-12-05,Mobile,1,1,0,0,0
4028,2025-11-02,Tablet,1,1,1,1,1
4029,2025-07-24,Mobile,1,1,0,0,0
4030,2025-10-04,Desktop,1,1,1,1,1
4031,2025-10-05,Mobile,1,0,0,0,0
4032,2025-09-05,Mobile,1,1,1,1,1
4033,2025-03-24,Mobile,1,1,0,0,0
4034,2025-01-31,Mobile,1,1,1,1,0
4035,2025-02-09,Mobile,1,1,1,1,1
4036,2025-10-01,Mobile,1,1,0,0,0
4037,2025-08-19,Mobile,1,1,0,0,0
4038,2025-04-27,Desktop,1,0,0,0,0
4039,2025-12-13,Mobile,1,1,0,0,0
4040,2025-02-09,Desktop,1,0,0,0,0
4041,2025-01-01,Desktop,1,1,0,0,0
4042,2025-10-20,Tablet,1,1,1,1,1
4043,2025-07-09,Mobile,1,0,0,0,0
4044,2025-07-28,Mobile,1,0,0,0,0
4045,2025-01-31,Mobile,1,1,0,0,0
4046,2025-01-14,Tablet,1,1,0,0,0
4047,2025-12-02,Desktop,1,1,1,1,1
4048,2025-06-28,Mobile,1,1,0,0,0
4049,2025-08-06,Mobile,1,0,0,0,0
4050,2025-03-24,Tablet,1,1,0,0,0
4051,2025-10-17,Mobile,1,0,0,0,0
4052,2025-02-28,Desktop,1,1,0,0,0
4053,2025-09-03,Mobile,1,1,0,0,0
4054,2025-04-23,Mobile,1,1,0,0,0
4055,2025-12-22,Desktop,1,1,1,1,1
4056,2025-03-19,Desktop,1,0,0,0,0
4057,2025-10-31,Mobile,1,1,0,0,0
4058,2025-02-19,Mobile,1,1,1,1,1
4059,2025-07-05,Mobile,1,1,1,1,0
4060,2025-07-11,Mobile,1,1,0,0,0
4061,2025-12-27,Mobile,1,1,0,0,0
4062,2025-03-13,Desktop,1,0,0,0,0
4063,2025-05-27,Desktop,1,1,0,0,0
4064,2025-08-17,Mobile,1,0,0,0,0
4065,2025-01-21,Desktop,1,1,1,1,0
4066,2025-03-12,Desktop,1,1,0,0,0
4067,2025-11-27,Desktop,1,1,0,0,0
4068,2025-09-03,Mobile,1,1,1,1,0
4069,2025-10-06,Desktop,1,1,1,0,0
4070,2025-03-04,Mobile,1,0,0,0,0
4071,2025-03-18,Desktop,1,1,1,1,1
4072,2025-03-07,Tablet,1,1,1,1,1
4073,2025-09-09,Desktop,1,0,0,0,0
4074,2025-09-19,Mobile,1,0,0,0,0
4075,2025-06-18,Mobile,1,1,1,1,0
4076,2025-01-13,Mobile,1,0,0,0,0
4077,2025-05-19,Mobile,1,1,0,0,0
4078,2025-07-03,Desktop,1,1,1,1,0
4079,2025-06-24,Mobile,1,1,0,0,0
4080,2025-10-26,Mobile,1,1,0,0,0
4081,2025-07-10,Mobile,1,1,1,1,0
4082,2025-10-26,Desktop,1,1,0,0,0
4083,2025-03-24,Mobile,1,0,0,0,0
4084,2025-05-08,Mobile,1,1,0,0,0
4085,2025-04-09,Mobile,1,1,0,0,0
4086,2025-06-10,Desktop,1,1,1,1,1
4087,2025-07-21,Desktop,1,1,0,0,0
4088,2025-03-18,Mobile,1,0,0,0,0
4089,2025-04-06,Desktop,1,0,0,0,0
4090,2025-03-01,Desktop,1,1,1,1,1
4091,2025-09-09,Mobile,1,0,0,0,0
4092,2025-07-13,Mobile,1,0,0,0,0
4093,2025-04-14,Mobile,1,0,0,0,0
4094,2025-03-26,Mobile,1,1,1,1,1
4095,2025-10-14,Mobile,1,1,1,0,0
4096,2025-01-03,Mobile,1,1,0,0,0
4097,2025-04-12,Desktop,1,0,0,0,0
4098,2025-09-30,Desktop,1,1,0,0,0
4099,2025-08-06,Desktop,1,1,0,0,0
4100,2025-06-19,Mobile,1,0,0,0,0
4101,2025-01-25,Desktop,1,0,0,0,0
4102,2025-01-08,Mobile,1,0,0,0,0
4103,2025-05-24,Desktop,1,1,1,0,0
4104,2025-01-27,Mobile,1,1,0,0,0
4105,2025-04-02,Tablet,1,0,0,0,0
4106,2025-05-14,Mobile,1,1,0,0,0
4107,2025-05-25,Desktop,1,0,0,0,0
4108,2025-08-06,Desktop,1,0,0,0,0
4109,2025-12-08,Mobile,1,1,0,0,0
4110,2025-10-05,Tablet,1,0,0,0,0
4111,2025-01-16,Mobile,1,1,0,0,0
4112,2025-10-26,Mobile,1,1,1,1,1
4113,2025-07-24,Mobile,1,0,0,0,0
4114,2025-06-20,Desktop,1,1,0,0,0
4115,2025-05-18,Desktop,1,1,0,0,0
4116,2025-02-07,Mobile,1,0,0,0,0
4117,2025-07-30,Mobile,1,1,1,1,1
4118,2025-10-19,Desktop,1,0,0,0,0
4119,2025-02-15,Mobile,1,1,1,1,0
4120,2025-10-24,Tablet,1,1,0,0,0
4121,2025-10-11,Desktop,1,1,1,1,1
4122,2025-10-02,Mobile,1,0,0,0,0
4123,2025-09-02,Desktop,1,1,0,0,0
4124,2025-02-21,Desktop,1,1,1,1,0
4125,2025-02-04,Mobile,1,1,0,0,0
4126,2025-01-12,Mobile,1,1,0,0,0
4127,2025-07-25,Mobile,1,1,0,0,0
4128,2025-08-13,Mobile,1,0,0,0,0
4129,2025-08-08,Desktop,1,1,0,0,0
4130,2025-02-17,Desktop,1,1,0,0,0
4131,2025-03-18,Mobile,1,1,1,1,1
4132,2025-05-20,Desktop,1,1,0,0,0
4133,2025-09-27,Desktop,1,0,0,0,0
4134,2025-02-10,Mobile,1,1,0,0,0
4135,2025-10-12,Mobile,1,1,0,0,0
4136,2025-12-14,Mobile,1,1,0,0,0
4137,2025-03-01,Desktop,1,1,1,1,1
4138,2025-11-13,Mobile,1,1,0,0,0
4139,2025-03-25,Desktop,1,1,0,0,0
4140,2025-03-06,Tablet,1,1,0,0,0
4141,2025-08-19,Mobile,1,0,0,0,0
4142,2025-06-22,Mobile,1,1,0,0,0
4143,2025-08-28,Desktop,1,1,0,0,0
4144,2025-09-01,Mobile,1,1,0,0,0
4145,2025-03-03,Mobile,1,1,0,0,0
4146,2025-11-30,Desktop,1,1,1,1,1
4147,2025-10-11,Tablet,1,1,1,1,1
4148,2025-02-17,Mobile,1,1,0,0,0
4149,2025-05-09,Mobile,1,0,0,0,0
4150,2025-08-22,Desktop,1,1,1,1,1
4151,2025-04-25,Mobile,1,1,0,0,0
4152,2025-01-10,Mobile,1,0,0,0,0
4153,2025-04-10,Desktop,1,1,1,1,1
4154,2025-08-23,Mobile,1,1,0,0,0
4155,2025-01-14,Mobile,1,1,0,0,0
4156,2025-09-16,Desktop,1,1,1,1,1
4157,2025-11-23,Mobile,1,1,1,1,0
4158,2025-07-23,Desktop,1,1,1,0,0
4159,2025-05-15,Mobile,1,0,0,0,0
4160,2025-06-18,Mobile,1,1,1,1,1
4161,2025-05-18,Mobile,1,0,0,0,0
4162,2025-06-19,Mobile,1,1,0,0,0
4163,2025-09-26,Mobile,1,1,0,0,0
4164,2025-02-12,Mobile,1,1,0,0,0
4165,2025-09-08,Mobile,1,1,0,0,0
4166,2025-05-05,Mobile,1,1,0,0,0
4167,2025-02-03,Desktop,1,1,1,1,1
4168,2025-08-17,Mobile,1,0,0,0,0
4169,2025-03-12,Mobile,1,1,1,1,1
4170,2025-06-24,Mobile,1,0,0,0,0
4171,2025-01-01,Desktop,1,1,1,1,1
4172,2025-09-12,Mobile,1,1,0,0,0
4173,2025-07-22,Desktop,1,1,0,0,0
4174,2025-06-19,Desktop,1,1,1,0,0
4175,2025-08-31,Mobile,1,1,0,0,0
4176,2025-06-13,Desktop,1,1,0,0,0
4177,2025-02-18,Mobile,1,1,1,1,0
4178,2025-04-02,Desktop,1,0,0,0,0
4179,2025-03-03,Mobile,1,0,0,0,0
4180,2025-11-16,Mobile,1,1,0,0,0
4181,2025-06-24,Mobile,1,0,0,0,0
4182,2025-10-10,Mobile,1,0,0,0,0
4183,2025-06-04,Mobile,1,1,1,1,1
4184,2025-02-28,Desktop,1,1,0,0,0
4185,2025-06-16,Desktop,1,1,0,0,0
4186,2025-08-07,Desktop,1,1,0,0,0
4187,2025-04-26,Mobile,1,1,1,1,0
4188,2025-08-22,Mobile,1,0,0,0,0
4189,2025-01-09,Mobile,1,0,0,0,0
4190,2025-04-06,Desktop,1,0,0,0,0
4191,2025-03-13,Tablet,1,1,0,0,0
4192,2025-04-25,Desktop,1,0,0,0,0
4193,2025-12-18,Mobile,1,1,0,0,0
4194,2025-04-22,Tablet,1,1,0,0,0
4195,2025-03-20,Mobile,1,0,0,0,0
4196,2025-02-02,Desktop,1,1,1,0,0
4197,2025-07-06,Mobile,1,0,0,0,0
4198,2025-10-06,Desktop,1,1,0,0,0
4199,2025-01-16,Mobile,1,1,0,0,0
4200,2025-07-15,Mobile,1,1,0,0,0
4201,2025-01-27,Desktop,1,1,1,1,0
4202,2025-12-24,Desktop,1,1,0,0,0
4203,2025-05-06,Tablet,1,1,0,0,0
4204,2025-03-03,Mobile,1,1,0,0,0
4205,2025-07-26,Mobile,1,1,1,1,0
4206,2025-12-02,Desktop,1,1,0,0,0
4207,2025-11-22,Mobile,1,1,1,1,1
4208,2025-01-17,Mobile,1,0,0,0,0
4209,2025-09-13,Mobile,1,0,0,0,0
4210,2025-10-04,Desktop,1,0,0,0,0
4211,2025-12-29,Mobile,1,1,0,0,0
4212,2025-09-15,Mobile,1,0,0,0,0
4213,2025-02-09,Mobile,1,1,1,1,0
4214,2025-12-05,Mobile,1,1,0,0,0
4215,2025-12-28,Tablet,1,1,0,0,0
4216,2025-10-26,Mobile,1,1,0,0,0
4217,2025-12-28,Mobile,1,0,0,0,0
4218,2025-07-06,Mobile,1,1,0,0,0
4219,2025-07-01,Mobile,1,1,1,1,0
4220,2025-03-16,Mobile,1,1,1,1,0
4221,2025-04-13,Mobile,1,1,1,0,0
4222,2025-04-17,Desktop,1,1,0,0,0
4223,2025-07-22,Desktop,1,1,1,1,1
4224,2025-10-12,Mobile,1,1,0,0,0
4225,2025-06-05,Mobile,1,1,0,0,0
4226,2025-01-01,Mobile,1,0,0,0,0
4227,2025-04-06,Mobile,1,1,0,0,0
4228,2025-05-28,Desktop,1,1,1,0,0
4229,2025-06-12,Mobile,1,1,0,0,0
4230,2025-03-16,Mobile,1,0,0,0,0
4231,2025-12-27,Desktop,1,1,1,0,0
4232,2025-04-14,Desktop,1,0,0,0,0
4233,2025-03-25,Mobile,1,1,0,0,0
4234,2025-03-06,Mobile,1,1,1,1,1
4235,2025-11-11,Tablet,1,0,0,0,0
4236,2025-08-30,Desktop,1,1,0,0,0
4237,2025-08-29,Mobile,1,0,0,0,0
4238,2025-12-20,Desktop,1,0,0,0,0
4239,2025-10-27,Desktop,1,1,1,1,1
4240,2025-05-10,Mobile,1,1,0,0,0
4241,2025-11-22,Mobile,1,1,0,0,0
4242,2025-09-25,Mobile,1,0,0,0,0
4243,2025-05-18,Mobile,1,1,1,1,1
4244,2025-10-03,Desktop,1,1,0,0,0
4245,2025-10-11,Desktop,1,1,0,0,0
4246,2025-11-05,Mobile,1,0,0,0,0
4247,2025-01-11,Mobile,1,0,0,0,0
4248,2025-06-04,Desktop,1,1,0,0,0
4249,2025-11-12,Mobile,1,1,0,0,0
4250,2025-01-23,Desktop,1,0,0,0,0
4251,2025-12-03,Desktop,1,1,0,0,0
4252,2025-07-22,Mobile,1,0,0,0,0
4253,2025-02-28,Desktop,1,1,0,0,0
4254,2025-10-06,Mobile,1,1,0,0,0
4255,2025-08-12,Mobile,1,1,1,1,0
4256,2025-03-17,Tablet,1,1,0,0,0
4257,2025-09-17,Desktop,1,1,1,1,1
4258,2025-03-16,Mobile,1,1,1,1,1
4259,2025-05-14,Mobile,1,1,1,1,0
4260,2025-09-20,Mobile,1,1,0,0,0
4261,2025-05-30,Mobile,1,1,0,0,0
4262,2025-10-13,Mobile,1,1,0,0,0
4263,2025-06-02,Mobile,1,1,0,0,0
4264,2025-02-08,Tablet,1,1,1,1,0
4265,2025-09-08,Mobile,1,1,1,1,1
4266,2025-06-14,Mobile,1,1,0,0,0
4267,2025-04-30,Mobile,1,1,1,0,0
4268,2025-06-20,Mobile,1,1,1,1,0
4269,2025-08-30,Tablet,1,0,0,0,0
4270,2025-06-08,Mobile,1,0,0,0,0
4271,2025-07-14,Desktop,1,1,0,0,0
4272,2025-04-13,Mobile,1,1,0,0,0
4273,2025-09-19,Desktop,1,1,0,0,0
4274,2025-04-06,Mobile,1,1,0,0,0
4275,2025-03-18,Mobile,1,1,0,0,0
4276,2025-12-20,Mobile,1,1,0,0,0
4277,2025-09-29,Mobile,1,1,0,0,0
4278,2025-09-30,Mobile,1,1,0,0,0
4279,2025-11-21,Desktop,1,0,0,0,0
4280,2025-01-29,Mobile,1,0,0,0,0
4281,2025-02-16,Desktop,1,1,0,0,0
4282,2025-01-10,Mobile,1,1,1,1,0
4283,2025-12-26,Mobile,1,1,0,0,0
4284,2025-04-01,Desktop,1,1,1,1,1
4285,2025-07-25,Mobile,1,1,1,0,0
4286,2025-12-26,Mobile,1,1,1,1,0
4287,2025-12-13,Mobile,1,1,1,0,0
4288,2025-12-21,Desktop,1,1,0,0,0
4289,2025-11-06,Tablet,1,1,0,0,0
4290,2025-05-11,Mobile,1,0,0,0,0
4291,2025-08-12,Tablet,1,1,0,0,0
4292,2025-06-04,Desktop,1,1,0,0,0
4293,2025-12-16,Desktop,1,1,0,0,0
4294,2025-12-11,Desktop,1,1,1,1,1
4295,2025-07-25,Desktop,1,0,0,0,0
4296,2025-01-29,Desktop,1,0,0,0,0
4297,2025-10-27,Mobile,1,1,1,1,0
4298,2025-03-10,Desktop,1,1,0,0,0
4299,2025-05-15,Mobile,1,1,1,1,0
4300,2025-11-05,Mobile,1,1,0,0,0
4301,2025-08-01,Desktop,1,1,0,0,0
4302,2025-04-19,Mobile,1,1,1,0,0
4303,2025-04-10,Mobile,1,1,1,1,0
4304,2025-03-13,Desktop,1,1,0,0,0
4305,2025-02-27,Mobile,1,1,0,0,0
4306,2025-04-16,Mobile,1,0,0,0,0
4307,2025-04-14,Mobile,1,1,0,0,0
4308,2025-02-24,Mobile,1,1,0,0,0
4309,2025-11-18,Mobile,1,1,0,0,0
4310,2025-03-12,Desktop,1,1,0,0,0
4311,2025-07-09,Desktop,1,1,1,1,1
4312,2025-02-01,Mobile,1,0,0,0,0
4313,2025-06-23,Mobile,1,0,0,0,0
4314,2025-12-22,Mobile,1,1,0,0,0
4315,2025-06-01,Desktop,1,1,0,0,0
4316,2025-04-17,Desktop,1,0,0,0,0
4317,2025-01-02,Desktop,1,1,0,0,0
4318,2025-01-18,Tablet,1,1,1,1,1
4319,2025-09-20,Mobile,1,1,1,0,0
4320,2025-09-28,Mobile,1,0,0,0,0
4321,2025-10-24,Mobile,1,1,0,0,0
4322,2025-07-16,Mobile,1,1,1,1,0
4323,2025-02-07,Mobile,1,1,0,0,0
4324,2025-05-17,Mobile,1,1,0,0,0
4325,2025-06-21,Mobile,1,1,0,0,0
4326,2025-07-22,Mobile,1,1,0,0,0
4327,2025-08-10,Mobile,1,0,0,0,0
4328,2025-05-30,Mobile,1,1,0,0,0
4329,2025-08-08,Desktop,1,0,0,0,0
4330,2025-08-12,Mobile,1,1,0,0,0
4331,2025-09-03,Desktop,1,1,0,0,0
4332,2025-06-18,Tablet,1,1,1,1,1
4333,2025-08-21,Mobile,1,1,0,0,0
4334,2025-06-12,Desktop,1,0,0,0,0
4335,2025-07-16,Mobile,1,1,1,1,0
4336,2025-03-15,Desktop,1,0,0,0,0
4337,2025-05-25,Mobile,1,1,0,0,0
4338,2025-09-21,Tablet,1,0,0,0,0
4339,2025-06-04,Mobile,1,1,1,0,0
4340,2025-05-25,Mobile,1,1,0,0,0
4341,2025-11-28,Mobile,1,0,0,0,0
4342,2025-07-20,Mobile,1,1,1,0,0
4343,2025-06-06,Tablet,1,0,0,0,0
4344,2025-05-30,Mobile,1,0,0,0,0
4345,2025-10-25,Desktop,1,1,1,1,1
4346,2025-09-07,Desktop,1,0,0,0,0
4347,2025-04-16,Desktop,1,1,1,1,1
4348,2025-04-07,Mobile,1,1,0,0,0
4349,2025-06-30,Tablet,1,1,0,0,0
4350,2025-08-15,Mobile,1,0,0,0,0
4351,2025-08-08,Mobile,1,1,0,0,0
4352,2025-10-06,Mobile,1,1,0,0,0
4353,2025-07-24,Mobile,1,0,0,0,0
4354,2025-07-01,Desktop,1,0,0,0,0
4355,2025-09-03,Mobile,1,1,1,1,0
4356,2025-03-12,Desktop,1,1,1,0,0
4357,2025-01-04,Desktop,1,0,0,0,0
4358,2025-03-04,Mobile,1,1,0,0,0
4359,2025-02-25,Desktop,1,1,0,0,0
4360,2025-06-22,Mobile,1,1,0,0,0
4361,2025-01-10,Mobile,1,1,1,1,0
4362,2025-06-14,Mobile,1,0,0,0,0
4363,2025-07-08,Tablet,1,1,0,0,0
4364,2025-11-11,Desktop,1,0,0,0,0
4365,2025-11-24,Mobile,1,1,0,0,0
4366,2025-09-08,Mobile,1,1,0,0,0
4367,2025-12-13,Desktop,1,1,0,0,0
4368,2025-12-18,Mobile,1,1,0,0,0
4369,2025-12-26,Desktop,1,1,1,0,0
4370,2025-11-29,Mobile,1,1,0,0,0
4371,2025-03-14,Desktop,1,1,1,1,0
4372,2025-05-12,Desktop,1,1,1,1,1
4373,2025-03-28,Mobile,1,0,0,0,0
4374,2025-05-01,Mobile,1,0,0,0,0
4375,2025-01-04,Mobile,1,1,1,1,0
4376,2025-02-26,Desktop,1,1,0,0,0
4377,2025-06-15,Desktop,1,0,0,0,0
4378,2025-01-29,Mobile,1,1,0,0,0
4379,2025-06-22,Mobile,1,1,0,0,0
4380,2025-01-01,Mobile,1,1,0,0,0
4381,2025-04-17,Mobile,1,1,0,0,0
4382,2025-08-03,Tablet,1,0,0,0,0
4383,2025-09-21,Desktop,1,0,0,0,0
4384,2025-11-24,Tablet,1,0,0,0,0
4385,2025-02-04,Mobile,1,1,1,1,0
4386,2025-12-06,Desktop,1,1,1,1,0
4387,2025-02-17,Mobile,1,1,0,0,0
4388,2025-02-27,Mobile,1,1,0,0,0
4389,2025-07-31,Desktop,1,1,0,0,0
4390,2025-12-23,Desktop,1,1,1,1,0
4391,2025-01-22,Desktop,1,1,0,0,0
4392,2025-08-28,Desktop,1,0,0,0,0
4393,2025-03-02,Mobile,1,1,0,0,0
4394,2025-04-30,Tablet,1,1,0,0,0
4395,2025-10-30,Mobile,1,0,0,0,0
4396,2025-12-02,Mobile,1,1,0,0,0
4397,2025-10-12,Mobile,1,0,0,0,0
4398,2025-02-09,Mobile,1,0,0,0,0
4399,2025-10-29,Desktop,1,0,0,0,0
4400,2025-06-26,Desktop,1,1,1,1,0
4401,2025-12-31,Mobile,1,1,1,1,1
4402,2025-01-05,Desktop,1,1,0,0,0
4403,2025-04-17,Desktop,1,1,1,1,1
4404,2025-05-10,Desktop,1,1,1,1,1
4405,2025-03-19,Mobile,1,0,0,0,0
4406,2025-11-18,Desktop,1,1,1,1,1
4407,2025-08-26,Mobile,1,1,0,0,0
4408,2025-12-28,Desktop,1,0,0,0,0
4409,2025-11-23,Mobile,1,1,0,0,0
4410,2025-09-28,Desktop,1,0,0,0,0
4411,2025-08-22,Desktop,1,1,1,1,1
4412,2025-09-28,Mobile,1,1,1,1,1
4413,2025-04-02,Mobile,1,0,0,0,0
4414,2025-02-19,Mobile,1,1,0,0,0
4415,2025-12-31,Mobile,1,1,0,0,0
4416,2025-11-24,Desktop,1,1,1,0,0
4417,2025-12-03,Tablet,1,1,1,1,0
4418,2025-06-13,Mobile,1,1,0,0,0
4419,2025-09-29,Desktop,1,1,0,0,0
4420,2025-05-15,Mobile,1,0,0,0,0
4421,2025-06-06,Mobile,1,1,1,0,0
4422,2025-06-06,Mobile,1,1,1,0,0
4423,2025-11-20,Mobile,1,0,0,0,0
4424,2025-05-03,Mobile,1,0,0,0,0
4425,2025-03-15,Desktop,1,1,1,0,0
4426,2025-06-26,Tablet,1,1,0,0,0
4427,2025-06-05,Mobile,1,1,0,0,0
4428,2025-06-06,Mobile,1,1,0,0,0
4429,2025-08-12,Mobile,1,1,1,1,1
4430,2025-06-11,Mobile,1,1,1,1,0
4431,2025-03-16,Mobile,1,1,0,0,0
4432,2025-06-01,Desktop,1,1,1,1,1
4433,2025-11-15,Desktop,1,0,0,0,0
4434,2025-03-14,Desktop,1,1,1,1,1
4435,2025-09-07,Desktop,1,1,1,1,1
4436,2025-03-28,Mobile,1,0,0,0,0
4437,2025-03-17,Tablet,1,1,0,0,0
4438,2025-08-24,Desktop,1,1,0,0,0
4439,2025-05-12,Desktop,1,1,1,1,0
4440,2025-03-26,Desktop,1,0,0,0,0
4441,2025-03-18,Tablet,1,0,0,0,0
4442,2025-01-03,Mobile,1,0,0,0,0
4443,2025-11-26,Mobile,1,1,1,1,0
4444,2025-08-20,Tablet,1,1,0,0,0
4445,2025-01-17,Mobile,1,0,0,0,0
4446,2025-08-28,Mobile,1,1,0,0,0
4447,2025-02-17,Tablet,1,1,0,0,0
4448,2025-08-30,Mobile,1,0,0,0,0
4449,2025-10-28,Desktop,1,1,0,0,0
4450,2025-11-02,Mobile,1,1,0,0,0
4451,2025-02-07,Desktop,1,0,0,0,0
4452,2025-11-04,Desktop,1,1,1,1,1
4453,2025-06-06,Mobile,1,0,0,0,0
4454,2025-08-15,Mobile,1,1,1,1,0
4455,2025-07-30,Desktop,1,1,1,0,0
4456,2025-04-06,Mobile,1,1,0,0,0
4457,2025-09-04,Mobile,1,1,1,0,0
4458,2025-04-27,Desktop,1,0,0,0,0
4459,2025-05-19,Mobile,1,1,0,0,0
4460,2025-04-13,Desktop,1,0,0,0,0
4461,2025-07-18,Mobile,1,1,0,0,0
4462,2025-05-17,Mobile,1,1,0,0,0
4463,2025-11-17,Mobile,1,0,0,0,0
4464,2025-02-03,Desktop,1,1,0,0,0
4465,2025-12-22,Mobile,1,0,0,0,0
4466,2025-06-20,Desktop,1,0,0,0,0
4467,2025-10-01,Desktop,1,0,0,0,0
4468,2025-05-20,Mobile,1,1,1,0,0
4469,2025-08-25,Tablet,1,1,0,0,0
4470,2025-10-06,Mobile,1,1,0,0,0
4471,2025-08-06,Mobile,1,1,0,0,0
4472,2025-12-20,Mobile,1,1,0,0,0
4473,2025-09-13,Desktop,1,1,1,0,0
4474,2025-04-09,Mobile,1,1,1,1,1
4475,2025-04-19,Mobile,1,1,0,0,0
4476,2025-03-28,Mobile,1,1,1,0,0
4477,2025-06-03,Desktop,1,1,0,0,0
4478,2025-05-06,Mobile,1,1,1,1,0
4479,2025-04-02,Mobile,1,1,1,0,0
4480,2025-11-16,Mobile,1,1,0,0,0
4481,2025-02-02,Desktop,1,0,0,0,0
4482,2025-06-27,Desktop,1,1,0,0,0
4483,2025-08-02,Mobile,1,1,0,0,0
4484,2025-03-04,Mobile,1,1,1,1,1
4485,2025-10-25,Mobile,1,1,0,0,0
4486,2025-07-17,Mobile,1,1,1,0,0
4487,2025-07-01,Desktop,1,1,0,0,0
4488,2025-05-25,Desktop,1,1,0,0,0
4489,2025-06-09,Tablet,1,1,1,1,1
4490,2025-02-05,Desktop,1,1,0,0,0
4491,2025-10-18,Mobile,1,1,0,0,0
4492,2025-07-27,Desktop,1,1,0,0,0
4493,2025-04-28,Mobile,1,1,1,0,0
4494,2025-08-01,Mobile,1,1,0,0,0
4495,2025-03-18,Desktop,1,1,0,0,0
4496,2025-11-06,Mobile,1,1,0,0,0
4497,2025-10-11,Desktop,1,1,0,0,0
4498,2025-09-11,Desktop,1,1,0,0,0
4499,2025-10-01,Mobile,1,0,0,0,0
4500,2025-07-24,Mobile,1,1,1,1,0
4501,2025-04-27,Mobile,1,1,0,0,0
4502,2025-07-15,Mobile,1,0,0,0,0
4503,2025-03-29,Mobile,1,1,0,0,0
4504,2025-12-10,Mobile,1,1,1,0,0
4505,2025-07-09,Desktop,1,0,0,0,0
4506,2025-10-23,Mobile,1,0,0,0,0
4507,2025-01-21,Desktop,1,0,0,0,0
4508,2025-07-08,Mobile,1,1,0,0,0
4509,2025-10-01,Tablet,1,1,0,0,0
4510,2025-03-03,Desktop,1,0,0,0,0
4511,2025-04-16,Mobile,1,1,1,0,0
4512,2025-04-10,Mobile,1,1,1,1,1
4513,2025-10-26,Mobile,1,1,0,0,0
4514,2025-06-20,Mobile,1,1,0,0,0
4515,2025-08-26,Mobile,1,1,0,0,0
4516,2025-11-30,Mobile,1,1,0,0,0
4517,2025-04-10,Desktop,1,0,0,0,0
4518,2025-08-24,Desktop,1,0,0,0,0
4519,2025-07-04,Tablet,1,0,0,0,0
4520,2025-01-25,Desktop,1,0,0,0,0
4521,2025-05-07,Mobile,1,0,0,0,0
4522,2025-02-08,Mobile,1,1,0,0,0
4523,2025-10-23,Mobile,1,0,0,0,0
4524,2025-10-16,Desktop,1,1,0,0,0
4525,2025-05-13,Mobile,1,1,1,1,0
4526,2025-01-15,Mobile,1,1,1,1,0
4527,2025-04-20,Desktop,1,0,0,0,0
4528,2025-08-15,Desktop,1,0,0,0,0
4529,2025-09-17,Mobile,1,1,0,0,0
4530,2025-06-13,Mobile,1,1,0,0,0
4531,2025-01-08,Mobile,1,0,0,0,0
4532,2025-08-27,Mobile,1,1,0,0,0
4533,2025-09-08,Mobile,1,0,0,0,0
4534,2025-04-29,Mobile,1,1,1,1,1
4535,2025-02-20,Mobile,1,1,1,1,1
4536,2025-04-06,Mobile,1,0,0,0,0
4537,2025-02-17,Mobile,1,1,0,0,0
4538,2025-08-13,Mobile,1,1,0,0,0
4539,2025-01-15,Desktop,1,0,0,0,0
4540,2025-04-04,Mobile,1,0,0,0,0
4541,2025-01-16,Mobile,1,1,0,0,0
4542,2025-09-26,Desktop,1,1,0,0,0
4543,2025-12-30,Desktop,1,1,1,1,0
4544,2025-05-08,Desktop,1,0,0,0,0
4545,2025-10-29,Desktop,1,0,0,0,0
4546,2025-06-06,Desktop,1,1,0,0,0
4547,2025-07-04,Mobile,1,0,0,0,0
4548,2025-10-31,Mobile,1,1,1,1,1
4549,2025-07-14,Mobile,1,1,0,0,0
4550,2025-07-21,Desktop,1,1,1,1,1
4551,2025-01-11,Desktop,1,1,0,0,0
4552,2025-10-11,Mobile,1,1,0,0,0
4553,2025-12-17,Mobile,1,1,0,0,0
4554,2025-03-07,Tablet,1,1,0,0,0
4555,2025-01-02,Mobile,1,1,0,0,0
4556,2025-02-22,Mobile,1,1,1,0,0
4557,2025-11-20,Mobile,1,0,0,0,0
4558,2025-09-02,Mobile,1,0,0,0,0
4559,2025-10-14,Mobile,1,1,0,0,0
4560,2025-05-13,Desktop,1,1,0,0,0
4561,2025-09-03,Desktop,1,0,0,0,0
4562,2025-11-11,Mobile,1,1,0,0,0
4563,2025-12-05,Mobile,1,0,0,0,0
4564,2025-05-31,Mobile,1,1,0,0,0
4565,2025-12-28,Desktop,1,1,1,0,0
4566,2025-03-16,Desktop,1,1,0,0,0
4567,2025-11-11,Mobile,1,0,0,0,0
4568,2025-09-22,Mobile,1,1,1,0,0
4569,2025-05-29,Tablet,1,1,0,0,0
4570,2025-08-06,Mobile,1,1,0,0,0
4571,2025-11-29,Desktop,1,1,1,1,0
4572,2025-10-29,Desktop,1,1,1,0,0
4573,2025-02-24,Mobile,1,1,1,1,0
4574,2025-11-04,Mobile,1,1,0,0,0
4575,2025-11-24,Mobile,1,1,0,0,0
4576,2025-01-01,Mobile,1,1,0,0,0
4577,2025-07-26,Mobile,1,1,0,0,0
4578,2025-09-20,Mobile,1,1,0,0,0
4579,2025-06-15,Mobile,1,0,0,0,0
4580,2025-09-14,Desktop,1,1,0,0,0
4581,2025-11-13,Mobile,1,0,0,0,0
4582,2025-04-09,Mobile,1,0,0,0,0
4583,2025-12-07,Mobile,1,1,1,0,0
4584,2025-10-20,Desktop,1,1,0,0,0
4585,2025-01-03,Mobile,1,1,1,1,1
4586,2025-04-03,Mobile,1,0,0,0,0
4587,2025-03-05,Desktop,1,1,1,0,0
4588,2025-09-05,Mobile,1,1,0,0,0
4589,2025-01-17,Desktop,1,1,1,0,0
4590,2025-03-08,Desktop,1,0,0,0,0
4591,2025-03-14,Mobile,1,1,0,0,0
4592,2025-06-13,Mobile,1,1,1,1,1
4593,2025-03-31,Desktop,1,0,0,0,0
4594,2025-12-31,Mobile,1,1,0,0,0
4595,2025-11-16,Desktop,1,1,1,1,1
4596,2025-09-05,Mobile,1,1,0,0,0
4597,2025-03-08,Mobile,1,1,1,0,0
4598,2025-05-30,Mobile,1,1,0,0,0
4599,2025-04-26,Mobile,1,1,0,0,0
4600,2025-11-14,Mobile,1,0,0,0,0
4601,2025-12-22,Mobile,1,1,0,0,0
4602,2025-04-15,Desktop,1,1,0,0,0
4603,2025-10-10,Mobile,1,1,0,0,0
4604,2025-02-18,Desktop,1,0,0,0,0
4605,2025-09-02,Mobile,1,1,0,0,0
4606,2025-12-24,Mobile,1,1,0,0,0
4607,2025-06-04,Tablet,1,1,1,1,0
4608,2025-06-01,Desktop,1,1,1,1,0
4609,2025-03-28,Tablet,1,1,1,0,0
4610,2025-04-05,Mobile,1,1,1,1,0
4611,2025-11-27,Mobile,1,0,0,0,0
4612,2025-08-17,Desktop,1,1,0,0,0
4613,2025-01-17,Mobile,1,1,0,0,0
4614,2025-05-04,Mobile,1,1,0,0,0
4615,2025-04-18,Mobile,1,0,0,0,0
4616,2025-08-12,Mobile,1,1,0,0,0
4617,2025-03-13,Tablet,1,1,0,0,0
4618,2025-01-09,Mobile,1,1,0,0,0
4619,2025-03-24,Desktop,1,1,0,0,0
4620,2025-09-27,Mobile,1,1,1,1,1
4621,2025-06-16,Tablet,1,0,0,0,0
4622,2025-03-28,Desktop,1,1,0,0,0
4623,2025-10-04,Mobile,1,0,0,0,0
4624,2025-04-08,Desktop,1,0,0,0,0
4625,2025-11-02,Mobile,1,1,0,0,0
4626,2025-03-26,Mobile,1,1,0,0,0
4627,2025-09-12,Tablet,1,1,1,1,0
4628,2025-04-27,Mobile,1,1,1,1,0
4629,2025-07-14,Desktop,1,1,0,0,0
4630,2025-01-19,Tablet,1,1,0,0,0
4631,2025-07-17,Desktop,1,1,1,1,1
4632,2025-07-09,Mobile,1,1,1,1,0
4633,2025-11-23,Mobile,1,1,0,0,0
4634,2025-10-03,Mobile,1,0,0,0,0
4635,2025-07-15,Desktop,1,0,0,0,0
4636,2025-03-20,Mobile,1,0,0,0,0
4637,2025-01-16,Mobile,1,1,1,0,0
4638,2025-07-12,Mobile,1,1,0,0,0
4639,2025-11-24,Desktop,1,1,0,0,0
4640,2025-09-29,Desktop,1,1,0,0,0
4641,2025-07-29,Desktop,1,1,0,0,0
4642,2025-05-29,Desktop,1,0,0,0,0
4643,2025-01-31,Desktop,1,1,1,1,1
4644,2025-08-26,Mobile,1,1,0,0,0
4645,2025-03-19,Mobile,1,1,0,0,0
4646,2025-07-14,Mobile,1,1,0,0,0
4647,2025-06-15,Desktop,1,1,1,0,0
4648,2025-10-16,Desktop,1,1,1,0,0
4649,2025-01-17,Mobile,1,0,0,0,0
4650,2025-02-21,Desktop,1,1,1,0,0
4651,2025-03-14,Desktop,1,0,0,0,0
4652,2025-08-07,Desktop,1,0,0,0,0
4653,2025-12-16,Tablet,1,0,0,0,0
4654,2025-09-16,Mobile,1,0,0,0,0
4655,2025-09-10,Desktop,1,1,0,0,0
4656,2025-06-27,Tablet,1,0,0,0,0
4657,2025-12-18,Mobile,1,0,0,0,0
4658,2025-05-15,Mobile,1,0,0,0,0
4659,2025-03-23,Tablet,1,1,0,0,0
4660,2025-10-11,Mobile,1,0,0,0,0
4661,2025-02-05,Mobile,1,1,0,0,0
4662,2025-10-13,Desktop,1,1,1,1,1
4663,2025-06-17,Mobile,1,1,0,0,0
4664,2025-07-15,Desktop,1,0,0,0,0
4665,2025-05-26,Desktop,1,0,0,0,0
4666,2025-02-17,Desktop,1,1,0,0,0
4667,2025-05-06,Desktop,1,1,1,1,0
4668,2025-09-22,Mobile,1,1,1,0,0
4669,2025-11-10,Mobile,1,1,1,0,0
4670,2025-07-16,Desktop,1,0,0,0,0
4671,2025-04-19,Tablet,1,1,0,0,0
4672,2025-02-24,Mobile,1,0,0,0,0
4673,2025-05-01,Desktop,1,1,0,0,0
4674,2025-11-16,Desktop,1,0,0,0,0
4675,2025-08-26,Mobile,1,1,0,0,0
4676,2025-09-20,Mobile,1,1,1,1,1
4677,2025-02-22,Desktop,1,1,1,1,1
4678,2025-05-03,Mobile,1,1,0,0,0
4679,2025-11-16,Mobile,1,1,1,1,0
4680,2025-07-07,Mobile,1,0,0,0,0
4681,2025-08-03,Mobile,1,1,0,0,0
4682,2025-07-05,Tablet,1,1,0,0,0
4683,2025-11-09,Mobile,1,1,0,0,0
4684,2025-09-06,Mobile,1,1,0,0,0
4685,2025-04-05,Mobile,1,0,0,0,0
4686,2025-12-18,Mobile,1,1,1,0,0
4687,2025-05-15,Desktop,1,0,0,0,0
4688,2025-02-05,Mobile,1,1,0,0,0
4689,2025-10-05,Tablet,1,1,0,0,0
4690,2025-05-05,Desktop,1,0,0,0,0
4691,2025-03-13,Mobile,1,1,1,0,0
4692,2025-09-11,Mobile,1,1,1,1,1
4693,2025-01-07,Mobile,1,0,0,0,0
4694,2025-06-28,Mobile,1,1,0,0,0
4695,2025-03-24,Tablet,1,1,1,1,1
4696,2025-06-27,Desktop,1,0,0,0,0
4697,2025-11-16,Tablet,1,1,1,0,0
4698,2025-05-06,Tablet,1,1,0,0,0
4699,2025-08-22,Mobile,1,1,1,0,0
4700,2025-12-22,Mobile,1,0,0,0,0
4701,2025-04-28,Desktop,1,0,0,0,0
4702,2025-08-21,Tablet,1,0,0,0,0
4703,2025-05-28,Mobile,1,1,0,0,0
4704,2025-07-22,Mobile,1,1,0,0,0
4705,2025-08-01,Tablet,1,1,0,0,0
4706,2025-06-26,Mobile,1,1,1,0,0
4707,2025-08-12,Mobile,1,1,1,1,1
4708,2025-08-16,Tablet,1,1,0,0,0
4709,2025-09-12,Tablet,1,1,1,1,1
4710,2025-07-05,Mobile,1,1,0,0,0
4711,2025-09-13,Mobile,1,1,0,0,0
4712,2025-06-02,Mobile,1,1,0,0,0
4713,2025-01-17,Desktop,1,1,1,1,1
4714,2025-11-08,Mobile,1,1,0,0,0
4715,2025-11-03,Tablet,1,1,0,0,0
4716,2025-01-24,Tablet,1,1,0,0,0
4717,2025-01-03,Mobile,1,0,0,0,0
4718,2025-06-05,Tablet,1,0,0,0,0
4719,2025-06-11,Mobile,1,1,0,0,0
4720,2025-11-20,Mobile,1,1,0,0,0
4721,2025-03-04,Desktop,1,0,0,0,0
4722,2025-05-11,Mobile,1,1,0,0,0
4723,2025-07-15,Mobile,1,1,1,1,1
4724,2025-09-17,Mobile,1,1,1,0,0
4725,2025-02-03,Desktop,1,0,0,0,0
4726,2025-04-09,Mobile,1,1,0,0,0
4727,2025-09-25,Mobile,1,0,0,0,0
4728,2025-03-10,Desktop,1,1,0,0,0
4729,2025-09-26,Mobile,1,1,0,0,0
4730,2025-01-16,Desktop,1,0,0,0,0
4731,2025-08-24,Mobile,1,1,0,0,0
4732,2025-04-21,Mobile,1,1,0,0,0
4733,2025-06-29,Mobile,1,1,0,0,0
4734,2025-05-12,Mobile,1,1,0,0,0
4735,2025-10-19,Mobile,1,1,0,0,0
4736,2025-02-13,Mobile,1,0,0,0,0
4737,2025-09-01,Tablet,1,0,0,0,0
4738,2025-02-02,Mobile,1,0,0,0,0
4739,2025-01-05,Tablet,1,1,1,1,1
4740,2025-08-28,Mobile,1,1,1,1,1
4741,2025-09-11,Mobile,1,1,0,0,0
4742,2025-06-08,Mobile,1,0,0,0,0
4743,2025-03-15,Desktop,1,1,0,0,0
4744,2025-09-26,Mobile,1,1,0,0,0
4745,2025-06-09,Desktop,1,1,0,0,0
4746,2025-04-01,Desktop,1,1,0,0,0
4747,2025-06-06,Desktop,1,0,0,0,0
4748,2025-06-02,Desktop,1,1,1,0,0
4749,2025-09-10,Mobile,1,1,0,0,0
4750,2025-10-28,Mobile,1,0,0,0,0
4751,2025-06-24,Tablet,1,1,0,0,0
4752,2025-12-06,Desktop,1,1,0,0,0
4753,2025-12-18,Desktop,1,1,1,1,1
4754,2025-10-24,Desktop,1,1,0,0,0
4755,2025-10-04,Mobile,1,0,0,0,0
4756,2025-04-23,Mobile,1,0,0,0,0
4757,2025-06-02,Desktop,1,1,1,1,1
4758,2025-12-24,Mobile,1,0,0,0,0
4759,2025-05-21,Mobile,1,1,0,0,0
4760,2025-03-11,Desktop,1,0,0,0,0
4761,2025-02-01,Mobile,1,1,1,0,0
4762,2025-05-18,Mobile,1,1,1,0,0
4763,2025-04-21,Mobile,1,0,0,0,0
4764,2025-04-25,Desktop,1,1,0,0,0
4765,2025-02-23,Mobile,1,0,0,0,0
4766,2025-05-10,Mobile,1,1,0,0,0
4767,2025-12-12,Desktop,1,1,0,0,0
4768,2025-05-31,Mobile,1,1,1,1,1
4769,2025-10-23,Tablet,1,1,1,1,1
4770,2025-03-19,Desktop,1,0,0,0,0
4771,2025-05-22,Mobile,1,1,0,0,0
4772,2025-02-11,Mobile,1,0,0,0,0
4773,2025-05-08,Mobile,1,1,0,0,0
4774,2025-07-29,Mobile,1,0,0,0,0
4775,2025-08-18,Mobile,1,1,0,0,0
4776,2025-06-10,Desktop,1,1,0,0,0
4777,2025-06-05,Desktop,1,0,0,0,0
4778,2025-09-02,Tablet,1,1,0,0,0
4779,2025-11-20,Desktop,1,1,0,0,0
4780,2025-07-22,Mobile,1,1,1,1,0
4781,2025-08-13,Mobile,1,1,0,0,0
4782,2025-08-29,Desktop,1,1,0,0,0
4783,2025-06-20,Desktop,1,1,0,0,0
4784,2025-06-08,Mobile,1,1,0,0,0
4785,2025-09-19,Mobile,1,1,0,0,0
4786,2025-12-18,Desktop,1,1,1,1,0
4787,2025-01-11,Mobile,1,1,1,0,0
4788,2025-09-28,Mobile,1,0,0,0,0
4789,2025-03-19,Tablet,1,1,1,1,0
4790,2025-11-07,Desktop,1,1,1,1,0
4791,2025-02-17,Mobile,1,1,0,0,0
4792,2025-06-18,Desktop,1,0,0,0,0
4793,2025-05-31,Desktop,1,1,1,1,1
4794,2025-12-27,Desktop,1,0,0,0,0
4795,2025-12-06,Desktop,1,0,0,0,0
4796,2025-04-10,Mobile,1,1,1,1,1
4797,2025-04-29,Tablet,1,1,0,0,0
4798,2025-08-15,Mobile,1,0,0,0,0
4799,2025-01-28,Desktop,1,1,0,0,0
4800,2025-11-24,Mobile,1,1,1,1,0
4801,2025-12-30,Mobile,1,0,0,0,0
4802,2025-08-14,Mobile,1,1,0,0,0
4803,2025-10-31,Desktop,1,1,0,0,0
4804,2025-06-24,Mobile,1,1,0,0,0
4805,2025-07-11,Mobile,1,1,0,0,0
4806,2025-08-02,Mobile,1,1,0,0,0
4807,2025-08-22,Mobile,1,1,0,0,0
4808,2025-01-29,Tablet,1,1,0,0,0
4809,2025-09-24,Desktop,1,1,0,0,0
4810,2025-08-18,Mobile,1,0,0,0,0
4811,2025-06-23,Mobile,1,1,1,1,0
4812,2025-07-28,Desktop,1,1,1,1,0
4813,2025-11-03,Mobile,1,1,0,0,0
4814,2025-02-02,Desktop,1,1,1,1,0
4815,2025-09-02,Mobile,1,1,1,1,1
4816,2025-06-28,Mobile,1,0,0,0,0
4817,2025-11-07,Mobile,1,1,0,0,0
4818,2025-08-16,Mobile,1,1,1,1,1
4819,2025-05-22,Mobile,1,1,1,1,1
4820,2025-03-16,Mobile,1,1,0,0,0
4821,2025-08-01,Mobile,1,0,0,0,0
4822,2025-10-16,Tablet,1,1,1,1,1
4823,2025-02-06,Desktop,1,1,1,1,1
4824,2025-06-24,Mobile,1,0,0,0,0
4825,2025-04-08,Desktop,1,1,0,0,0
4826,2025-07-08,Mobile,1,1,0,0,0
4827,2025-05-21,Mobile,1,1,1,1,1
4828,2025-04-12,Mobile,1,1,1,1,0
4829,2025-01-21,Desktop,1,1,1,1,1
4830,2025-04-23,Desktop,1,1,1,1,1
4831,2025-03-02,Mobile,1,1,1,1,1
4832,2025-03-04,Mobile,1,1,1,1,0
4833,2025-01-01,Mobile,1,1,1,1,1
4834,2025-09-17,Mobile,1,1,1,0,0
4835,2025-02-20,Tablet,1,1,1,0,0
4836,2025-04-28,Desktop,1,1,0,0,0
4837,2025-02-18,Desktop,1,1,0,0,0
4838,2025-12-11,Mobile,1,1,0,0,0
4839,2025-05-24,Desktop,1,0,0,0,0
4840,2025-04-05,Desktop,1,0,0,0,0
4841,2025-05-26,Mobile,1,1,0,0,0
4842,2025-02-06,Desktop,1,0,0,0,0
4843,2025-07-07,Mobile,1,1,0,0,0
4844,2025-03-16,Desktop,1,1,1,1,1
4845,2025-05-18,Mobile,1,0,0,0,0
4846,2025-08-10,Desktop,1,0,0,0,0
4847,2025-07-09,Mobile,1,0,0,0,0
4848,2025-06-17,Mobile,1,1,0,0,0
4849,2025-05-07,Tablet,1,1,1,0,0
4850,2025-08-09,Desktop,1,0,0,0,0
4851,2025-06-10,Mobile,1,0,0,0,0
4852,2025-04-13,Mobile,1,1,1,1,1
4853,2025-09-11,Mobile,1,1,1,1,1
4854,2025-07-21,Mobile,1,0,0,0,0
4855,2025-09-16,Mobile,1,0,0,0,0
4856,2025-12-12,Mobile,1,1,0,0,0
4857,2025-06-05,Mobile,1,1,1,1,1
4858,2025-12-06,Mobile,1,1,0,0,0
4859,2025-08-02,Mobile,1,1,0,0,0
4860,2025-02-20,Desktop,1,1,1,1,1
4861,2025-06-22,Desktop,1,1,1,0,0
4862,2025-09-03,Mobile,1,1,1,1,0
4863,2025-03-22,Mobile,1,1,1,1,0
4864,2025-03-08,Desktop,1,1,0,0,0
4865,2025-06-05,Mobile,1,1,0,0,0
4866,2025-04-03,Tablet,1,1,0,0,0
4867,2025-10-24,Desktop,1,1,0,0,0
4868,2025-07-20,Mobile,1,1,0,0,0
4869,2025-04-22,Mobile,1,1,0,0,0
4870,2025-07-26,Tablet,1,1,0,0,0
4871,2025-02-21,Mobile,1,0,0,0,0
4872,2025-09-17,Mobile,1,1,0,0,0
4873,2025-07-28,Desktop,1,1,1,1,0
4874,2025-11-28,Mobile,1,0,0,0,0
4875,2025-07-02,Mobile,1,1,0,0,0
4876,2025-03-20,Desktop,1,1,0,0,0
4877,2025-09-16,Desktop,1,1,0,0,0
4878,2025-01-05,Mobile,1,1,1,1,1
4879,2025-10-18,Desktop,1,1,1,1,1
4880,2025-07-07,Mobile,1,1,1,1,0
4881,2025-10-16,Desktop,1,1,0,0,0
4882,2025-04-23,Desktop,1,1,0,0,0
4883,2025-10-27,Desktop,1,1,0,0,0
4884,2025-01-29,Mobile,1,1,0,0,0
4885,2025-05-17,Mobile,1,1,0,0,0
4886,2025-04-08,Desktop,1,0,0,0,0
4887,2025-11-14,Desktop,1,1,0,0,0
4888,2025-10-03,Mobile,1,1,0,0,0
4889,2025-03-09,Mobile,1,1,0,0,0
4890,2025-02-13,Tablet,1,1,1,0,0
4891,2025-09-14,Mobile,1,1,0,0,0
4892,2025-12-19,Desktop,1,1,0,0,0
4893,2025-12-16,Mobile,1,1,1,1,0
4894,2025-10-04,Desktop,1,1,0,0,0
4895,2025-09-29,Mobile,1,0,0,0,0
4896,2025-09-09,Mobile,1,1,0,0,0
4897,2025-07-21,Desktop,1,0,0,0,0
4898,2025-03-06,Mobile,1,0,0,0,0
4899,2025-05-26,Mobile,1,1,1,1,0
4900,2025-02-07,Mobile,1,1,1,1,1
4901,2025-07-31,Desktop,1,1,1,1,0
4902,2025-09-18,Mobile,1,1,1,0,0
4903,2025-09-30,Desktop,1,1,1,0,0
4904,2025-02-17,Mobile,1,0,0,0,0
4905,2025-11-22,Desktop,1,1,1,0,0
4906,2025-11-26,Desktop,1,1,1,0,0
4907,2025-08-06,Tablet,1,1,0,0,0
4908,2025-03-15,Mobile,1,1,0,0,0
4909,2025-04-06,Desktop,1,1,0,0,0
4910,2025-12-16,Mobile,1,1,1,1,1
4911,2025-08-05,Mobile,1,1,1,1,0
4912,2025-09-06,Mobile,1,1,0,0,0
4913,2025-03-23,Desktop,1,0,0,0,0
4914,2025-08-28,Tablet,1,1,1,1,1
4915,2025-05-22,Mobile,1,1,0,0,0
4916,2025-07-31,Mobile,1,1,1,1,0
4917,2025-01-04,Mobile,1,1,1,0,0
4918,2025-10-27,Desktop,1,1,1,1,1
4919,2025-12-14,Desktop,1,1,1,1,1
4920,2025-02-03,Desktop,1,0,0,0,0
4921,2025-08-10,Mobile,1,1,0,0,0
4922,2025-03-01,Mobile,1,0,0,0,0
4923,2025-09-16,Mobile,1,1,0,0,0
4924,2025-12-15,Mobile,1,1,0,0,0
4925,2025-08-27,Mobile,1,1,0,0,0
4926,2025-12-22,Desktop,1,1,0,0,0
4927,2025-06-10,Mobile,1,1,0,0,0
4928,2025-03-03,Mobile,1,1,0,0,0
4929,2025-12-16,Mobile,1,0,0,0,0
4930,2025-12-14,Mobile,1,1,0,0,0
4931,2025-07-17,Desktop,1,1,0,0,0
4932,2025-08-07,Mobile,1,0,0,0,0
4933,2025-12-26,Desktop,1,1,0,0,0
4934,2025-01-05,Tablet,1,1,1,0,0
4935,2025-09-24,Mobile,1,1,0,0,0
4936,2025-09-06,Desktop,1,1,1,1,0
4937,2025-02-14,Mobile,1,0,0,0,0
4938,2025-03-02,Mobile,1,0,0,0,0
4939,2025-10-22,Mobile,1,1,0,0,0
4940,2025-04-06,Desktop,1,1,0,0,0
4941,2025-09-18,Desktop,1,1,0,0,0
4942,2025-05-11,Mobile,1,1,0,0,0
4943,2025-10-28,Mobile,1,0,0,0,0
4944,2025-11-23,Tablet,1,1,0,0,0
4945,2025-02-19,Mobile,1,1,0,0,0
4946,2025-05-10,Mobile,1,0,0,0,0
4947,2025-04-12,Tablet,1,1,1,1,1
4948,2025-02-19,Desktop,1,1,1,0,0
4949,2025-01-25,Mobile,1,1,1,1,1
4950,2025-11-10,Mobile,1,1,0,0,0
4951,2025-07-26,Mobile,1,1,0,0,0
4952,2025-09-17,Mobile,1,1,0,0,0
4953,2025-12-26,Mobile,1,0,0,0,0
4954,2025-12-28,Mobile,1,0,0,0,0
4955,2025-09-04,Mobile,1,1,0,0,0
4956,2025-10-28,Mobile,1,1,0,0,0
4957,2025-04-10,Tablet,1,1,0,0,0
4958,2025-04-20,Mobile,1,1,0,0,0
4959,2025-08-16,Desktop,1,1,0,0,0
4960,2025-06-12,Desktop,1,1,1,1,1
4961,2025-03-16,Desktop,1,0,0,0,0
4962,2025-03-13,Desktop,1,1,1,1,1
4963,2025-08-10,Mobile,1,1,0,0,0
4964,2025-10-29,Desktop,1,0,0,0,0
4965,2025-03-24,Mobile,1,1,0,0,0
4966,2025-12-10,Mobile,1,1,1,0,0
4967,2025-06-04,Mobile,1,1,0,0,0
4968,2025-11-02,Tablet,1,1,0,0,0
4969,2025-07-10,Desktop,1,1,1,1,1
4970,2025-11-03,Mobile,1,1,0,0,0
4971,2025-10-15,Mobile,1,1,0,0,0
4972,2025-01-25,Mobile,1,1,0,0,0
4973,2025-04-14,Desktop,1,1,0,0,0
4974,2025-02-22,Mobile,1,1,0,0,0
4975,2025-12-07,Desktop,1,1,0,0,0
4976,2025-02-23,Mobile,1,0,0,0,0
4977,2025-01-29,Mobile,1,1,0,0,0
4978,2025-12-24,Desktop,1,1,1,1,1
4979,2025-03-28,Mobile,1,0,0,0,0
4980,2025-04-13,Mobile,1,1,1,1,0
4981,2025-10-07,Desktop,1,1,0,0,0
4982,2025-01-14,Mobile,1,1,1,1,1
4983,2025-08-31,Mobile,1,1,1,0,0
4984,2025-12-21,Mobile,1,1,1,0,0
4985,2025-01-01,Mobile,1,1,1,1,0
4986,2025-02-05,Mobile,1,1,1,1,1
4987,2025-08-07,Desktop,1,1,0,0,0
4988,2025-05-18,Mobile,1,0,0,0,0
4989,2025-11-05,Desktop,1,0,0,0,0
4990,2025-03-06,Mobile,1,0,0,0,0
4991,2025-11-14,Tablet,1,1,1,0,0
4992,2025-12-14,Desktop,1,0,0,0,0
4993,2025-10-27,Mobile,1,0,0,0,0
4994,2025-06-24,Desktop,1,1,0,0,0
4995,2025-01-27,Mobile,1,1,1,0,0
4996,2025-09-02,Mobile,1,1,1,1,0
4997,2025-11-18,Desktop,1,1,0,0,0
4998,2025-04-12,Desktop,1,1,1,1,1
4999,2025-11-03,Desktop,1,1,1,1,1
5000,2025-11-19,Desktop,1,1,1,1,1
5001,2025-07-13,Mobile,1,1,0,0,0
5002,2025-11-03,Tablet,1,1,0,0,0
5003,2025-05-12,Mobile,1,1,0,0,0
5004,2025-02-25,Mobile,1,0,0,0,0
5005,2025-03-02,Mobile,1,1,0,0,0
5006,2025-04-14,Desktop,1,1,1,1,0
5007,2025-07-16,Desktop,1,1,1,1,1
5008,2025-04-20,Desktop,1,1,0,0,0
5009,2025-02-01,Mobile,1,1,0,0,0
5010,2025-08-03,Desktop,1,0,0,0,0
5011,2025-07-24,Mobile,1,1,0,0,0
5012,2025-12-11,Mobile,1,1,1,0,0
5013,2025-07-02,Desktop,1,1,1,1,1
5014,2025-12-07,Mobile,1,0,0,0,0
5015,2025-11-03,Mobile,1,1,0,0,0
5016,2025-03-29,Desktop,1,0,0,0,0
5017,2025-11-01,Desktop,1,0,0,0,0
5018,2025-12-05,Desktop,1,1,1,1,0
5019,2025-04-05,Tablet,1,1,0,0,0
5020,2025-09-16,Tablet,1,1,0,0,0
5021,2025-01-05,Mobile,1,0,0,0,0
5022,2025-07-31,Mobile,1,1,0,0,0
5023,2025-01-06,Desktop,1,1,0,0,0
5024,2025-05-11,Mobile,1,1,0,0,0
5025,2025-05-20,Tablet,1,1,0,0,0
5026,2025-11-01,Mobile,1,1,1,0,0
5027,2025-09-10,Desktop,1,1,0,0,0
5028,2025-03-03,Desktop,1,1,0,0,0
5029,2025-05-07,Mobile,1,1,1,1,0
5030,2025-01-21,Desktop,1,1,0,0,0
5031,2025-04-04,Mobile,1,1,0,0,0
5032,2025-11-01,Mobile,1,1,0,0,0
5033,2025-10-27,Mobile,1,0,0,0,0
5034,2025-04-19,Desktop,1,1,0,0,0
5035,2025-10-30,Mobile,1,0,0,0,0
5036,2025-04-01,Desktop,1,0,0,0,0
5037,2025-09-08,Tablet,1,1,0,0,0
5038,2025-09-22,Mobile,1,1,0,0,0
5039,2025-08-15,Desktop,1,1,0,0,0
5040,2025-12-04,Mobile,1,1,0,0,0
5041,2025-10-06,Desktop,1,1,1,0,0
5042,2025-01-02,Mobile,1,0,0,0,0
5043,2025-12-08,Desktop,1,1,1,1,1
5044,2025-01-30,Mobile,1,1,0,0,0
5045,2025-07-01,Desktop,1,0,0,0,0
5046,2025-09-23,Mobile,1,1,1,0,0
5047,2025-08-07,Desktop,1,1,0,0,0
5048,2025-02-13,Mobile,1,0,0,0,0
5049,2025-07-18,Mobile,1,1,0,0,0
5050,2025-01-03,Mobile,1,1,1,1,0
5051,2025-06-26,Mobile,1,1,1,1,0
5052,2025-02-20,Desktop,1,1,1,1,1
5053,2025-07-24,Tablet,1,0,0,0,0
5054,2025-09-01,Desktop,1,1,1,0,0
5055,2025-10-15,Mobile,1,1,1,1,0
5056,2025-09-20,Desktop,1,0,0,0,0
5057,2025-01-28,Mobile,1,1,0,0,0
5058,2025-06-21,Mobile,1,1,0,0,0
5059,2025-02-16,Mobile,1,1,0,0,0
5060,2025-01-06,Desktop,1,1,0,0,0
5061,2025-10-14,Desktop,1,1,0,0,0
5062,2025-04-12,Mobile,1,1,0,0,0
5063,2025-05-18,Mobile,1,1,0,0,0
5064,2025-09-30,Desktop,1,1,1,1,1
5065,2025-11-12,Desktop,1,1,0,0,0
5066,2025-04-25,Mobile,1,1,0,0,0
5067,2025-04-30,Mobile,1,1,1,0,0
5068,2025-03-15,Desktop,1,0,0,0,0
5069,2025-11-02,Desktop,1,0,0,0,0
5070,2025-11-14,Desktop,1,0,0,0,0
5071,2025-02-21,Mobile,1,1,0,0,0
5072,2025-09-23,Mobile,1,1,0,0,0
5073,2025-11-04,Desktop,1,1,0,0,0
5074,2025-09-25,Desktop,1,1,0,0,0
5075,2025-04-30,Desktop,1,0,0,0,0
5076,2025-11-12,Mobile,1,1,1,1,0
5077,2025-12-15,Desktop,1,1,1,1,1
5078,2025-07-27,Mobile,1,0,0,0,0
5079,2025-05-17,Mobile,1,0,0,0,0
5080,2025-06-13,Desktop,1,1,0,0,0
5081,2025-10-23,Mobile,1,1,0,0,0
5082,2025-05-25,Mobile,1,1,1,1,1
5083,2025-04-23,Mobile,1,1,0,0,0
5084,2025-02-16,Mobile,1,1,0,0,0
5085,2025-07-06,Mobile,1,1,1,1,1
5086,2025-09-04,Mobile,1,1,1,1,1
5087,2025-08-04,Mobile,1,0,0,0,0
5088,2025-07-11,Mobile,1,0,0,0,0
5089,2025-09-25,Mobile,1,1,1,1,1
5090,2025-08-26,Mobile,1,1,0,0,0
5091,2025-03-03,Mobile,1,1,0,0,0
5092,2025-06-20,Desktop,1,0,0,0,0
5093,2025-03-06,Mobile,1,1,1,1,0
5094,2025-06-06,Mobile,1,0,0,0,0
5095,2025-11-24,Mobile,1,1,0,0,0
5096,2025-11-08,Mobile,1,1,1,1,0
5097,2025-10-27,Mobile,1,0,0,0,0
5098,2025-03-15,Mobile,1,1,0,0,0
5099,2025-06-07,Mobile,1,1,0,0,0
5100,2025-05-25,Desktop,1,1,0,0,0
5101,2025-04-08,Mobile,1,1,0,0,0
5102,2025-04-19,Mobile,1,1,0,0,0
5103,2025-07-22,Mobile,1,1,1,1,1
5104,2025-05-20,Mobile,1,0,0,0,0
5105,2025-05-28,Mobile,1,0,0,0,0
5106,2025-11-23,Desktop,1,1,0,0,0
5107,2025-07-17,Desktop,1,1,1,1,1
5108,2025-10-13,Desktop,1,1,0,0,0
5109,2025-12-30,Desktop,1,1,0,0,0
5110,2025-08-20,Desktop,1,1,1,1,0
5111,2025-01-20,Desktop,1,0,0,0,0
5112,2025-04-26,Mobile,1,1,1,1,0
5113,2025-11-01,Mobile,1,1,1,0,0
5114,2025-04-09,Mobile,1,1,0,0,0
5115,2025-08-15,Desktop,1,1,0,0,0
5116,2025-09-07,Mobile,1,1,0,0,0
5117,2025-08-30,Mobile,1,1,1,1,0
5118,2025-01-03,Mobile,1,1,0,0,0
5119,2025-08-03,Tablet,1,0,0,0,0
5120,2025-10-30,Desktop,1,0,0,0,0
5121,2025-04-01,Mobile,1,1,0,0,0
5122,2025-12-20,Mobile,1,1,0,0,0
5123,2025-09-03,Mobile,1,0,0,0,0
5124,2025-08-03,Mobile,1,0,0,0,0
5125,2025-02-03,Desktop,1,1,1,1,1
5126,2025-01-24,Desktop,1,1,1,1,1
5127,2025-01-25,Desktop,1,1,0,0,0
5128,2025-08-08,Mobile,1,0,0,0,0
5129,2025-02-18,Tablet,1,1,0,0,0
5130,2025-06-21,Mobile,1,1,0,0,0
5131,2025-10-04,Mobile,1,1,1,0,0
5132,2025-03-16,Mobile,1,1,0,0,0
5133,2025-07-13,Desktop,1,1,0,0,0
5134,2025-11-06,Desktop,1,0,0,0,0
5135,2025-09-29,Mobile,1,1,0,0,0
5136,2025-06-02,Desktop,1,1,0,0,0
5137,2025-11-11,Mobile,1,1,0,0,0
5138,2025-09-03,Desktop,1,1,1,1,1
5139,2025-02-16,Mobile,1,1,0,0,0
5140,2025-06-11,Mobile,1,1,1,1,1
5141,2025-12-02,Mobile,1,0,0,0,0
5142,2025-03-25,Mobile,1,1,1,1,1
5143,2025-11-13,Mobile,1,1,0,0,0
5144,2025-11-16,Mobile,1,1,0,0,0
5145,2025-07-31,Mobile,1,1,1,1,1
5146,2025-08-06,Tablet,1,1,1,1,0
5147,2025-09-15,Tablet,1,1,0,0,0
5148,2025-01-17,Mobile,1,1,0,0,0
5149,2025-05-06,Mobile,1,1,0,0,0
5150,2025-09-11,Desktop,1,1,0,0,0
5151,2025-03-01,Mobile,1,0,0,0,0
5152,2025-08-12,Desktop,1,1,0,0,0
5153,2025-05-22,Desktop,1,1,1,1,0
5154,2025-09-11,Mobile,1,1,0,0,0
5155,2025-07-02,Desktop,1,1,1,0,0
5156,2025-03-29,Mobile,1,1,0,0,0
5157,2025-09-19,Desktop,1,0,0,0,0
5158,2025-06-05,Desktop,1,1,0,0,0
5159,2025-06-14,Mobile,1,0,0,0,0
5160,2025-11-01,Mobile,1,1,0,0,0
5161,2025-09-02,Tablet,1,1,0,0,0
5162,2025-10-01,Desktop,1,1,0,0,0
5163,2025-05-13,Mobile,1,1,0,0,0
5164,2025-11-07,Desktop,1,0,0,0,0
5165,2025-01-08,Desktop,1,1,0,0,0
5166,2025-09-08,Desktop,1,1,0,0,0
5167,2025-09-27,Mobile,1,0,0,0,0
5168,2025-04-06,Mobile,1,1,0,0,0
5169,2025-06-19,Mobile,1,1,0,0,0
5170,2025-08-04,Mobile,1,1,1,1,1
5171,2025-05-25,Mobile,1,1,1,1,1
5172,2025-09-19,Mobile,1,1,1,0,0
5173,2025-05-18,Mobile,1,0,0,0,0
5174,2025-04-30,Desktop,1,1,1,1,1
5175,2025-05-17,Mobile,1,1,0,0,0
5176,2025-07-10,Mobile,1,1,1,1,1
5177,2025-09-02,Desktop,1,1,0,0,0
5178,2025-11-04,Desktop,1,0,0,0,0
5179,2025-06-16,Mobile,1,1,0,0,0
5180,2025-11-01,Desktop,1,1,0,0,0
5181,2025-06-26,Desktop,1,1,1,1,1
5182,2025-10-11,Tablet,1,0,0,0,0
5183,2025-05-17,Mobile,1,1,1,0,0
5184,2025-04-05,Mobile,1,1,0,0,0
5185,2025-04-30,Mobile,1,1,0,0,0
5186,2025-06-23,Mobile,1,0,0,0,0
5187,2025-04-17,Mobile,1,1,1,1,0
5188,2025-08-17,Mobile,1,0,0,0,0
5189,2025-04-24,Mobile,1,1,0,0,0
5190,2025-11-05,Mobile,1,1,0,0,0
5191,2025-03-26,Tablet,1,1,1,1,1
5192,2025-08-28,Mobile,1,1,1,1,0
5193,2025-07-13,Mobile,1,1,0,0,0
5194,2025-10-11,Mobile,1,1,0,0,0
5195,2025-04-12,Mobile,1,1,0,0,0
5196,2025-02-27,Mobile,1,1,0,0,0
5197,2025-01-22,Desktop,1,0,0,0,0
5198,2025-04-24,Mobile,1,1,0,0,0
5199,2025-06-04,Mobile,1,1,1,1,0
5200,2025-12-01,Mobile,1,0,0,0,0
5201,2025-12-30,Desktop,1,1,1,1,0
5202,2025-04-14,Tablet,1,1,0,0,0
5203,2025-03-29,Desktop,1,1,1,1,0
5204,2025-07-21,Mobile,1,1,0,0,0
5205,2025-11-13,Mobile,1,1,0,0,0
5206,2025-03-10,Mobile,1,1,0,0,0
5207,2025-12-11,Desktop,1,1,0,0,0
5208,2025-12-28,Mobile,1,0,0,0,0
5209,2025-09-04,Desktop,1,1,0,0,0
5210,2025-03-29,Desktop,1,1,0,0,0
5211,2025-12-20,Desktop,1,1,1,1,0
5212,2025-03-29,Mobile,1,1,0,0,0
5213,2025-12-05,Desktop,1,0,0,0,0
5214,2025-12-12,Desktop,1,1,0,0,0
5215,2025-07-20,Mobile,1,1,0,0,0
5216,2025-08-01,Mobile,1,1,1,1,1
5217,2025-08-24,Desktop,1,1,1,1,0
5218,2025-02-25,Mobile,1,1,0,0,0
5219,2025-02-27,Mobile,1,0,0,0,0
5220,2025-01-15,Desktop,1,1,0,0,0
5221,2025-07-24,Mobile,1,0,0,0,0
5222,2025-05-11,Mobile,1,1,0,0,0
5223,2025-01-31,Mobile,1,1,0,0,0
5224,2025-02-07,Mobile,1,1,0,0,0
5225,2025-05-05,Tablet,1,1,0,0,0
5226,2025-10-29,Mobile,1,1,1,1,0
5227,2025-02-06,Mobile,1,1,0,0,0
5228,2025-07-29,Tablet,1,1,0,0,0
5229,2025-07-02,Mobile,1,1,0,0,0
5230,2025-12-20,Mobile,1,0,0,0,0
5231,2025-03-02,Desktop,1,1,1,1,1
5232,2025-10-08,Tablet,1,0,0,0,0
5233,2025-06-13,Mobile,1,1,0,0,0
5234,2025-10-16,Mobile,1,1,1,1,1
5235,2025-09-19,Mobile,1,1,1,0,0
5236,2025-03-10,Mobile,1,0,0,0,0
5237,2025-06-29,Mobile,1,1,0,0,0
5238,2025-08-06,Tablet,1,1,0,0,0
5239,2025-10-29,Desktop,1,1,0,0,0
5240,2025-09-26,Tablet,1,0,0,0,0
5241,2025-12-25,Desktop,1,1,1,1,1
5242,2025-06-17,Mobile,1,1,0,0,0
5243,2025-01-22,Desktop,1,1,1,1,0
5244,2025-02-22,Mobile,1,0,0,0,0
5245,2025-02-25,Mobile,1,1,0,0,0
5246,2025-05-27,Desktop,1,0,0,0,0
5247,2025-12-07,Desktop,1,0,0,0,0
5248,2025-05-22,Tablet,1,1,0,0,0
5249,2025-12-05,Desktop,1,1,0,0,0
5250,2025-01-06,Mobile,1,1,0,0,0
5251,2025-06-20,Mobile,1,1,0,0,0
5252,2025-12-28,Mobile,1,0,0,0,0
5253,2025-04-18,Mobile,1,0,0,0,0
5254,2025-05-27,Mobile,1,1,0,0,0
5255,2025-09-24,Mobile,1,1,0,0,0
5256,2025-03-25,Mobile,1,0,0,0,0
5257,2025-07-11,Mobile,1,0,0,0,0
5258,2025-12-18,Mobile,1,1,0,0,0
5259,2025-02-08,Mobile,1,1,0,0,0
5260,2025-09-25,Desktop,1,1,1,0,0
5261,2025-05-10,Tablet,1,1,1,1,1
5262,2025-03-24,Mobile,1,1,1,0,0
5263,2025-01-02,Desktop,1,1,1,0,0
5264,2025-06-10,Desktop,1,1,0,0,0
5265,2025-07-23,Desktop,1,1,1,1,1
5266,2025-08-10,Mobile,1,1,1,1,1
5267,2025-11-22,Mobile,1,1,1,1,1
5268,2025-08-24,Mobile,1,1,0,0,0
5269,2025-08-14,Mobile,1,1,0,0,0
5270,2025-11-07,Desktop,1,0,0,0,0
5271,2025-12-03,Mobile,1,0,0,0,0
5272,2025-08-23,Mobile,1,1,1,0,0
5273,2025-04-22,Desktop,1,0,0,0,0
5274,2025-10-10,Mobile,1,1,1,0,0
5275,2025-07-14,Desktop,1,0,0,0,0
5276,2025-03-23,Mobile,1,1,1,1,0
5277,2025-06-10,Desktop,1,1,1,1,0
5278,2025-01-15,Mobile,1,1,1,0,0
5279,2025-12-14,Mobile,1,1,1,1,1
5280,2025-07-09,Tablet,1,0,0,0,0
5281,2025-12-05,Desktop,1,1,1,1,1
5282,2025-04-10,Mobile,1,1,0,0,0
5283,2025-10-20,Mobile,1,1,0,0,0
5284,2025-01-11,Tablet,1,0,0,0,0
5285,2025-03-06,Mobile,1,0,0,0,0
5286,2025-12-11,Mobile,1,1,1,0,0
5287,2025-08-23,Mobile,1,1,0,0,0
5288,2025-09-09,Desktop,1,1,1,0,0
5289,2025-07-12,Mobile,1,1,0,0,0
5290,2025-04-14,Mobile,1,1,0,0,0
5291,2025-07-08,Tablet,1,1,1,1,1
5292,2025-03-18,Mobile,1,1,0,0,0
5293,2025-06-22,Mobile,1,1,0,0,0
5294,2025-07-10,Mobile,1,1,0,0,0
5295,2025-04-09,Desktop,1,1,1,0,0
5296,2025-02-09,Desktop,1,0,0,0,0
5297,2025-12-02,Mobile,1,0,0,0,0
5298,2025-07-21,Desktop,1,1,0,0,0
5299,2025-11-18,Mobile,1,1,1,1,0
5300,2025-11-01,Mobile,1,0,0,0,0
5301,2025-09-26,Mobile,1,1,0,0,0
5302,2025-12-05,Desktop,1,0,0,0,0
5303,2025-03-05,Desktop,1,1,0,0,0
5304,2025-07-24,Mobile,1,0,0,0,0
5305,2025-08-04,Desktop,1,1,1,1,0
5306,2025-05-12,Mobile,1,1,0,0,0
5307,2025-11-22,Tablet,1,1,0,0,0
5308,2025-01-18,Mobile,1,1,0,0,0
5309,2025-08-30,Desktop,1,1,1,1,1
5310,2025-06-03,Mobile,1,1,1,0,0
5311,2025-07-16,Mobile,1,1,0,0,0
5312,2025-12-03,Mobile,1,1,1,1,1
5313,2025-10-14,Desktop,1,0,0,0,0
5314,2025-01-26,Desktop,1,0,0,0,0
5315,2025-11-17,Mobile,1,1,1,0,0
5316,2025-05-23,Tablet,1,1,0,0,0
5317,2025-03-26,Mobile,1,1,1,0,0
5318,2025-01-01,Mobile,1,1,1,1,1
5319,2025-07-01,Desktop,1,0,0,0,0
5320,2025-04-18,Mobile,1,1,0,0,0
5321,2025-06-14,Desktop,1,1,1,0,0
5322,2025-01-22,Desktop,1,1,1,1,1
5323,2025-02-10,Mobile,1,0,0,0,0
5324,2025-12-07,Mobile,1,0,0,0,0
5325,2025-01-31,Mobile,1,1,0,0,0
5326,2025-10-21,Mobile,1,1,0,0,0
5327,2025-06-27,Mobile,1,1,0,0,0
5328,2025-11-27,Desktop,1,1,1,1,1
5329,2025-08-01,Mobile,1,1,0,0,0
5330,2025-04-10,Mobile,1,1,0,0,0
5331,2025-06-22,Desktop,1,1,1,0,0
5332,2025-12-01,Desktop,1,0,0,0,0
5333,2025-03-16,Desktop,1,0,0,0,0
5334,2025-06-27,Desktop,1,0,0,0,0
5335,2025-04-11,Tablet,1,1,0,0,0
5336,2025-08-20,Mobile,1,1,1,1,0
5337,2025-04-13,Mobile,1,1,0,0,0
5338,2025-09-27,Mobile,1,1,0,0,0
5339,2025-06-25,Desktop,1,1,0,0,0
5340,2025-08-04,Mobile,1,1,1,0,0
5341,2025-06-11,Mobile,1,1,0,0,0
5342,2025-02-20,Mobile,1,1,1,1,1
5343,2025-07-03,Desktop,1,0,0,0,0
5344,2025-04-03,Mobile,1,0,0,0,0
5345,2025-12-31,Mobile,1,0,0,0,0
5346,2025-11-27,Mobile,1,1,0,0,0
5347,2025-06-12,Mobile,1,1,0,0,0
5348,2025-10-23,Mobile,1,1,1,0,0
5349,2025-06-21,Mobile,1,1,1,1,0
5350,2025-11-01,Mobile,1,1,1,1,1
5351,2025-11-30,Mobile,1,0,0,0,0
5352,2025-10-19,Mobile,1,0,0,0,0
5353,2025-08-13,Mobile,1,1,1,1,1
5354,2025-01-13,Mobile,1,1,0,0,0
5355,2025-11-14,Mobile,1,1,1,0,0
5356,2025-06-04,Desktop,1,0,0,0,0
5357,2025-08-25,Mobile,1,1,1,1,1
5358,2025-12-15,Tablet,1,1,1,0,0
5359,2025-07-28,Mobile,1,1,1,1,0
5360,2025-04-20,Mobile,1,0,0,0,0
5361,2025-10-08,Mobile,1,1,1,1,1
5362,2025-10-19,Desktop,1,1,0,0,0
5363,2025-08-24,Mobile,1,1,1,1,0
5364,2025-08-08,Mobile,1,1,1,1,0
5365,2025-08-08,Mobile,1,1,0,0,0
5366,2025-04-08,Mobile,1,1,1,1,1
5367,2025-09-17,Mobile,1,1,1,0,0
5368,2025-12-06,Desktop,1,1,0,0,0
5369,2025-07-18,Mobile,1,1,1,1,1
5370,2025-05-30,Mobile,1,1,1,0,0
5371,2025-02-12,Mobile,1,1,1,1,0
5372,2025-03-06,Desktop,1,1,0,0,0
5373,2025-09-14,Mobile,1,1,0,0,0
5374,2025-12-17,Desktop,1,1,0,0,0
5375,2025-04-29,Mobile,1,0,0,0,0
5376,2025-03-04,Mobile,1,0,0,0,0
5377,2025-01-24,Desktop,1,1,1,0,0
5378,2025-09-08,Desktop,1,1,0,0,0
5379,2025-01-05,Desktop,1,0,0,0,0
5380,2025-08-25,Mobile,1,0,0,0,0
5381,2025-05-16,Mobile,1,0,0,0,0
5382,2025-06-17,Mobile,1,1,1,0,0
5383,2025-06-25,Mobile,1,1,1,1,1
5384,2025-07-28,Tablet,1,0,0,0,0
5385,2025-05-28,Tablet,1,1,0,0,0
5386,2025-09-21,Mobile,1,0,0,0,0
5387,2025-11-17,Desktop,1,1,0,0,0
5388,2025-12-26,Mobile,1,1,0,0,0
5389,2025-09-16,Desktop,1,1,0,0,0
5390,2025-09-18,Desktop,1,1,1,1,1
5391,2025-01-12,Mobile,1,0,0,0,0
5392,2025-05-28,Mobile,1,1,1,0,0
5393,2025-02-17,Mobile,1,1,0,0,0
5394,2025-11-03,Mobile,1,1,0,0,0
5395,2025-04-05,Mobile,1,1,0,0,0
5396,2025-05-19,Mobile,1,1,0,0,0
5397,2025-08-18,Mobile,1,1,1,1,0
5398,2025-09-12,Mobile,1,1,0,0,0
5399,2025-09-21,Tablet,1,0,0,0,0
5400,2025-02-08,Desktop,1,1,0,0,0
5401,2025-02-14,Mobile,1,0,0,0,0
5402,2025-04-27,Mobile,1,0,0,0,0
5403,2025-02-25,Mobile,1,1,0,0,0
5404,2025-06-27,Mobile,1,1,1,0,0
5405,2025-04-27,Mobile,1,1,0,0,0
5406,2025-04-02,Mobile,1,1,0,0,0
5407,2025-07-02,Mobile,1,1,0,0,0
5408,2025-04-01,Desktop,1,1,1,0,0
5409,2025-10-18,Desktop,1,1,0,0,0
5410,2025-10-29,Mobile,1,0,0,0,0
5411,2025-03-19,Mobile,1,1,0,0,0
5412,2025-08-17,Mobile,1,1,1,0,0
5413,2025-08-27,Desktop,1,1,1,1,1
5414,2025-03-05,Desktop,1,1,0,0,0
5415,2025-03-04,Desktop,1,1,1,1,1
5416,2025-08-22,Mobile,1,1,0,0,0
5417,2025-10-20,Mobile,1,1,1,1,0
5418,2025-02-10,Mobile,1,1,1,1,1
5419,2025-06-01,Mobile,1,1,0,0,0
5420,2025-05-14,Mobile,1,0,0,0,0
5421,2025-12-17,Mobile,1,0,0,0,0
5422,2025-10-04,Mobile,1,1,1,1,0
5423,2025-05-08,Desktop,1,1,0,0,0
5424,2025-01-08,Mobile,1,0,0,0,0
5425,2025-04-12,Mobile,1,0,0,0,0
5426,2025-10-10,Mobile,1,0,0,0,0
5427,2025-05-26,Mobile,1,1,0,0,0
5428,2025-06-16,Tablet,1,1,0,0,0
5429,2025-08-24,Desktop,1,1,0,0,0
5430,2025-04-27,Mobile,1,0,0,0,0
5431,2025-03-06,Mobile,1,1,0,0,0
5432,2025-01-25,Mobile,1,0,0,0,0
5433,2025-02-08,Mobile,1,1,1,1,1
5434,2025-07-23,Mobile,1,0,0,0,0
5435,2025-11-27,Mobile,1,1,1,0,0
5436,2025-11-02,Mobile,1,1,1,0,0
5437,2025-01-03,Mobile,1,1,0,0,0
5438,2025-11-19,Mobile,1,1,1,1,0
5439,2025-07-05,Mobile,1,1,0,0,0
5440,2025-04-12,Mobile,1,1,0,0,0
5441,2025-05-07,Mobile,1,1,1,1,1
5442,2025-05-17,Desktop,1,1,1,1,1
5443,2025-02-03,Desktop,1,1,0,0,0
5444,2025-11-30,Mobile,1,1,0,0,0
5445,2025-07-16,Mobile,1,1,0,0,0
5446,2025-01-26,Mobile,1,1,0,0,0
5447,2025-08-12,Mobile,1,1,1,0,0
5448,2025-03-31,Mobile,1,1,0,0,0
5449,2025-01-07,Mobile,1,1,1,1,0
5450,2025-04-05,Mobile,1,1,1,1,1
5451,2025-04-24,Mobile,1,1,0,0,0
5452,2025-02-09,Mobile,1,1,1,1,0
5453,2025-12-31,Mobile,1,1,1,0,0
5454,2025-11-03,Desktop,1,1,0,0,0
5455,2025-10-16,Desktop,1,0,0,0,0
5456,2025-01-16,Mobile,1,1,0,0,0
5457,2025-12-31,Tablet,1,0,0,0,0
5458,2025-07-06,Mobile,1,1,0,0,0
5459,2025-01-14,Mobile,1,1,0,0,0
5460,2025-10-13,Desktop,1,1,1,1,1
5461,2025-05-17,Desktop,1,1,1,1,1
5462,2025-02-17,Mobile,1,1,0,0,0
5463,2025-02-01,Mobile,1,0,0,0,0
5464,2025-08-25,Mobile,1,1,0,0,0
5465,2025-10-20,Desktop,1,1,1,1,1
5466,2025-08-27,Desktop,1,1,1,1,0
5467,2025-09-28,Mobile,1,0,0,0,0
5468,2025-11-06,Desktop,1,1,0,0,0
5469,2025-05-31,Tablet,1,0,0,0,0
5470,2025-12-21,Mobile,1,1,1,0,0
5471,2025-06-07,Tablet,1,0,0,0,0
5472,2025-10-19,Mobile,1,1,1,0,0
5473,2025-08-15,Mobile,1,1,0,0,0
5474,2025-10-17,Mobile,1,1,0,0,0
5475,2025-01-25,Desktop,1,1,1,1,1
5476,2025-04-23,Desktop,1,0,0,0,0
5477,2025-08-02,Mobile,1,1,0,0,0
5478,2025-06-09,Mobile,1,1,0,0,0
5479,2025-01-21,Desktop,1,0,0,0,0
5480,2025-05-31,Mobile,1,0,0,0,0
5481,2025-06-06,Mobile,1,1,0,0,0
5482,2025-04-03,Desktop,1,1,1,0,0
5483,2025-03-07,Desktop,1,1,1,0,0
5484,2025-04-26,Desktop,1,1,0,0,0
5485,2025-04-25,Desktop,1,1,0,0,0
5486,2025-03-01,Mobile,1,0,0,0,0
5487,2025-03-27,Desktop,1,1,0,0,0
5488,2025-12-08,Mobile,1,0,0,0,0
5489,2025-07-29,Desktop,1,0,0,0,0
5490,2025-04-28,Mobile,1,1,1,1,0
5491,2025-03-16,Tablet,1,1,0,0,0
5492,2025-11-19,Mobile,1,1,1,1,1
5493,2025-07-14,Mobile,1,1,0,0,0
5494,2025-12-11,Desktop,1,1,0,0,0
5495,2025-03-20,Desktop,1,0,0,0,0
5496,2025-03-17,Mobile,1,0,0,0,0
5497,2025-05-10,Mobile,1,0,0,0,0
5498,2025-01-04,Mobile,1,1,0,0,0
5499,2025-03-20,Mobile,1,0,0,0,0
5500,2025-04-26,Mobile,1,0,0,0,0
5501,2025-05-23,Mobile,1,1,0,0,0
5502,2025-05-12,Desktop,1,0,0,0,0
5503,2025-05-22,Mobile,1,1,1,1,0
5504,2025-02-27,Mobile,1,0,0,0,0
5505,2025-08-26,Mobile,1,1,1,1,1
5506,2025-12-07,Mobile,1,0,0,0,0
5507,2025-07-12,Mobile,1,0,0,0,0
5508,2025-01-25,Desktop,1,0,0,0,0
5509,2025-05-22,Desktop,1,1,0,0,0
5510,2025-02-13,Mobile,1,1,1,1,0
5511,2025-09-29,Mobile,1,0,0,0,0
5512,2025-11-03,Mobile,1,1,1,1,0
5513,2025-04-02,Desktop,1,1,0,0,0
5514,2025-11-09,Mobile,1,0,0,0,0
5515,2025-05-27,Desktop,1,1,0,0,0
5516,2025-11-07,Mobile,1,1,0,0,0
5517,2025-04-08,Desktop,1,1,1,1,1
5518,2025-12-15,Desktop,1,0,0,0,0
5519,2025-02-22,Mobile,1,1,0,0,0
5520,2025-10-06,Mobile,1,1,0,0,0
5521,2025-06-22,Mobile,1,1,0,0,0
5522,2025-06-26,Mobile,1,1,0,0,0
5523,2025-10-31,Mobile,1,0,0,0,0
5524,2025-04-30,Desktop,1,0,0,0,0
5525,2025-05-05,Desktop,1,1,0,0,0
5526,2025-03-24,Tablet,1,1,0,0,0
5527,2025-04-28,Mobile,1,1,1,1,0
5528,2025-05-02,Desktop,1,1,0,0,0
5529,2025-07-18,Desktop,1,1,0,0,0
5530,2025-03-31,Desktop,1,1,0,0,0
5531,2025-11-22,Mobile,1,0,0,0,0
5532,2025-06-14,Mobile,1,1,0,0,0
5533,2025-09-10,Desktop,1,1,1,1,1
5534,2025-01-08,Mobile,1,1,1,0,0
5535,2025-09-13,Mobile,1,0,0,0,0
5536,2025-01-29,Tablet,1,1,0,0,0
5537,2025-04-12,Mobile,1,1,0,0,0
5538,2025-11-11,Desktop,1,1,1,1,0
5539,2025-03-14,Mobile,1,1,1,1,0
5540,2025-11-25,Mobile,1,0,0,0,0
5541,2025-04-18,Mobile,1,1,1,1,0
5542,2025-05-20,Mobile,1,1,0,0,0
5543,2025-09-28,Mobile,1,1,0,0,0
5544,2025-10-07,Mobile,1,1,1,1,0
5545,2025-03-23,Desktop,1,0,0,0,0
5546,2025-07-06,Desktop,1,1,0,0,0
5547,2025-10-29,Mobile,1,1,1,1,1
5548,2025-02-15,Mobile,1,1,1,1,1
5549,2025-01-06,Desktop,1,1,1,1,1
5550,2025-07-06,Desktop,1,1,0,0,0
5551,2025-05-31,Mobile,1,1,0,0,0
5552,2025-02-10,Mobile,1,1,0,0,0
5553,2025-03-22,Mobile,1,1,1,1,1
5554,2025-11-18,Desktop,1,1,1,1,1
5555,2025-03-13,Desktop,1,0,0,0,0
5556,2025-04-20,Mobile,1,0,0,0,0
5557,2025-04-22,Tablet,1,1,0,0,0
5558,2025-06-03,Mobile,1,0,0,0,0
5559,2025-06-13,Mobile,1,1,1,0,0
5560,2025-10-19,Desktop,1,1,0,0,0
5561,2025-10-12,Mobile,1,1,0,0,0
5562,2025-06-28,Desktop,1,1,0,0,0
5563,2025-12-10,Mobile,1,1,0,0,0
5564,2025-08-03,Desktop,1,1,1,1,1
5565,2025-06-08,Mobile,1,1,1,1,1
5566,2025-02-24,Mobile,1,1,1,1,0
5567,2025-05-11,Mobile,1,1,0,0,0
5568,2025-02-14,Desktop,1,1,1,1,1
5569,2025-02-18,Desktop,1,1,0,0,0
5570,2025-01-19,Mobile,1,1,0,0,0
5571,2025-06-10,Mobile,1,1,0,0,0
5572,2025-04-05,Mobile,1,0,0,0,0
5573,2025-11-16,Desktop,1,1,1,1,1
5574,2025-10-22,Desktop,1,1,0,0,0
5575,2025-07-07,Mobile,1,1,0,0,0
5576,2025-02-27,Mobile,1,1,0,0,0
5577,2025-06-20,Desktop,1,1,0,0,0
5578,2025-02-19,Mobile,1,1,1,1,1
5579,2025-12-01,Mobile,1,0,0,0,0
5580,2025-08-17,Mobile,1,0,0,0,0
5581,2025-12-08,Mobile,1,1,0,0,0
5582,2025-10-18,Mobile,1,1,1,1,1
5583,2025-02-06,Desktop,1,1,0,0,0
5584,2025-02-21,Mobile,1,0,0,0,0
5585,2025-02-18,Mobile,1,1,0,0,0
5586,2025-04-24,Mobile,1,1,0,0,0
5587,2025-05-10,Mobile,1,0,0,0,0
5588,2025-04-04,Mobile,1,0,0,0,0
5589,2025-03-02,Mobile,1,1,1,0,0
5590,2025-07-28,Desktop,1,1,0,0,0
5591,2025-09-18,Mobile,1,0,0,0,0
5592,2025-10-25,Tablet,1,1,0,0,0
5593,2025-04-08,Desktop,1,1,0,0,0
5594,2025-05-30,Mobile,1,1,0,0,0
5595,2025-10-11,Mobile,1,0,0,0,0
5596,2025-06-28,Mobile,1,1,0,0,0
5597,2025-08-21,Mobile,1,1,0,0,0
5598,2025-03-02,Mobile,1,0,0,0,0
5599,2025-09-15,Mobile,1,1,0,0,0
5600,2025-03-06,Desktop,1,0,0,0,0
5601,2025-12-26,Desktop,1,0,0,0,0
5602,2025-01-20,Mobile,1,1,0,0,0
5603,2025-10-15,Desktop,1,0,0,0,0
5604,2025-11-28,Mobile,1,1,1,1,0
5605,2025-04-01,Desktop,1,0,0,0,0
5606,2025-11-30,Mobile,1,1,0,0,0
5607,2025-11-08,Mobile,1,1,1,1,0
5608,2025-03-30,Desktop,1,1,1,1,1
5609,2025-12-01,Mobile,1,1,0,0,0
5610,2025-09-23,Mobile,1,1,0,0,0
5611,2025-01-11,Mobile,1,1,0,0,0
5612,2025-05-28,Mobile,1,1,1,1,1
5613,2025-09-13,Mobile,1,1,1,1,1
5614,2025-02-24,Desktop,1,1,1,1,0
5615,2025-03-13,Tablet,1,0,0,0,0
5616,2025-07-05,Mobile,1,1,0,0,0
5617,2025-11-03,Mobile,1,1,0,0,0
5618,2025-03-09,Mobile,1,1,0,0,0
5619,2025-06-26,Mobile,1,1,1,1,1
5620,2025-09-18,Mobile,1,0,0,0,0
5621,2025-11-10,Mobile,1,1,1,1,0
5622,2025-08-12,Mobile,1,1,1,1,1
5623,2025-03-14,Mobile,1,1,0,0,0
5624,2025-07-07,Desktop,1,1,0,0,0
5625,2025-01-16,Desktop,1,1,0,0,0
5626,2025-11-01,Mobile,1,1,1,0,0
5627,2025-04-11,Mobile,1,0,0,0,0
5628,2025-12-28,Desktop,1,1,0,0,0
5629,2025-05-18,Desktop,1,1,0,0,0
5630,2025-05-07,Mobile,1,1,1,1,0
5631,2025-12-29,Mobile,1,1,1,1,0
5632,2025-11-03,Desktop,1,0,0,0,0
5633,2025-09-15,Tablet,1,1,0,0,0
5634,2025-03-15,Tablet,1,1,1,0,0
5635,2025-04-21,Desktop,1,1,0,0,0
5636,2025-11-14,Mobile,1,1,1,0,0
5637,2025-11-20,Mobile,1,1,1,0,0
5638,2025-02-15,Desktop,1,1,0,0,0
5639,2025-10-03,Mobile,1,1,0,0,0
5640,2025-04-21,Mobile,1,1,1,1,0
5641,2025-07-15,Tablet,1,1,1,1,1
5642,2025-07-28,Desktop,1,1,0,0,0
5643,2025-01-23,Mobile,1,0,0,0,0
5644,2025-07-22,Mobile,1,1,1,1,1
5645,2025-01-31,Mobile,1,1,1,1,1
5646,2025-12-11,Mobile,1,1,0,0,0
5647,2025-01-17,Mobile,1,0,0,0,0
5648,2025-09-02,Desktop,1,0,0,0,0
5649,2025-01-14,Mobile,1,1,0,0,0
5650,2025-12-03,Mobile,1,0,0,0,0
5651,2025-05-28,Mobile,1,1,0,0,0
5652,2025-02-14,Mobile,1,1,0,0,0
5653,2025-11-13,Mobile,1,0,0,0,0
5654,2025-12-26,Mobile,1,1,1,1,1
5655,2025-07-03,Desktop,1,0,0,0,0
5656,2025-07-20,Mobile,1,1,1,0,0
5657,2025-11-30,Mobile,1,1,1,1,1
5658,2025-04-06,Mobile,1,1,1,1,0
5659,2025-09-20,Desktop,1,1,0,0,0
5660,2025-09-27,Desktop,1,1,0,0,0
5661,2025-10-10,Mobile,1,1,0,0,0
5662,2025-11-27,Mobile,1,1,0,0,0
5663,2025-05-17,Mobile,1,1,0,0,0
5664,2025-11-11,Mobile,1,1,0,0,0
5665,2025-05-04,Mobile,1,1,0,0,0
5666,2025-07-06,Desktop,1,1,0,0,0
5667,2025-05-31,Mobile,1,0,0,0,0
5668,2025-06-19,Mobile,1,1,0,0,0
5669,2025-05-05,Desktop,1,1,1,1,0
5670,2025-10-17,Desktop,1,1,0,0,0
5671,2025-01-25,Mobile,1,0,0,0,0
5672,2025-11-18,Mobile,1,1,0,0,0
5673,2025-02-25,Desktop,1,0,0,0,0
5674,2025-03-07,Mobile,1,1,1,1,1
5675,2025-04-12,Desktop,1,0,0,0,0
5676,2025-08-07,Mobile,1,1,0,0,0
5677,2025-03-16,Tablet,1,1,1,0,0
5678,2025-06-06,Mobile,1,1,0,0,0
5679,2025-07-20,Tablet,1,1,1,0,0
5680,2025-08-19,Mobile,1,1,1,1,1
5681,2025-11-28,Tablet,1,1,0,0,0
5682,2025-02-05,Mobile,1,1,1,1,0
5683,2025-12-13,Desktop,1,1,0,0,0
5684,2025-11-16,Mobile,1,1,1,1,0
5685,2025-10-24,Desktop,1,1,1,1,1
5686,2025-09-17,Tablet,1,1,1,1,1
5687,2025-09-22,Mobile,1,1,0,0,0
5688,2025-02-15,Desktop,1,0,0,0,0
5689,2025-04-18,Desktop,1,1,1,1,1
5690,2025-11-12,Tablet,1,1,1,0,0
5691,2025-08-17,Desktop,1,1,0,0,0
5692,2025-02-04,Mobile,1,0,0,0,0
5693,2025-07-17,Mobile,1,0,0,0,0
5694,2025-12-15,Desktop,1,1,1,1,1
5695,2025-11-17,Mobile,1,1,0,0,0
5696,2025-03-20,Tablet,1,1,0,0,0
5697,2025-06-11,Desktop,1,1,0,0,0
5698,2025-11-12,Mobile,1,1,0,0,0
5699,2025-02-07,Mobile,1,1,1,1,0
5700,2025-03-20,Mobile,1,1,0,0,0
5701,2025-04-29,Mobile,1,1,0,0,0
5702,2025-04-05,Tablet,1,0,0,0,0
5703,2025-02-03,Mobile,1,0,0,0,0
5704,2025-09-13,Mobile,1,1,1,0,0
5705,2025-05-04,Mobile,1,0,0,0,0
5706,2025-08-30,Tablet,1,1,0,0,0
5707,2025-07-09,Desktop,1,1,1,1,1
5708,2025-12-16,Desktop,1,1,1,1,1
5709,2025-12-11,Desktop,1,0,0,0,0
5710,2025-06-10,Mobile,1,1,1,1,1
5711,2025-07-27,Desktop,1,1,0,0,0
5712,2025-11-01,Mobile,1,1,0,0,0
5713,2025-12-18,Mobile,1,1,0,0,0
5714,2025-02-21,Mobile,1,1,0,0,0
5715,2025-12-20,Mobile,1,1,1,0,0
5716,2025-01-24,Mobile,1,1,0,0,0
5717,2025-08-17,Desktop,1,1,0,0,0
5718,2025-02-16,Desktop,1,1,0,0,0
5719,2025-03-25,Desktop,1,1,0,0,0
5720,2025-03-12,Mobile,1,0,0,0,0
5721,2025-11-20,Desktop,1,0,0,0,0
5722,2025-10-28,Mobile,1,1,0,0,0
5723,2025-11-01,Desktop,1,1,1,0,0
5724,2025-09-28,Mobile,1,1,0,0,0
5725,2025-02-05,Desktop,1,1,1,1,0
5726,2025-06-28,Mobile,1,1,0,0,0
5727,2025-05-01,Mobile,1,1,0,0,0
5728,2025-05-06,Desktop,1,1,0,0,0
5729,2025-03-18,Mobile,1,1,0,0,0
5730,2025-05-01,Mobile,1,1,0,0,0
5731,2025-02-02,Desktop,1,1,0,0,0
5732,2025-08-08,Mobile,1,1,0,0,0
5733,2025-11-16,Desktop,1,0,0,0,0
5734,2025-02-15,Mobile,1,1,1,0,0
5735,2025-12-14,Mobile,1,1,0,0,0
5736,2025-10-25,Mobile,1,1,0,0,0
5737,2025-03-19,Desktop,1,1,1,1,0
5738,2025-08-21,Mobile,1,1,1,1,1
5739,2025-12-19,Mobile,1,0,0,0,0
5740,2025-05-27,Mobile,1,1,0,0,0
5741,2025-05-29,Desktop,1,1,0,0,0
5742,2025-09-26,Mobile,1,1,0,0,0
5743,2025-10-19,Desktop,1,1,0,0,0
5744,2025-02-11,Desktop,1,1,0,0,0
5745,2025-03-09,Tablet,1,0,0,0,0
5746,2025-03-28,Mobile,1,1,0,0,0
5747,2025-05-18,Mobile,1,1,0,0,0
5748,2025-12-05,Mobile,1,1,0,0,0
5749,2025-03-08,Mobile,1,1,1,1,0
5750,2025-08-15,Desktop,1,1,1,1,1
5751,2025-10-18,Mobile,1,0,0,0,0
5752,2025-03-08,Mobile,1,0,0,0,0
5753,2025-07-13,Mobile,1,1,0,0,0
5754,2025-09-21,Mobile,1,0,0,0,0
5755,2025-01-15,Mobile,1,1,1,1,1
5756,2025-10-08,Desktop,1,1,1,1,1
5757,2025-11-05,Tablet,1,1,1,1,0
5758,2025-01-30,Mobile,1,1,0,0,0
5759,2025-10-29,Tablet,1,1,0,0,0
5760,2025-03-22,Desktop,1,1,0,0,0
5761,2025-11-27,Desktop,1,1,0,0,0
5762,2025-03-01,Mobile,1,1,1,1,1
5763,2025-08-23,Mobile,1,1,1,1,1
5764,2025-03-03,Mobile,1,1,0,0,0
5765,2025-07-05,Mobile,1,1,0,0,0
5766,2025-10-19,Mobile,1,1,0,0,0
5767,2025-07-10,Mobile,1,1,0,0,0
5768,2025-12-20,Mobile,1,1,0,0,0
5769,2025-12-17,Mobile,1,0,0,0,0
5770,2025-12-20,Mobile,1,1,0,0,0
5771,2025-09-20,Desktop,1,0,0,0,0
5772,2025-10-19,Mobile,1,0,0,0,0
5773,2025-08-28,Mobile,1,1,0,0,0
5774,2025-03-12,Mobile,1,1,1,0,0
5775,2025-02-23,Mobile,1,0,0,0,0
5776,2025-12-28,Mobile,1,1,0,0,0
5777,2025-09-06,Tablet,1,0,0,0,0
5778,2025-09-15,Desktop,1,1,0,0,0
5779,2025-06-27,Mobile,1,1,1,0,0
5780,2025-09-24,Desktop,1,1,0,0,0
5781,2025-07-05,Mobile,1,0,0,0,0
5782,2025-10-11,Mobile,1,1,0,0,0
5783,2025-10-17,Mobile,1,1,0,0,0
5784,2025-06-29,Desktop,1,1,1,0,0
5785,2025-03-05,Mobile,1,1,1,0,0
5786,2025-07-26,Desktop,1,1,0,0,0
5787,2025-07-31,Mobile,1,1,0,0,0
5788,2025-04-20,Mobile,1,1,0,0,0
5789,2025-07-22,Mobile,1,0,0,0,0
5790,2025-01-09,Mobile,1,0,0,0,0
5791,2025-05-23,Mobile,1,1,0,0,0
5792,2025-08-11,Desktop,1,1,0,0,0
5793,2025-03-29,Mobile,1,1,1,1,0
5794,2025-08-12,Mobile,1,0,0,0,0
5795,2025-04-30,Mobile,1,0,0,0,0
5796,2025-04-29,Mobile,1,1,0,0,0
5797,2025-04-14,Desktop,1,1,0,0,0
5798,2025-01-10,Mobile,1,1,0,0,0
5799,2025-08-29,Desktop,1,0,0,0,0
5800,2025-05-17,Mobile,1,1,1,1,0
5801,2025-12-24,Mobile,1,1,0,0,0
5802,2025-10-19,Mobile,1,0,0,0,0
5803,2025-07-16,Desktop,1,1,0,0,0
5804,2025-04-29,Mobile,1,1,1,0,0
5805,2025-04-24,Mobile,1,0,0,0,0
5806,2025-09-01,Mobile,1,1,0,0,0
5807,2025-12-21,Mobile,1,1,0,0,0
5808,2025-06-11,Mobile,1,1,0,0,0
5809,2025-12-07,Mobile,1,1,0,0,0
5810,2025-10-04,Tablet,1,1,1,1,1
5811,2025-11-06,Mobile,1,1,1,1,0
5812,2025-11-24,Desktop,1,1,1,1,1
5813,2025-03-20,Mobile,1,1,0,0,0
5814,2025-06-05,Mobile,1,1,1,1,1
5815,2025-11-25,Mobile,1,1,1,1,1
5816,2025-10-16,Desktop,1,1,0,0,0
5817,2025-01-02,Mobile,1,1,0,0,0
5818,2025-06-12,Desktop,1,1,1,0,0
5819,2025-11-22,Desktop,1,1,0,0,0
5820,2025-10-29,Mobile,1,0,0,0,0
5821,2025-04-06,Desktop,1,1,0,0,0
5822,2025-03-29,Tablet,1,1,0,0,0
5823,2025-04-27,Mobile,1,1,0,0,0
5824,2025-08-23,Desktop,1,0,0,0,0
5825,2025-08-27,Mobile,1,0,0,0,0
5826,2025-07-12,Mobile,1,1,1,0,0
5827,2025-07-21,Desktop,1,1,0,0,0
5828,2025-02-06,Mobile,1,1,0,0,0
5829,2025-02-21,Desktop,1,0,0,0,0
5830,2025-06-01,Tablet,1,0,0,0,0
5831,2025-02-05,Desktop,1,1,1,1,1
5832,2025-05-21,Mobile,1,0,0,0,0
5833,2025-09-14,Tablet,1,0,0,0,0
5834,2025-06-15,Desktop,1,1,0,0,0
5835,2025-09-11,Desktop,1,1,1,1,1
5836,2025-05-01,Mobile,1,0,0,0,0
5837,2025-05-31,Mobile,1,1,1,1,1
5838,2025-07-16,Desktop,1,1,0,0,0
5839,2025-02-17,Mobile,1,0,0,0,0
5840,2025-06-16,Mobile,1,0,0,0,0
5841,2025-04-27,Mobile,1,0,0,0,0
5842,2025-07-10,Mobile,1,1,0,0,0
5843,2025-09-02,Desktop,1,1,0,0,0
5844,2025-03-03,Tablet,1,1,1,1,1
5845,2025-01-24,Mobile,1,1,1,0,0
5846,2025-08-05,Desktop,1,1,0,0,0
5847,2025-07-24,Mobile,1,1,0,0,0
5848,2025-07-04,Mobile,1,0,0,0,0
5849,2025-02-02,Mobile,1,1,1,1,1
5850,2025-06-16,Desktop,1,1,0,0,0
5851,2025-05-18,Tablet,1,1,0,0,0
5852,2025-10-24,Mobile,1,0,0,0,0
5853,2025-05-06,Mobile,1,0,0,0,0
5854,2025-02-15,Desktop,1,0,0,0,0
5855,2025-11-07,Desktop,1,1,0,0,0
5856,2025-09-04,Mobile,1,1,0,0,0
5857,2025-10-22,Desktop,1,0,0,0,0
5858,2025-06-09,Mobile,1,1,0,0,0
5859,2025-06-26,Mobile,1,0,0,0,0
5860,2025-10-28,Desktop,1,1,1,0,0
5861,2025-04-23,Desktop,1,1,1,1,0
5862,2025-08-05,Mobile,1,1,0,0,0
5863,2025-08-18,Mobile,1,1,1,1,1
5864,2025-06-18,Tablet,1,1,0,0,0
5865,2025-05-14,Desktop,1,1,0,0,0
5866,2025-06-26,Mobile,1,1,0,0,0
5867,2025-04-04,Desktop,1,1,1,1,0
5868,2025-12-23,Mobile,1,1,0,0,0
5869,2025-04-12,Desktop,1,1,1,0,0
5870,2025-12-21,Tablet,1,1,0,0,0
5871,2025-02-21,Desktop,1,1,1,1,1
5872,2025-05-09,Mobile,1,1,0,0,0
5873,2025-03-30,Mobile,1,1,0,0,0
5874,2025-01-13,Desktop,1,1,0,0,0
5875,2025-07-21,Mobile,1,0,0,0,0
5876,2025-05-22,Mobile,1,1,1,1,1
5877,2025-10-10,Desktop,1,0,0,0,0
5878,2025-11-09,Tablet,1,1,1,1,1
5879,2025-06-26,Mobile,1,1,1,1,1
5880,2025-01-07,Mobile,1,0,0,0,0
5881,2025-01-13,Mobile,1,1,0,0,0
5882,2025-12-07,Mobile,1,1,0,0,0
5883,2025-06-17,Desktop,1,1,1,0,0
5884,2025-05-13,Mobile,1,1,1,1,1
5885,2025-10-27,Mobile,1,1,0,0,0
5886,2025-10-09,Mobile,1,1,1,1,0
5887,2025-01-10,Mobile,1,1,0,0,0
5888,2025-08-24,Mobile,1,0,0,0,0
5889,2025-06-09,Mobile,1,0,0,0,0
5890,2025-11-25,Mobile,1,1,1,1,1
5891,2025-03-22,Desktop,1,0,0,0,0
5892,2025-01-13,Desktop,1,0,0,0,0
5893,2025-07-29,Desktop,1,1,0,0,0
5894,2025-09-28,Tablet,1,0,0,0,0
5895,2025-06-11,Mobile,1,1,1,1,0
5896,2025-12-07,Mobile,1,0,0,0,0
5897,2025-03-05,Mobile,1,1,1,0,0
5898,2025-01-19,Mobile,1,1,0,0,0
5899,2025-04-06,Mobile,1,1,0,0,0
5900,2025-03-31,Desktop,1,1,0,0,0
5901,2025-11-09,Mobile,1,0,0,0,0
5902,2025-02-21,Mobile,1,1,0,0,0
5903,2025-02-18,Mobile,1,1,0,0,0
5904,2025-06-24,Mobile,1,1,1,1,1
5905,2025-09-16,Mobile,1,0,0,0,0
5906,2025-06-08,Mobile,1,1,0,0,0
5907,2025-06-23,Mobile,1,1,1,1,0
5908,2025-11-30,Desktop,1,1,0,0,0
5909,2025-03-18,Mobile,1,1,1,0,0
5910,2025-03-12,Mobile,1,1,0,0,0
5911,2025-08-08,Desktop,1,0,0,0,0
5912,2025-01-27,Mobile,1,1,0,0,0
5913,2025-08-01,Mobile,1,1,0,0,0
5914,2025-10-20,Mobile,1,0,0,0,0
5915,2025-03-22,Mobile,1,1,1,1,0
5916,2025-08-27,Mobile,1,1,0,0,0
5917,2025-01-13,Tablet,1,1,1,1,1
5918,2025-03-12,Mobile,1,0,0,0,0
5919,2025-11-02,Desktop,1,1,0,0,0
5920,2025-10-09,Mobile,1,1,1,1,1
5921,2025-05-17,Mobile,1,1,0,0,0
5922,2025-01-12,Desktop,1,1,1,1,1
5923,2025-03-22,Mobile,1,1,1,0,0
5924,2025-11-06,Desktop,1,0,0,0,0
5925,2025-12-08,Mobile,1,1,1,1,0
5926,2025-10-28,Mobile,1,1,0,0,0
5927,2025-02-02,Mobile,1,1,1,1,1
5928,2025-08-13,Desktop,1,1,1,1,0
5929,2025-01-02,Desktop,1,1,0,0,0
5930,2025-05-01,Mobile,1,0,0,0,0
5931,2025-08-03,Desktop,1,1,1,1,1
5932,2025-11-30,Mobile,1,1,0,0,0
5933,2025-12-26,Mobile,1,1,1,0,0
5934,2025-06-08,Desktop,1,1,1,0,0
5935,2025-03-25,Mobile,1,1,0,0,0
5936,2025-01-28,Mobile,1,1,0,0,0
5937,2025-10-04,Desktop,1,1,0,0,0
5938,2025-01-14,Mobile,1,0,0,0,0
5939,2025-03-06,Mobile,1,0,0,0,0
5940,2025-10-03,Tablet,1,1,0,0,0
5941,2025-03-16,Desktop,1,1,0,0,0
5942,2025-09-04,Mobile,1,1,0,0,0
5943,2025-05-30,Mobile,1,0,0,0,0
5944,2025-10-09,Mobile,1,1,0,0,0
5945,2025-07-28,Mobile,1,1,0,0,0
5946,2025-12-07,Desktop,1,1,0,0,0
5947,2025-09-08,Mobile,1,0,0,0,0
5948,2025-08-17,Desktop,1,1,0,0,0
5949,2025-06-16,Mobile,1,0,0,0,0
5950,2025-01-19,Desktop,1,0,0,0,0
5951,2025-08-14,Mobile,1,1,0,0,0
5952,2025-06-18,Mobile,1,0,0,0,0
5953,2025-10-14,Mobile,1,1,1,0,0
5954,2025-07-18,Tablet,1,1,1,0,0
5955,2025-05-15,Mobile,1,1,0,0,0
5956,2025-02-22,Mobile,1,1,0,0,0
5957,2025-04-17,Mobile,1,1,0,0,0
5958,2025-12-25,Desktop,1,0,0,0,0
5959,2025-07-05,Mobile,1,1,1,1,1
5960,2025-09-05,Mobile,1,0,0,0,0
5961,2025-11-23,Desktop,1,1,0,0,0
5962,2025-04-20,Mobile,1,1,0,0,0
5963,2025-07-19,Mobile,1,1,1,0,0
5964,2025-10-08,Desktop,1,1,1,0,0
5965,2025-09-27,Mobile,1,0,0,0,0
5966,2025-12-07,Mobile,1,0,0,0,0
5967,2025-01-03,Mobile,1,1,1,1,0
5968,2025-04-04,Mobile,1,1,0,0,0
5969,2025-03-08,Mobile,1,1,1,1,1
5970,2025-01-31,Desktop,1,1,0,0,0
5971,2025-06-24,Mobile,1,1,0,0,0
5972,2025-03-10,Mobile,1,1,1,1,0
5973,2025-06-01,Mobile,1,1,0,0,0
5974,2025-05-06,Desktop,1,0,0,0,0
5975,2025-02-27,Desktop,1,1,0,0,0
5976,2025-11-20,Desktop,1,0,0,0,0
5977,2025-06-07,Mobile,1,0,0,0,0
5978,2025-06-15,Mobile,1,1,1,1,0
5979,2025-11-25,Mobile,1,1,0,0,0
5980,2025-02-07,Desktop,1,1,1,1,1
5981,2025-07-29,Desktop,1,1,1,0,0
5982,2025-07-11,Mobile,1,0,0,0,0
5983,2025-02-27,Mobile,1,1,0,0,0
5984,2025-12-08,Mobile,1,1,0,0,0
5985,2025-07-10,Mobile,1,1,1,1,1
5986,2025-09-19,Mobile,1,1,1,1,0
5987,2025-03-18,Mobile,1,1,0,0,0
5988,2025-04-29,Mobile,1,1,1,1,1
5989,2025-11-16,Mobile,1,1,0,0,0
5990,2025-07-10,Desktop,1,1,1,1,1
5991,2025-10-19,Mobile,1,1,0,0,0
5992,2025-02-15,Mobile,1,1,1,1,1
5993,2025-12-31,Mobile,1,1,1,1,0
5994,2025-08-11,Mobile,1,1,0,0,0
5995,2025-07-03,Mobile,1,1,0,0,0
5996,2025-12-16,Mobile,1,1,0,0,0
5997,2025-01-19,Desktop,1,0,0,0,0
5998,2025-11-25,Desktop,1,1,0,0,0
5999,2025-05-19,Mobile,1,1,0,0,0
6000,2025-07-20,Desktop,1,1,0,0,0
6001,2025-02-07,Mobile,1,1,0,0,0
6002,2025-03-07,Desktop,1,1,1,1,0
6003,2025-09-11,Desktop,1,1,1,0,0
6004,2025-07-28,Mobile,1,0,0,0,0
6005,2025-10-04,Desktop,1,1,0,0,0
6006,2025-08-31,Desktop,1,1,1,1,1
6007,2025-11-20,Mobile,1,1,1,0,0
6008,2025-05-01,Desktop,1,0,0,0,0
6009,2025-07-17,Mobile,1,1,0,0,0
6010,2025-02-14,Desktop,1,1,1,1,1
6011,2025-05-06,Mobile,1,0,0,0,0
6012,2025-08-27,Mobile,1,0,0,0,0
6013,2025-10-29,Mobile,1,0,0,0,0
6014,2025-08-02,Desktop,1,1,0,0,0
6015,2025-05-18,Mobile,1,1,0,0,0
6016,2025-09-27,Desktop,1,1,1,1,1
6017,2025-03-14,Mobile,1,1,0,0,0
6018,2025-05-24,Mobile,1,0,0,0,0
6019,2025-12-15,Tablet,1,1,0,0,0
6020,2025-06-21,Mobile,1,1,0,0,0
6021,2025-05-26,Desktop,1,1,0,0,0
6022,2025-07-23,Mobile,1,1,1,1,0
6023,2025-08-08,Mobile,1,1,1,0,0
6024,2025-01-08,Mobile,1,0,0,0,0
6025,2025-10-15,Desktop,1,1,1,0,0
6026,2025-09-10,Mobile,1,0,0,0,0
6027,2025-06-26,Desktop,1,1,1,1,1
6028,2025-02-03,Mobile,1,0,0,0,0
6029,2025-07-30,Mobile,1,1,1,1,1
6030,2025-03-30,Desktop,1,1,1,0,0
6031,2025-11-20,Desktop,1,0,0,0,0
6032,2025-04-05,Mobile,1,1,1,1,1
6033,2025-07-16,Mobile,1,1,0,0,0
6034,2025-03-05,Mobile,1,1,0,0,0
6035,2025-07-03,Mobile,1,0,0,0,0
6036,2025-01-09,Mobile,1,1,0,0,0
6037,2025-09-05,Mobile,1,1,1,0,0
6038,2025-04-27,Desktop,1,1,0,0,0
6039,2025-06-12,Mobile,1,1,0,0,0
6040,2025-10-14,Mobile,1,0,0,0,0
6041,2025-09-20,Desktop,1,1,0,0,0
6042,2025-02-27,Mobile,1,1,0,0,0
6043,2025-11-03,Desktop,1,0,0,0,0
6044,2025-01-14,Mobile,1,1,0,0,0
6045,2025-10-16,Mobile,1,1,0,0,0
6046,2025-07-18,Mobile,1,1,0,0,0
6047,2025-07-12,Desktop,1,0,0,0,0
6048,2025-07-03,Desktop,1,1,1,1,1
6049,2025-02-18,Mobile,1,0,0,0,0
6050,2025-11-22,Mobile,1,1,1,1,1
6051,2025-09-04,Desktop,1,1,0,0,0
6052,2025-01-17,Mobile,1,1,0,0,0
6053,2025-12-26,Tablet,1,0,0,0,0
6054,2025-11-01,Mobile,1,1,1,1,0
6055,2025-11-11,Mobile,1,0,0,0,0
6056,2025-03-29,Desktop,1,1,0,0,0
6057,2025-04-18,Desktop,1,1,0,0,0
6058,2025-11-30,Desktop,1,1,1,1,1
6059,2025-01-31,Mobile,1,0,0,0,0
6060,2025-07-06,Desktop,1,1,1,1,1
6061,2025-08-26,Mobile,1,0,0,0,0
6062,2025-04-20,Desktop,1,1,0,0,0
6063,2025-08-14,Mobile,1,1,0,0,0
6064,2025-11-22,Desktop,1,0,0,0,0
6065,2025-02-13,Mobile,1,0,0,0,0
6066,2025-03-20,Mobile,1,0,0,0,0
6067,2025-03-27,Desktop,1,1,0,0,0
6068,2025-07-21,Mobile,1,1,1,0,0
6069,2025-10-02,Mobile,1,0,0,0,0
6070,2025-09-20,Desktop,1,1,0,0,0
6071,2025-06-20,Mobile,1,1,1,1,1
6072,2025-12-19,Mobile,1,1,0,0,0
6073,2025-09-14,Mobile,1,1,0,0,0
6074,2025-06-24,Mobile,1,1,1,1,0
6075,2025-10-10,Mobile,1,1,1,1,1
6076,2025-12-17,Tablet,1,1,1,1,1
6077,2025-05-12,Desktop,1,0,0,0,0
6078,2025-05-14,Mobile,1,1,0,0,0
6079,2025-03-18,Desktop,1,1,0,0,0
6080,2025-01-25,Mobile,1,1,0,0,0
6081,2025-04-19,Mobile,1,1,0,0,0
6082,2025-04-16,Mobile,1,0,0,0,0
6083,2025-10-15,Mobile,1,0,0,0,0
6084,2025-01-10,Desktop,1,1,0,0,0
6085,2025-12-10,Tablet,1,1,1,1,0
6086,2025-08-17,Mobile,1,1,1,0,0
6087,2025-09-01,Mobile,1,0,0,0,0
6088,2025-12-19,Mobile,1,1,1,1,1
6089,2025-07-22,Mobile,1,1,1,1,0
6090,2025-07-04,Mobile,1,0,0,0,0
6091,2025-02-18,Mobile,1,1,0,0,0
6092,2025-03-01,Mobile,1,1,1,1,0
6093,2025-04-28,Mobile,1,1,1,0,0
6094,2025-10-12,Mobile,1,0,0,0,0
6095,2025-09-03,Desktop,1,1,0,0,0
6096,2025-11-12,Mobile,1,1,0,0,0
6097,2025-05-17,Mobile,1,1,0,0,0
6098,2025-07-02,Mobile,1,1,1,0,0
6099,2025-10-23,Mobile,1,0,0,0,0
6100,2025-02-28,Mobile,1,1,0,0,0
6101,2025-01-10,Mobile,1,1,1,1,1
6102,2025-01-19,Mobile,1,0,0,0,0
6103,2025-12-07,Mobile,1,1,1,1,0
6104,2025-07-29,Desktop,1,1,0,0,0
6105,2025-08-02,Tablet,1,1,1,1,1
6106,2025-10-26,Mobile,1,1,1,1,1
6107,2025-03-11,Mobile,1,1,1,1,0
6108,2025-01-07,Desktop,1,0,0,0,0
6109,2025-12-14,Mobile,1,0,0,0,0
6110,2025-01-15,Mobile,1,1,1,0,0
6111,2025-09-12,Mobile,1,1,0,0,0
6112,2025-07-01,Mobile,1,1,0,0,0
6113,2025-08-24,Desktop,1,0,0,0,0
6114,2025-03-11,Tablet,1,1,0,0,0
6115,2025-02-23,Tablet,1,0,0,0,0
6116,2025-09-29,Mobile,1,1,0,0,0
6117,2025-06-11,Mobile,1,0,0,0,0
6118,2025-07-05,Desktop,1,1,0,0,0
6119,2025-01-18,Mobile,1,1,1,0,0
6120,2025-06-04,Tablet,1,1,1,1,1
6121,2025-09-21,Desktop,1,1,1,1,1
6122,2025-07-22,Desktop,1,1,1,0,0
6123,2025-03-12,Mobile,1,1,0,0,0
6124,2025-02-08,Desktop,1,1,1,1,1
6125,2025-02-02,Mobile,1,1,0,0,0
6126,2025-06-10,Mobile,1,0,0,0,0
6127,2025-04-30,Mobile,1,0,0,0,0
6128,2025-12-27,Desktop,1,0,0,0,0
6129,2025-11-05,Mobile,1,1,0,0,0
6130,2025-10-21,Desktop,1,1,1,1,1
6131,2025-02-25,Desktop,1,1,0,0,0
6132,2025-02-14,Mobile,1,1,0,0,0
6133,2025-10-30,Desktop,1,1,0,0,0
6134,2025-01-18,Desktop,1,1,1,0,0
6135,2025-06-08,Mobile,1,1,0,0,0
6136,2025-11-28,Desktop,1,1,0,0,0
6137,2025-07-17,Mobile,1,1,0,0,0
6138,2025-07-09,Desktop,1,1,1,1,1
6139,2025-12-05,Mobile,1,1,0,0,0
6140,2025-11-04,Mobile,1,1,1,1,0
6141,2025-08-18,Mobile,1,0,0,0,0
6142,2025-05-24,Mobile,1,1,1,0,0
6143,2025-10-10,Mobile,1,1,1,1,1
6144,2025-04-10,Desktop,1,1,1,1,0
6145,2025-07-18,Desktop,1,0,0,0,0
6146,2025-07-17,Mobile,1,1,0,0,0
6147,2025-05-16,Desktop,1,1,0,0,0
6148,2025-05-06,Desktop,1,1,1,0,0
6149,2025-01-02,Mobile,1,1,1,1,0
6150,2025-01-19,Tablet,1,1,0,0,0
6151,2025-03-18,Desktop,1,0,0,0,0
6152,2025-11-12,Mobile,1,1,0,0,0
6153,2025-06-13,Mobile,1,1,0,0,0
6154,2025-04-17,Desktop,1,1,1,1,0
6155,2025-04-28,Desktop,1,1,0,0,0
6156,2025-01-30,Mobile,1,1,1,0,0
6157,2025-05-24,Tablet,1,0,0,0,0
6158,2025-03-07,Desktop,1,1,0,0,0
6159,2025-11-19,Mobile,1,1,0,0,0
6160,2025-03-10,Tablet,1,1,1,1,1
6161,2025-12-17,Desktop,1,1,0,0,0
6162,2025-07-10,Mobile,1,1,1,0,0
6163,2025-03-14,Mobile,1,0,0,0,0
6164,2025-06-30,Mobile,1,1,0,0,0
6165,2025-02-19,Desktop,1,0,0,0,0
6166,2025-05-26,Mobile,1,0,0,0,0
6167,2025-10-15,Mobile,1,1,1,1,1
6168,2025-05-17,Mobile,1,1,1,1,0
6169,2025-03-07,Mobile,1,1,1,1,1
6170,2025-10-30,Mobile,1,1,1,1,1
6171,2025-12-27,Tablet,1,1,0,0,0
6172,2025-04-01,Tablet,1,1,0,0,0
6173,2025-05-14,Mobile,1,1,1,0,0
6174,2025-06-23,Mobile,1,1,1,1,1
6175,2025-09-10,Mobile,1,1,1,1,1
6176,2025-03-20,Mobile,1,1,0,0,0
6177,2025-06-05,Desktop,1,1,0,0,0
6178,2025-03-03,Mobile,1,0,0,0,0
6179,2025-07-19,Mobile,1,1,0,0,0
6180,2025-02-10,Mobile,1,1,0,0,0
6181,2025-04-14,Desktop,1,1,1,0,0
6182,2025-07-25,Mobile,1,1,1,0,0
6183,2025-01-04,Mobile,1,1,0,0,0
6184,2025-09-29,Desktop,1,1,0,0,0
6185,2025-01-19,Mobile,1,1,0,0,0
6186,2025-02-02,Mobile,1,1,0,0,0
6187,2025-09-19,Mobile,1,1,1,0,0
6188,2025-10-26,Tablet,1,1,0,0,0
6189,2025-10-15,Mobile,1,1,0,0,0
6190,2025-10-21,Mobile,1,0,0,0,0
6191,2025-11-07,Mobile,1,1,0,0,0
6192,2025-01-21,Mobile,1,1,1,0,0
6193,2025-06-23,Desktop,1,1,0,0,0
6194,2025-03-27,Mobile,1,1,0,0,0
6195,2025-08-08,Mobile,1,1,0,0,0
6196,2025-01-15,Desktop,1,1,0,0,0
6197,2025-09-05,Desktop,1,1,0,0,0
6198,2025-04-03,Mobile,1,1,0,0,0
6199,2025-08-17,Mobile,1,1,1,0,0
6200,2025-06-13,Mobile,1,1,0,0,0
6201,2025-05-30,Mobile,1,1,1,1,1
6202,2025-03-24,Mobile,1,1,1,0,0
6203,2025-12-15,Desktop,1,1,1,0,0
6204,2025-07-29,Mobile,1,1,0,0,0
6205,2025-03-02,Mobile,1,1,0,0,0
6206,2025-03-17,Desktop,1,0,0,0,0
6207,2025-08-07,Desktop,1,1,1,1,1
6208,2025-04-24,Mobile,1,0,0,0,0
6209,2025-04-09,Tablet,1,1,0,0,0
6210,2025-08-13,Desktop,1,1,0,0,0
6211,2025-06-15,Tablet,1,1,1,1,1
6212,2025-10-17,Desktop,1,1,1,1,1
6213,2025-05-28,Mobile,1,1,0,0,0
6214,2025-12-08,Mobile,1,1,1,1,1
6215,2025-06-26,Mobile,1,0,0,0,0
6216,2025-01-24,Mobile,1,1,0,0,0
6217,2025-06-19,Mobile,1,1,1,1,1
6218,2025-08-30,Desktop,1,0,0,0,0
6219,2025-10-16,Tablet,1,1,1,1,1
6220,2025-06-30,Mobile,1,1,0,0,0
6221,2025-11-24,Mobile,1,0,0,0,0
6222,2025-12-02,Desktop,1,1,1,1,1
6223,2025-07-04,Mobile,1,1,1,1,1
6224,2025-05-17,Mobile,1,0,0,0,0
6225,2025-10-14,Mobile,1,0,0,0,0
6226,2025-02-16,Mobile,1,0,0,0,0
6227,2025-07-09,Desktop,1,1,0,0,0
6228,2025-05-12,Mobile,1,1,1,1,1
6229,2025-04-19,Mobile,1,0,0,0,0
6230,2025-06-23,Mobile,1,1,1,0,0
6231,2025-06-28,Mobile,1,1,0,0,0
6232,2025-08-15,Tablet,1,1,0,0,0
6233,2025-11-12,Mobile,1,0,0,0,0
6234,2025-05-13,Mobile,1,1,1,1,0
6235,2025-09-08,Mobile,1,0,0,0,0
6236,2025-11-07,Mobile,1,0,0,0,0
6237,2025-12-02,Mobile,1,1,1,1,1
6238,2025-02-14,Desktop,1,1,0,0,0
6239,2025-10-09,Mobile,1,1,0,0,0
6240,2025-08-13,Mobile,1,0,0,0,0
6241,2025-06-11,Desktop,1,1,1,1,0
6242,2025-01-15,Desktop,1,0,0,0,0
6243,2025-03-11,Mobile,1,1,0,0,0
6244,2025-05-24,Desktop,1,1,0,0,0
6245,2025-06-13,Desktop,1,1,1,1,0
6246,2025-04-02,Desktop,1,1,0,0,0
6247,2025-03-09,Mobile,1,0,0,0,0
6248,2025-03-25,Desktop,1,1,0,0,0
6249,2025-01-08,Mobile,1,1,0,0,0
6250,2025-11-02,Mobile,1,1,0,0,0
6251,2025-01-12,Desktop,1,1,1,1,1
6252,2025-03-19,Tablet,1,1,0,0,0
6253,2025-04-07,Desktop,1,1,1,1,1
6254,2025-11-01,Mobile,1,1,0,0,0
6255,2025-12-19,Mobile,1,1,0,0,0
6256,2025-06-10,Tablet,1,1,0,0,0
6257,2025-08-29,Mobile,1,1,0,0,0
6258,2025-07-13,Mobile,1,0,0,0,0
6259,2025-11-05,Desktop,1,0,0,0,0
6260,2025-10-24,Mobile,1,1,1,0,0
6261,2025-07-10,Mobile,1,1,1,1,1
6262,2025-01-26,Mobile,1,1,0,0,0
6263,2025-12-22,Mobile,1,1,0,0,0
6264,2025-02-13,Mobile,1,1,1,1,1
6265,2025-09-20,Mobile,1,1,1,0,0
6266,2025-10-08,Desktop,1,1,0,0,0
6267,2025-11-12,Mobile,1,1,1,1,0
6268,2025-12-31,Desktop,1,1,0,0,0
6269,2025-10-18,Mobile,1,0,0,0,0
6270,2025-09-18,Mobile,1,0,0,0,0
6271,2025-02-05,Mobile,1,1,0,0,0
6272,2025-10-10,Desktop,1,1,0,0,0
6273,2025-06-17,Desktop,1,1,1,1,1
6274,2025-08-02,Mobile,1,1,0,0,0
6275,2025-08-23,Mobile,1,1,1,1,0
6276,2025-02-02,Desktop,1,1,1,1,1
6277,2025-03-22,Mobile,1,1,0,0,0
6278,2025-04-13,Mobile,1,1,1,1,0
6279,2025-09-28,Mobile,1,1,0,0,0
6280,2025-02-04,Tablet,1,1,0,0,0
6281,2025-02-15,Mobile,1,1,0,0,0
6282,2025-11-16,Desktop,1,1,0,0,0
6283,2025-06-21,Desktop,1,0,0,0,0
6284,2025-12-21,Mobile,1,0,0,0,0
6285,2025-06-14,Mobile,1,1,0,0,0
6286,2025-02-27,Mobile,1,1,0,0,0
6287,2025-10-20,Mobile,1,1,0,0,0
6288,2025-03-18,Tablet,1,0,0,0,0
6289,2025-12-10,Desktop,1,1,0,0,0
6290,2025-09-25,Mobile,1,1,0,0,0
6291,2025-09-09,Mobile,1,1,0,0,0
6292,2025-07-12,Mobile,1,0,0,0,0
6293,2025-12-04,Desktop,1,1,1,0,0
6294,2025-04-19,Mobile,1,1,1,1,0
6295,2025-05-10,Tablet,1,1,1,1,0
6296,2025-08-20,Mobile,1,1,0,0,0
6297,2025-05-23,Mobile,1,0,0,0,0
6298,2025-09-28,Mobile,1,1,1,1,0
6299,2025-12-10,Desktop,1,1,0,0,0
6300,2025-10-30,Mobile,1,0,0,0,0
6301,2025-07-19,Mobile,1,0,0,0,0
6302,2025-06-26,Mobile,1,1,0,0,0
6303,2025-08-05,Mobile,1,1,0,0,0
6304,2025-04-30,Mobile,1,1,1,1,1
6305,2025-10-05,Desktop,1,1,1,1,1
6306,2025-04-25,Mobile,1,1,0,0,0
6307,2025-01-25,Mobile,1,1,0,0,0
6308,2025-09-15,Desktop,1,1,1,1,1
6309,2025-01-28,Desktop,1,1,0,0,0
6310,2025-12-15,Mobile,1,1,1,1,0
6311,2025-11-04,Tablet,1,1,0,0,0
6312,2025-11-16,Mobile,1,1,0,0,0
6313,2025-06-13,Tablet,1,1,0,0,0
6314,2025-12-12,Mobile,1,1,1,1,1
6315,2025-01-15,Desktop,1,1,0,0,0
6316,2025-11-29,Mobile,1,0,0,0,0
6317,2025-07-06,Mobile,1,1,0,0,0
6318,2025-01-28,Desktop,1,1,1,1,1
6319,2025-02-04,Mobile,1,1,1,1,0
6320,2025-04-01,Desktop,1,1,0,0,0
6321,2025-10-28,Desktop,1,1,0,0,0
6322,2025-01-01,Tablet,1,1,0,0,0
6323,2025-03-02,Mobile,1,0,0,0,0
6324,2025-05-28,Mobile,1,1,1,0,0
6325,2025-10-25,Mobile,1,1,0,0,0
6326,2025-03-17,Mobile,1,0,0,0,0
6327,2025-03-09,Tablet,1,1,0,0,0
6328,2025-09-13,Mobile,1,1,0,0,0
6329,2025-04-07,Tablet,1,1,1,1,1
6330,2025-10-08,Mobile,1,0,0,0,0
6331,2025-01-09,Mobile,1,1,0,0,0
6332,2025-07-05,Mobile,1,1,0,0,0
6333,2025-08-15,Desktop,1,1,0,0,0
6334,2025-11-01,Mobile,1,1,0,0,0
6335,2025-08-21,Mobile,1,1,0,0,0
6336,2025-06-04,Desktop,1,1,1,1,1
6337,2025-08-03,Mobile,1,1,0,0,0
6338,2025-12-23,Mobile,1,0,0,0,0
6339,2025-06-09,Desktop,1,1,0,0,0
6340,2025-09-13,Desktop,1,1,1,1,1
6341,2025-07-10,Mobile,1,1,1,1,0
6342,2025-03-17,Desktop,1,1,1,1,1
6343,2025-06-20,Mobile,1,1,0,0,0
6344,2025-04-04,Desktop,1,1,0,0,0
6345,2025-07-07,Desktop,1,0,0,0,0
6346,2025-10-31,Mobile,1,1,0,0,0
6347,2025-12-16,Mobile,1,1,0,0,0
6348,2025-08-02,Tablet,1,1,1,1,0
6349,2025-08-11,Mobile,1,1,1,1,1
6350,2025-05-20,Mobile,1,0,0,0,0
6351,2025-09-28,Mobile,1,1,0,0,0
6352,2025-02-07,Mobile,1,1,0,0,0
6353,2025-08-11,Mobile,1,1,0,0,0
6354,2025-07-06,Desktop,1,1,0,0,0
6355,2025-04-28,Tablet,1,1,1,1,1
6356,2025-05-18,Mobile,1,1,0,0,0
6357,2025-07-08,Mobile,1,1,0,0,0
6358,2025-06-04,Mobile,1,1,1,1,1
6359,2025-10-15,Mobile,1,1,0,0,0
6360,2025-03-26,Desktop,1,0,0,0,0
6361,2025-09-14,Desktop,1,1,0,0,0
6362,2025-08-14,Desktop,1,0,0,0,0
6363,2025-05-21,Mobile,1,1,0,0,0
6364,2025-07-21,Mobile,1,1,0,0,0
6365,2025-05-28,Desktop,1,1,0,0,0
6366,2025-06-02,Mobile,1,1,0,0,0
6367,2025-06-01,Mobile,1,0,0,0,0
6368,2025-10-23,Desktop,1,0,0,0,0
6369,2025-12-10,Mobile,1,1,1,1,1
6370,2025-10-22,Desktop,1,1,0,0,0
6371,2025-01-01,Mobile,1,1,0,0,0
6372,2025-03-27,Mobile,1,0,0,0,0
6373,2025-07-31,Tablet,1,1,0,0,0
6374,2025-08-08,Tablet,1,0,0,0,0
6375,2025-03-09,Mobile,1,1,0,0,0
6376,2025-03-06,Desktop,1,1,0,0,0
6377,2025-05-04,Mobile,1,1,0,0,0
6378,2025-10-29,Mobile,1,1,1,1,0
6379,2025-06-04,Mobile,1,0,0,0,0
6380,2025-04-30,Desktop,1,1,0,0,0
6381,2025-11-09,Tablet,1,0,0,0,0
6382,2025-09-01,Mobile,1,1,1,1,0
6383,2025-08-20,Mobile,1,1,1,1,0
6384,2025-04-18,Mobile,1,1,0,0,0
6385,2025-04-30,Mobile,1,0,0,0,0
6386,2025-10-02,Mobile,1,1,0,0,0
6387,2025-03-03,Mobile,1,0,0,0,0
6388,2025-12-07,Mobile,1,1,0,0,0
6389,2025-04-11,Desktop,1,1,0,0,0
6390,2025-04-23,Mobile,1,1,0,0,0
6391,2025-01-08,Tablet,1,1,0,0,0
6392,2025-09-03,Desktop,1,0,0,0,0
6393,2025-11-30,Mobile,1,0,0,0,0
6394,2025-06-20,Mobile,1,1,1,1,1
6395,2025-06-07,Desktop,1,0,0,0,0
6396,2025-11-16,Mobile,1,1,1,1,0
6397,2025-06-15,Mobile,1,1,0,0,0
6398,2025-08-28,Desktop,1,1,0,0,0
6399,2025-06-03,Mobile,1,0,0,0,0
6400,2025-04-11,Desktop,1,1,0,0,0
6401,2025-05-19,Mobile,1,1,0,0,0
6402,2025-02-02,Mobile,1,0,0,0,0
6403,2025-04-20,Desktop,1,0,0,0,0
6404,2025-01-29,Desktop,1,1,0,0,0
6405,2025-10-24,Desktop,1,0,0,0,0
6406,2025-12-26,Mobile,1,1,0,0,0
6407,2025-03-23,Desktop,1,1,1,1,1
6408,2025-11-29,Desktop,1,1,1,1,0
6409,2025-11-01,Mobile,1,0,0,0,0
6410,2025-09-18,Tablet,1,0,0,0,0
6411,2025-09-01,Desktop,1,0,0,0,0
6412,2025-03-27,Mobile,1,1,0,0,0
6413,2025-03-18,Desktop,1,1,0,0,0
6414,2025-06-29,Desktop,1,1,0,0,0
6415,2025-09-10,Mobile,1,1,1,1,0
6416,2025-03-12,Mobile,1,1,0,0,0
6417,2025-07-22,Mobile,1,0,0,0,0
6418,2025-03-31,Mobile,1,1,1,1,0
6419,2025-01-07,Tablet,1,1,0,0,0
6420,2025-03-10,Mobile,1,0,0,0,0
6421,2025-03-19,Desktop,1,1,0,0,0
6422,2025-11-20,Desktop,1,1,0,0,0
6423,2025-09-12,Mobile,1,1,0,0,0
6424,2025-12-31,Mobile,1,1,0,0,0
6425,2025-08-29,Mobile,1,1,1,1,1
6426,2025-12-21,Desktop,1,1,0,0,0
6427,2025-08-30,Mobile,1,0,0,0,0
6428,2025-01-27,Tablet,1,0,0,0,0
6429,2025-08-30,Mobile,1,1,1,1,1
6430,2025-06-07,Mobile,1,1,0,0,0
6431,2025-07-03,Mobile,1,1,1,1,1
6432,2025-01-18,Mobile,1,1,0,0,0
6433,2025-06-26,Desktop,1,1,1,0,0
6434,2025-08-27,Desktop,1,0,0,0,0
6435,2025-06-18,Mobile,1,1,0,0,0
6436,2025-01-28,Mobile,1,1,0,0,0
6437,2025-03-30,Desktop,1,0,0,0,0
6438,2025-04-29,Mobile,1,1,0,0,0
6439,2025-05-05,Desktop,1,1,0,0,0
6440,2025-12-04,Tablet,1,1,0,0,0
6441,2025-07-21,Mobile,1,1,0,0,0
6442,2025-10-11,Desktop,1,1,1,1,0
6443,2025-09-26,Desktop,1,1,1,1,0
6444,2025-11-13,Desktop,1,1,1,0,0
6445,2025-06-17,Mobile,1,0,0,0,0
6446,2025-02-20,Desktop,1,0,0,0,0
6447,2025-01-15,Mobile,1,1,1,1,0
6448,2025-09-06,Desktop,1,1,1,1,1
6449,2025-04-29,Desktop,1,1,1,1,0
6450,2025-11-07,Mobile,1,1,1,1,1
6451,2025-09-01,Mobile,1,1,0,0,0
6452,2025-08-22,Mobile,1,1,1,0,0
6453,2025-11-27,Desktop,1,1,0,0,0
6454,2025-12-26,Desktop,1,1,0,0,0
6455,2025-01-25,Mobile,1,1,1,1,0
6456,2025-01-16,Desktop,1,1,0,0,0
6457,2025-03-05,Desktop,1,1,0,0,0
6458,2025-02-18,Desktop,1,0,0,0,0
6459,2025-09-09,Mobile,1,1,0,0,0
6460,2025-09-12,Tablet,1,1,1,0,0
6461,2025-08-09,Mobile,1,0,0,0,0
6462,2025-07-22,Mobile,1,0,0,0,0
6463,2025-06-17,Desktop,1,1,1,0,0
6464,2025-12-07,Mobile,1,1,1,1,1
6465,2025-10-27,Mobile,1,1,0,0,0
6466,2025-01-08,Desktop,1,1,1,1,1
6467,2025-03-29,Mobile,1,0,0,0,0
6468,2025-05-12,Mobile,1,1,0,0,0
6469,2025-10-02,Mobile,1,1,0,0,0
6470,2025-10-07,Desktop,1,0,0,0,0
6471,2025-11-08,Mobile,1,0,0,0,0
6472,2025-12-21,Desktop,1,1,1,1,1
6473,2025-04-14,Mobile,1,1,0,0,0
6474,2025-04-06,Mobile,1,1,0,0,0
6475,2025-01-12,Mobile,1,1,0,0,0
6476,2025-10-28,Mobile,1,1,0,0,0
6477,2025-12-28,Mobile,1,1,1,0,0
6478,2025-11-02,Desktop,1,1,0,0,0
6479,2025-06-13,Tablet,1,0,0,0,0
6480,2025-08-17,Mobile,1,1,0,0,0
6481,2025-12-11,Mobile,1,1,0,0,0
6482,2025-07-31,Mobile,1,1,0,0,0
6483,2025-07-17,Mobile,1,1,1,0,0
6484,2025-12-07,Desktop,1,0,0,0,0
6485,2025-01-01,Mobile,1,1,0,0,0
6486,2025-11-26,Desktop,1,1,1,1,1
6487,2025-10-09,Desktop,1,1,0,0,0
6488,2025-12-04,Mobile,1,1,1,1,1
6489,2025-03-01,Mobile,1,1,0,0,0
6490,2025-02-04,Mobile,1,1,0,0,0
6491,2025-09-10,Mobile,1,1,1,1,0
6492,2025-02-14,Desktop,1,1,1,0,0
6493,2025-12-29,Desktop,1,1,1,0,0
6494,2025-10-11,Tablet,1,0,0,0,0
6495,2025-10-17,Mobile,1,1,0,0,0
6496,2025-10-27,Tablet,1,0,0,0,0
6497,2025-01-12,Tablet,1,1,0,0,0
6498,2025-02-10,Mobile,1,0,0,0,0
6499,2025-09-16,Desktop,1,1,0,0,0
6500,2025-08-30,Mobile,1,0,0,0,0
6501,2025-04-27,Mobile,1,1,0,0,0
6502,2025-08-11,Desktop,1,1,1,0,0
6503,2025-12-15,Mobile,1,1,0,0,0
6504,2025-06-26,Desktop,1,1,1,1,1
6505,2025-01-10,Mobile,1,1,1,1,0
6506,2025-09-06,Tablet,1,1,0,0,0
6507,2025-11-01,Desktop,1,1,1,1,1
6508,2025-11-11,Mobile,1,1,0,0,0
6509,2025-09-15,Tablet,1,1,0,0,0
6510,2025-02-05,Mobile,1,1,0,0,0
6511,2025-07-09,Desktop,1,1,1,1,1
6512,2025-08-22,Desktop,1,1,0,0,0
6513,2025-03-20,Mobile,1,1,0,0,0
6514,2025-02-16,Desktop,1,1,0,0,0
6515,2025-03-28,Desktop,1,1,1,1,1
6516,2025-07-08,Mobile,1,1,1,1,0
6517,2025-08-09,Mobile,1,1,1,0,0
6518,2025-01-12,Mobile,1,1,0,0,0
6519,2025-02-10,Mobile,1,1,0,0,0
6520,2025-01-21,Mobile,1,1,0,0,0
6521,2025-02-05,Desktop,1,1,1,0,0
6522,2025-06-05,Tablet,1,1,0,0,0
6523,2025-06-22,Tablet,1,1,1,1,1
6524,2025-04-29,Tablet,1,1,0,0,0
6525,2025-08-29,Mobile,1,1,0,0,0
6526,2025-06-04,Mobile,1,1,0,0,0
6527,2025-04-29,Desktop,1,1,0,0,0
6528,2025-11-05,Mobile,1,1,0,0,0
6529,2025-01-29,Mobile,1,1,0,0,0
6530,2025-02-28,Mobile,1,0,0,0,0
6531,2025-05-10,Mobile,1,0,0,0,0
6532,2025-02-24,Desktop,1,1,1,1,1
6533,2025-02-23,Mobile,1,1,1,0,0
6534,2025-08-27,Mobile,1,1,0,0,0
6535,2025-06-18,Mobile,1,0,0,0,0
6536,2025-03-13,Mobile,1,1,0,0,0
6537,2025-10-19,Mobile,1,0,0,0,0
6538,2025-07-06,Mobile,1,1,0,0,0
6539,2025-07-16,Desktop,1,1,0,0,0
6540,2025-06-21,Mobile,1,1,1,1,0
6541,2025-02-02,Mobile,1,1,1,0,0
6542,2025-02-11,Desktop,1,0,0,0,0
6543,2025-01-25,Mobile,1,1,1,1,1
6544,2025-04-15,Mobile,1,1,0,0,0
6545,2025-06-10,Desktop,1,1,0,0,0
6546,2025-05-05,Mobile,1,1,1,1,1
6547,2025-03-08,Mobile,1,1,1,0,0
6548,2025-09-03,Mobile,1,1,0,0,0
6549,2025-03-23,Mobile,1,1,0,0,0
6550,2025-07-22,Desktop,1,1,0,0,0
6551,2025-01-17,Mobile,1,1,0,0,0
6552,2025-08-05,Desktop,1,1,1,0,0
6553,2025-04-14,Desktop,1,1,0,0,0
6554,2025-08-03,Desktop,1,1,0,0,0
6555,2025-05-26,Desktop,1,0,0,0,0
6556,2025-05-06,Desktop,1,1,1,1,0
6557,2025-11-13,Mobile,1,1,1,1,0
6558,2025-06-12,Desktop,1,1,1,1,1
6559,2025-03-28,Mobile,1,1,0,0,0
6560,2025-11-16,Desktop,1,1,1,1,0
6561,2025-10-16,Desktop,1,1,0,0,0
6562,2025-01-02,Mobile,1,1,0,0,0
6563,2025-03-30,Mobile,1,1,0,0,0
6564,2025-01-09,Tablet,1,1,0,0,0
6565,2025-05-23,Desktop,1,1,0,0,0
6566,2025-12-09,Mobile,1,1,0,0,0
6567,2025-09-10,Mobile,1,1,0,0,0
6568,2025-04-06,Mobile,1,0,0,0,0
6569,2025-03-02,Desktop,1,1,1,0,0
6570,2025-10-03,Mobile,1,0,0,0,0
6571,2025-08-15,Mobile,1,1,0,0,0
6572,2025-10-06,Desktop,1,0,0,0,0
6573,2025-01-05,Desktop,1,0,0,0,0
6574,2025-04-22,Mobile,1,1,0,0,0
6575,2025-01-19,Mobile,1,1,1,0,0
6576,2025-09-29,Desktop,1,0,0,0,0
6577,2025-02-23,Mobile,1,1,0,0,0
6578,2025-11-26,Tablet,1,1,0,0,0
6579,2025-10-26,Desktop,1,0,0,0,0
6580,2025-05-31,Mobile,1,1,0,0,0
6581,2025-05-01,Tablet,1,1,0,0,0
6582,2025-02-19,Mobile,1,0,0,0,0
6583,2025-01-17,Desktop,1,1,1,1,1
6584,2025-05-15,Tablet,1,1,0,0,0
6585,2025-07-12,Tablet,1,0,0,0,0
6586,2025-05-02,Mobile,1,0,0,0,0
6587,2025-10-06,Desktop,1,1,1,1,0
6588,2025-01-18,Mobile,1,1,0,0,0
6589,2025-06-16,Desktop,1,1,0,0,0
6590,2025-12-18,Mobile,1,1,0,0,0
6591,2025-03-27,Mobile,1,0,0,0,0
6592,2025-10-15,Tablet,1,1,0,0,0
6593,2025-03-30,Mobile,1,0,0,0,0
6594,2025-05-30,Desktop,1,1,0,0,0
6595,2025-11-22,Mobile,1,1,0,0,0
6596,2025-08-23,Mobile,1,1,1,1,1
6597,2025-02-25,Desktop,1,0,0,0,0
6598,2025-07-16,Tablet,1,0,0,0,0
6599,2025-10-16,Desktop,1,0,0,0,0
6600,2025-07-29,Desktop,1,1,1,0,0
6601,2025-10-23,Mobile,1,1,0,0,0
6602,2025-02-10,Mobile,1,0,0,0,0
6603,2025-08-13,Mobile,1,1,0,0,0
6604,2025-12-29,Desktop,1,1,0,0,0
6605,2025-03-09,Mobile,1,1,0,0,0
6606,2025-01-13,Mobile,1,1,1,0,0
6607,2025-08-25,Mobile,1,1,1,1,1
6608,2025-03-19,Desktop,1,1,1,1,1
6609,2025-08-12,Mobile,1,1,0,0,0
6610,2025-10-07,Desktop,1,0,0,0,0
6611,2025-12-22,Desktop,1,1,0,0,0
6612,2025-09-19,Mobile,1,0,0,0,0
6613,2025-07-19,Mobile,1,1,0,0,0
6614,2025-04-08,Mobile,1,1,1,1,0
6615,2025-10-22,Desktop,1,1,1,0,0
6616,2025-05-03,Tablet,1,1,0,0,0
6617,2025-12-02,Tablet,1,0,0,0,0
6618,2025-04-22,Desktop,1,1,1,0,0
6619,2025-03-26,Mobile,1,0,0,0,0
6620,2025-02-06,Mobile,1,0,0,0,0
6621,2025-03-31,Mobile,1,1,1,1,1
6622,2025-08-21,Mobile,1,1,1,1,1
6623,2025-02-21,Mobile,1,1,0,0,0
6624,2025-10-14,Desktop,1,1,0,0,0
6625,2025-10-31,Mobile,1,1,0,0,0
6626,2025-12-18,Mobile,1,0,0,0,0
6627,2025-04-15,Mobile,1,1,1,1,1
6628,2025-12-03,Mobile,1,1,0,0,0
6629,2025-01-20,Desktop,1,1,1,1,1
6630,2025-08-31,Desktop,1,1,0,0,0
6631,2025-10-09,Mobile,1,1,1,0,0
6632,2025-02-13,Mobile,1,0,0,0,0
6633,2025-02-26,Mobile,1,1,0,0,0
6634,2025-06-25,Mobile,1,0,0,0,0
6635,2025-02-19,Mobile,1,0,0,0,0
6636,2025-03-13,Mobile,1,1,1,1,1
6637,2025-05-16,Desktop,1,1,0,0,0
6638,2025-08-16,Desktop,1,1,1,1,1
6639,2025-03-07,Desktop,1,1,0,0,0
6640,2025-01-28,Mobile,1,1,0,0,0
6641,2025-08-05,Desktop,1,1,1,1,0
6642,2025-11-29,Mobile,1,1,1,1,0
6643,2025-07-24,Desktop,1,1,1,0,0
6644,2025-08-27,Mobile,1,1,0,0,0
6645,2025-07-15,Desktop,1,0,0,0,0
6646,2025-12-25,Mobile,1,0,0,0,0
6647,2025-11-24,Desktop,1,1,1,1,0
6648,2025-10-17,Mobile,1,1,1,1,1
6649,2025-12-11,Mobile,1,0,0,0,0
6650,2025-07-23,Desktop,1,0,0,0,0
6651,2025-09-17,Desktop,1,1,0,0,0
6652,2025-04-02,Mobile,1,0,0,0,0
6653,2025-05-15,Desktop,1,0,0,0,0
6654,2025-12-25,Desktop,1,1,0,0,0
6655,2025-03-06,Mobile,1,1,1,0,0
6656,2025-01-26,Mobile,1,0,0,0,0
6657,2025-05-21,Mobile,1,0,0,0,0
6658,2025-07-24,Mobile,1,0,0,0,0
6659,2025-10-21,Mobile,1,1,1,1,0
6660,2025-03-16,Mobile,1,1,0,0,0
6661,2025-11-23,Mobile,1,1,0,0,0
6662,2025-07-05,Desktop,1,1,1,1,1
6663,2025-06-10,Desktop,1,0,0,0,0
6664,2025-07-18,Tablet,1,1,0,0,0
6665,2025-03-25,Mobile,1,1,1,1,0
6666,2025-10-08,Desktop,1,1,0,0,0
6667,2025-11-06,Mobile,1,1,0,0,0
6668,2025-10-21,Desktop,1,1,0,0,0
6669,2025-11-14,Mobile,1,1,1,0,0
6670,2025-05-08,Tablet,1,1,1,1,1
6671,2025-01-24,Desktop,1,1,1,1,1
6672,2025-03-16,Tablet,1,0,0,0,0
6673,2025-07-05,Mobile,1,1,0,0,0
6674,2025-04-27,Tablet,1,1,1,1,0
6675,2025-08-31,Desktop,1,1,0,0,0
6676,2025-12-13,Mobile,1,0,0,0,0
6677,2025-02-03,Mobile,1,1,1,1,0
6678,2025-06-24,Mobile,1,0,0,0,0
6679,2025-07-08,Desktop,1,0,0,0,0
6680,2025-09-08,Mobile,1,1,0,0,0
6681,2025-02-25,Desktop,1,1,1,0,0
6682,2025-08-18,Tablet,1,1,0,0,0
6683,2025-10-24,Mobile,1,1,1,1,0
6684,2025-07-30,Mobile,1,0,0,0,0
6685,2025-07-23,Mobile,1,0,0,0,0
6686,2025-03-19,Desktop,1,0,0,0,0
6687,2025-09-08,Mobile,1,1,1,1,1
6688,2025-07-25,Mobile,1,1,1,1,1
6689,2025-10-29,Desktop,1,0,0,0,0
6690,2025-03-29,Mobile,1,0,0,0,0
6691,2025-07-17,Desktop,1,1,0,0,0
6692,2025-07-05,Mobile,1,1,0,0,0
6693,2025-12-10,Mobile,1,0,0,0,0
6694,2025-02-12,Mobile,1,1,0,0,0
6695,2025-12-22,Mobile,1,1,0,0,0
6696,2025-05-22,Desktop,1,1,0,0,0
6697,2025-10-22,Mobile,1,0,0,0,0
6698,2025-01-12,Mobile,1,1,0,0,0
6699,2025-10-19,Mobile,1,0,0,0,0
6700,2025-10-01,Tablet,1,0,0,0,0
6701,2025-09-20,Desktop,1,0,0,0,0
6702,2025-12-11,Desktop,1,1,0,0,0
6703,2025-06-05,Mobile,1,1,1,0,0
6704,2025-04-17,Mobile,1,1,1,1,1
6705,2025-03-27,Mobile,1,1,1,1,1
6706,2025-06-14,Mobile,1,0,0,0,0
6707,2025-10-16,Desktop,1,0,0,0,0
6708,2025-09-25,Mobile,1,0,0,0,0
6709,2025-06-10,Tablet,1,0,0,0,0
6710,2025-11-05,Mobile,1,1,0,0,0
6711,2025-01-07,Desktop,1,0,0,0,0
6712,2025-10-26,Desktop,1,1,1,1,1
6713,2025-05-21,Mobile,1,1,0,0,0
6714,2025-09-07,Mobile,1,1,0,0,0
6715,2025-12-30,Desktop,1,1,1,1,1
6716,2025-11-07,Desktop,1,0,0,0,0
6717,2025-05-23,Mobile,1,1,0,0,0
6718,2025-10-09,Desktop,1,1,0,0,0
6719,2025-11-09,Desktop,1,1,0,0,0
6720,2025-08-31,Desktop,1,0,0,0,0
6721,2025-06-13,Desktop,1,1,1,1,1
6722,2025-04-01,Desktop,1,1,0,0,0
6723,2025-11-24,Mobile,1,1,0,0,0
6724,2025-02-22,Mobile,1,1,1,1,0
6725,2025-11-04,Mobile,1,1,0,0,0
6726,2025-01-28,Desktop,1,1,0,0,0
6727,2025-07-04,Desktop,1,1,0,0,0
6728,2025-07-11,Mobile,1,1,1,1,1
6729,2025-02-28,Mobile,1,0,0,0,0
6730,2025-09-15,Desktop,1,0,0,0,0
6731,2025-05-19,Desktop,1,1,0,0,0
6732,2025-07-22,Mobile,1,1,0,0,0
6733,2025-02-19,Mobile,1,1,0,0,0
6734,2025-04-27,Mobile,1,0,0,0,0
6735,2025-03-05,Desktop,1,1,0,0,0
6736,2025-02-23,Desktop,1,1,1,1,1
6737,2025-05-18,Mobile,1,0,0,0,0
6738,2025-03-02,Desktop,1,0,0,0,0
6739,2025-11-23,Mobile,1,1,0,0,0
6740,2025-06-26,Desktop,1,1,0,0,0
6741,2025-06-14,Tablet,1,1,1,1,0
6742,2025-08-29,Mobile,1,1,1,1,1
6743,2025-12-17,Mobile,1,1,1,0,0
6744,2025-05-18,Mobile,1,0,0,0,0
6745,2025-09-25,Tablet,1,0,0,0,0
6746,2025-01-31,Mobile,1,0,0,0,0
6747,2025-11-24,Mobile,1,1,1,1,1
6748,2025-09-06,Tablet,1,1,0,0,0
6749,2025-12-16,Mobile,1,1,1,1,1
6750,2025-08-14,Tablet,1,1,0,0,0
6751,2025-10-19,Mobile,1,1,0,0,0
6752,2025-09-03,Desktop,1,1,1,1,1
6753,2025-06-10,Desktop,1,0,0,0,0
6754,2025-08-30,Mobile,1,1,0,0,0
6755,2025-09-09,Mobile,1,1,0,0,0
6756,2025-04-14,Mobile,1,1,0,0,0
6757,2025-02-14,Mobile,1,1,0,0,0
6758,2025-08-11,Mobile,1,0,0,0,0
6759,2025-06-18,Mobile,1,1,1,0,0
6760,2025-11-16,Mobile,1,1,1,1,0
6761,2025-05-03,Mobile,1,1,0,0,0
6762,2025-01-13,Desktop,1,1,1,0,0
6763,2025-12-04,Mobile,1,1,0,0,0
6764,2025-11-22,Mobile,1,1,1,0,0
6765,2025-07-13,Mobile,1,0,0,0,0
6766,2025-10-20,Desktop,1,0,0,0,0
6767,2025-09-26,Desktop,1,1,0,0,0
6768,2025-09-09,Desktop,1,1,0,0,0
6769,2025-02-07,Mobile,1,1,0,0,0
6770,2025-09-01,Desktop,1,1,1,1,1
6771,2025-09-15,Desktop,1,1,0,0,0
6772,2025-01-20,Mobile,1,1,0,0,0
6773,2025-10-08,Mobile,1,1,1,1,1
6774,2025-03-02,Desktop,1,1,0,0,0
6775,2025-08-07,Mobile,1,1,0,0,0
6776,2025-08-30,Mobile,1,1,1,1,1
6777,2025-04-18,Tablet,1,0,0,0,0
6778,2025-01-05,Desktop,1,1,0,0,0
6779,2025-01-31,Mobile,1,1,0,0,0
6780,2025-10-15,Mobile,1,1,0,0,0
6781,2025-03-10,Mobile,1,1,1,1,1
6782,2025-09-13,Mobile,1,1,1,1,0
6783,2025-07-30,Mobile,1,1,0,0,0
6784,2025-01-15,Mobile,1,0,0,0,0
6785,2025-08-20,Mobile,1,0,0,0,0
6786,2025-09-13,Mobile,1,1,0,0,0
6787,2025-12-09,Desktop,1,0,0,0,0
6788,2025-01-18,Desktop,1,1,0,0,0
6789,2025-06-09,Tablet,1,0,0,0,0
6790,2025-10-17,Mobile,1,1,1,1,0
6791,2025-07-26,Mobile,1,0,0,0,0
6792,2025-07-31,Tablet,1,1,0,0,0
6793,2025-07-07,Desktop,1,1,1,1,0
6794,2025-02-19,Desktop,1,1,1,0,0
6795,2025-05-25,Mobile,1,0,0,0,0
6796,2025-07-21,Mobile,1,1,0,0,0
6797,2025-01-06,Desktop,1,1,0,0,0
6798,2025-04-12,Mobile,1,1,0,0,0
6799,2025-02-09,Mobile,1,1,0,0,0
6800,2025-05-11,Tablet,1,1,1,1,0
6801,2025-03-18,Mobile,1,1,0,0,0
6802,2025-08-02,Tablet,1,1,1,1,0
6803,2025-12-24,Mobile,1,1,1,1,1
6804,2025-04-29,Mobile,1,1,0,0,0
6805,2025-08-26,Desktop,1,0,0,0,0
6806,2025-05-12,Mobile,1,1,0,0,0
6807,2025-01-17,Tablet,1,1,1,0,0
6808,2025-05-27,Tablet,1,1,0,0,0
6809,2025-02-13,Mobile,1,0,0,0,0
6810,2025-01-11,Mobile,1,1,0,0,0
6811,2025-12-15,Mobile,1,1,0,0,0
6812,2025-02-22,Mobile,1,1,0,0,0
6813,2025-08-05,Mobile,1,1,1,0,0
6814,2025-09-21,Mobile,1,1,0,0,0
6815,2025-07-24,Mobile,1,1,1,0,0
6816,2025-05-20,Desktop,1,0,0,0,0
6817,2025-06-30,Tablet,1,1,1,1,1
6818,2025-07-29,Desktop,1,0,0,0,0
6819,2025-10-26,Mobile,1,1,1,1,0
6820,2025-07-24,Desktop,1,1,0,0,0
6821,2025-06-06,Mobile,1,0,0,0,0
6822,2025-06-17,Desktop,1,1,0,0,0
6823,2025-05-05,Mobile,1,0,0,0,0
6824,2025-03-14,Mobile,1,1,0,0,0
6825,2025-11-28,Mobile,1,0,0,0,0
6826,2025-10-17,Mobile,1,0,0,0,0
6827,2025-11-07,Mobile,1,1,0,0,0
6828,2025-11-19,Mobile,1,1,0,0,0
6829,2025-03-03,Desktop,1,1,1,1,1
6830,2025-10-18,Mobile,1,1,0,0,0
6831,2025-10-01,Mobile,1,0,0,0,0
6832,2025-07-02,Mobile,1,0,0,0,0
6833,2025-04-08,Mobile,1,0,0,0,0
6834,2025-09-10,Mobile,1,1,0,0,0
6835,2025-11-10,Mobile,1,1,1,1,0
6836,2025-01-02,Desktop,1,0,0,0,0
6837,2025-07-29,Mobile,1,0,0,0,0
6838,2025-06-05,Mobile,1,0,0,0,0
6839,2025-02-26,Desktop,1,1,0,0,0
6840,2025-09-28,Mobile,1,1,1,1,0
6841,2025-09-22,Mobile,1,1,0,0,0
6842,2025-04-01,Mobile,1,1,0,0,0
6843,2025-09-29,Mobile,1,1,0,0,0
6844,2025-12-31,Mobile,1,1,1,1,1
6845,2025-10-31,Mobile,1,1,1,1,0
6846,2025-10-10,Mobile,1,1,0,0,0
6847,2025-10-04,Mobile,1,1,0,0,0
6848,2025-01-25,Desktop,1,1,1,1,1
6849,2025-11-11,Desktop,1,0,0,0,0
6850,2025-06-16,Desktop,1,1,0,0,0
6851,2025-08-12,Desktop,1,0,0,0,0
6852,2025-07-27,Desktop,1,1,0,0,0
6853,2025-06-25,Desktop,1,1,1,0,0
6854,2025-11-18,Desktop,1,1,0,0,0
6855,2025-12-10,Mobile,1,1,1,1,0
6856,2025-04-16,Mobile,1,1,0,0,0
6857,2025-10-02,Mobile,1,1,1,1,1
6858,2025-02-09,Desktop,1,1,0,0,0
6859,2025-12-12,Tablet,1,0,0,0,0
6860,2025-10-28,Mobile,1,0,0,0,0
6861,2025-11-28,Mobile,1,1,0,0,0
6862,2025-06-30,Desktop,1,1,0,0,0
6863,2025-04-10,Mobile,1,0,0,0,0
6864,2025-01-29,Desktop,1,0,0,0,0
6865,2025-11-25,Mobile,1,1,0,0,0
6866,2025-05-13,Mobile,1,1,1,1,1
6867,2025-11-16,Desktop,1,1,1,0,0
6868,2025-09-28,Mobile,1,1,0,0,0
6869,2025-07-23,Mobile,1,0,0,0,0
6870,2025-01-19,Desktop,1,1,1,1,1
6871,2025-08-18,Mobile,1,1,1,0,0
6872,2025-12-15,Mobile,1,0,0,0,0
6873,2025-06-24,Desktop,1,1,1,0,0
6874,2025-02-15,Mobile,1,0,0,0,0
6875,2025-03-26,Desktop,1,1,0,0,0
6876,2025-07-21,Mobile,1,0,0,0,0
6877,2025-06-03,Desktop,1,1,1,1,1
6878,2025-09-05,Tablet,1,1,0,0,0
6879,2025-03-06,Mobile,1,1,0,0,0
6880,2025-08-11,Mobile,1,0,0,0,0
6881,2025-12-26,Mobile,1,1,1,1,0
6882,2025-10-28,Mobile,1,1,1,1,0
6883,2025-09-18,Mobile,1,1,0,0,0
6884,2025-03-21,Mobile,1,1,1,1,1
6885,2025-11-03,Mobile,1,1,0,0,0
6886,2025-10-10,Desktop,1,1,0,0,0
6887,2025-06-14,Mobile,1,1,1,1,0
6888,2025-09-22,Desktop,1,1,1,0,0
6889,2025-10-04,Mobile,1,1,0,0,0
6890,2025-06-09,Mobile,1,1,1,1,1
6891,2025-11-06,Mobile,1,1,0,0,0
6892,2025-05-01,Mobile,1,1,1,1,1
6893,2025-01-12,Mobile,1,0,0,0,0
6894,2025-11-11,Desktop,1,1,0,0,0
6895,2025-05-23,Desktop,1,1,1,1,1
6896,2025-03-06,Mobile,1,1,0,0,0
6897,2025-11-27,Tablet,1,0,0,0,0
6898,2025-09-30,Mobile,1,1,1,0,0
6899,2025-12-03,Desktop,1,1,0,0,0
6900,2025-03-16,Mobile,1,1,1,0,0
6901,2025-05-05,Mobile,1,1,0,0,0
6902,2025-06-26,Desktop,1,1,0,0,0
6903,2025-11-17,Mobile,1,0,0,0,0
6904,2025-02-23,Mobile,1,1,1,1,1
6905,2025-06-15,Desktop,1,0,0,0,0
6906,2025-04-25,Desktop,1,1,0,0,0
6907,2025-07-04,Desktop,1,1,0,0,0
6908,2025-08-16,Desktop,1,1,0,0,0
6909,2025-09-05,Mobile,1,1,1,0,0
6910,2025-09-05,Mobile,1,1,0,0,0
6911,2025-04-24,Mobile,1,1,0,0,0
6912,2025-08-10,Mobile,1,0,0,0,0
6913,2025-08-13,Desktop,1,1,1,1,1
6914,2025-05-06,Mobile,1,1,1,1,1
6915,2025-08-04,Mobile,1,1,1,1,1
6916,2025-01-10,Mobile,1,1,1,1,0
6917,2025-06-12,Desktop,1,0,0,0,0
6918,2025-01-15,Mobile,1,1,0,0,0
6919,2025-02-14,Desktop,1,1,1,1,1
6920,2025-10-29,Mobile,1,1,0,0,0
6921,2025-05-23,Mobile,1,0,0,0,0
6922,2025-11-13,Desktop,1,1,0,0,0
6923,2025-02-25,Mobile,1,0,0,0,0
6924,2025-07-29,Mobile,1,1,0,0,0
6925,2025-03-29,Mobile,1,1,1,0,0
6926,2025-08-16,Mobile,1,1,0,0,0
6927,2025-08-31,Desktop,1,1,0,0,0
6928,2025-06-10,Mobile,1,0,0,0,0
6929,2025-10-02,Mobile,1,1,0,0,0
6930,2025-10-31,Mobile,1,0,0,0,0
6931,2025-03-30,Mobile,1,1,0,0,0
6932,2025-05-05,Mobile,1,1,1,1,1
6933,2025-03-18,Mobile,1,1,1,1,0
6934,2025-01-27,Desktop,1,1,1,1,1
6935,2025-06-21,Desktop,1,1,1,1,1
6936,2025-12-03,Mobile,1,1,1,1,1
6937,2025-08-22,Tablet,1,1,1,1,1
6938,2025-04-24,Mobile,1,1,0,0,0
6939,2025-08-31,Mobile,1,1,1,1,0
6940,2025-10-28,Mobile,1,1,1,0,0
6941,2025-11-03,Mobile,1,0,0,0,0
6942,2025-02-22,Mobile,1,1,0,0,0
6943,2025-06-20,Mobile,1,0,0,0,0
6944,2025-11-28,Mobile,1,0,0,0,0
6945,2025-12-02,Mobile,1,0,0,0,0
6946,2025-01-14,Mobile,1,1,0,0,0
6947,2025-07-02,Desktop,1,1,0,0,0
6948,2025-08-19,Mobile,1,1,0,0,0
6949,2025-09-28,Mobile,1,1,1,1,1
6950,2025-06-09,Mobile,1,1,0,0,0
6951,2025-03-28,Desktop,1,0,0,0,0
6952,2025-01-24,Mobile,1,1,0,0,0
6953,2025-09-12,Desktop,1,1,0,0,0
6954,2025-01-02,Desktop,1,1,0,0,0
6955,2025-06-28,Mobile,1,1,1,0,0
6956,2025-08-23,Mobile,1,0,0,0,0
6957,2025-09-06,Mobile,1,1,0,0,0
6958,2025-11-14,Mobile,1,1,0,0,0
6959,2025-10-13,Desktop,1,0,0,0,0
6960,2025-07-18,Mobile,1,1,0,0,0
6961,2025-07-16,Desktop,1,1,1,1,0
6962,2025-01-09,Mobile,1,1,0,0,0
6963,2025-03-01,Mobile,1,1,0,0,0
6964,2025-06-29,Desktop,1,1,0,0,0
6965,2025-06-29,Desktop,1,1,0,0,0
6966,2025-12-10,Mobile,1,1,0,0,0
6967,2025-01-19,Desktop,1,1,0,0,0
6968,2025-04-01,Desktop,1,0,0,0,0
6969,2025-04-01,Mobile,1,1,1,1,0
6970,2025-09-03,Desktop,1,0,0,0,0
6971,2025-07-13,Desktop,1,1,1,1,1
6972,2025-08-06,Mobile,1,1,0,0,0
6973,2025-11-13,Mobile,1,1,1,0,0
6974,2025-10-13,Desktop,1,1,0,0,0
6975,2025-01-08,Mobile,1,0,0,0,0
6976,2025-02-11,Mobile,1,1,0,0,0
6977,2025-10-16,Mobile,1,1,0,0,0
6978,2025-09-16,Desktop,1,1,0,0,0
6979,2025-02-12,Mobile,1,1,0,0,0
6980,2025-03-04,Desktop,1,1,0,0,0
6981,2025-07-11,Mobile,1,1,0,0,0
6982,2025-01-29,Mobile,1,0,0,0,0
6983,2025-10-07,Desktop,1,1,1,1,0
6984,2025-04-07,Desktop,1,0,0,0,0
6985,2025-01-31,Mobile,1,1,0,0,0
6986,2025-05-18,Desktop,1,1,0,0,0
6987,2025-09-03,Mobile,1,1,0,0,0
6988,2025-10-08,Desktop,1,0,0,0,0
6989,2025-04-24,Desktop,1,1,1,0,0
6990,2025-05-12,Mobile,1,1,1,1,1
6991,2025-08-07,Desktop,1,1,1,0,0
6992,2025-02-14,Mobile,1,1,0,0,0
6993,2025-11-12,Mobile,1,0,0,0,0
6994,2025-12-02,Mobile,1,1,0,0,0
6995,2025-08-25,Mobile,1,1,0,0,0
6996,2025-03-31,Desktop,1,1,0,0,0
6997,2025-11-17,Mobile,1,1,0,0,0
6998,2025-06-24,Mobile,1,1,0,0,0
6999,2025-10-04,Desktop,1,1,0,0,0
7000,2025-09-07,Desktop,1,0,0,0,0
7001,2025-11-07,Desktop,1,1,1,0,0
7002,2025-03-20,Mobile,1,1,1,1,1
7003,2025-10-02,Mobile,1,1,1,0,0
7004,2025-12-31,Mobile,1,1,0,0,0
7005,2025-03-19,Tablet,1,0,0,0,0
7006,2025-01-10,Desktop,1,1,0,0,0
7007,2025-03-21,Desktop,1,1,0,0,0
7008,2025-02-05,Tablet,1,1,1,1,1
7009,2025-03-23,Mobile,1,0,0,0,0
7010,2025-12-04,Mobile,1,1,0,0,0
7011,2025-07-02,Mobile,1,0,0,0,0
7012,2025-02-25,Desktop,1,1,0,0,0
7013,2025-06-10,Desktop,1,1,0,0,0
7014,2025-02-20,Mobile,1,0,0,0,0
7015,2025-11-08,Mobile,1,0,0,0,0
7016,2025-05-17,Desktop,1,1,0,0,0
7017,2025-10-16,Mobile,1,0,0,0,0
7018,2025-02-19,Mobile,1,1,0,0,0
7019,2025-06-10,Desktop,1,1,0,0,0
7020,2025-06-21,Desktop,1,1,0,0,0
7021,2025-03-21,Desktop,1,1,0,0,0
7022,2025-06-07,Mobile,1,1,0,0,0
7023,2025-11-25,Mobile,1,1,0,0,0
7024,2025-05-10,Mobile,1,1,0,0,0
7025,2025-12-11,Mobile,1,1,0,0,0
7026,2025-12-20,Mobile,1,1,0,0,0
7027,2025-02-01,Mobile,1,1,0,0,0
7028,2025-12-26,Mobile,1,1,0,0,0
7029,2025-11-14,Mobile,1,1,0,0,0
7030,2025-11-13,Mobile,1,1,0,0,0
7031,2025-09-21,Tablet,1,1,0,0,0
7032,2025-06-18,Mobile,1,1,0,0,0
7033,2025-01-14,Mobile,1,1,0,0,0
7034,2025-01-15,Desktop,1,0,0,0,0
7035,2025-10-23,Desktop,1,0,0,0,0
7036,2025-01-07,Mobile,1,0,0,0,0
7037,2025-07-17,Mobile,1,0,0,0,0
7038,2025-03-13,Desktop,1,1,1,1,0
7039,2025-07-31,Desktop,1,1,0,0,0
7040,2025-08-20,Mobile,1,0,0,0,0
7041,2025-06-27,Mobile,1,1,1,1,1
7042,2025-10-27,Mobile,1,0,0,0,0
7043,2025-02-03,Mobile,1,1,1,1,1
7044,2025-02-14,Mobile,1,1,1,1,0
7045,2025-10-31,Mobile,1,1,0,0,0
7046,2025-07-12,Desktop,1,1,1,1,1
7047,2025-03-13,Desktop,1,1,0,0,0
7048,2025-01-01,Tablet,1,1,0,0,0
7049,2025-04-13,Mobile,1,0,0,0,0
7050,2025-01-22,Desktop,1,1,1,1,0
7051,2025-12-18,Desktop,1,1,0,0,0
7052,2025-01-17,Mobile,1,1,0,0,0
7053,2025-12-28,Mobile,1,0,0,0,0
7054,2025-05-06,Mobile,1,1,0,0,0
7055,2025-09-19,Mobile,1,1,0,0,0
7056,2025-06-18,Tablet,1,1,0,0,0
7057,2025-08-28,Mobile,1,1,1,0,0
7058,2025-05-14,Mobile,1,0,0,0,0
7059,2025-01-13,Mobile,1,0,0,0,0
7060,2025-10-07,Tablet,1,1,1,1,1
7061,2025-11-20,Mobile,1,1,0,0,0
7062,2025-05-31,Desktop,1,0,0,0,0
7063,2025-10-30,Mobile,1,0,0,0,0
7064,2025-09-24,Desktop,1,1,1,1,1
7065,2025-02-04,Mobile,1,0,0,0,0
7066,2025-04-24,Mobile,1,0,0,0,0
7067,2025-08-31,Mobile,1,0,0,0,0
7068,2025-02-13,Mobile,1,1,0,0,0
7069,2025-06-11,Tablet,1,1,0,0,0
7070,2025-05-07,Mobile,1,0,0,0,0
7071,2025-08-05,Desktop,1,1,1,1,1
7072,2025-08-02,Mobile,1,0,0,0,0
7073,2025-02-08,Tablet,1,1,1,1,1
7074,2025-02-23,Mobile,1,0,0,0,0
7075,2025-04-24,Mobile,1,0,0,0,0
7076,2025-01-02,Mobile,1,0,0,0,0
7077,2025-09-25,Mobile,1,1,0,0,0
7078,2025-03-30,Desktop,1,1,1,1,0
7079,2025-09-14,Desktop,1,0,0,0,0
7080,2025-04-16,Mobile,1,1,1,0,0
7081,2025-01-31,Tablet,1,1,1,1,1
7082,2025-08-22,Desktop,1,1,1,1,0
7083,2025-06-29,Desktop,1,1,1,0,0
7084,2025-12-07,Desktop,1,1,1,0,0
7085,2025-12-20,Mobile,1,1,1,0,0
7086,2025-10-03,Desktop,1,1,1,1,1
7087,2025-07-25,Mobile,1,1,0,0,0
7088,2025-10-23,Mobile,1,0,0,0,0
7089,2025-10-02,Tablet,1,0,0,0,0
7090,2025-11-27,Tablet,1,1,0,0,0
7091,2025-07-25,Mobile,1,1,1,1,0
7092,2025-12-28,Tablet,1,1,0,0,0
7093,2025-03-14,Mobile,1,0,0,0,0
7094,2025-02-06,Mobile,1,0,0,0,0
7095,2025-07-06,Mobile,1,1,0,0,0
7096,2025-10-10,Mobile,1,0,0,0,0
7097,2025-06-30,Mobile,1,1,0,0,0
7098,2025-01-02,Tablet,1,1,0,0,0
7099,2025-02-09,Mobile,1,0,0,0,0
7100,2025-07-26,Tablet,1,1,1,1,1
7101,2025-08-25,Mobile,1,1,0,0,0
7102,2025-05-08,Mobile,1,1,0,0,0
7103,2025-08-30,Mobile,1,1,0,0,0
7104,2025-09-17,Desktop,1,1,1,1,1
7105,2025-10-28,Mobile,1,1,0,0,0
7106,2025-02-28,Tablet,1,1,0,0,0
7107,2025-08-10,Tablet,1,0,0,0,0
7108,2025-05-16,Desktop,1,1,1,0,0
7109,2025-05-28,Mobile,1,1,0,0,0
7110,2025-10-17,Mobile,1,0,0,0,0
7111,2025-01-09,Desktop,1,1,0,0,0
7112,2025-10-07,Desktop,1,0,0,0,0
7113,2025-11-12,Desktop,1,0,0,0,0
7114,2025-11-10,Mobile,1,1,1,0,0
7115,2025-03-01,Desktop,1,0,0,0,0
7116,2025-02-20,Mobile,1,1,1,1,1
7117,2025-05-07,Mobile,1,1,0,0,0
7118,2025-02-12,Desktop,1,1,0,0,0
7119,2025-11-20,Desktop,1,1,1,1,1
7120,2025-10-06,Tablet,1,1,0,0,0
7121,2025-01-08,Mobile,1,1,0,0,0
7122,2025-11-20,Mobile,1,0,0,0,0
7123,2025-11-23,Mobile,1,1,0,0,0
7124,2025-09-18,Desktop,1,1,1,0,0
7125,2025-01-09,Desktop,1,1,0,0,0
7126,2025-03-06,Mobile,1,1,0,0,0
7127,2025-04-12,Mobile,1,0,0,0,0
7128,2025-11-30,Mobile,1,1,0,0,0
7129,2025-04-04,Desktop,1,1,1,0,0
7130,2025-09-27,Mobile,1,0,0,0,0
7131,2025-12-22,Mobile,1,1,1,1,0
7132,2025-07-08,Mobile,1,1,1,1,0
7133,2025-03-07,Desktop,1,1,0,0,0
7134,2025-08-02,Mobile,1,1,0,0,0
7135,2025-02-06,Desktop,1,1,0,0,0
7136,2025-07-19,Mobile,1,1,0,0,0
7137,2025-03-24,Desktop,1,0,0,0,0
7138,2025-12-04,Desktop,1,1,0,0,0
7139,2025-03-27,Mobile,1,0,0,0,0
7140,2025-04-08,Tablet,1,1,0,0,0
7141,2025-06-11,Mobile,1,1,1,1,0
7142,2025-10-25,Mobile,1,1,0,0,0
7143,2025-08-06,Mobile,1,1,0,0,0
7144,2025-04-07,Mobile,1,1,0,0,0
7145,2025-03-16,Desktop,1,1,1,0,0
7146,2025-07-10,Desktop,1,0,0,0,0
7147,2025-12-14,Desktop,1,1,1,1,0
7148,2025-02-27,Mobile,1,1,1,1,0
7149,2025-08-08,Mobile,1,1,0,0,0
7150,2025-05-23,Desktop,1,1,0,0,0
7151,2025-02-22,Mobile,1,1,0,0,0
7152,2025-08-30,Mobile,1,1,0,0,0
7153,2025-09-12,Mobile,1,1,0,0,0
7154,2025-07-30,Desktop,1,0,0,0,0
7155,2025-04-20,Mobile,1,1,1,1,1
7156,2025-01-01,Mobile,1,1,1,1,1
7157,2025-09-03,Desktop,1,1,0,0,0
7158,2025-12-18,Desktop,1,1,1,1,1
7159,2025-12-15,Desktop,1,0,0,0,0
7160,2025-09-09,Mobile,1,1,0,0,0
7161,2025-03-01,Mobile,1,1,0,0,0
7162,2025-11-28,Mobile,1,0,0,0,0
7163,2025-02-28,Mobile,1,1,0,0,0
7164,2025-03-12,Desktop,1,0,0,0,0
7165,2025-05-09,Desktop,1,1,1,1,0
7166,2025-03-16,Desktop,1,1,0,0,0
7167,2025-06-02,Desktop,1,0,0,0,0
7168,2025-03-10,Tablet,1,0,0,0,0
7169,2025-02-07,Mobile,1,1,1,1,0
7170,2025-06-18,Mobile,1,1,0,0,0
7171,2025-08-03,Mobile,1,1,1,1,1
7172,2025-06-19,Mobile,1,1,1,1,1
7173,2025-09-19,Mobile,1,1,1,1,1
7174,2025-10-07,Mobile,1,1,0,0,0
7175,2025-01-30,Mobile,1,1,0,0,0
7176,2025-11-18,Desktop,1,1,0,0,0
7177,2025-06-10,Desktop,1,1,1,1,0
7178,2025-09-08,Desktop,1,0,0,0,0
7179,2025-12-23,Mobile,1,1,0,0,0
7180,2025-04-06,Mobile,1,1,1,1,0
7181,2025-02-02,Desktop,1,1,1,0,0
7182,2025-07-03,Mobile,1,1,1,1,0
7183,2025-10-10,Mobile,1,0,0,0,0
7184,2025-12-22,Mobile,1,1,1,1,0
7185,2025-12-15,Mobile,1,1,0,0,0
7186,2025-09-27,Mobile,1,1,1,1,0
7187,2025-05-26,Mobile,1,0,0,0,0
7188,2025-05-24,Tablet,1,1,0,0,0
7189,2025-11-22,Desktop,1,0,0,0,0
7190,2025-06-10,Mobile,1,1,1,1,1
7191,2025-04-11,Mobile,1,1,1,1,1
7192,2025-09-16,Desktop,1,1,1,1,1
7193,2025-11-08,Mobile,1,1,0,0,0
7194,2025-08-02,Desktop,1,1,0,0,0
7195,2025-04-23,Mobile,1,1,1,0,0
7196,2025-06-17,Mobile,1,1,0,0,0
7197,2025-05-12,Mobile,1,0,0,0,0
7198,2025-03-17,Desktop,1,1,1,1,1
7199,2025-06-05,Mobile,1,1,0,0,0
7200,2025-01-13,Mobile,1,1,0,0,0
7201,2025-11-02,Desktop,1,0,0,0,0
7202,2025-06-25,Mobile,1,1,0,0,0
7203,2025-06-08,Desktop,1,1,0,0,0
7204,2025-11-28,Desktop,1,1,0,0,0
7205,2025-04-17,Desktop,1,0,0,0,0
7206,2025-10-22,Desktop,1,1,1,1,0
7207,2025-12-10,Tablet,1,1,0,0,0
7208,2025-04-01,Mobile,1,1,0,0,0
7209,2025-11-01,Desktop,1,1,1,0,0
7210,2025-07-23,Mobile,1,0,0,0,0
7211,2025-06-16,Mobile,1,1,1,1,1
7212,2025-12-07,Mobile,1,0,0,0,0
7213,2025-12-08,Tablet,1,1,0,0,0
7214,2025-09-28,Mobile,1,1,0,0,0
7215,2025-03-07,Mobile,1,1,0,0,0
7216,2025-12-29,Desktop,1,1,0,0,0
7217,2025-07-18,Mobile,1,0,0,0,0
7218,2025-11-11,Mobile,1,1,0,0,0
7219,2025-12-30,Mobile,1,1,0,0,0
7220,2025-05-04,Desktop,1,0,0,0,0
7221,2025-04-18,Mobile,1,0,0,0,0
7222,2025-02-14,Mobile,1,1,0,0,0
7223,2025-12-14,Desktop,1,1,1,0,0
7224,2025-07-11,Desktop,1,1,0,0,0
7225,2025-11-16,Desktop,1,1,0,0,0
7226,2025-08-28,Desktop,1,1,1,0,0
7227,2025-01-30,Mobile,1,1,0,0,0
7228,2025-07-13,Desktop,1,0,0,0,0
7229,2025-08-22,Mobile,1,1,0,0,0
7230,2025-06-29,Mobile,1,1,1,0,0
7231,2025-05-31,Desktop,1,1,1,1,1
7232,2025-06-16,Mobile,1,1,0,0,0
7233,2025-08-11,Mobile,1,1,0,0,0
7234,2025-07-29,Mobile,1,1,0,0,0
7235,2025-06-04,Mobile,1,1,0,0,0
7236,2025-08-27,Desktop,1,0,0,0,0
7237,2025-10-24,Mobile,1,0,0,0,0
7238,2025-09-30,Mobile,1,1,0,0,0
7239,2025-10-07,Mobile,1,0,0,0,0
7240,2025-05-24,Mobile,1,1,1,0,0
7241,2025-09-26,Mobile,1,1,1,1,0
7242,2025-10-24,Desktop,1,1,1,1,0
7243,2025-03-04,Mobile,1,0,0,0,0
7244,2025-03-21,Mobile,1,0,0,0,0
7245,2025-09-26,Tablet,1,1,1,1,0
7246,2025-12-02,Mobile,1,1,1,0,0
7247,2025-11-10,Mobile,1,1,0,0,0
7248,2025-04-08,Desktop,1,1,1,1,1
7249,2025-11-06,Mobile,1,1,1,1,0
7250,2025-03-28,Mobile,1,1,0,0,0
7251,2025-07-31,Mobile,1,1,0,0,0
7252,2025-05-30,Mobile,1,1,1,0,0
7253,2025-03-28,Tablet,1,1,1,0,0
7254,2025-10-07,Desktop,1,0,0,0,0
7255,2025-10-19,Mobile,1,0,0,0,0
7256,2025-01-27,Mobile,1,1,1,1,0
7257,2025-11-08,Desktop,1,1,1,1,1
7258,2025-12-14,Desktop,1,1,0,0,0
7259,2025-10-22,Mobile,1,1,1,1,0
7260,2025-06-29,Desktop,1,1,0,0,0
7261,2025-10-24,Mobile,1,0,0,0,0
7262,2025-04-06,Mobile,1,1,0,0,0
7263,2025-01-17,Mobile,1,1,1,1,0
7264,2025-12-09,Tablet,1,1,1,0,0
7265,2025-01-12,Desktop,1,1,1,0,0
7266,2025-11-12,Tablet,1,0,0,0,0
7267,2025-06-25,Mobile,1,1,0,0,0
7268,2025-02-11,Mobile,1,1,0,0,0
7269,2025-12-18,Mobile,1,0,0,0,0
7270,2025-08-12,Mobile,1,1,0,0,0
7271,2025-09-07,Mobile,1,1,0,0,0
7272,2025-02-16,Mobile,1,1,1,1,0
7273,2025-09-08,Mobile,1,1,0,0,0
7274,2025-03-14,Mobile,1,1,0,0,0
7275,2025-06-14,Mobile,1,1,0,0,0
7276,2025-10-29,Mobile,1,1,0,0,0
7277,2025-05-31,Desktop,1,1,1,1,1
7278,2025-07-26,Mobile,1,1,1,1,0
7279,2025-03-27,Desktop,1,1,0,0,0
7280,2025-04-26,Desktop,1,0,0,0,0
7281,2025-03-15,Mobile,1,1,1,1,1
7282,2025-06-10,Mobile,1,1,0,0,0
7283,2025-03-29,Mobile,1,1,1,1,0
7284,2025-10-23,Mobile,1,0,0,0,0
7285,2025-09-02,Mobile,1,0,0,0,0
7286,2025-10-14,Desktop,1,1,0,0,0
7287,2025-06-25,Tablet,1,1,0,0,0
7288,2025-12-23,Mobile,1,1,0,0,0
7289,2025-02-12,Desktop,1,1,0,0,0
7290,2025-01-04,Mobile,1,0,0,0,0
7291,2025-07-19,Mobile,1,1,1,1,1
7292,2025-08-28,Desktop,1,1,0,0,0
7293,2025-09-17,Mobile,1,0,0,0,0
7294,2025-10-13,Mobile,1,1,0,0,0
7295,2025-04-11,Mobile,1,1,0,0,0
7296,2025-07-30,Tablet,1,1,0,0,0
7297,2025-12-28,Desktop,1,1,1,1,1
7298,2025-12-04,Mobile,1,1,1,1,1
7299,2025-03-24,Mobile,1,0,0,0,0
7300,2025-06-16,Mobile,1,1,1,1,0
7301,2025-07-25,Desktop,1,0,0,0,0
7302,2025-05-11,Mobile,1,1,0,0,0
7303,2025-09-09,Mobile,1,1,0,0,0
7304,2025-04-01,Mobile,1,0,0,0,0
7305,2025-11-12,Desktop,1,1,0,0,0
7306,2025-11-29,Mobile,1,1,1,1,1
7307,2025-11-01,Mobile,1,1,1,1,1
7308,2025-03-14,Mobile,1,1,1,1,1
7309,2025-07-17,Desktop,1,1,1,1,1
7310,2025-04-21,Desktop,1,1,1,0,0
7311,2025-02-23,Mobile,1,1,1,1,1
7312,2025-09-27,Tablet,1,1,0,0,0
7313,2025-02-28,Mobile,1,1,1,1,0
7314,2025-10-07,Mobile,1,0,0,0,0
7315,2025-03-29,Desktop,1,1,0,0,0
7316,2025-08-21,Mobile,1,1,0,0,0
7317,2025-07-15,Desktop,1,0,0,0,0
7318,2025-04-23,Mobile,1,1,0,0,0
7319,2025-04-12,Mobile,1,1,0,0,0
7320,2025-11-24,Desktop,1,1,0,0,0
7321,2025-08-01,Mobile,1,0,0,0,0
7322,2025-11-16,Mobile,1,0,0,0,0
7323,2025-09-19,Desktop,1,1,0,0,0
7324,2025-05-31,Tablet,1,1,0,0,0
7325,2025-08-19,Mobile,1,1,0,0,0
7326,2025-09-10,Tablet,1,0,0,0,0
7327,2025-10-20,Mobile,1,1,0,0,0
7328,2025-10-26,Desktop,1,1,0,0,0
7329,2025-03-21,Mobile,1,1,0,0,0
7330,2025-09-01,Tablet,1,1,0,0,0
7331,2025-12-14,Mobile,1,0,0,0,0
7332,2025-10-25,Desktop,1,1,0,0,0
7333,2025-06-04,Mobile,1,1,0,0,0
7334,2025-09-28,Desktop,1,1,1,1,1
7335,2025-12-19,Mobile,1,0,0,0,0
7336,2025-06-28,Mobile,1,1,0,0,0
7337,2025-02-09,Mobile,1,1,1,1,0
7338,2025-01-23,Desktop,1,0,0,0,0
7339,2025-11-23,Mobile,1,1,0,0,0
7340,2025-01-27,Mobile,1,0,0,0,0
7341,2025-08-01,Tablet,1,1,0,0,0
7342,2025-12-12,Mobile,1,0,0,0,0
7343,2025-04-24,Mobile,1,1,0,0,0
7344,2025-05-07,Mobile,1,1,0,0,0
7345,2025-12-28,Mobile,1,1,0,0,0
7346,2025-05-16,Mobile,1,1,1,1,0
7347,2025-02-17,Desktop,1,1,0,0,0
7348,2025-08-05,Desktop,1,0,0,0,0
7349,2025-04-27,Tablet,1,0,0,0,0
7350,2025-04-25,Mobile,1,0,0,0,0
7351,2025-09-13,Mobile,1,0,0,0,0
7352,2025-08-28,Mobile,1,1,1,1,1
7353,2025-10-04,Mobile,1,1,1,1,0
7354,2025-11-15,Mobile,1,1,1,1,1
7355,2025-06-15,Mobile,1,1,0,0,0
7356,2025-02-17,Desktop,1,1,0,0,0
7357,2025-08-23,Desktop,1,1,0,0,0
7358,2025-03-06,Mobile,1,1,0,0,0
7359,2025-08-29,Mobile,1,0,0,0,0
7360,2025-08-18,Mobile,1,1,1,1,1
7361,2025-05-22,Desktop,1,1,0,0,0
7362,2025-07-01,Desktop,1,1,0,0,0
7363,2025-10-06,Mobile,1,0,0,0,0
7364,2025-07-11,Mobile,1,1,1,1,1
7365,2025-01-08,Mobile,1,1,1,0,0
7366,2025-11-27,Desktop,1,0,0,0,0
7367,2025-09-17,Mobile,1,0,0,0,0
7368,2025-08-07,Desktop,1,1,1,1,1
7369,2025-04-14,Mobile,1,1,0,0,0
7370,2025-10-12,Desktop,1,0,0,0,0
7371,2025-07-02,Desktop,1,1,0,0,0
7372,2025-07-16,Mobile,1,1,1,1,0
7373,2025-07-13,Mobile,1,1,0,0,0
7374,2025-06-09,Mobile,1,1,0,0,0
7375,2025-07-02,Desktop,1,0,0,0,0
7376,2025-06-17,Desktop,1,1,1,1,1
7377,2025-03-26,Desktop,1,1,1,0,0
7378,2025-11-05,Mobile,1,0,0,0,0
7379,2025-10-18,Mobile,1,0,0,0,0
7380,2025-07-20,Mobile,1,1,0,0,0
7381,2025-01-23,Mobile,1,0,0,0,0
7382,2025-02-25,Desktop,1,0,0,0,0
7383,2025-08-29,Mobile,1,1,0,0,0
7384,2025-04-28,Desktop,1,1,0,0,0
7385,2025-01-23,Mobile,1,1,0,0,0
7386,2025-11-10,Desktop,1,0,0,0,0
7387,2025-06-12,Mobile,1,0,0,0,0
7388,2025-04-25,Mobile,1,1,1,1,0
7389,2025-02-14,Desktop,1,1,1,1,1
7390,2025-09-06,Desktop,1,1,0,0,0
7391,2025-03-10,Mobile,1,1,0,0,0
7392,2025-04-15,Mobile,1,1,0,0,0
7393,2025-09-27,Tablet,1,0,0,0,0
7394,2025-09-05,Mobile,1,1,1,0,0
7395,2025-03-18,Desktop,1,1,1,1,1
7396,2025-10-22,Mobile,1,1,1,0,0
7397,2025-04-10,Desktop,1,0,0,0,0
7398,2025-08-27,Mobile,1,0,0,0,0
7399,2025-03-10,Desktop,1,1,0,0,0
7400,2025-04-07,Desktop,1,1,1,0,0
7401,2025-02-09,Mobile,1,1,0,0,0
7402,2025-05-09,Tablet,1,1,0,0,0
7403,2025-08-17,Desktop,1,0,0,0,0
7404,2025-11-20,Mobile,1,0,0,0,0
7405,2025-05-11,Desktop,1,1,0,0,0
7406,2025-09-25,Desktop,1,1,0,0,0
7407,2025-06-06,Mobile,1,1,1,1,0
7408,2025-09-13,Mobile,1,1,1,1,1
7409,2025-12-27,Mobile,1,0,0,0,0
7410,2025-07-27,Tablet,1,0,0,0,0
7411,2025-07-14,Mobile,1,0,0,0,0
7412,2025-12-15,Desktop,1,1,0,0,0
7413,2025-12-07,Tablet,1,1,0,0,0
7414,2025-10-18,Desktop,1,1,1,0,0
7415,2025-11-12,Mobile,1,0,0,0,0
7416,2025-09-18,Mobile,1,1,0,0,0
7417,2025-02-15,Desktop,1,1,0,0,0
7418,2025-05-15,Mobile,1,1,0,0,0
7419,2025-05-03,Mobile,1,1,0,0,0
7420,2025-03-19,Mobile,1,1,0,0,0
7421,2025-11-27,Mobile,1,1,0,0,0
7422,2025-06-11,Mobile,1,1,0,0,0
7423,2025-06-27,Mobile,1,1,0,0,0
7424,2025-12-25,Mobile,1,1,0,0,0
7425,2025-05-11,Tablet,1,0,0,0,0
7426,2025-12-27,Mobile,1,1,0,0,0
7427,2025-12-03,Tablet,1,1,0,0,0
7428,2025-02-10,Mobile,1,0,0,0,0
7429,2025-12-03,Desktop,1,1,1,1,1
7430,2025-11-19,Mobile,1,1,0,0,0
7431,2025-10-08,Mobile,1,1,0,0,0
7432,2025-04-30,Mobile,1,1,0,0,0
7433,2025-11-29,Tablet,1,1,1,1,1
7434,2025-12-12,Desktop,1,1,0,0,0
7435,2025-06-25,Mobile,1,1,0,0,0
7436,2025-11-25,Mobile,1,1,0,0,0
7437,2025-12-19,Mobile,1,1,1,1,1
7438,2025-10-15,Mobile,1,1,0,0,0
7439,2025-09-03,Mobile,1,0,0,0,0
7440,2025-07-19,Mobile,1,1,0,0,0
7441,2025-07-01,Mobile,1,1,0,0,0
7442,2025-10-02,Desktop,1,1,0,0,0
7443,2025-10-09,Mobile,1,1,0,0,0
7444,2025-06-26,Desktop,1,1,1,0,0
7445,2025-02-12,Desktop,1,1,1,1,1
7446,2025-08-16,Tablet,1,1,1,1,0
7447,2025-07-21,Mobile,1,1,0,0,0
7448,2025-01-21,Mobile,1,1,1,1,1
7449,2025-07-29,Desktop,1,1,0,0,0
7450,2025-09-16,Mobile,1,1,0,0,0
7451,2025-03-06,Desktop,1,0,0,0,0
7452,2025-01-20,Mobile,1,0,0,0,0
7453,2025-06-03,Mobile,1,1,1,1,0
7454,2025-01-12,Mobile,1,1,0,0,0
7455,2025-08-23,Desktop,1,1,0,0,0
7456,2025-03-05,Mobile,1,1,0,0,0
7457,2025-10-02,Tablet,1,1,1,1,1
7458,2025-08-08,Desktop,1,1,0,0,0
7459,2025-07-24,Mobile,1,1,0,0,0
7460,2025-01-23,Mobile,1,0,0,0,0
7461,2025-08-20,Mobile,1,1,1,1,0
7462,2025-08-04,Mobile,1,0,0,0,0
7463,2025-07-11,Mobile,1,1,1,1,1
7464,2025-06-11,Desktop,1,1,0,0,0
7465,2025-02-23,Mobile,1,1,0,0,0
7466,2025-12-14,Desktop,1,1,1,0,0
7467,2025-08-09,Desktop,1,1,1,1,0
7468,2025-06-15,Desktop,1,0,0,0,0
7469,2025-03-03,Mobile,1,1,0,0,0
7470,2025-12-07,Desktop,1,0,0,0,0
7471,2025-10-07,Desktop,1,1,0,0,0
7472,2025-09-24,Mobile,1,1,0,0,0
7473,2025-04-20,Desktop,1,1,0,0,0
7474,2025-04-05,Desktop,1,0,0,0,0
7475,2025-06-14,Mobile,1,1,1,1,0
7476,2025-05-19,Desktop,1,1,0,0,0
7477,2025-08-05,Desktop,1,1,0,0,0
7478,2025-12-07,Desktop,1,1,0,0,0
7479,2025-02-02,Mobile,1,1,1,1,1
7480,2025-12-01,Desktop,1,1,0,0,0
7481,2025-05-10,Mobile,1,1,1,1,1
7482,2025-05-31,Mobile,1,0,0,0,0
7483,2025-10-29,Mobile,1,0,0,0,0
7484,2025-05-18,Desktop,1,1,0,0,0
7485,2025-02-13,Mobile,1,1,1,0,0
7486,2025-03-22,Desktop,1,1,1,1,0
7487,2025-12-29,Mobile,1,0,0,0,0
7488,2025-09-22,Mobile,1,1,0,0,0
7489,2025-11-20,Desktop,1,1,1,1,1
7490,2025-09-27,Desktop,1,1,1,1,0
7491,2025-04-03,Mobile,1,1,0,0,0
7492,2025-07-07,Desktop,1,1,0,0,0
7493,2025-01-12,Mobile,1,1,0,0,0
7494,2025-05-30,Mobile,1,1,0,0,0
7495,2025-02-12,Tablet,1,1,0,0,0
7496,2025-01-05,Mobile,1,1,0,0,0
7497,2025-03-15,Mobile,1,1,1,1,1
7498,2025-05-20,Mobile,1,1,0,0,0
7499,2025-10-31,Mobile,1,0,0,0,0
7500,2025-07-28,Desktop,1,1,0,0,0
7501,2025-09-27,Mobile,1,1,0,0,0
7502,2025-09-15,Mobile,1,1,0,0,0
7503,2025-08-22,Mobile,1,1,1,1,0
7504,2025-09-05,Desktop,1,1,0,0,0
7505,2025-09-12,Desktop,1,1,0,0,0
7506,2025-08-16,Desktop,1,0,0,0,0
7507,2025-10-27,Tablet,1,1,0,0,0
7508,2025-01-19,Mobile,1,1,0,0,0
7509,2025-09-29,Mobile,1,1,0,0,0
7510,2025-10-06,Mobile,1,1,0,0,0
7511,2025-12-26,Mobile,1,1,0,0,0
7512,2025-06-24,Desktop,1,1,1,0,0
7513,2025-06-21,Mobile,1,1,0,0,0
7514,2025-07-22,Tablet,1,1,1,0,0
7515,2025-10-02,Mobile,1,1,0,0,0
7516,2025-04-14,Desktop,1,1,1,0,0
7517,2025-07-10,Desktop,1,1,0,0,0
7518,2025-09-24,Mobile,1,1,0,0,0
7519,2025-05-24,Mobile,1,1,0,0,0
7520,2025-05-29,Mobile,1,1,1,1,0
7521,2025-09-07,Mobile,1,1,0,0,0
7522,2025-11-10,Tablet,1,1,0,0,0
7523,2025-09-04,Mobile,1,1,1,1,1
7524,2025-07-31,Desktop,1,1,0,0,0
7525,2025-10-27,Desktop,1,0,0,0,0
7526,2025-10-28,Mobile,1,1,0,0,0
7527,2025-05-20,Desktop,1,0,0,0,0
7528,2025-09-13,Mobile,1,1,1,0,0
7529,2025-06-26,Mobile,1,0,0,0,0
7530,2025-06-26,Desktop,1,1,1,1,1
7531,2025-03-28,Tablet,1,1,0,0,0
7532,2025-07-21,Mobile,1,0,0,0,0
7533,2025-05-28,Desktop,1,1,1,0,0
7534,2025-06-01,Desktop,1,1,0,0,0
7535,2025-12-31,Mobile,1,1,0,0,0
7536,2025-02-26,Mobile,1,0,0,0,0
7537,2025-07-10,Mobile,1,1,1,1,1
7538,2025-07-16,Mobile,1,1,0,0,0
7539,2025-11-16,Mobile,1,1,1,1,1
7540,2025-02-15,Mobile,1,1,1,1,1
7541,2025-12-22,Tablet,1,1,0,0,0
7542,2025-11-01,Desktop,1,1,0,0,0
7543,2025-12-29,Mobile,1,1,1,1,1
7544,2025-07-06,Mobile,1,0,0,0,0
7545,2025-04-02,Mobile,1,1,0,0,0
7546,2025-06-16,Tablet,1,0,0,0,0
7547,2025-04-18,Desktop,1,1,0,0,0
7548,2025-01-09,Mobile,1,1,1,1,1
7549,2025-02-05,Desktop,1,0,0,0,0
7550,2025-05-18,Desktop,1,1,0,0,0
7551,2025-03-01,Tablet,1,0,0,0,0
7552,2025-08-04,Mobile,1,1,1,1,1
7553,2025-01-01,Mobile,1,1,1,1,1
7554,2025-12-26,Desktop,1,0,0,0,0
7555,2025-08-09,Desktop,1,0,0,0,0
7556,2025-03-01,Mobile,1,0,0,0,0
7557,2025-11-29,Mobile,1,0,0,0,0
7558,2025-08-19,Mobile,1,1,0,0,0
7559,2025-08-01,Desktop,1,1,0,0,0
7560,2025-04-06,Mobile,1,1,1,1,0
7561,2025-01-24,Mobile,1,1,0,0,0
7562,2025-12-24,Mobile,1,1,0,0,0
7563,2025-02-15,Mobile,1,1,1,1,1
7564,2025-11-07,Desktop,1,1,0,0,0
7565,2025-03-25,Mobile,1,0,0,0,0
7566,2025-04-29,Mobile,1,1,0,0,0
7567,2025-09-03,Desktop,1,0,0,0,0
7568,2025-12-22,Desktop,1,1,1,1,1
7569,2025-06-12,Mobile,1,1,0,0,0
7570,2025-11-07,Tablet,1,0,0,0,0
7571,2025-02-08,Mobile,1,0,0,0,0
7572,2025-04-25,Mobile,1,1,1,1,0
7573,2025-06-08,Desktop,1,1,1,1,0
7574,2025-04-03,Desktop,1,0,0,0,0
7575,2025-06-25,Mobile,1,1,0,0,0
7576,2025-08-23,Mobile,1,1,0,0,0
7577,2025-03-31,Desktop,1,1,0,0,0
7578,2025-11-19,Desktop,1,1,0,0,0
7579,2025-07-11,Mobile,1,1,1,1,0
7580,2025-01-29,Mobile,1,1,0,0,0
7581,2025-01-21,Desktop,1,0,0,0,0
7582,2025-09-01,Mobile,1,1,1,0,0
7583,2025-12-22,Mobile,1,0,0,0,0
7584,2025-05-27,Mobile,1,1,0,0,0
7585,2025-01-31,Desktop,1,1,1,1,1
7586,2025-11-10,Mobile,1,1,0,0,0
7587,2025-05-10,Tablet,1,0,0,0,0
7588,2025-02-11,Desktop,1,1,1,0,0
7589,2025-04-29,Desktop,1,1,0,0,0
7590,2025-01-28,Mobile,1,1,0,0,0
7591,2025-06-24,Desktop,1,1,0,0,0
7592,2025-09-28,Desktop,1,1,1,1,0
7593,2025-02-02,Mobile,1,0,0,0,0
7594,2025-09-04,Mobile,1,0,0,0,0
7595,2025-09-04,Mobile,1,1,1,1,1
7596,2025-06-27,Desktop,1,1,1,0,0
7597,2025-05-22,Mobile,1,1,0,0,0
7598,2025-06-09,Mobile,1,1,0,0,0
7599,2025-05-11,Mobile,1,1,0,0,0
7600,2025-01-04,Mobile,1,1,0,0,0
7601,2025-02-28,Mobile,1,1,0,0,0
7602,2025-08-08,Mobile,1,0,0,0,0
7603,2025-02-17,Tablet,1,1,0,0,0
7604,2025-03-18,Desktop,1,1,0,0,0
7605,2025-08-23,Mobile,1,1,0,0,0
7606,2025-02-17,Tablet,1,0,0,0,0
7607,2025-11-06,Desktop,1,1,0,0,0
7608,2025-08-13,Desktop,1,0,0,0,0
7609,2025-03-29,Mobile,1,1,1,0,0
7610,2025-05-23,Tablet,1,1,1,1,1
7611,2025-07-06,Desktop,1,1,0,0,0
7612,2025-12-31,Mobile,1,1,1,1,0
7613,2025-04-13,Desktop,1,0,0,0,0
7614,2025-06-25,Mobile,1,1,1,1,0
7615,2025-11-13,Mobile,1,1,1,1,1
7616,2025-04-15,Desktop,1,1,1,0,0
7617,2025-04-23,Mobile,1,1,0,0,0
7618,2025-08-16,Desktop,1,1,0,0,0
7619,2025-12-17,Desktop,1,1,0,0,0
7620,2025-09-20,Mobile,1,1,1,1,1
7621,2025-01-20,Desktop,1,1,0,0,0
7622,2025-09-21,Mobile,1,1,0,0,0
7623,2025-01-24,Desktop,1,1,0,0,0
7624,2025-12-28,Desktop,1,1,1,1,1
7625,2025-05-19,Tablet,1,1,1,1,1
7626,2025-10-06,Tablet,1,1,0,0,0
7627,2025-11-24,Tablet,1,1,0,0,0
7628,2025-04-08,Mobile,1,1,1,0,0
7629,2025-08-14,Mobile,1,1,0,0,0
7630,2025-12-09,Mobile,1,0,0,0,0
7631,2025-12-01,Mobile,1,0,0,0,0
7632,2025-12-30,Mobile,1,0,0,0,0
7633,2025-07-22,Desktop,1,1,0,0,0
7634,2025-05-26,Desktop,1,1,1,0,0
7635,2025-11-19,Desktop,1,1,1,1,1
7636,2025-01-01,Desktop,1,1,1,1,0
7637,2025-02-08,Tablet,1,1,1,1,1
7638,2025-10-04,Desktop,1,0,0,0,0
7639,2025-08-26,Tablet,1,1,0,0,0
7640,2025-10-05,Desktop,1,1,1,1,1
7641,2025-01-17,Mobile,1,1,0,0,0
7642,2025-05-29,Tablet,1,1,1,1,1
7643,2025-05-24,Mobile,1,1,1,0,0
7644,2025-12-18,Mobile,1,0,0,0,0
7645,2025-08-03,Tablet,1,0,0,0,0
7646,2025-02-08,Mobile,1,1,0,0,0
7647,2025-03-05,Mobile,1,1,0,0,0
7648,2025-02-28,Mobile,1,1,1,1,0
7649,2025-04-03,Mobile,1,1,0,0,0
7650,2025-04-22,Tablet,1,1,1,0,0
7651,2025-01-06,Desktop,1,0,0,0,0
7652,2025-09-28,Mobile,1,1,0,0,0
7653,2025-11-17,Desktop,1,1,1,0,0
7654,2025-12-20,Mobile,1,1,0,0,0
7655,2025-11-11,Mobile,1,1,0,0,0
7656,2025-10-13,Desktop,1,1,0,0,0
7657,2025-12-21,Desktop,1,1,0,0,0
7658,2025-09-01,Mobile,1,0,0,0,0
7659,2025-08-16,Mobile,1,1,0,0,0
7660,2025-02-02,Mobile,1,1,0,0,0
7661,2025-02-28,Mobile,1,1,1,1,0
7662,2025-07-06,Mobile,1,1,1,0,0
7663,2025-02-04,Desktop,1,0,0,0,0
7664,2025-01-22,Mobile,1,1,0,0,0
7665,2025-03-11,Mobile,1,0,0,0,0
7666,2025-10-12,Mobile,1,1,0,0,0
7667,2025-10-22,Desktop,1,0,0,0,0
7668,2025-10-14,Desktop,1,1,0,0,0
7669,2025-11-04,Mobile,1,1,0,0,0
7670,2025-10-01,Desktop,1,1,1,1,1
7671,2025-01-15,Mobile,1,1,1,1,1
7672,2025-07-20,Mobile,1,1,0,0,0
7673,2025-10-04,Desktop,1,0,0,0,0
7674,2025-07-21,Tablet,1,1,1,1,1
7675,2025-12-10,Mobile,1,1,1,0,0
7676,2025-03-05,Desktop,1,1,0,0,0
7677,2025-01-02,Mobile,1,1,0,0,0
7678,2025-07-17,Desktop,1,0,0,0,0
7679,2025-07-17,Mobile,1,1,0,0,0
7680,2025-05-01,Desktop,1,1,0,0,0
7681,2025-05-14,Mobile,1,1,0,0,0
7682,2025-09-21,Mobile,1,1,0,0,0
7683,2025-09-22,Mobile,1,1,0,0,0
7684,2025-05-14,Desktop,1,1,1,1,1
7685,2025-05-05,Mobile,1,1,1,0,0
7686,2025-02-12,Desktop,1,0,0,0,0
7687,2025-04-26,Mobile,1,1,0,0,0
7688,2025-08-12,Desktop,1,1,0,0,0
7689,2025-08-29,Tablet,1,0,0,0,0
7690,2025-11-03,Mobile,1,1,1,1,1
7691,2025-06-14,Mobile,1,1,0,0,0
7692,2025-04-12,Mobile,1,1,1,1,1
7693,2025-01-27,Desktop,1,0,0,0,0
7694,2025-04-29,Mobile,1,1,0,0,0
7695,2025-06-14,Mobile,1,1,0,0,0
7696,2025-02-18,Mobile,1,1,0,0,0
7697,2025-01-15,Mobile,1,1,0,0,0
7698,2025-08-18,Desktop,1,0,0,0,0
7699,2025-06-15,Mobile,1,0,0,0,0
7700,2025-05-07,Mobile,1,1,1,1,1
7701,2025-11-28,Mobile,1,1,0,0,0
7702,2025-07-14,Desktop,1,1,0,0,0
7703,2025-04-17,Mobile,1,1,1,1,1
7704,2025-11-30,Mobile,1,1,1,1,1
7705,2025-01-24,Desktop,1,0,0,0,0
7706,2025-03-23,Desktop,1,0,0,0,0
7707,2025-05-14,Mobile,1,1,1,1,1
7708,2025-09-16,Desktop,1,1,0,0,0
7709,2025-08-28,Mobile,1,1,1,0,0
7710,2025-04-10,Tablet,1,1,0,0,0
7711,2025-02-04,Desktop,1,0,0,0,0
7712,2025-07-20,Mobile,1,1,0,0,0
7713,2025-06-26,Mobile,1,1,1,1,1
7714,2025-08-28,Desktop,1,1,0,0,0
7715,2025-01-07,Mobile,1,1,0,0,0
7716,2025-08-17,Mobile,1,1,0,0,0
7717,2025-08-24,Mobile,1,1,0,0,0
7718,2025-01-14,Mobile,1,1,1,1,0
7719,2025-05-05,Mobile,1,1,0,0,0
7720,2025-08-11,Mobile,1,1,1,1,1
7721,2025-04-23,Mobile,1,1,1,1,1
7722,2025-08-08,Desktop,1,1,1,1,1
7723,2025-01-01,Mobile,1,0,0,0,0
7724,2025-02-18,Mobile,1,1,0,0,0
7725,2025-04-07,Mobile,1,1,0,0,0
7726,2025-08-10,Tablet,1,1,0,0,0
7727,2025-11-29,Desktop,1,1,0,0,0
7728,2025-01-19,Mobile,1,1,0,0,0
7729,2025-06-29,Mobile,1,1,0,0,0
7730,2025-06-05,Mobile,1,1,1,1,0
7731,2025-08-30,Mobile,1,1,1,1,0
7732,2025-02-10,Desktop,1,1,1,0,0
7733,2025-11-28,Desktop,1,1,0,0,0
7734,2025-03-09,Tablet,1,1,1,1,0
7735,2025-03-17,Mobile,1,0,0,0,0
7736,2025-06-22,Desktop,1,1,0,0,0
7737,2025-11-21,Mobile,1,1,1,0,0
7738,2025-10-07,Mobile,1,0,0,0,0
7739,2025-02-14,Tablet,1,1,0,0,0
7740,2025-01-22,Mobile,1,1,0,0,0
7741,2025-08-18,Mobile,1,0,0,0,0
7742,2025-05-03,Tablet,1,1,0,0,0
7743,2025-12-09,Desktop,1,1,1,1,1
7744,2025-11-02,Desktop,1,0,0,0,0
7745,2025-09-07,Desktop,1,1,1,0,0
7746,2025-09-28,Desktop,1,0,0,0,0
7747,2025-02-07,Desktop,1,0,0,0,0
7748,2025-02-12,Mobile,1,1,0,0,0
7749,2025-09-22,Mobile,1,1,1,1,0
7750,2025-05-30,Mobile,1,1,0,0,0
7751,2025-04-23,Mobile,1,0,0,0,0
7752,2025-03-02,Mobile,1,1,0,0,0
7753,2025-10-29,Mobile,1,1,1,1,0
7754,2025-11-11,Mobile,1,1,1,1,1
7755,2025-03-31,Mobile,1,1,0,0,0
7756,2025-07-06,Desktop,1,1,0,0,0
7757,2025-12-05,Mobile,1,1,0,0,0
7758,2025-12-26,Mobile,1,0,0,0,0
7759,2025-05-30,Mobile,1,1,1,1,1
7760,2025-09-22,Desktop,1,1,0,0,0
7761,2025-07-15,Mobile,1,1,1,0,0
7762,2025-02-09,Mobile,1,1,1,1,0
7763,2025-10-05,Mobile,1,1,0,0,0
7764,2025-10-22,Desktop,1,1,0,0,0
7765,2025-05-15,Mobile,1,1,0,0,0
7766,2025-11-23,Desktop,1,0,0,0,0
7767,2025-12-25,Tablet,1,1,1,1,1
7768,2025-05-25,Tablet,1,0,0,0,0
7769,2025-05-11,Desktop,1,1,0,0,0
7770,2025-07-22,Tablet,1,1,0,0,0
7771,2025-06-10,Mobile,1,1,0,0,0
7772,2025-10-19,Mobile,1,1,0,0,0
7773,2025-09-07,Mobile,1,1,1,1,0
7774,2025-10-21,Mobile,1,0,0,0,0
7775,2025-07-25,Desktop,1,1,1,1,1
7776,2025-09-30,Tablet,1,1,1,1,0
7777,2025-10-23,Mobile,1,1,1,1,1
7778,2025-11-19,Mobile,1,1,1,1,1
7779,2025-09-27,Desktop,1,1,0,0,0
7780,2025-02-24,Mobile,1,0,0,0,0
7781,2025-09-11,Mobile,1,1,0,0,0
7782,2025-07-15,Mobile,1,0,0,0,0
7783,2025-12-12,Tablet,1,1,1,1,1
7784,2025-10-21,Mobile,1,1,0,0,0
7785,2025-11-19,Mobile,1,1,0,0,0
7786,2025-06-11,Desktop,1,1,1,0,0
7787,2025-04-26,Desktop,1,1,0,0,0
7788,2025-05-13,Mobile,1,0,0,0,0
7789,2025-06-05,Mobile,1,1,0,0,0
7790,2025-11-03,Mobile,1,1,1,1,0
7791,2025-08-31,Mobile,1,0,0,0,0
7792,2025-12-12,Mobile,1,1,0,0,0
7793,2025-07-12,Mobile,1,1,0,0,0
7794,2025-05-04,Desktop,1,0,0,0,0
7795,2025-08-15,Tablet,1,1,0,0,0
7796,2025-12-18,Desktop,1,1,0,0,0
7797,2025-06-26,Mobile,1,1,0,0,0
7798,2025-09-22,Mobile,1,1,0,0,0
7799,2025-08-18,Tablet,1,1,1,1,1
7800,2025-04-08,Mobile,1,1,0,0,0
7801,2025-06-13,Desktop,1,0,0,0,0
7802,2025-04-24,Desktop,1,1,1,1,1
7803,2025-08-09,Mobile,1,0,0,0,0
7804,2025-01-01,Desktop,1,1,0,0,0
7805,2025-07-23,Mobile,1,0,0,0,0
7806,2025-08-29,Mobile,1,1,1,1,1
7807,2025-04-27,Mobile,1,1,1,0,0
7808,2025-06-03,Mobile,1,1,1,1,1
7809,2025-12-11,Desktop,1,1,0,0,0
7810,2025-08-14,Desktop,1,1,1,1,1
7811,2025-10-31,Desktop,1,0,0,0,0
7812,2025-03-06,Tablet,1,1,0,0,0
7813,2025-07-07,Desktop,1,0,0,0,0
7814,2025-08-10,Mobile,1,1,1,1,1
7815,2025-12-03,Desktop,1,1,0,0,0
7816,2025-10-14,Mobile,1,1,0,0,0
7817,2025-02-05,Desktop,1,1,1,1,1
7818,2025-03-26,Desktop,1,1,0,0,0
7819,2025-12-18,Mobile,1,0,0,0,0
7820,2025-02-08,Desktop,1,1,0,0,0
7821,2025-11-22,Mobile,1,1,1,1,1
7822,2025-10-25,Mobile,1,1,0,0,0
7823,2025-04-27,Desktop,1,1,1,0,0
7824,2025-10-14,Desktop,1,1,1,1,1
7825,2025-04-07,Mobile,1,1,1,1,0
7826,2025-09-07,Mobile,1,1,0,0,0
7827,2025-05-08,Desktop,1,1,0,0,0
7828,2025-03-29,Desktop,1,1,1,1,1
7829,2025-12-20,Desktop,1,1,0,0,0
7830,2025-01-20,Mobile,1,1,1,1,1
7831,2025-07-15,Desktop,1,1,0,0,0
7832,2025-08-19,Mobile,1,1,0,0,0
7833,2025-12-05,Desktop,1,0,0,0,0
7834,2025-11-03,Desktop,1,0,0,0,0
7835,2025-04-29,Mobile,1,1,1,1,1
7836,2025-06-14,Mobile,1,1,0,0,0
7837,2025-05-04,Mobile,1,1,1,1,0
7838,2025-02-12,Mobile,1,1,1,1,1
7839,2025-07-24,Mobile,1,1,1,1,1
7840,2025-01-26,Desktop,1,1,0,0,0
7841,2025-06-20,Desktop,1,1,1,0,0
7842,2025-06-14,Mobile,1,1,0,0,0
7843,2025-12-17,Tablet,1,1,1,1,1
7844,2025-11-30,Tablet,1,1,0,0,0
7845,2025-02-03,Desktop,1,1,1,0,0
7846,2025-12-25,Mobile,1,1,0,0,0
7847,2025-11-12,Tablet,1,0,0,0,0
7848,2025-04-30,Desktop,1,0,0,0,0
7849,2025-03-05,Mobile,1,1,0,0,0
7850,2025-04-02,Desktop,1,1,0,0,0
7851,2025-09-02,Tablet,1,1,0,0,0
7852,2025-08-25,Mobile,1,1,1,0,0
7853,2025-02-02,Mobile,1,1,0,0,0
7854,2025-11-24,Mobile,1,1,0,0,0
7855,2025-12-16,Tablet,1,1,0,0,0
7856,2025-03-29,Mobile,1,1,0,0,0
7857,2025-08-05,Desktop,1,1,0,0,0
7858,2025-05-30,Desktop,1,1,0,0,0
7859,2025-03-22,Mobile,1,1,0,0,0
7860,2025-04-06,Mobile,1,1,0,0,0
7861,2025-02-03,Desktop,1,0,0,0,0
7862,2025-02-15,Mobile,1,1,1,1,0
7863,2025-04-22,Mobile,1,1,0,0,0
7864,2025-11-08,Mobile,1,1,1,1,0
7865,2025-01-11,Desktop,1,1,1,1,0
7866,2025-11-11,Mobile,1,1,0,0,0
7867,2025-10-12,Mobile,1,1,1,0,0
7868,2025-09-07,Mobile,1,1,0,0,0
7869,2025-04-21,Mobile,1,1,0,0,0
7870,2025-08-12,Mobile,1,1,0,0,0
7871,2025-02-14,Mobile,1,1,1,0,0
7872,2025-10-22,Mobile,1,1,0,0,0
7873,2025-08-08,Mobile,1,0,0,0,0
7874,2025-01-02,Mobile,1,1,0,0,0
7875,2025-02-07,Desktop,1,1,0,0,0
7876,2025-10-02,Desktop,1,0,0,0,0
7877,2025-09-15,Mobile,1,1,0,0,0
7878,2025-06-26,Desktop,1,1,0,0,0
7879,2025-07-16,Mobile,1,0,0,0,0
7880,2025-05-14,Desktop,1,1,0,0,0
7881,2025-10-08,Mobile,1,1,1,0,0
7882,2025-06-13,Mobile,1,1,0,0,0
7883,2025-01-15,Desktop,1,1,1,1,0
7884,2025-09-03,Desktop,1,1,0,0,0
7885,2025-08-08,Mobile,1,0,0,0,0
7886,2025-09-27,Tablet,1,1,0,0,0
7887,2025-08-10,Mobile,1,1,1,1,1
7888,2025-06-11,Tablet,1,1,0,0,0
7889,2025-03-29,Mobile,1,0,0,0,0
7890,2025-02-02,Desktop,1,1,1,1,1
7891,2025-12-01,Desktop,1,1,1,0,0
7892,2025-07-15,Mobile,1,1,0,0,0
7893,2025-03-05,Mobile,1,1,0,0,0
7894,2025-05-09,Mobile,1,1,0,0,0
7895,2025-01-31,Mobile,1,1,1,0,0
7896,2025-12-24,Desktop,1,1,1,1,0
7897,2025-11-10,Desktop,1,1,1,1,0
7898,2025-10-16,Mobile,1,1,1,1,0
7899,2025-07-12,Desktop,1,1,1,1,1
7900,2025-06-22,Mobile,1,1,1,1,0
7901,2025-07-16,Mobile,1,0,0,0,0
7902,2025-10-21,Mobile,1,1,0,0,0
7903,2025-10-03,Mobile,1,1,1,0,0
7904,2025-11-12,Desktop,1,1,1,0,0
7905,2025-04-04,Tablet,1,1,1,1,1
7906,2025-01-01,Mobile,1,1,1,1,1
7907,2025-04-21,Mobile,1,1,0,0,0
7908,2025-10-05,Mobile,1,0,0,0,0
7909,2025-04-23,Mobile,1,0,0,0,0
7910,2025-03-11,Mobile,1,1,1,1,1
7911,2025-09-21,Desktop,1,0,0,0,0
7912,2025-12-01,Desktop,1,0,0,0,0
7913,2025-04-01,Mobile,1,1,0,0,0
7914,2025-06-01,Desktop,1,1,1,1,1
7915,2025-12-04,Desktop,1,1,0,0,0
7916,2025-03-05,Mobile,1,1,0,0,0
7917,2025-07-11,Mobile,1,1,0,0,0
7918,2025-10-17,Desktop,1,0,0,0,0
7919,2025-02-16,Desktop,1,0,0,0,0
7920,2025-11-07,Desktop,1,1,1,1,1
7921,2025-01-25,Mobile,1,0,0,0,0
7922,2025-03-10,Mobile,1,0,0,0,0
7923,2025-09-30,Mobile,1,0,0,0,0
7924,2025-10-19,Mobile,1,1,0,0,0
7925,2025-03-15,Desktop,1,1,0,0,0
7926,2025-06-13,Mobile,1,1,1,1,1
7927,2025-12-04,Mobile,1,1,0,0,0
7928,2025-12-24,Mobile,1,1,0,0,0
7929,2025-11-25,Mobile,1,0,0,0,0
7930,2025-06-03,Desktop,1,0,0,0,0
7931,2025-05-23,Desktop,1,1,1,1,1
7932,2025-04-16,Mobile,1,1,1,1,0
7933,2025-07-30,Mobile,1,1,1,1,0
7934,2025-08-21,Desktop,1,0,0,0,0
7935,2025-11-21,Mobile,1,0,0,0,0
7936,2025-06-21,Tablet,1,1,1,1,1
7937,2025-04-18,Desktop,1,0,0,0,0
7938,2025-02-19,Mobile,1,1,1,1,1
7939,2025-06-06,Mobile,1,1,0,0,0
7940,2025-01-23,Mobile,1,1,0,0,0
7941,2025-02-26,Mobile,1,1,0,0,0
7942,2025-08-23,Mobile,1,1,1,1,1
7943,2025-07-24,Mobile,1,1,0,0,0
7944,2025-01-28,Mobile,1,1,0,0,0
7945,2025-03-09,Mobile,1,0,0,0,0
7946,2025-06-13,Desktop,1,0,0,0,0
7947,2025-11-29,Mobile,1,0,0,0,0
7948,2025-05-31,Mobile,1,1,0,0,0
7949,2025-07-16,Mobile,1,1,1,0,0
7950,2025-01-05,Mobile,1,0,0,0,0
7951,2025-07-18,Desktop,1,1,0,0,0
7952,2025-07-29,Mobile,1,1,0,0,0
7953,2025-12-19,Desktop,1,1,0,0,0
7954,2025-02-20,Desktop,1,1,0,0,0
7955,2025-12-12,Desktop,1,1,1,1,0
7956,2025-11-06,Desktop,1,1,1,1,1
7957,2025-10-28,Desktop,1,1,0,0,0
7958,2025-10-23,Mobile,1,1,1,0,0
7959,2025-10-03,Tablet,1,1,0,0,0
7960,2025-08-25,Desktop,1,1,0,0,0
7961,2025-03-05,Desktop,1,1,1,1,0
7962,2025-11-23,Mobile,1,1,0,0,0
7963,2025-01-09,Mobile,1,1,0,0,0
7964,2025-11-28,Mobile,1,1,0,0,0
7965,2025-05-22,Desktop,1,0,0,0,0
7966,2025-01-12,Mobile,1,1,1,1,0
7967,2025-03-17,Mobile,1,1,0,0,0
7968,2025-07-20,Mobile,1,0,0,0,0
7969,2025-11-30,Mobile,1,1,0,0,0
7970,2025-07-22,Desktop,1,1,0,0,0
7971,2025-02-09,Mobile,1,1,0,0,0
7972,2025-10-22,Tablet,1,1,0,0,0
7973,2025-12-22,Mobile,1,1,0,0,0
7974,2025-08-10,Mobile,1,1,0,0,0
7975,2025-03-15,Desktop,1,0,0,0,0
7976,2025-10-10,Mobile,1,1,0,0,0
7977,2025-05-19,Mobile,1,1,0,0,0
7978,2025-10-20,Desktop,1,1,1,1,1
7979,2025-10-17,Mobile,1,1,0,0,0
7980,2025-03-07,Mobile,1,1,0,0,0
7981,2025-05-22,Desktop,1,0,0,0,0
7982,2025-03-20,Mobile,1,1,0,0,0
7983,2025-12-28,Mobile,1,1,1,1,1
7984,2025-06-06,Mobile,1,1,1,0,0
7985,2025-06-26,Desktop,1,1,1,1,0
7986,2025-05-01,Mobile,1,0,0,0,0
7987,2025-06-13,Mobile,1,1,0,0,0
7988,2025-06-12,Mobile,1,1,0,0,0
7989,2025-03-29,Mobile,1,1,0,0,0
7990,2025-01-23,Mobile,1,0,0,0,0
7991,2025-02-27,Desktop,1,1,1,0,0
7992,2025-04-30,Mobile,1,0,0,0,0
7993,2025-06-21,Desktop,1,1,0,0,0
7994,2025-11-24,Desktop,1,1,1,0,0
7995,2025-11-10,Mobile,1,1,1,1,0
7996,2025-10-10,Mobile,1,0,0,0,0
7997,2025-06-26,Mobile,1,1,0,0,0
7998,2025-06-01,Desktop,1,0,0,0,0
7999,2025-01-06,Desktop,1,1,0,0,0
8000,2025-07-15,Mobile,1,1,1,1,1
8001,2025-11-20,Desktop,1,1,0,0,0
8002,2025-10-22,Mobile,1,1,0,0,0
8003,2025-05-19,Mobile,1,1,1,0,0
8004,2025-03-04,Desktop,1,0,0,0,0
8005,2025-08-11,Mobile,1,1,1,0,0
8006,2025-09-19,Tablet,1,1,0,0,0
8007,2025-06-28,Mobile,1,1,0,0,0
8008,2025-11-14,Mobile,1,1,1,0,0
8009,2025-02-08,Mobile,1,1,0,0,0
8010,2025-03-27,Mobile,1,1,0,0,0
8011,2025-12-30,Desktop,1,0,0,0,0
8012,2025-03-16,Mobile,1,0,0,0,0
8013,2025-09-09,Desktop,1,1,0,0,0
8014,2025-05-09,Mobile,1,1,0,0,0
8015,2025-01-24,Desktop,1,0,0,0,0
8016,2025-01-13,Desktop,1,1,0,0,0
8017,2025-06-26,Desktop,1,1,0,0,0
8018,2025-07-06,Mobile,1,1,0,0,0
8019,2025-09-11,Desktop,1,1,1,0,0
8020,2025-07-30,Desktop,1,0,0,0,0
8021,2025-07-08,Mobile,1,1,0,0,0
8022,2025-03-19,Desktop,1,1,0,0,0
8023,2025-12-18,Mobile,1,0,0,0,0
8024,2025-07-18,Desktop,1,1,1,0,0
8025,2025-12-12,Mobile,1,1,0,0,0
8026,2025-08-25,Mobile,1,1,1,1,0
8027,2025-04-15,Mobile,1,1,0,0,0
8028,2025-12-23,Desktop,1,1,0,0,0
8029,2025-08-01,Desktop,1,0,0,0,0
8030,2025-04-02,Desktop,1,0,0,0,0
8031,2025-01-16,Mobile,1,1,0,0,0
8032,2025-05-05,Mobile,1,1,1,1,0
8033,2025-06-16,Desktop,1,1,0,0,0
8034,2025-04-20,Mobile,1,1,1,1,0
8035,2025-04-19,Mobile,1,1,0,0,0
8036,2025-05-15,Tablet,1,0,0,0,0
8037,2025-10-19,Mobile,1,1,1,0,0
8038,2025-01-28,Mobile,1,1,0,0,0
8039,2025-12-29,Mobile,1,1,0,0,0
8040,2025-07-12,Desktop,1,1,0,0,0
8041,2025-11-22,Mobile,1,1,1,1,0
8042,2025-05-22,Desktop,1,1,0,0,0
8043,2025-08-29,Mobile,1,0,0,0,0
8044,2025-11-29,Desktop,1,1,0,0,0
8045,2025-12-19,Desktop,1,1,0,0,0
8046,2025-06-10,Mobile,1,0,0,0,0
8047,2025-09-09,Mobile,1,1,1,1,1
8048,2025-07-06,Mobile,1,1,1,0,0
8049,2025-10-28,Mobile,1,0,0,0,0
8050,2025-09-15,Desktop,1,0,0,0,0
8051,2025-07-04,Mobile,1,1,1,1,1
8052,2025-08-05,Desktop,1,1,1,1,1
8053,2025-03-18,Mobile,1,1,1,0,0
8054,2025-01-18,Mobile,1,1,0,0,0
8055,2025-02-18,Mobile,1,1,0,0,0
8056,2025-10-02,Desktop,1,1,0,0,0
8057,2025-11-05,Mobile,1,0,0,0,0
8058,2025-06-21,Mobile,1,0,0,0,0
8059,2025-04-26,Mobile,1,1,1,0,0
8060,2025-10-13,Mobile,1,1,0,0,0
8061,2025-02-08,Desktop,1,1,0,0,0
8062,2025-12-21,Tablet,1,0,0,0,0
8063,2025-09-08,Mobile,1,1,0,0,0
8064,2025-07-19,Mobile,1,1,0,0,0
8065,2025-07-05,Mobile,1,1,0,0,0
8066,2025-09-05,Desktop,1,1,0,0,0
8067,2025-01-13,Mobile,1,1,0,0,0
8068,2025-06-11,Desktop,1,1,0,0,0
8069,2025-06-09,Mobile,1,1,0,0,0
8070,2025-09-26,Desktop,1,1,0,0,0
8071,2025-07-22,Mobile,1,1,0,0,0
8072,2025-05-24,Mobile,1,0,0,0,0
8073,2025-04-10,Desktop,1,0,0,0,0
8074,2025-08-21,Desktop,1,0,0,0,0
8075,2025-12-22,Desktop,1,0,0,0,0
8076,2025-06-29,Mobile,1,0,0,0,0
8077,2025-08-05,Mobile,1,1,0,0,0
8078,2025-03-17,Desktop,1,1,1,0,0
8079,2025-05-10,Mobile,1,1,0,0,0
8080,2025-09-12,Mobile,1,1,0,0,0
8081,2025-04-16,Mobile,1,1,0,0,0
8082,2025-11-01,Mobile,1,1,0,0,0
8083,2025-01-29,Tablet,1,1,1,1,1
8084,2025-11-15,Tablet,1,1,0,0,0
8085,2025-05-20,Desktop,1,1,0,0,0
8086,2025-07-22,Mobile,1,0,0,0,0
8087,2025-08-17,Mobile,1,1,0,0,0
8088,2025-12-05,Mobile,1,1,0,0,0
8089,2025-02-04,Mobile,1,1,1,1,0
8090,2025-12-25,Mobile,1,1,1,1,0
8091,2025-01-09,Mobile,1,1,0,0,0
8092,2025-02-04,Tablet,1,1,0,0,0
8093,2025-12-23,Mobile,1,1,1,1,0
8094,2025-06-18,Desktop,1,0,0,0,0
8095,2025-06-07,Tablet,1,1,0,0,0
8096,2025-03-12,Desktop,1,0,0,0,0
8097,2025-10-07,Desktop,1,1,0,0,0
8098,2025-04-07,Tablet,1,1,0,0,0
8099,2025-04-27,Desktop,1,1,0,0,0
8100,2025-06-03,Mobile,1,0,0,0,0
8101,2025-06-11,Tablet,1,1,1,1,1
8102,2025-05-29,Mobile,1,1,0,0,0
8103,2025-02-21,Mobile,1,0,0,0,0
8104,2025-11-16,Desktop,1,0,0,0,0
8105,2025-04-20,Mobile,1,0,0,0,0
8106,2025-03-29,Mobile,1,1,1,1,0
8107,2025-03-16,Mobile,1,1,0,0,0
8108,2025-12-25,Mobile,1,1,0,0,0
8109,2025-09-08,Desktop,1,1,1,1,0
8110,2025-04-15,Mobile,1,0,0,0,0
8111,2025-11-13,Desktop,1,1,0,0,0
8112,2025-06-30,Desktop,1,1,1,1,1
8113,2025-07-28,Mobile,1,0,0,0,0
8114,2025-10-08,Mobile,1,1,0,0,0
8115,2025-01-29,Mobile,1,0,0,0,0
8116,2025-04-09,Tablet,1,1,1,0,0
8117,2025-08-30,Mobile,1,1,1,1,0
8118,2025-10-09,Mobile,1,1,0,0,0
8119,2025-01-01,Mobile,1,1,0,0,0
8120,2025-05-06,Mobile,1,1,0,0,0
8121,2025-07-03,Mobile,1,1,0,0,0
8122,2025-07-23,Mobile,1,0,0,0,0
8123,2025-01-17,Mobile,1,1,0,0,0
8124,2025-03-10,Desktop,1,1,1,1,1
8125,2025-04-03,Mobile,1,1,1,1,1
8126,2025-09-03,Mobile,1,1,1,0,0
8127,2025-04-13,Desktop,1,1,1,1,1
8128,2025-01-04,Mobile,1,1,0,0,0
8129,2025-04-04,Desktop,1,0,0,0,0
8130,2025-05-22,Desktop,1,1,0,0,0
8131,2025-06-16,Tablet,1,1,0,0,0
8132,2025-04-11,Mobile,1,1,0,0,0
8133,2025-01-05,Desktop,1,1,1,1,1
8134,2025-04-08,Mobile,1,1,0,0,0
8135,2025-02-22,Mobile,1,1,0,0,0
8136,2025-11-19,Mobile,1,1,0,0,0
8137,2025-06-21,Mobile,1,1,0,0,0
8138,2025-04-23,Desktop,1,1,0,0,0
8139,2025-04-11,Mobile,1,1,1,0,0
8140,2025-04-07,Mobile,1,1,0,0,0
8141,2025-05-31,Desktop,1,1,0,0,0
8142,2025-06-20,Desktop,1,1,0,0,0
8143,2025-01-07,Desktop,1,1,0,0,0
8144,2025-06-09,Desktop,1,1,0,0,0
8145,2025-09-16,Mobile,1,0,0,0,0
8146,2025-11-11,Mobile,1,1,0,0,0
8147,2025-12-24,Mobile,1,1,1,0,0
8148,2025-03-13,Tablet,1,1,1,1,1
8149,2025-03-21,Desktop,1,1,0,0,0
8150,2025-05-17,Mobile,1,0,0,0,0
8151,2025-12-01,Mobile,1,1,0,0,0
8152,2025-10-06,Mobile,1,1,1,1,0
8153,2025-02-22,Desktop,1,0,0,0,0
8154,2025-07-30,Mobile,1,1,0,0,0
8155,2025-08-29,Desktop,1,0,0,0,0
8156,2025-08-29,Mobile,1,1,0,0,0
8157,2025-03-14,Tablet,1,0,0,0,0
8158,2025-10-25,Mobile,1,1,1,1,0
8159,2025-08-27,Mobile,1,1,0,0,0
8160,2025-01-31,Desktop,1,1,1,1,1
8161,2025-02-25,Mobile,1,1,1,1,0
8162,2025-04-13,Mobile,1,1,0,0,0
8163,2025-04-19,Desktop,1,1,0,0,0
8164,2025-05-16,Mobile,1,1,0,0,0
8165,2025-12-23,Mobile,1,1,1,0,0
8166,2025-10-19,Desktop,1,1,0,0,0
8167,2025-09-20,Mobile,1,0,0,0,0
8168,2025-05-11,Tablet,1,1,0,0,0
8169,2025-05-01,Desktop,1,1,0,0,0
8170,2025-03-15,Mobile,1,1,1,1,0
8171,2025-05-09,Mobile,1,1,0,0,0
8172,2025-01-10,Mobile,1,1,0,0,0
8173,2025-05-27,Mobile,1,0,0,0,0
8174,2025-09-17,Mobile,1,1,0,0,0
8175,2025-03-11,Mobile,1,1,0,0,0
8176,2025-10-20,Mobile,1,0,0,0,0
8177,2025-05-14,Desktop,1,1,0,0,0
8178,2025-06-16,Mobile,1,0,0,0,0
8179,2025-10-27,Mobile,1,1,1,1,1
8180,2025-08-17,Mobile,1,1,0,0,0
8181,2025-06-17,Desktop,1,1,0,0,0
8182,2025-11-28,Mobile,1,1,0,0,0
8183,2025-03-31,Mobile,1,1,0,0,0
8184,2025-02-17,Desktop,1,0,0,0,0
8185,2025-02-07,Mobile,1,0,0,0,0
8186,2025-04-01,Desktop,1,1,0,0,0
8187,2025-09-18,Desktop,1,1,1,1,1
8188,2025-07-29,Desktop,1,0,0,0,0
8189,2025-05-15,Desktop,1,1,0,0,0
8190,2025-01-18,Mobile,1,0,0,0,0
8191,2025-10-20,Mobile,1,0,0,0,0
8192,2025-06-05,Mobile,1,1,0,0,0
8193,2025-11-08,Mobile,1,1,1,1,1
8194,2025-08-02,Mobile,1,1,0,0,0
8195,2025-02-05,Mobile,1,1,1,1,1
8196,2025-02-28,Mobile,1,1,1,1,1
8197,2025-07-12,Mobile,1,1,0,0,0
8198,2025-07-03,Mobile,1,1,0,0,0
8199,2025-02-28,Desktop,1,1,0,0,0
8200,2025-09-16,Mobile,1,1,1,1,1
8201,2025-05-08,Mobile,1,1,0,0,0
8202,2025-09-28,Mobile,1,1,0,0,0
8203,2025-04-17,Tablet,1,1,0,0,0
8204,2025-02-13,Desktop,1,1,1,0,0
8205,2025-11-29,Mobile,1,1,1,1,0
8206,2025-03-29,Mobile,1,1,1,0,0
8207,2025-12-15,Mobile,1,1,1,1,0
8208,2025-07-06,Mobile,1,0,0,0,0
8209,2025-01-05,Desktop,1,1,0,0,0
8210,2025-04-04,Desktop,1,1,0,0,0
8211,2025-08-05,Desktop,1,1,0,0,0
8212,2025-09-09,Mobile,1,1,0,0,0
8213,2025-07-09,Desktop,1,1,0,0,0
8214,2025-04-26,Desktop,1,1,0,0,0
8215,2025-05-09,Desktop,1,1,1,0,0
8216,2025-05-13,Desktop,1,0,0,0,0
8217,2025-08-19,Desktop,1,1,0,0,0
8218,2025-12-21,Desktop,1,1,0,0,0
8219,2025-02-01,Mobile,1,1,1,1,1
8220,2025-12-18,Mobile,1,0,0,0,0
8221,2025-03-28,Mobile,1,1,0,0,0
8222,2025-05-11,Desktop,1,1,0,0,0
8223,2025-10-28,Desktop,1,1,0,0,0
8224,2025-03-27,Desktop,1,1,0,0,0
8225,2025-05-13,Mobile,1,1,0,0,0
8226,2025-09-06,Mobile,1,1,0,0,0
8227,2025-07-09,Tablet,1,0,0,0,0
8228,2025-01-19,Mobile,1,0,0,0,0
8229,2025-11-11,Mobile,1,1,0,0,0
8230,2025-03-09,Tablet,1,1,0,0,0
8231,2025-06-06,Mobile,1,1,0,0,0
8232,2025-10-18,Desktop,1,1,0,0,0
8233,2025-09-27,Tablet,1,1,0,0,0
8234,2025-06-01,Desktop,1,1,0,0,0
8235,2025-10-22,Mobile,1,0,0,0,0
8236,2025-12-23,Mobile,1,0,0,0,0
8237,2025-09-01,Desktop,1,1,0,0,0
8238,2025-10-26,Tablet,1,0,0,0,0
8239,2025-10-06,Desktop,1,1,0,0,0
8240,2025-07-17,Mobile,1,1,0,0,0
8241,2025-05-20,Mobile,1,1,1,1,0
8242,2025-10-11,Mobile,1,1,1,0,0
8243,2025-12-22,Mobile,1,1,0,0,0
8244,2025-09-17,Mobile,1,0,0,0,0
8245,2025-02-21,Mobile,1,1,0,0,0
8246,2025-01-06,Mobile,1,1,1,1,1
8247,2025-11-22,Mobile,1,1,0,0,0
8248,2025-06-09,Desktop,1,1,0,0,0
8249,2025-11-07,Mobile,1,1,0,0,0
8250,2025-06-04,Mobile,1,1,0,0,0
8251,2025-11-20,Mobile,1,1,0,0,0
8252,2025-09-21,Mobile,1,1,0,0,0
8253,2025-02-28,Mobile,1,0,0,0,0
8254,2025-04-16,Mobile,1,1,1,1,1
8255,2025-04-17,Desktop,1,0,0,0,0
8256,2025-03-26,Tablet,1,1,0,0,0
8257,2025-10-18,Desktop,1,1,0,0,0
8258,2025-06-01,Mobile,1,1,0,0,0
8259,2025-01-03,Mobile,1,1,0,0,0
8260,2025-03-27,Desktop,1,1,0,0,0
8261,2025-08-21,Mobile,1,1,0,0,0
8262,2025-02-09,Mobile,1,1,1,1,1
8263,2025-11-25,Mobile,1,0,0,0,0
8264,2025-10-19,Mobile,1,1,0,0,0
8265,2025-09-15,Mobile,1,0,0,0,0
8266,2025-02-27,Desktop,1,1,1,1,1
8267,2025-07-28,Mobile,1,1,1,1,0
8268,2025-01-08,Mobile,1,0,0,0,0
8269,2025-09-02,Mobile,1,1,1,0,0
8270,2025-11-21,Desktop,1,0,0,0,0
8271,2025-06-13,Tablet,1,1,0,0,0
8272,2025-12-02,Mobile,1,1,0,0,0
8273,2025-04-10,Mobile,1,1,0,0,0
8274,2025-05-13,Mobile,1,1,0,0,0
8275,2025-02-21,Mobile,1,0,0,0,0
8276,2025-03-24,Desktop,1,0,0,0,0
8277,2025-10-07,Desktop,1,1,0,0,0
8278,2025-01-26,Desktop,1,0,0,0,0
8279,2025-07-21,Tablet,1,1,0,0,0
8280,2025-05-13,Mobile,1,0,0,0,0
8281,2025-07-22,Mobile,1,1,1,0,0
8282,2025-04-06,Mobile,1,1,1,1,0
8283,2025-02-03,Desktop,1,0,0,0,0
8284,2025-08-28,Mobile,1,1,0,0,0
8285,2025-01-15,Desktop,1,1,0,0,0
8286,2025-04-22,Mobile,1,1,0,0,0
8287,2025-04-19,Mobile,1,1,0,0,0
8288,2025-02-07,Mobile,1,1,0,0,0
8289,2025-01-20,Mobile,1,1,0,0,0
8290,2025-01-16,Mobile,1,1,1,1,0
8291,2025-04-29,Mobile,1,1,1,0,0
8292,2025-02-23,Desktop,1,1,0,0,0
8293,2025-01-20,Desktop,1,0,0,0,0
8294,2025-05-07,Mobile,1,1,1,0,0
8295,2025-04-26,Mobile,1,1,0,0,0
8296,2025-02-26,Desktop,1,1,1,1,1
8297,2025-09-01,Desktop,1,1,0,0,0
8298,2025-04-29,Mobile,1,0,0,0,0
8299,2025-03-20,Desktop,1,0,0,0,0
8300,2025-02-08,Desktop,1,1,1,1,1
8301,2025-05-10,Desktop,1,1,0,0,0
8302,2025-04-29,Desktop,1,1,1,1,1
8303,2025-09-17,Mobile,1,1,1,0,0
8304,2025-09-02,Desktop,1,1,1,1,1
8305,2025-02-06,Desktop,1,0,0,0,0
8306,2025-11-16,Desktop,1,1,0,0,0
8307,2025-12-22,Mobile,1,1,0,0,0
8308,2025-05-28,Mobile,1,1,1,0,0
8309,2025-05-01,Desktop,1,1,1,1,0
8310,2025-01-07,Mobile,1,1,0,0,0
8311,2025-09-17,Mobile,1,1,0,0,0
8312,2025-05-30,Mobile,1,1,0,0,0
8313,2025-08-16,Mobile,1,1,1,1,0
8314,2025-03-07,Mobile,1,1,0,0,0
8315,2025-01-10,Mobile,1,1,0,0,0
8316,2025-10-18,Desktop,1,0,0,0,0
8317,2025-08-11,Mobile,1,0,0,0,0
8318,2025-11-20,Desktop,1,1,1,1,1
8319,2025-07-31,Mobile,1,0,0,0,0
8320,2025-01-22,Tablet,1,1,0,0,0
8321,2025-09-01,Mobile,1,1,0,0,0
8322,2025-07-08,Mobile,1,0,0,0,0
8323,2025-08-02,Mobile,1,1,0,0,0
8324,2025-02-02,Mobile,1,1,1,1,1
8325,2025-04-30,Desktop,1,0,0,0,0
8326,2025-04-10,Mobile,1,1,0,0,0
8327,2025-09-04,Mobile,1,1,0,0,0
8328,2025-08-07,Desktop,1,1,1,1,0
8329,2025-02-04,Mobile,1,0,0,0,0
8330,2025-09-28,Desktop,1,1,0,0,0
8331,2025-01-22,Tablet,1,1,1,1,0
8332,2025-07-30,Desktop,1,1,0,0,0
8333,2025-02-02,Tablet,1,0,0,0,0
8334,2025-11-24,Tablet,1,1,0,0,0
8335,2025-07-27,Mobile,1,1,1,1,0
8336,2025-02-22,Mobile,1,1,0,0,0
8337,2025-12-22,Desktop,1,1,0,0,0
8338,2025-03-09,Mobile,1,1,0,0,0
8339,2025-08-24,Mobile,1,0,0,0,0
8340,2025-05-28,Mobile,1,1,0,0,0
8341,2025-03-30,Tablet,1,0,0,0,0
8342,2025-10-20,Mobile,1,1,1,1,1
8343,2025-03-17,Mobile,1,0,0,0,0
8344,2025-07-04,Desktop,1,1,1,1,1
8345,2025-07-05,Tablet,1,1,1,1,1
8346,2025-09-19,Mobile,1,0,0,0,0
8347,2025-10-05,Desktop,1,1,0,0,0
8348,2025-10-06,Desktop,1,1,1,1,1
8349,2025-10-19,Tablet,1,1,1,1,1
8350,2025-11-09,Mobile,1,1,1,0,0
8351,2025-03-18,Mobile,1,0,0,0,0
8352,2025-03-10,Mobile,1,1,0,0,0
8353,2025-04-10,Tablet,1,0,0,0,0
8354,2025-05-27,Mobile,1,1,0,0,0
8355,2025-03-27,Mobile,1,1,0,0,0
8356,2025-05-04,Mobile,1,1,0,0,0
8357,2025-04-18,Tablet,1,1,0,0,0
8358,2025-12-13,Mobile,1,0,0,0,0
8359,2025-10-21,Desktop,1,1,1,1,1
8360,2025-10-12,Mobile,1,1,1,0,0
8361,2025-11-12,Mobile,1,0,0,0,0
8362,2025-04-14,Mobile,1,1,0,0,0
8363,2025-01-15,Mobile,1,1,0,0,0
8364,2025-02-01,Mobile,1,1,1,1,0
8365,2025-10-13,Desktop,1,1,0,0,0
8366,2025-08-18,Desktop,1,1,1,1,1
8367,2025-03-13,Mobile,1,0,0,0,0
8368,2025-05-19,Desktop,1,1,0,0,0
8369,2025-02-25,Mobile,1,1,1,1,1
8370,2025-03-24,Mobile,1,1,0,0,0
8371,2025-09-15,Desktop,1,1,0,0,0
8372,2025-03-16,Mobile,1,1,0,0,0
8373,2025-03-16,Mobile,1,1,1,0,0
8374,2025-02-23,Mobile,1,1,0,0,0
8375,2025-05-09,Mobile,1,1,0,0,0
8376,2025-02-17,Mobile,1,1,0,0,0
8377,2025-01-07,Desktop,1,0,0,0,0
8378,2025-01-26,Desktop,1,1,1,0,0
8379,2025-10-03,Desktop,1,1,0,0,0
8380,2025-07-05,Mobile,1,1,0,0,0
8381,2025-11-06,Tablet,1,1,1,1,1
8382,2025-06-30,Tablet,1,0,0,0,0
8383,2025-04-24,Desktop,1,1,1,0,0
8384,2025-11-26,Mobile,1,0,0,0,0
8385,2025-07-16,Desktop,1,1,1,1,0
8386,2025-04-28,Mobile,1,1,0,0,0
8387,2025-03-17,Desktop,1,0,0,0,0
8388,2025-03-18,Mobile,1,1,0,0,0
8389,2025-10-14,Desktop,1,1,1,1,1
8390,2025-05-19,Mobile,1,1,1,1,0
8391,2025-11-30,Mobile,1,1,0,0,0
8392,2025-02-09,Mobile,1,1,0,0,0
8393,2025-11-25,Mobile,1,1,1,0,0
8394,2025-05-18,Mobile,1,1,0,0,0
8395,2025-07-22,Mobile,1,1,0,0,0
8396,2025-07-21,Mobile,1,1,1,1,1
8397,2025-07-24,Mobile,1,1,0,0,0
8398,2025-10-15,Mobile,1,1,1,0,0
8399,2025-04-05,Desktop,1,0,0,0,0
8400,2025-08-07,Mobile,1,1,1,1,1
8401,2025-10-11,Mobile,1,1,0,0,0
8402,2025-10-19,Mobile,1,1,0,0,0
8403,2025-02-28,Mobile,1,1,0,0,0
8404,2025-08-10,Desktop,1,0,0,0,0
8405,2025-01-29,Desktop,1,1,0,0,0
8406,2025-02-15,Mobile,1,1,0,0,0
8407,2025-03-24,Mobile,1,1,0,0,0
8408,2025-03-09,Mobile,1,1,0,0,0
8409,2025-10-12,Mobile,1,1,0,0,0
8410,2025-08-13,Desktop,1,1,0,0,0
8411,2025-03-12,Tablet,1,1,0,0,0
8412,2025-05-17,Desktop,1,1,0,0,0
8413,2025-12-10,Mobile,1,0,0,0,0
8414,2025-03-17,Mobile,1,1,0,0,0
8415,2025-02-07,Mobile,1,1,0,0,0
8416,2025-08-20,Mobile,1,1,0,0,0
8417,2025-08-23,Desktop,1,1,0,0,0
8418,2025-07-17,Mobile,1,1,0,0,0
8419,2025-10-11,Tablet,1,1,0,0,0
8420,2025-05-06,Desktop,1,1,0,0,0
8421,2025-06-09,Mobile,1,1,1,1,0
8422,2025-05-26,Mobile,1,1,0,0,0
8423,2025-08-23,Mobile,1,1,0,0,0
8424,2025-04-19,Desktop,1,1,1,1,1
8425,2025-06-22,Mobile,1,0,0,0,0
8426,2025-12-09,Desktop,1,0,0,0,0
8427,2025-07-14,Mobile,1,1,1,0,0
8428,2025-01-08,Mobile,1,0,0,0,0
8429,2025-03-12,Desktop,1,1,0,0,0
8430,2025-03-31,Mobile,1,0,0,0,0
8431,2025-09-18,Desktop,1,0,0,0,0
8432,2025-12-26,Mobile,1,1,0,0,0
8433,2025-02-21,Mobile,1,1,1,1,0
8434,2025-10-12,Mobile,1,1,0,0,0
8435,2025-11-04,Mobile,1,1,0,0,0
8436,2025-03-17,Mobile,1,1,0,0,0
8437,2025-05-08,Mobile,1,1,0,0,0
8438,2025-12-21,Mobile,1,0,0,0,0
8439,2025-03-02,Mobile,1,1,0,0,0
8440,2025-01-24,Mobile,1,1,1,1,0
8441,2025-10-04,Mobile,1,1,0,0,0
8442,2025-11-29,Mobile,1,0,0,0,0
8443,2025-01-17,Desktop,1,1,0,0,0
8444,2025-05-14,Tablet,1,1,0,0,0
8445,2025-05-25,Desktop,1,1,1,1,0
8446,2025-07-20,Desktop,1,1,0,0,0
8447,2025-10-19,Tablet,1,1,0,0,0
8448,2025-11-12,Desktop,1,0,0,0,0
8449,2025-07-19,Mobile,1,1,0,0,0
8450,2025-07-13,Mobile,1,0,0,0,0
8451,2025-04-16,Desktop,1,1,1,1,1
8452,2025-05-09,Mobile,1,1,1,1,1
8453,2025-07-09,Desktop,1,1,0,0,0
8454,2025-10-01,Mobile,1,1,0,0,0
8455,2025-12-11,Tablet,1,1,0,0,0
8456,2025-05-28,Mobile,1,1,1,0,0
8457,2025-01-08,Mobile,1,1,1,1,0
8458,2025-03-13,Mobile,1,1,0,0,0
8459,2025-08-23,Desktop,1,1,0,0,0
8460,2025-11-17,Mobile,1,1,0,0,0
8461,2025-10-17,Tablet,1,1,0,0,0
8462,2025-01-22,Mobile,1,1,0,0,0
8463,2025-04-07,Mobile,1,1,0,0,0
8464,2025-11-29,Desktop,1,0,0,0,0
8465,2025-11-06,Desktop,1,1,1,1,1
8466,2025-05-03,Mobile,1,1,0,0,0
8467,2025-10-26,Mobile,1,0,0,0,0
8468,2025-11-27,Desktop,1,1,1,0,0
8469,2025-06-20,Desktop,1,1,0,0,0
8470,2025-04-17,Tablet,1,0,0,0,0
8471,2025-05-30,Mobile,1,0,0,0,0
8472,2025-12-18,Mobile,1,1,0,0,0
8473,2025-05-06,Desktop,1,0,0,0,0
8474,2025-09-03,Mobile,1,0,0,0,0
8475,2025-10-16,Desktop,1,1,0,0,0
8476,2025-08-29,Mobile,1,1,0,0,0
8477,2025-08-27,Desktop,1,0,0,0,0
8478,2025-11-17,Mobile,1,0,0,0,0
8479,2025-04-04,Desktop,1,1,0,0,0
8480,2025-01-05,Mobile,1,1,1,0,0
8481,2025-06-16,Desktop,1,1,0,0,0
8482,2025-02-20,Tablet,1,1,1,0,0
8483,2025-10-29,Mobile,1,1,0,0,0
8484,2025-05-23,Mobile,1,1,0,0,0
8485,2025-12-29,Mobile,1,1,0,0,0
8486,2025-10-14,Mobile,1,0,0,0,0
8487,2025-06-10,Mobile,1,1,1,1,1
8488,2025-01-21,Mobile,1,1,0,0,0
8489,2025-07-18,Mobile,1,0,0,0,0
8490,2025-10-04,Mobile,1,1,0,0,0
8491,2025-08-13,Desktop,1,1,1,1,0
8492,2025-10-15,Mobile,1,0,0,0,0
8493,2025-02-03,Desktop,1,0,0,0,0
8494,2025-04-27,Desktop,1,1,0,0,0
8495,2025-12-19,Tablet,1,1,0,0,0
8496,2025-08-19,Mobile,1,1,1,0,0
8497,2025-11-26,Tablet,1,1,1,1,1
8498,2025-11-22,Tablet,1,1,0,0,0
8499,2025-12-02,Mobile,1,1,1,1,0
8500,2025-12-30,Mobile,1,1,0,0,0
8501,2025-07-09,Mobile,1,0,0,0,0
8502,2025-10-29,Mobile,1,0,0,0,0
8503,2025-03-20,Mobile,1,0,0,0,0
8504,2025-09-01,Desktop,1,1,1,0,0
8505,2025-05-23,Mobile,1,1,1,0,0
8506,2025-08-01,Mobile,1,0,0,0,0
8507,2025-11-01,Mobile,1,0,0,0,0
8508,2025-01-20,Tablet,1,0,0,0,0
8509,2025-07-15,Mobile,1,1,0,0,0
8510,2025-11-14,Mobile,1,1,0,0,0
8511,2025-10-11,Tablet,1,1,0,0,0
8512,2025-07-20,Mobile,1,0,0,0,0
8513,2025-11-01,Mobile,1,1,0,0,0
8514,2025-04-02,Mobile,1,1,1,1,0
8515,2025-10-18,Mobile,1,1,1,1,1
8516,2025-06-25,Mobile,1,1,0,0,0
8517,2025-07-23,Mobile,1,0,0,0,0
8518,2025-08-11,Mobile,1,1,1,0,0
8519,2025-04-12,Desktop,1,1,0,0,0
8520,2025-10-22,Mobile,1,0,0,0,0
8521,2025-05-12,Desktop,1,0,0,0,0
8522,2025-06-04,Desktop,1,0,0,0,0
8523,2025-01-13,Mobile,1,1,0,0,0
8524,2025-11-23,Tablet,1,0,0,0,0
8525,2025-01-08,Desktop,1,1,0,0,0
8526,2025-10-04,Tablet,1,1,1,0,0
8527,2025-07-26,Tablet,1,0,0,0,0
8528,2025-06-06,Mobile,1,1,1,0,0
8529,2025-05-06,Mobile,1,0,0,0,0
8530,2025-04-11,Mobile,1,1,0,0,0
8531,2025-12-28,Mobile,1,1,1,0,0
8532,2025-07-03,Desktop,1,1,0,0,0
8533,2025-04-09,Mobile,1,1,0,0,0
8534,2025-11-13,Mobile,1,1,1,0,0
8535,2025-03-20,Mobile,1,0,0,0,0
8536,2025-07-30,Mobile,1,1,0,0,0
8537,2025-07-10,Tablet,1,1,1,1,1
8538,2025-03-22,Mobile,1,0,0,0,0
8539,2025-09-04,Mobile,1,0,0,0,0
8540,2025-07-10,Desktop,1,1,0,0,0
8541,2025-08-13,Mobile,1,1,0,0,0
8542,2025-04-16,Mobile,1,0,0,0,0
8543,2025-10-22,Mobile,1,1,0,0,0
8544,2025-09-12,Tablet,1,0,0,0,0
8545,2025-07-17,Mobile,1,1,0,0,0
8546,2025-06-02,Desktop,1,1,0,0,0
8547,2025-06-19,Mobile,1,1,0,0,0
8548,2025-01-21,Tablet,1,1,1,0,0
8549,2025-06-22,Mobile,1,1,0,0,0
8550,2025-05-21,Mobile,1,1,0,0,0
8551,2025-08-22,Mobile,1,1,0,0,0
8552,2025-07-27,Mobile,1,1,0,0,0
8553,2025-05-06,Desktop,1,1,0,0,0
8554,2025-02-28,Mobile,1,1,0,0,0
8555,2025-09-12,Mobile,1,1,1,1,1
8556,2025-09-24,Desktop,1,1,0,0,0
8557,2025-06-01,Tablet,1,0,0,0,0
8558,2025-11-18,Mobile,1,1,0,0,0
8559,2025-06-19,Desktop,1,1,1,0,0
8560,2025-11-12,Mobile,1,1,0,0,0
8561,2025-08-28,Mobile,1,1,1,0,0
8562,2025-01-22,Mobile,1,1,0,0,0
8563,2025-04-28,Desktop,1,1,1,1,0
8564,2025-07-03,Mobile,1,1,0,0,0
8565,2025-07-05,Desktop,1,1,0,0,0
8566,2025-03-18,Desktop,1,1,0,0,0
8567,2025-04-24,Desktop,1,1,0,0,0
8568,2025-11-24,Mobile,1,0,0,0,0
8569,2025-06-26,Mobile,1,1,1,0,0
8570,2025-04-20,Mobile,1,1,0,0,0
8571,2025-08-26,Mobile,1,1,0,0,0
8572,2025-07-07,Mobile,1,1,0,0,0
8573,2025-10-24,Mobile,1,1,0,0,0
8574,2025-12-24,Tablet,1,1,1,1,0
8575,2025-03-16,Desktop,1,1,1,1,1
8576,2025-06-28,Tablet,1,1,1,0,0
8577,2025-10-28,Mobile,1,1,1,1,0
8578,2025-03-02,Mobile,1,1,1,1,1
8579,2025-10-02,Mobile,1,1,0,0,0
8580,2025-06-09,Mobile,1,0,0,0,0
8581,2025-04-10,Desktop,1,1,0,0,0
8582,2025-10-27,Mobile,1,1,1,1,1
8583,2025-01-27,Mobile,1,0,0,0,0
8584,2025-12-04,Desktop,1,1,1,0,0
8585,2025-01-24,Desktop,1,1,0,0,0
8586,2025-11-17,Mobile,1,1,0,0,0
8587,2025-12-06,Tablet,1,1,0,0,0
8588,2025-01-03,Mobile,1,1,0,0,0
8589,2025-11-14,Desktop,1,1,0,0,0
8590,2025-08-30,Mobile,1,1,1,1,0
8591,2025-08-22,Mobile,1,0,0,0,0
8592,2025-09-05,Desktop,1,0,0,0,0
8593,2025-12-19,Desktop,1,1,0,0,0
8594,2025-11-16,Mobile,1,1,1,1,0
8595,2025-04-10,Mobile,1,1,0,0,0
8596,2025-12-28,Desktop,1,1,0,0,0
8597,2025-07-23,Mobile,1,1,1,1,1
8598,2025-08-27,Mobile,1,1,0,0,0
8599,2025-01-09,Mobile,1,0,0,0,0
8600,2025-02-02,Desktop,1,0,0,0,0
8601,2025-01-25,Mobile,1,1,0,0,0
8602,2025-07-13,Mobile,1,0,0,0,0
8603,2025-05-21,Tablet,1,0,0,0,0
8604,2025-05-28,Mobile,1,1,0,0,0
8605,2025-02-07,Desktop,1,1,1,1,1
8606,2025-06-04,Mobile,1,0,0,0,0
8607,2025-12-12,Tablet,1,1,0,0,0
8608,2025-10-22,Mobile,1,1,1,0,0
8609,2025-08-11,Mobile,1,1,0,0,0
8610,2025-02-28,Mobile,1,1,0,0,0
8611,2025-08-13,Mobile,1,0,0,0,0
8612,2025-09-22,Mobile,1,1,0,0,0
8613,2025-09-20,Mobile,1,1,1,1,0
8614,2025-02-07,Mobile,1,1,0,0,0
8615,2025-04-29,Tablet,1,0,0,0,0
8616,2025-01-08,Mobile,1,1,0,0,0
8617,2025-03-27,Mobile,1,1,1,0,0
8618,2025-05-30,Mobile,1,1,0,0,0
8619,2025-04-21,Desktop,1,1,1,1,0
8620,2025-11-30,Desktop,1,1,1,1,1
8621,2025-06-10,Mobile,1,0,0,0,0
8622,2025-01-14,Desktop,1,1,1,0,0
8623,2025-11-03,Mobile,1,1,1,1,1
8624,2025-10-02,Mobile,1,1,1,1,0
8625,2025-01-31,Mobile,1,1,0,0,0
8626,2025-01-22,Desktop,1,1,1,1,1
8627,2025-12-05,Mobile,1,1,0,0,0
8628,2025-05-04,Mobile,1,0,0,0,0
8629,2025-03-01,Mobile,1,0,0,0,0
8630,2025-09-07,Desktop,1,0,0,0,0
8631,2025-12-02,Tablet,1,1,1,1,0
8632,2025-05-10,Mobile,1,1,0,0,0
8633,2025-05-03,Mobile,1,1,0,0,0
8634,2025-05-25,Mobile,1,0,0,0,0
8635,2025-07-26,Mobile,1,1,0,0,0
8636,2025-12-23,Mobile,1,1,1,0,0
8637,2025-10-03,Tablet,1,1,1,1,1
8638,2025-08-15,Mobile,1,0,0,0,0
8639,2025-10-04,Mobile,1,0,0,0,0
8640,2025-05-31,Desktop,1,1,1,1,1
8641,2025-07-28,Mobile,1,1,1,0,0
8642,2025-05-31,Tablet,1,0,0,0,0
8643,2025-12-07,Tablet,1,0,0,0,0
8644,2025-10-30,Desktop,1,1,0,0,0
8645,2025-03-18,Desktop,1,0,0,0,0
8646,2025-04-08,Mobile,1,1,1,0,0
8647,2025-12-01,Desktop,1,1,1,1,0
8648,2025-09-27,Mobile,1,0,0,0,0
8649,2025-06-08,Desktop,1,1,0,0,0
8650,2025-09-05,Tablet,1,1,0,0,0
8651,2025-06-27,Desktop,1,1,0,0,0
8652,2025-08-04,Desktop,1,1,0,0,0
8653,2025-07-08,Mobile,1,0,0,0,0
8654,2025-10-16,Desktop,1,1,0,0,0
8655,2025-04-14,Mobile,1,1,0,0,0
8656,2025-03-24,Desktop,1,0,0,0,0
8657,2025-01-17,Mobile,1,1,0,0,0
8658,2025-12-06,Mobile,1,1,0,0,0
8659,2025-10-05,Desktop,1,1,1,1,1
8660,2025-02-26,Desktop,1,1,1,0,0
8661,2025-12-23,Desktop,1,1,0,0,0
8662,2025-04-19,Mobile,1,1,0,0,0
8663,2025-02-08,Desktop,1,1,1,1,1
8664,2025-08-12,Mobile,1,0,0,0,0
8665,2025-01-30,Mobile,1,1,1,1,1
8666,2025-11-16,Mobile,1,1,0,0,0
8667,2025-09-25,Mobile,1,1,0,0,0
8668,2025-11-28,Mobile,1,0,0,0,0
8669,2025-01-27,Mobile,1,1,0,0,0
8670,2025-03-15,Mobile,1,0,0,0,0
8671,2025-02-08,Mobile,1,0,0,0,0
8672,2025-01-04,Desktop,1,1,0,0,0
8673,2025-07-28,Tablet,1,0,0,0,0
8674,2025-12-21,Desktop,1,1,1,1,1
8675,2025-09-03,Desktop,1,1,0,0,0
8676,2025-10-17,Desktop,1,1,0,0,0
8677,2025-02-16,Mobile,1,1,0,0,0
8678,2025-11-07,Tablet,1,1,0,0,0
8679,2025-09-04,Desktop,1,1,0,0,0
8680,2025-10-10,Mobile,1,0,0,0,0
8681,2025-10-18,Desktop,1,1,1,0,0
8682,2025-03-29,Mobile,1,1,1,0,0
8683,2025-08-17,Desktop,1,1,1,1,1
8684,2025-07-21,Desktop,1,1,0,0,0
8685,2025-12-15,Tablet,1,1,1,0,0
8686,2025-08-16,Mobile,1,0,0,0,0
8687,2025-12-22,Mobile,1,1,0,0,0
8688,2025-06-07,Mobile,1,1,0,0,0
8689,2025-01-20,Desktop,1,1,0,0,0
8690,2025-06-05,Tablet,1,1,0,0,0
8691,2025-12-01,Mobile,1,1,0,0,0
8692,2025-04-01,Mobile,1,1,1,1,0
8693,2025-09-09,Mobile,1,1,1,0,0
8694,2025-12-15,Mobile,1,1,0,0,0
8695,2025-12-10,Mobile,1,1,0,0,0
8696,2025-03-27,Mobile,1,1,0,0,0
8697,2025-09-13,Tablet,1,0,0,0,0
8698,2025-03-29,Mobile,1,1,1,1,1
8699,2025-10-25,Tablet,1,1,0,0,0
8700,2025-06-07,Mobile,1,1,1,1,1
8701,2025-10-22,Tablet,1,1,0,0,0
8702,2025-06-17,Desktop,1,1,0,0,0
8703,2025-04-16,Mobile,1,0,0,0,0
8704,2025-06-15,Mobile,1,1,0,0,0
8705,2025-01-16,Mobile,1,1,1,0,0
8706,2025-09-12,Mobile,1,1,1,1,1
8707,2025-01-25,Tablet,1,1,1,0,0
8708,2025-12-04,Mobile,1,1,0,0,0
8709,2025-01-13,Mobile,1,1,1,1,0
8710,2025-06-09,Mobile,1,1,1,1,0
8711,2025-07-09,Desktop,1,1,0,0,0
8712,2025-08-05,Mobile,1,1,1,1,1
8713,2025-06-29,Mobile,1,1,0,0,0
8714,2025-09-07,Mobile,1,1,0,0,0
8715,2025-05-10,Desktop,1,1,0,0,0
8716,2025-03-12,Mobile,1,1,1,0,0
8717,2025-03-09,Mobile,1,0,0,0,0
8718,2025-11-23,Tablet,1,1,0,0,0
8719,2025-07-12,Mobile,1,1,0,0,0
8720,2025-05-26,Mobile,1,1,1,1,1
8721,2025-09-04,Mobile,1,1,1,0,0
8722,2025-05-20,Desktop,1,1,1,1,0
8723,2025-07-17,Mobile,1,1,0,0,0
8724,2025-04-16,Mobile,1,1,0,0,0
8725,2025-09-22,Desktop,1,0,0,0,0
8726,2025-12-29,Desktop,1,1,1,0,0
8727,2025-01-26,Mobile,1,1,0,0,0
8728,2025-12-25,Mobile,1,1,1,1,0
8729,2025-06-03,Mobile,1,1,1,1,0
8730,2025-10-19,Desktop,1,1,0,0,0
8731,2025-02-16,Mobile,1,1,0,0,0
8732,2025-04-29,Desktop,1,1,0,0,0
8733,2025-09-18,Mobile,1,1,0,0,0
8734,2025-10-25,Desktop,1,1,1,1,0
8735,2025-03-11,Mobile,1,1,0,0,0
8736,2025-12-02,Mobile,1,1,0,0,0
8737,2025-04-01,Desktop,1,1,1,1,1
8738,2025-05-12,Desktop,1,1,1,0,0
8739,2025-05-28,Mobile,1,1,0,0,0
8740,2025-11-12,Mobile,1,1,0,0,0
8741,2025-01-10,Mobile,1,0,0,0,0
8742,2025-03-02,Desktop,1,0,0,0,0
8743,2025-10-26,Mobile,1,0,0,0,0
8744,2025-03-28,Mobile,1,1,0,0,0
8745,2025-05-23,Mobile,1,0,0,0,0
8746,2025-09-18,Desktop,1,0,0,0,0
8747,2025-12-05,Desktop,1,1,0,0,0
8748,2025-12-11,Desktop,1,1,0,0,0
8749,2025-06-23,Tablet,1,1,0,0,0
8750,2025-03-20,Mobile,1,0,0,0,0
8751,2025-01-18,Desktop,1,1,1,1,0
8752,2025-08-24,Mobile,1,1,1,0,0
8753,2025-10-03,Desktop,1,1,1,1,0
8754,2025-10-07,Mobile,1,1,1,0,0
8755,2025-10-02,Desktop,1,1,0,0,0
8756,2025-08-05,Mobile,1,0,0,0,0
8757,2025-12-19,Desktop,1,1,0,0,0
8758,2025-01-07,Desktop,1,0,0,0,0
8759,2025-12-03,Mobile,1,0,0,0,0
8760,2025-11-08,Desktop,1,1,0,0,0
8761,2025-02-21,Desktop,1,1,1,0,0
8762,2025-06-22,Mobile,1,0,0,0,0
8763,2025-09-11,Mobile,1,1,0,0,0
8764,2025-10-24,Mobile,1,1,0,0,0
8765,2025-05-28,Desktop,1,0,0,0,0
8766,2025-08-10,Mobile,1,0,0,0,0
8767,2025-03-13,Tablet,1,1,0,0,0
8768,2025-01-13,Mobile,1,1,1,1,1
8769,2025-04-14,Tablet,1,1,0,0,0
8770,2025-06-30,Tablet,1,1,0,0,0
8771,2025-07-18,Desktop,1,1,0,0,0
8772,2025-03-05,Desktop,1,1,0,0,0
8773,2025-10-27,Mobile,1,1,1,0,0
8774,2025-04-02,Desktop,1,1,0,0,0
8775,2025-07-18,Mobile,1,1,1,1,0
8776,2025-11-15,Mobile,1,0,0,0,0
8777,2025-01-08,Desktop,1,1,0,0,0
8778,2025-11-17,Desktop,1,0,0,0,0
8779,2025-09-07,Desktop,1,1,0,0,0
8780,2025-11-09,Desktop,1,1,1,1,0
8781,2025-10-06,Mobile,1,0,0,0,0
8782,2025-10-31,Mobile,1,1,0,0,0
8783,2025-06-28,Mobile,1,1,0,0,0
8784,2025-08-09,Mobile,1,1,0,0,0
8785,2025-03-06,Mobile,1,1,0,0,0
8786,2025-04-15,Mobile,1,1,0,0,0
8787,2025-02-05,Desktop,1,0,0,0,0
8788,2025-11-02,Mobile,1,1,0,0,0
8789,2025-11-15,Mobile,1,0,0,0,0
8790,2025-05-08,Mobile,1,1,0,0,0
8791,2025-02-12,Desktop,1,1,0,0,0
8792,2025-12-11,Mobile,1,0,0,0,0
8793,2025-02-10,Tablet,1,0,0,0,0
8794,2025-02-23,Mobile,1,0,0,0,0
8795,2025-04-16,Mobile,1,0,0,0,0
8796,2025-07-29,Mobile,1,1,1,1,0
8797,2025-04-24,Desktop,1,1,0,0,0
8798,2025-08-23,Mobile,1,1,1,1,1
8799,2025-10-12,Mobile,1,1,0,0,0
8800,2025-07-29,Mobile,1,1,1,1,0
8801,2025-06-02,Mobile,1,0,0,0,0
8802,2025-10-05,Mobile,1,1,0,0,0
8803,2025-02-14,Mobile,1,1,1,1,1
8804,2025-10-13,Tablet,1,0,0,0,0
8805,2025-02-19,Mobile,1,1,1,1,0
8806,2025-06-02,Mobile,1,0,0,0,0
8807,2025-02-08,Mobile,1,1,0,0,0
8808,2025-12-29,Mobile,1,1,1,0,0
8809,2025-07-26,Mobile,1,1,0,0,0
8810,2025-10-25,Mobile,1,1,0,0,0
8811,2025-10-06,Desktop,1,1,1,1,1
8812,2025-06-21,Mobile,1,1,0,0,0
8813,2025-11-02,Tablet,1,1,0,0,0
8814,2025-04-21,Mobile,1,1,0,0,0
8815,2025-01-10,Mobile,1,1,0,0,0
8816,2025-02-07,Desktop,1,1,0,0,0
8817,2025-08-27,Mobile,1,1,0,0,0
8818,2025-11-28,Desktop,1,0,0,0,0
8819,2025-08-28,Mobile,1,1,1,0,0
8820,2025-04-21,Mobile,1,1,0,0,0
8821,2025-03-12,Mobile,1,0,0,0,0
8822,2025-08-24,Mobile,1,1,1,0,0
8823,2025-09-08,Desktop,1,1,0,0,0
8824,2025-06-11,Mobile,1,1,0,0,0
8825,2025-05-16,Mobile,1,1,1,1,0
8826,2025-08-18,Desktop,1,1,1,1,0
8827,2025-01-09,Desktop,1,1,0,0,0
8828,2025-04-15,Desktop,1,1,0,0,0
8829,2025-11-27,Desktop,1,1,0,0,0
8830,2025-06-27,Mobile,1,1,0,0,0
8831,2025-04-12,Desktop,1,1,0,0,0
8832,2025-10-12,Desktop,1,1,0,0,0
8833,2025-01-24,Tablet,1,1,0,0,0
8834,2025-05-07,Desktop,1,1,1,1,1
8835,2025-01-05,Mobile,1,0,0,0,0
8836,2025-12-01,Mobile,1,1,0,0,0
8837,2025-03-10,Mobile,1,1,0,0,0
8838,2025-04-05,Mobile,1,1,1,1,1
8839,2025-06-07,Mobile,1,0,0,0,0
8840,2025-01-08,Tablet,1,1,0,0,0
8841,2025-10-11,Mobile,1,1,0,0,0
8842,2025-08-16,Mobile,1,1,0,0,0
8843,2025-07-24,Desktop,1,1,0,0,0
8844,2025-02-18,Mobile,1,0,0,0,0
8845,2025-09-27,Mobile,1,1,0,0,0
8846,2025-12-10,Tablet,1,1,1,1,0
8847,2025-08-23,Mobile,1,1,1,0,0
8848,2025-12-29,Mobile,1,0,0,0,0
8849,2025-10-27,Mobile,1,1,0,0,0
8850,2025-08-23,Desktop,1,1,0,0,0
8851,2025-03-10,Mobile,1,1,0,0,0
8852,2025-10-22,Desktop,1,1,0,0,0
8853,2025-04-05,Desktop,1,0,0,0,0
8854,2025-04-16,Mobile,1,1,0,0,0
8855,2025-08-24,Mobile,1,0,0,0,0
8856,2025-08-11,Desktop,1,0,0,0,0
8857,2025-01-22,Mobile,1,0,0,0,0
8858,2025-06-29,Mobile,1,0,0,0,0
8859,2025-01-02,Mobile,1,1,0,0,0
8860,2025-12-24,Mobile,1,0,0,0,0
8861,2025-07-30,Mobile,1,1,0,0,0
8862,2025-01-27,Mobile,1,0,0,0,0
8863,2025-11-05,Mobile,1,0,0,0,0
8864,2025-08-15,Mobile,1,1,1,1,1
8865,2025-09-15,Mobile,1,0,0,0,0
8866,2025-01-11,Desktop,1,1,0,0,0
8867,2025-08-02,Mobile,1,1,0,0,0
8868,2025-01-28,Desktop,1,0,0,0,0
8869,2025-12-10,Mobile,1,1,1,1,1
8870,2025-07-21,Tablet,1,1,1,1,1
8871,2025-12-04,Mobile,1,1,1,1,0
8872,2025-11-15,Desktop,1,1,0,0,0
8873,2025-02-28,Mobile,1,0,0,0,0
8874,2025-09-19,Mobile,1,0,0,0,0
8875,2025-11-26,Mobile,1,1,0,0,0
8876,2025-04-24,Mobile,1,1,0,0,0
8877,2025-02-01,Mobile,1,1,0,0,0
8878,2025-11-10,Mobile,1,0,0,0,0
8879,2025-10-22,Mobile,1,0,0,0,0
8880,2025-02-13,Mobile,1,1,1,0,0
8881,2025-12-24,Mobile,1,1,0,0,0
8882,2025-04-06,Desktop,1,0,0,0,0
8883,2025-07-13,Desktop,1,1,0,0,0
8884,2025-09-01,Mobile,1,1,0,0,0
8885,2025-05-02,Mobile,1,1,0,0,0
8886,2025-05-05,Mobile,1,1,0,0,0
8887,2025-02-03,Desktop,1,1,1,1,1
8888,2025-01-29,Tablet,1,1,0,0,0
8889,2025-07-03,Mobile,1,1,0,0,0
8890,2025-01-06,Mobile,1,1,0,0,0
8891,2025-03-18,Desktop,1,1,0,0,0
8892,2025-04-04,Mobile,1,1,0,0,0
8893,2025-08-18,Mobile,1,1,1,1,0
8894,2025-03-25,Desktop,1,1,0,0,0
8895,2025-08-16,Desktop,1,1,0,0,0
8896,2025-11-02,Mobile,1,0,0,0,0
8897,2025-08-26,Mobile,1,0,0,0,0
8898,2025-09-02,Mobile,1,1,0,0,0
8899,2025-12-02,Mobile,1,1,0,0,0
8900,2025-12-05,Mobile,1,1,1,1,0
8901,2025-08-28,Mobile,1,1,0,0,0
8902,2025-04-22,Mobile,1,1,0,0,0
8903,2025-12-07,Desktop,1,0,0,0,0
8904,2025-08-07,Desktop,1,1,0,0,0
8905,2025-12-06,Mobile,1,1,0,0,0
8906,2025-07-07,Desktop,1,1,0,0,0
8907,2025-04-11,Desktop,1,0,0,0,0
8908,2025-01-16,Mobile,1,1,0,0,0
8909,2025-11-26,Desktop,1,0,0,0,0
8910,2025-10-31,Mobile,1,0,0,0,0
8911,2025-11-17,Tablet,1,1,1,1,1
8912,2025-02-21,Mobile,1,1,0,0,0
8913,2025-02-16,Mobile,1,0,0,0,0
8914,2025-09-19,Mobile,1,0,0,0,0
8915,2025-12-22,Mobile,1,1,0,0,0
8916,2025-03-06,Mobile,1,1,1,1,1
8917,2025-08-11,Desktop,1,1,1,1,1
8918,2025-11-20,Mobile,1,1,0,0,0
8919,2025-04-02,Desktop,1,1,1,1,0
8920,2025-06-03,Mobile,1,1,0,0,0
8921,2025-01-29,Desktop,1,0,0,0,0
8922,2025-10-22,Tablet,1,1,0,0,0
8923,2025-03-21,Mobile,1,1,0,0,0
8924,2025-12-29,Desktop,1,1,0,0,0
8925,2025-02-17,Desktop,1,0,0,0,0
8926,2025-02-03,Tablet,1,1,1,1,1
8927,2025-12-04,Desktop,1,0,0,0,0
8928,2025-12-18,Mobile,1,1,0,0,0
8929,2025-07-23,Tablet,1,1,1,1,1
8930,2025-05-08,Tablet,1,1,0,0,0
8931,2025-06-28,Mobile,1,1,0,0,0
8932,2025-09-28,Mobile,1,1,0,0,0
8933,2025-05-08,Desktop,1,1,1,1,1
8934,2025-09-21,Mobile,1,0,0,0,0
8935,2025-08-29,Tablet,1,0,0,0,0
8936,2025-12-13,Desktop,1,1,1,1,1
8937,2025-08-16,Tablet,1,1,0,0,0
8938,2025-04-21,Mobile,1,1,1,1,1
8939,2025-06-01,Mobile,1,1,0,0,0
8940,2025-11-27,Mobile,1,1,1,1,0
8941,2025-11-26,Mobile,1,0,0,0,0
8942,2025-02-07,Mobile,1,1,1,1,0
8943,2025-07-21,Desktop,1,0,0,0,0
8944,2025-11-22,Mobile,1,1,0,0,0
8945,2025-06-02,Mobile,1,1,0,0,0
8946,2025-11-22,Mobile,1,1,0,0,0
8947,2025-10-02,Desktop,1,1,0,0,0
8948,2025-07-13,Mobile,1,1,1,1,0
8949,2025-01-19,Mobile,1,1,0,0,0
8950,2025-01-27,Mobile,1,1,0,0,0
8951,2025-06-23,Desktop,1,1,0,0,0
8952,2025-01-19,Mobile,1,1,0,0,0
8953,2025-02-26,Mobile,1,1,1,1,1
8954,2025-06-21,Desktop,1,0,0,0,0
8955,2025-12-20,Mobile,1,1,0,0,0
8956,2025-09-09,Mobile,1,0,0,0,0
8957,2025-05-24,Desktop,1,1,0,0,0
8958,2025-12-05,Tablet,1,1,1,1,1
8959,2025-03-01,Desktop,1,1,0,0,0
8960,2025-04-26,Mobile,1,1,0,0,0
8961,2025-08-23,Mobile,1,1,0,0,0
8962,2025-07-22,Desktop,1,1,0,0,0
8963,2025-03-23,Mobile,1,1,0,0,0
8964,2025-06-10,Tablet,1,1,1,1,1
8965,2025-07-18,Mobile,1,1,0,0,0
8966,2025-06-23,Mobile,1,1,0,0,0
8967,2025-06-26,Mobile,1,1,0,0,0
8968,2025-07-07,Mobile,1,1,1,0,0
8969,2025-09-15,Desktop,1,1,0,0,0
8970,2025-10-08,Mobile,1,1,1,0,0
8971,2025-02-14,Mobile,1,1,0,0,0
8972,2025-07-27,Mobile,1,1,1,1,1
8973,2025-08-29,Mobile,1,0,0,0,0
8974,2025-09-04,Desktop,1,1,0,0,0
8975,2025-03-22,Mobile,1,1,0,0,0
8976,2025-12-08,Desktop,1,1,0,0,0
8977,2025-10-28,Desktop,1,1,0,0,0
8978,2025-03-29,Desktop,1,1,0,0,0
8979,2025-06-11,Mobile,1,1,1,1,0
8980,2025-08-27,Tablet,1,1,1,1,1
8981,2025-09-22,Desktop,1,1,1,1,1
8982,2025-06-14,Mobile,1,1,0,0,0
8983,2025-02-19,Desktop,1,1,0,0,0
8984,2025-02-03,Mobile,1,1,1,1,1
8985,2025-02-24,Desktop,1,1,1,0,0
8986,2025-05-17,Desktop,1,1,0,0,0
8987,2025-01-17,Mobile,1,1,0,0,0
8988,2025-07-16,Mobile,1,1,0,0,0
8989,2025-12-01,Desktop,1,0,0,0,0
8990,2025-01-06,Mobile,1,1,0,0,0
8991,2025-05-18,Desktop,1,1,0,0,0
8992,2025-06-01,Mobile,1,0,0,0,0
8993,2025-10-28,Mobile,1,1,1,0,0
8994,2025-06-01,Desktop,1,1,1,0,0
8995,2025-07-25,Mobile,1,1,0,0,0
8996,2025-05-30,Mobile,1,0,0,0,0
8997,2025-09-10,Mobile,1,1,0,0,0
8998,2025-08-21,Mobile,1,1,1,1,1
8999,2025-08-03,Mobile,1,1,1,1,1
9000,2025-09-05,Desktop,1,0,0,0,0
