line_id,date,category,region,quantity,unit_price,discount,returned,unit_cost,net_sales,contribution
1,2025-01-12,Home,East,4,126.47,0.0,0,69.98,505.88,225.95999999999998
2,2025-08-07,Electronics,East,4,201.62,0.05,0,91.42,766.156,400.47599999999994
3,2025-02-13,Grocery,South,4,94.1,0.05,0,46.37,357.58,172.1
4,2025-08-02,Electronics,West,1,93.95,0.0,0,58.49,93.95,35.46
5,2025-05-30,Clothing,West,2,157.01,0.05,0,81.86,298.31899999999996,134.59899999999996
6,2025-01-18,Electronics,East,1,204.21,0.0,0,149.33,204.21,54.879999999999995
7,2025-01-03,Electronics,North,2,222.72,0.3,0,187.9,311.808,-63.99200000000002
8,2025-12-05,Clothing,South,1,214.94,0.15,0,112.59,182.69899999999998,70.10899999999998
9,2025-12-10,Clothing,West,4,17.26,0.05,0,9.65,65.58800000000001,26.988000000000007
10,2025-12-25,Home,North,2,187.08,0.05,0,156.32,355.452,42.81200000000001
11,2025-10-31,Grocery,South,1,190.02,0.3,0,140.18,133.014,-7.165999999999997
12,2025-08-04,Electronics,East,3,87.44,0.3,0,64.5,183.624,-9.876000000000005
13,2025-06-23,Electronics,North,1,60.51,0.15,0,38.66,51.433499999999995,12.773499999999999
14,2025-01-17,Home,North,1,139.24,0.3,0,109.1,97.468,-11.63199999999999
15,2025-11-02,Grocery,East,5,206.96,0.3,0,160.32,724.3599999999999,-77.24000000000001
16,2025-06-20,Electronics,East,4,24.64,0.3,0,18.65,68.99199999999999,-5.608000000000004
17,2025-02-07,Clothing,East,4,167.34,0.05,0,77.7,635.8919999999999,325.0919999999999
18,2025-01-10,Home,North,1,164.83,0.15,0,134.21,140.1055,5.895499999999998
19,2025-02-27,Grocery,East,5,213.94,0.15,0,96.73,909.245,425.59499999999997
20,2025-06-18,Home,South,3,148.13,0.15,0,109.91,377.7315,48.001499999999965
21,2025-03-29,Home,West,5,109.39,0.3,0,55.6,382.865,104.86500000000001
22,2025-04-05,Clothing,East,3,158.9,0.15,0,84.76,405.19500000000005,150.91500000000002
23,2025-10-03,Electronics,North,1,242.12,0.15,0,109.05,205.802,96.752
24,2025-09-25,Electronics,North,1,216.87,0.15,0,121.73,184.3395,62.60949999999998
25,2025-09-20,Clothing,West,2,167.16,0.3,0,77.41,234.02399999999997,79.20399999999998
26,2025-07-20,Home,West,3,139.88,0.05,0,72.01,398.65799999999996,182.62799999999993
27,2025-11-02,Electronics,North,2,195.19,0.05,0,107.18,370.861,156.50099999999998
28,2025-01-18,Electronics,East,4,243.18,0.0,0,201.71,972.72,165.88
29,2025-07-20,Clothing,South,4,63.16,0.3,0,30.95,176.84799999999998,53.04799999999999
30,2025-06-06,Clothing,South,2,31.53,0.15,0,18.23,53.601,17.141
31,2025-10-12,Home,West,1,88.01,0.15,0,58.32,74.80850000000001,16.48850000000001
32,2025-05-13,Electronics,North,3,77.92,0.3,0,50.99,163.63199999999998,10.661999999999978
33,2025-05-19,Grocery,North,3,114.69,0.3,0,64.89,240.849,46.178999999999974
34,2025-01-31,Electronics,South,3,123.03,0.15,0,81.84,313.72650000000004,68.20650000000003
35,2025-01-22,Grocery,West,2,220.54,0.3,0,140.36,308.756,28.035999999999945
36,2025-07-01,Grocery,West,2,41.96,0.0,0,28.7,83.92,26.520000000000003
37,2025-01-30,Clothing,South,5,221.47,0.15,0,166.23,941.2475,110.09749999999997
38,2025-11-26,Home,West,2,154.24,0.0,0,74.71,308.48,159.06000000000003
39,2025-04-05,Clothing,East,1,139.47,0.0,0,93.42,139.47,46.05
40,2025-02-06,Home,South,1,94.42,0.0,1,72.01,0.0,0.0
41,2025-03-09,Clothing,West,2,69.18,0.05,0,51.04,131.442,29.36200000000001
42,2025-11-29,Clothing,North,4,140.42,0.0,0,84.11,561.68,225.23999999999995
43,2025-07-16,Home,South,3,182.83,0.05,0,120.04,521.0654999999999,160.94549999999992
44,2025-04-03,Electronics,South,3,38.01,0.15,0,31.76,96.9255,1.6454999999999984
45,2025-04-21,Grocery,North,1,63.1,0.15,0,47.35,53.635,6.284999999999997
46,2025-04-11,Grocery,East,1,45.36,0.05,0,38.33,43.092,4.7620000000000005
47,2025-08-06,Clothing,South,3,22.56,0.0,0,14.78,67.67999999999999,23.339999999999996
48,2025-09-01,Home,West,4,235.37,0.05,0,187.59,894.406,144.04599999999994
49,2025-03-15,Grocery,West,4,219.17,0.05,0,137.99,832.8459999999999,280.88599999999985
50,2025-05-30,Home,North,3,83.01,0.0,0,58.99,249.03000000000003,72.06000000000003
51,2025-04-27,Grocery,North,2,243.21,0.0,0,172.21,486.42,142.0
52,2025-06-17,Clothing,North,4,142.66,0.05,0,85.86,542.108,198.66799999999995
53,2025-09-01,Clothing,West,2,96.82,0.15,1,68.2,0.0,0.0
54,2025-04-07,Home,East,3,56.24,0.3,0,27.25,118.10399999999998,36.353999999999985
55,2025-08-04,Grocery,North,3,68.72,0.3,0,47.62,144.31199999999998,1.4519999999999982
56,2025-01-12,Grocery,North,5,180.51,0.3,0,151.21,631.785,-124.2650000000001
57,2025-07-01,Clothing,East,1,198.3,0.15,0,141.02,168.555,27.534999999999997
58,2025-12-17,Electronics,North,2,103.1,0.0,0,59.16,206.2,87.88
59,2025-04-25,Clothing,South,4,167.43,0.15,0,130.36,569.2620000000001,47.822
60,2025-04-19,Clothing,North,1,130.74,0.05,0,98.67,124.203,25.533
61,2025-01-12,Clothing,South,2,85.44,0.3,0,58.16,119.61599999999999,3.2959999999999923
62,2025-12-21,Clothing,North,3,122.96,0.15,0,75.85,313.548,85.99800000000002
63,2025-03-27,Home,West,2,100.13,0.15,0,50.67,170.22099999999998,68.88099999999997
64,2025-07-10,Home,West,3,113.08,0.15,1,70.39,0.0,0.0
65,2025-04-20,Home,East,3,249.02,0.3,1,189.56,0.0,0.0
66,2025-03-30,Electronics,North,1,73.29,0.05,0,42.97,69.6255,26.655500000000004
67,2025-08-30,Home,West,5,74.94,0.15,0,46.93,318.495,83.845
68,2025-07-23,Electronics,South,1,62.18,0.0,0,51.19,62.18,10.990000000000002
69,2025-08-01,Clothing,North,3,137.23,0.3,0,80.13,288.18299999999994,47.79299999999995
70,2025-12-20,Grocery,East,5,43.43,0.3,0,23.98,152.005,32.10499999999999
71,2025-10-29,Electronics,West,4,241.3,0.15,0,110.84,820.4200000000001,377.06000000000006
72,2025-05-21,Grocery,North,1,66.17,0.05,0,44.34,62.8615,18.521499999999996
73,2025-05-07,Grocery,East,4,96.44,0.05,0,51.0,366.472,162.47199999999998
74,2025-03-09,Grocery,North,3,42.19,0.15,0,31.9,107.58449999999999,11.884500000000003
75,2025-01-19,Home,North,1,96.35,0.3,0,43.68,67.445,23.764999999999993
76,2025-07-11,Electronics,South,2,120.99,0.05,1,79.47,0.0,0.0
77,2025-08-21,Home,East,4,169.85,0.05,1,98.91,0.0,0.0
78,2025-06-08,Home,West,1,119.72,0.3,0,84.28,83.80399999999999,-0.4760000000000133
79,2025-06-10,Home,West,1,79.64,0.05,0,61.09,75.658,14.567999999999998
80,2025-10-11,Grocery,South,1,58.57,0.15,0,31.78,49.7845,18.0045
81,2025-12-07,Home,West,2,99.96,0.05,0,82.12,189.92399999999998,25.68399999999997
82,2025-08-09,Grocery,North,2,156.03,0.05,0,105.43,296.457,85.59699999999998
83,2025-01-07,Clothing,North,4,19.15,0.3,0,9.49,53.61999999999999,15.65999999999999
84,2025-03-23,Grocery,East,1,147.46,0.15,0,73.87,125.34100000000001,51.471000000000004
85,2025-02-27,Grocery,East,1,17.84,0.3,0,13.82,12.488,-1.3320000000000007
86,2025-06-07,Grocery,East,3,184.08,0.3,0,94.45,386.568,103.21799999999996
87,2025-04-05,Electronics,South,4,61.82,0.05,0,49.37,234.916,37.43600000000001
88,2025-07-30,Electronics,South,5,91.45,0.3,0,45.43,320.075,92.92499999999998
89,2025-07-14,Home,East,4,92.97,0.15,0,49.1,316.098,119.69800000000001
90,2025-03-25,Electronics,West,2,113.77,0.05,0,80.05,216.16299999999998,56.06299999999999
91,2025-03-25,Grocery,West,5,178.88,0.0,0,109.44,894.4,347.19999999999993
92,2025-09-12,Home,South,4,244.83,0.15,0,199.72,832.422,33.54200000000003
93,2025-01-01,Grocery,North,1,91.7,0.0,0,41.63,91.7,50.07
94,2025-05-24,Electronics,East,1,174.87,0.05,0,84.62,166.1265,81.50649999999999
95,2025-11-24,Grocery,North,4,31.47,0.05,0,22.75,119.58599999999998,28.585999999999984
96,2025-07-13,Home,South,3,163.3,0.15,0,96.96,416.415,125.53500000000003
97,2025-05-20,Grocery,South,3,31.4,0.05,0,23.21,89.48999999999998,19.859999999999985
98,2025-03-16,Clothing,North,4,156.04,0.3,0,84.33,436.912,99.59199999999998
99,2025-05-16,Clothing,South,5,79.64,0.3,0,62.78,278.73999999999995,-35.160000000000025
100,2025-12-12,Clothing,South,2,214.59,0.0,0,113.05,429.18,203.08
101,2025-09-18,Home,West,4,42.15,0.3,0,35.6,118.01999999999998,-24.380000000000024
102,2025-01-19,Home,North,4,125.91,0.3,0,87.07,352.54799999999994,4.267999999999972
103,2025-08-28,Grocery,East,5,226.48,0.0,0,120.17,1132.3999999999999,531.5499999999998
104,2025-07-09,Home,North,5,201.64,0.05,0,126.61,957.7899999999998,324.7399999999999
105,2025-04-13,Electronics,East,5,91.87,0.3,0,60.04,321.545,21.345000000000027
106,2025-09-11,Clothing,South,3,16.62,0.0,0,8.68,49.86,23.82
107,2025-09-02,Electronics,North,5,117.58,0.15,0,87.12,499.715,64.11499999999995
108,2025-04-21,Clothing,North,3,60.1,0.3,0,47.32,126.21,-15.750000000000014
109,2025-04-25,Home,West,3,56.89,0.05,0,31.42,162.1365,67.87650000000001
110,2025-08-16,Grocery,West,3,213.09,0.05,0,110.69,607.3064999999999,275.2364999999999
111,2025-02-07,Home,South,3,207.2,0.3,0,95.49,435.1199999999999,148.64999999999992
112,2025-06-07,Home,West,5,232.65,0.05,0,181.61,1105.0874999999999,197.0374999999998
113,2025-04-21,Clothing,South,1,112.82,0.3,0,81.19,78.97399999999999,-2.216000000000008
114,2025-07-28,Grocery,South,2,198.5,0.0,0,137.22,397.0,122.56
115,2025-07-02,Clothing,South,1,162.69,0.15,0,113.12,138.2865,25.166499999999985
116,2025-11-27,Grocery,North,3,90.13,0.15,0,54.83,229.83149999999998,65.34149999999997
117,2025-02-18,Grocery,South,2,49.51,0.15,0,34.72,84.16699999999999,14.72699999999999
118,2025-03-01,Clothing,South,2,135.6,0.3,0,99.44,189.83999999999997,-9.04000000000002
119,2025-08-02,Clothing,South,1,232.17,0.15,0,109.23,197.34449999999998,88.11449999999998
120,2025-05-27,Home,West,2,193.47,0.05,0,96.78,367.59299999999996,174.03299999999996
121,2025-12-28,Electronics,South,3,245.18,0.0,0,189.73,735.54,166.35000000000002
122,2025-09-28,Clothing,North,5,80.2,0.05,0,43.52,380.95,163.34999999999997
123,2025-09-03,Clothing,North,3,204.31,0.0,0,118.3,612.9300000000001,258.0300000000001
124,2025-09-02,Electronics,West,2,21.07,0.15,0,10.5,35.819,14.819000000000003
125,2025-05-31,Clothing,North,4,88.08,0.3,0,51.76,246.62399999999997,39.583999999999975
126,2025-10-03,Grocery,North,5,171.87,0.15,0,140.74,730.4475,26.747499999999945
127,2025-03-05,Home,East,2,101.19,0.15,0,48.39,172.023,75.243
128,2025-02-01,Clothing,West,3,226.31,0.0,0,168.56,678.9300000000001,173.25000000000006
129,2025-03-17,Clothing,South,4,63.29,0.15,1,40.97,0.0,0.0
130,2025-09-06,Grocery,West,4,157.65,0.05,0,124.37,599.07,101.59000000000003
131,2025-02-08,Grocery,East,5,113.26,0.05,0,51.7,537.985,279.485
132,2025-12-03,Clothing,East,4,176.51,0.3,0,127.64,494.22799999999995,-16.33200000000005
133,2025-10-27,Electronics,West,4,67.14,0.05,0,34.76,255.13199999999998,116.09199999999998
134,2025-11-21,Grocery,West,4,199.67,0.05,1,140.1,0.0,0.0
135,2025-08-22,Grocery,North,3,234.88,0.3,0,130.51,493.24799999999993,101.71799999999996
136,2025-09-23,Grocery,South,2,44.3,0.3,0,21.08,62.01999999999999,19.859999999999992
137,2025-08-02,Home,East,1,47.91,0.05,0,24.72,45.5145,20.7945
138,2025-11-06,Grocery,West,2,26.35,0.15,0,15.7,44.795,13.395000000000003
139,2025-12-02,Clothing,South,4,37.31,0.15,0,18.17,126.854,54.17399999999999
140,2025-07-20,Clothing,North,4,30.97,0.3,0,15.78,86.716,23.595999999999997
141,2025-11-21,Grocery,East,3,24.35,0.0,0,16.43,73.05000000000001,23.760000000000012
142,2025-07-01,Electronics,East,2,119.5,0.0,0,88.02,239.0,62.96000000000001
143,2025-12-02,Home,North,1,138.29,0.15,0,88.11,117.5465,29.436499999999995
144,2025-11-25,Clothing,South,5,165.68,0.0,0,115.84,828.4000000000001,249.20000000000005
145,2025-05-15,Clothing,North,2,15.97,0.05,0,8.27,30.343,13.803
146,2025-07-07,Grocery,East,3,134.96,0.0,0,88.78,404.88,138.53999999999996
147,2025-05-24,Home,North,4,215.61,0.15,0,112.58,733.0740000000001,282.7540000000001
148,2025-08-16,Grocery,West,5,105.5,0.15,0,66.32,448.375,116.77500000000003
149,2025-11-29,Grocery,East,3,128.93,0.0,0,68.4,386.79,181.59
150,2025-08-29,Grocery,South,1,204.63,0.3,0,99.4,143.24099999999999,43.84099999999998
151,2025-02-18,Grocery,South,5,162.65,0.0,0,116.41,813.25,231.20000000000005
152,2025-02-15,Grocery,East,4,66.44,0.05,0,41.3,252.47199999999998,87.27199999999999
153,2025-01-04,Grocery,West,1,137.6,0.15,0,80.86,116.96,36.099999999999994
154,2025-12-25,Clothing,South,5,205.31,0.3,0,137.48,718.5849999999999,31.184999999999945
155,2025-07-20,Home,North,2,211.0,0.3,0,117.97,295.4,59.45999999999998
156,2025-06-08,Home,West,4,97.31,0.15,0,57.42,330.854,101.17399999999998
157,2025-04-09,Clothing,South,5,240.0,0.15,0,193.04,1020.0,54.80000000000007
158,2025-08-10,Electronics,North,5,57.52,0.0,0,38.13,287.6,96.95000000000002
159,2025-10-20,Electronics,North,4,38.08,0.0,0,25.45,152.32,50.519999999999996
160,2025-01-05,Electronics,West,3,110.45,0.3,0,65.81,231.945,34.514999999999986
161,2025-11-18,Home,West,4,132.66,0.3,0,74.13,371.448,74.928
162,2025-05-31,Grocery,West,5,78.7,0.05,1,56.71,0.0,0.0
163,2025-11-29,Home,North,4,45.84,0.3,0,32.02,128.352,0.27199999999999136
164,2025-09-14,Home,South,2,35.49,0.15,0,21.02,60.333,18.293
165,2025-12-31,Clothing,North,4,234.63,0.0,1,141.03,0.0,0.0
166,2025-06-03,Grocery,South,5,92.27,0.05,0,46.11,438.28249999999997,207.73249999999996
167,2025-08-29,Electronics,North,5,174.42,0.3,0,125.99,610.4699999999999,-19.480000000000018
168,2025-11-05,Clothing,East,5,76.85,0.0,0,44.59,384.25,161.29999999999998
169,2025-02-25,Clothing,South,2,204.2,0.0,0,103.11,408.4,202.17999999999998
170,2025-05-17,Electronics,East,1,184.89,0.05,0,126.13,175.64549999999997,49.515499999999975
171,2025-08-18,Electronics,South,1,46.31,0.05,0,25.49,43.9945,18.504500000000004
172,2025-11-16,Grocery,East,1,126.36,0.0,0,99.82,126.36,26.540000000000006
173,2025-03-09,Electronics,East,1,117.35,0.15,0,98.51,99.74749999999999,1.237499999999983
174,2025-05-21,Electronics,South,2,22.36,0.15,1,18.96,0.0,0.0
175,2025-10-07,Clothing,North,3,98.03,0.3,0,64.04,205.863,13.742999999999995
176,2025-10-11,Grocery,South,4,103.47,0.3,0,79.86,289.71599999999995,-29.724000000000046
177,2025-06-12,Home,North,1,133.69,0.0,0,64.12,133.69,69.57
178,2025-11-12,Clothing,North,5,138.82,0.05,1,97.71,0.0,0.0
179,2025-08-23,Clothing,South,2,186.96,0.3,0,107.65,261.74399999999997,46.44399999999996
180,2025-08-10,Grocery,West,2,196.34,0.05,0,97.99,373.046,177.066
181,2025-01-17,Clothing,West,3,150.54,0.3,0,107.29,316.13399999999996,-5.736000000000047
182,2025-09-18,Electronics,West,5,30.17,0.05,0,23.91,143.3075,23.757500000000007
183,2025-02-20,Home,South,4,201.1,0.05,0,149.91,764.18,164.53999999999996
184,2025-12-30,Home,North,5,213.73,0.05,0,112.53,1015.2174999999999,452.5674999999999
185,2025-08-19,Home,West,5,167.16,0.05,0,127.84,794.0099999999999,154.80999999999983
186,2025-06-03,Grocery,West,3,168.27,0.15,0,102.28,429.08850000000007,122.24850000000004
187,2025-06-18,Clothing,North,3,208.45,0.3,0,124.8,437.7449999999999,63.344999999999914
188,2025-09-01,Grocery,East,3,234.2,0.05,0,190.54,667.4699999999999,95.84999999999991
189,2025-11-04,Home,West,4,51.91,0.0,0,28.15,207.64,95.03999999999999
190,2025-01-13,Clothing,East,3,249.32,0.05,0,149.75,710.562,261.312
191,2025-04-19,Clothing,South,1,140.44,0.3,0,108.13,98.30799999999999,-9.822000000000003
192,2025-01-15,Clothing,West,4,35.67,0.05,0,19.25,135.546,58.54599999999999
193,2025-01-26,Home,North,5,47.25,0.0,0,22.66,236.25,122.95
194,2025-10-21,Clothing,North,4,113.33,0.05,0,55.02,430.654,210.57399999999998
195,2025-07-15,Clothing,North,1,23.45,0.15,0,15.58,19.932499999999997,4.352499999999997
196,2025-11-30,Home,South,1,225.65,0.0,0,134.29,225.65,91.36000000000001
197,2025-03-27,Electronics,North,1,77.68,0.15,0,60.35,66.028,5.678000000000004
198,2025-01-07,Home,South,4,104.23,0.3,0,66.58,291.844,25.524
199,2025-08-15,Home,South,5,177.51,0.3,0,146.85,621.285,-112.96500000000003
200,2025-10-10,Home,South,2,226.34,0.05,0,126.32,430.046,177.406
201,2025-08-11,Clothing,West,3,139.57,0.05,0,94.27,397.7745,114.96449999999999
202,2025-12-25,Grocery,East,4,218.56,0.0,0,100.63,874.24,471.72
203,2025-04-16,Clothing,West,2,179.13,0.15,0,99.67,304.52099999999996,105.18099999999995
204,2025-08-20,Clothing,East,3,31.16,0.0,0,26.26,93.48,14.700000000000003
205,2025-05-12,Clothing,West,5,82.12,0.05,0,54.14,390.07,119.37
206,2025-02-24,Clothing,North,2,104.72,0.3,0,53.49,146.60799999999998,39.62799999999997
207,2025-07-08,Clothing,North,4,41.86,0.3,0,34.28,117.20799999999998,-19.91200000000002
208,2025-10-04,Grocery,East,4,32.68,0.15,1,17.41,0.0,0.0
209,2025-04-26,Electronics,North,1,163.26,0.3,0,75.21,114.28199999999998,39.07199999999999
210,2025-10-31,Grocery,West,1,207.37,0.0,1,170.75,0.0,0.0
211,2025-06-24,Electronics,North,3,51.07,0.3,0,34.86,107.247,2.6670000000000016
212,2025-06-19,Home,North,2,69.46,0.0,0,52.98,138.92,32.959999999999994
213,2025-06-20,Clothing,West,5,74.49,0.05,0,52.89,353.8275,89.3775
214,2025-10-28,Grocery,East,3,205.68,0.0,0,157.04,617.04,145.91999999999996
215,2025-06-17,Grocery,North,1,175.56,0.3,0,91.1,122.892,31.792
216,2025-03-16,Electronics,North,3,227.1,0.05,1,145.17,0.0,0.0
217,2025-04-14,Clothing,North,4,196.04,0.0,0,161.85,784.16,136.76
218,2025-04-10,Home,East,1,93.78,0.15,0,58.5,79.713,21.212999999999994
219,2025-06-11,Grocery,East,2,229.25,0.3,0,170.43,320.95,-19.910000000000025
220,2025-09-07,Electronics,North,4,79.07,0.15,0,47.41,268.83799999999997,79.19799999999998
221,2025-11-09,Grocery,South,1,36.36,0.05,1,25.96,0.0,0.0
222,2025-07-06,Grocery,North,2,86.52,0.3,0,58.86,121.12799999999999,3.407999999999987
223,2025-04-07,Electronics,West,3,213.28,0.0,0,106.29,639.84,320.97
224,2025-03-02,Clothing,West,3,23.51,0.15,0,14.96,59.9505,15.070499999999996
225,2025-10-06,Home,North,3,151.23,0.05,1,92.87,0.0,0.0
226,2025-01-24,Electronics,North,3,154.87,0.3,0,107.6,325.227,2.427000000000021
227,2025-08-25,Home,North,3,108.09,0.05,0,63.25,308.05649999999997,118.30649999999997
228,2025-09-04,Clothing,West,3,47.96,0.3,0,39.13,100.716,-16.67400000000002
229,2025-01-25,Electronics,West,1,60.19,0.15,0,27.94,51.1615,23.221499999999995
230,2025-02-03,Clothing,West,5,23.84,0.15,0,13.01,101.32,36.269999999999996
231,2025-05-07,Grocery,South,2,33.36,0.0,0,18.43,66.72,29.86
232,2025-03-25,Home,North,5,191.27,0.0,0,104.18,956.35,435.44999999999993
233,2025-07-01,Electronics,North,1,219.26,0.3,0,129.24,153.48199999999997,24.241999999999962
234,2025-06-27,Grocery,West,4,91.15,0.3,0,43.66,255.22,80.58000000000001
235,2025-01-15,Home,South,2,157.91,0.15,0,105.89,268.447,56.667
236,2025-04-24,Electronics,West,4,72.53,0.0,0,52.82,290.12,78.84
237,2025-03-29,Clothing,West,1,45.81,0.0,0,23.3,45.81,22.51
238,2025-12-14,Electronics,North,4,130.64,0.3,0,99.01,365.7919999999999,-30.248000000000104
239,2025-06-09,Home,West,1,121.65,0.3,0,83.91,85.155,1.2450000000000045
240,2025-12-05,Grocery,North,4,32.05,0.3,0,16.96,89.73999999999998,21.899999999999977
241,2025-02-04,Home,South,4,167.03,0.0,0,86.0,668.12,324.12
242,2025-05-30,Electronics,North,2,186.58,0.3,0,148.92,261.212,-36.627999999999986
243,2025-08-03,Grocery,North,4,74.03,0.05,0,59.18,281.31399999999996,44.593999999999966
244,2025-10-15,Clothing,South,3,79.16,0.05,0,62.71,225.60599999999997,37.47599999999997
245,2025-02-02,Electronics,East,1,137.73,0.05,0,66.41,130.84349999999998,64.43349999999998
246,2025-07-09,Home,South,3,56.95,0.15,0,36.59,145.22250000000003,35.452500000000015
247,2025-06-12,Grocery,North,1,60.96,0.15,0,29.46,51.816,22.356
248,2025-03-07,Home,West,1,241.11,0.15,0,139.77,204.9435,65.17349999999999
249,2025-08-21,Electronics,South,1,140.46,0.0,0,79.63,140.46,60.83000000000001
250,2025-07-20,Clothing,South,3,244.82,0.3,0,143.8,514.122,82.72199999999992
251,2025-09-12,Electronics,South,2,158.13,0.15,0,80.12,268.82099999999997,108.58099999999996
252,2025-11-21,Home,East,1,162.51,0.0,0,107.43,162.51,55.079999999999984
253,2025-02-03,Home,South,2,86.73,0.05,0,64.09,164.787,36.607
254,2025-05-11,Home,North,5,207.19,0.15,0,156.82,880.5575,96.4575000000001
255,2025-05-28,Clothing,North,2,187.37,0.3,0,117.69,262.318,26.937999999999988
256,2025-05-03,Grocery,West,2,194.72,0.3,0,101.87,272.608,68.868
257,2025-07-04,Electronics,North,5,219.76,0.05,1,159.49,0.0,0.0
258,2025-04-23,Home,North,2,212.94,0.05,1,151.77,0.0,0.0
259,2025-10-25,Grocery,East,3,69.57,0.3,0,39.81,146.09699999999998,26.666999999999973
260,2025-10-14,Clothing,West,5,202.23,0.3,0,98.3,707.805,216.30499999999995
261,2025-05-01,Grocery,South,5,116.79,0.05,0,96.8,554.7525,70.75250000000005
262,2025-08-25,Clothing,South,3,83.5,0.15,0,49.72,212.92499999999998,63.764999999999986
263,2025-01-20,Grocery,North,2,125.79,0.05,1,92.85,0.0,0.0
264,2025-03-29,Grocery,East,4,153.32,0.0,0,88.51,613.28,259.23999999999995
265,2025-02-07,Grocery,West,3,93.9,0.0,0,65.15,281.70000000000005,86.25000000000003
266,2025-05-16,Home,West,5,43.26,0.3,0,20.05,151.40999999999997,51.15999999999997
267,2025-01-15,Clothing,East,4,134.74,0.15,0,86.63,458.11600000000004,111.59600000000006
268,2025-03-30,Electronics,North,1,158.85,0.05,0,88.55,150.9075,62.3575
269,2025-10-26,Home,East,2,85.25,0.3,0,59.63,119.35,0.0899999999999892
270,2025-01-20,Home,West,5,80.6,0.15,0,46.87,342.55,108.20000000000002
271,2025-12-11,Home,North,3,249.79,0.3,0,208.85,524.559,-101.99099999999999
272,2025-08-17,Electronics,East,5,107.63,0.3,0,85.21,376.705,-49.34499999999997
273,2025-06-26,Clothing,North,4,81.77,0.05,0,58.55,310.72599999999994,76.52599999999995
274,2025-01-24,Clothing,East,1,48.39,0.0,0,32.16,48.39,16.230000000000004
275,2025-09-29,Clothing,West,1,157.19,0.15,0,106.69,133.6115,26.92150000000001
276,2025-09-16,Clothing,East,4,214.91,0.15,0,136.08,730.694,186.3739999999999
277,2025-09-10,Grocery,South,1,225.95,0.0,1,164.59,0.0,0.0
278,2025-08-21,Electronics,West,4,170.09,0.3,0,118.79,476.25199999999995,1.0919999999999277
279,2025-06-13,Electronics,West,3,194.1,0.3,0,113.18,407.60999999999996,68.06999999999994
280,2025-01-26,Home,North,1,152.49,0.15,0,126.15,129.6165,3.4664999999999964
281,2025-04-25,Grocery,North,4,73.03,0.3,0,60.55,204.48399999999998,-37.71600000000001
282,2025-12-12,Clothing,East,5,151.96,0.0,0,96.36,759.8000000000001,278.00000000000006
283,2025-09-03,Clothing,East,5,115.25,0.05,0,57.92,547.4375,257.8375
284,2025-04-05,Home,North,3,214.55,0.15,0,126.89,547.1025000000001,166.43250000000006
285,2025-09-07,Electronics,East,1,19.97,0.05,0,15.45,18.9715,3.5214999999999996
286,2025-06-14,Grocery,East,1,125.54,0.3,0,58.62,87.878,29.258000000000003
287,2025-12-23,Home,West,2,223.11,0.15,0,144.92,379.28700000000003,89.44700000000006
288,2025-01-29,Home,West,5,92.65,0.05,0,51.23,440.0875,183.9375
289,2025-12-10,Home,East,5,179.79,0.0,0,127.92,898.9499999999999,259.3499999999999
290,2025-10-05,Home,West,5,92.92,0.3,0,61.62,325.21999999999997,17.120000000000005
291,2025-06-15,Clothing,South,2,169.0,0.0,0,76.27,338.0,185.46
292,2025-06-30,Home,South,2,30.36,0.15,0,16.65,51.611999999999995,18.311999999999998
293,2025-01-10,Electronics,South,2,197.15,0.3,0,163.52,276.01,-51.03000000000003
294,2025-05-03,Clothing,North,5,172.9,0.3,0,137.64,605.15,-83.04999999999995
295,2025-09-12,Home,South,5,156.85,0.0,0,93.29,784.25,317.79999999999995
296,2025-02-21,Home,North,4,31.09,0.15,0,14.36,105.706,48.266000000000005
297,2025-10-02,Grocery,South,1,30.74,0.0,0,18.08,30.74,12.66
298,2025-08-09,Electronics,North,3,138.65,0.15,0,83.41,353.5575,103.32750000000001
299,2025-11-26,Clothing,East,3,107.16,0.15,0,85.62,273.258,16.397999999999968
300,2025-11-07,Clothing,West,5,118.54,0.05,0,79.79,563.065,164.115
301,2025-10-29,Electronics,East,4,58.39,0.3,0,43.75,163.492,-11.50800000000001
302,2025-03-13,Electronics,East,3,201.18,0.3,0,140.39,422.47799999999995,1.3079999999999927
303,2025-07-21,Electronics,East,1,56.76,0.0,1,32.97,0.0,0.0
304,2025-02-24,Grocery,South,2,199.7,0.0,0,115.68,399.4,168.03999999999996
305,2025-06-24,Grocery,South,1,50.82,0.0,0,32.77,50.82,18.049999999999997
306,2025-01-17,Grocery,West,5,22.66,0.0,0,13.85,113.3,44.05
307,2025-06-25,Home,West,4,175.71,0.05,0,134.24,667.698,130.73799999999994
308,2025-10-30,Grocery,East,3,47.24,0.15,0,36.46,120.46199999999999,11.081999999999994
309,2025-06-07,Electronics,West,5,38.57,0.0,0,29.98,192.85,42.94999999999999
310,2025-10-11,Clothing,North,3,85.41,0.15,0,71.29,217.7955,3.9254999999999995
311,2025-07-19,Clothing,East,2,111.1,0.15,0,79.87,188.86999999999998,29.129999999999967
312,2025-03-19,Grocery,East,2,170.46,0.05,0,127.83,323.874,68.21400000000003
313,2025-08-21,Grocery,South,3,179.45,0.0,1,116.42,0.0,0.0
314,2025-06-24,Grocery,West,2,89.85,0.0,0,49.01,179.7,81.67999999999999
315,2025-03-27,Grocery,North,1,157.66,0.0,0,118.26,157.66,39.39999999999999
316,2025-01-02,Home,South,1,133.89,0.0,0,79.06,133.89,54.829999999999984
317,2025-11-03,Home,South,1,63.33,0.05,0,52.06,60.1635,8.103499999999997
318,2025-06-13,Grocery,South,1,144.18,0.05,0,101.02,136.971,35.95100000000001
319,2025-03-17,Electronics,East,5,37.28,0.15,0,18.4,158.44,66.44
320,2025-03-04,Clothing,East,3,171.13,0.3,0,95.36,359.373,73.293
321,2025-09-11,Clothing,North,5,108.87,0.3,0,63.76,381.045,62.245000000000005
322,2025-03-25,Home,South,4,225.01,0.15,0,112.2,765.034,316.234
323,2025-06-30,Home,North,1,156.39,0.0,0,121.73,156.39,34.65999999999998
324,2025-11-14,Electronics,West,5,67.22,0.0,0,39.22,336.1,140.00000000000003
325,2025-07-12,Clothing,East,2,239.97,0.3,1,139.15,0.0,0.0
326,2025-01-20,Grocery,South,1,96.34,0.05,0,52.21,91.523,39.312999999999995
327,2025-10-17,Grocery,East,3,69.21,0.0,0,47.36,207.63,65.55000000000001
328,2025-01-19,Grocery,East,1,61.54,0.05,0,27.93,58.462999999999994,30.532999999999994
329,2025-10-11,Clothing,South,2,208.2,0.05,0,120.77,395.58,154.04
330,2025-09-13,Home,South,4,62.55,0.05,0,29.34,237.68999999999997,120.32999999999997
331,2025-11-10,Home,North,3,141.3,0.05,1,82.83,0.0,0.0
332,2025-12-15,Clothing,West,5,196.29,0.0,0,115.19,981.4499999999999,405.4999999999999
333,2025-09-18,Grocery,South,2,155.38,0.15,0,93.56,264.14599999999996,77.02599999999995
334,2025-07-04,Electronics,North,3,237.03,0.3,0,134.47,497.763,94.35300000000001
335,2025-01-29,Clothing,West,4,52.24,0.05,0,35.64,198.512,55.952
336,2025-11-12,Electronics,North,2,182.85,0.3,0,115.22,255.98999999999998,25.549999999999983
337,2025-01-19,Grocery,East,3,200.19,0.05,0,113.04,570.5414999999999,231.42149999999992
338,2025-07-18,Electronics,West,4,176.24,0.05,0,117.58,669.712,199.392
339,2025-11-21,Home,East,1,219.91,0.0,0,112.25,219.91,107.66
340,2025-08-13,Grocery,East,1,248.94,0.3,0,176.07,174.25799999999998,-1.8120000000000118
341,2025-11-02,Electronics,East,3,20.08,0.3,0,9.5,42.16799999999999,13.667999999999992
342,2025-06-26,Clothing,South,3,156.67,0.15,0,81.09,399.50849999999997,156.23849999999996
343,2025-08-24,Clothing,East,5,131.35,0.05,0,75.22,623.9125,247.8125
344,2025-10-22,Home,North,3,61.02,0.0,0,48.23,183.06,38.370000000000005
345,2025-11-06,Grocery,West,3,140.18,0.3,0,85.86,294.378,36.798
346,2025-11-19,Home,West,5,44.82,0.3,0,21.47,156.86999999999998,49.51999999999998
347,2025-02-14,Grocery,East,3,82.74,0.3,0,59.41,173.75399999999996,-4.4760000000000275
348,2025-09-08,Clothing,West,2,63.59,0.15,0,31.89,108.10300000000001,44.32300000000001
349,2025-06-02,Home,East,5,63.81,0.15,0,54.13,271.1925,0.5424999999999613
350,2025-11-26,Electronics,West,5,165.46,0.05,0,85.33,785.9350000000001,359.2850000000001
351,2025-05-06,Home,North,1,26.4,0.15,0,21.3,22.439999999999998,1.139999999999997
352,2025-01-12,Home,West,5,181.81,0.3,0,105.09,636.3349999999999,110.88499999999988
353,2025-07-25,Clothing,East,1,185.85,0.05,0,157.72,176.55749999999998,18.837499999999977
354,2025-02-18,Home,South,1,49.31,0.05,1,27.32,0.0,0.0
355,2025-09-07,Home,East,5,178.89,0.05,0,148.1,849.7274999999998,109.22749999999985
356,2025-10-25,Grocery,East,5,166.63,0.15,1,116.17,0.0,0.0
357,2025-05-05,Electronics,West,4,190.18,0.3,0,152.38,532.504,-77.01599999999996
358,2025-06-09,Clothing,South,2,120.32,0.15,0,81.83,204.54399999999998,40.883999999999986
359,2025-02-15,Home,South,5,135.69,0.3,0,70.59,474.915,121.96499999999997
360,2025-07-12,Electronics,West,5,66.0,0.3,0,44.98,230.99999999999997,6.099999999999994
361,2025-04-05,Electronics,South,3,53.94,0.05,0,30.75,153.72899999999998,61.478999999999985
362,2025-09-20,Grocery,South,4,63.04,0.3,0,41.7,176.512,9.711999999999989
363,2025-02-10,Grocery,West,2,241.28,0.3,0,178.95,337.792,-20.108000000000004
364,2025-09-18,Home,West,2,117.77,0.0,0,81.81,235.54,71.91999999999999
365,2025-07-08,Clothing,East,5,73.54,0.15,0,55.06,312.545,37.245000000000005
366,2025-07-16,Grocery,East,5,152.34,0.05,0,81.51,723.615,316.065
367,2025-10-05,Home,North,5,63.72,0.05,0,40.46,302.67,100.37
368,2025-08-29,Clothing,West,5,56.1,0.3,0,42.47,196.35,-16.0
369,2025-07-26,Clothing,South,2,145.53,0.05,0,91.54,276.507,93.42699999999999
370,2025-12-09,Electronics,East,4,202.51,0.0,1,161.23,0.0,0.0
371,2025-03-04,Electronics,North,4,232.71,0.15,0,141.77,791.214,224.13400000000001
372,2025-05-02,Clothing,West,5,199.38,0.3,0,91.11,697.8299999999999,242.27999999999992
373,2025-04-06,Clothing,West,3,71.06,0.3,0,52.36,149.226,-7.853999999999985
374,2025-07-06,Grocery,East,5,177.88,0.3,0,84.13,622.5799999999999,201.92999999999995
375,2025-07-21,Clothing,East,2,204.67,0.15,0,125.53,347.93899999999996,96.87899999999996
376,2025-02-16,Clothing,West,5,188.45,0.3,0,131.3,659.5749999999999,3.074999999999932
377,2025-10-31,Home,South,3,240.22,0.15,0,152.07,612.5609999999999,156.35099999999994
378,2025-04-26,Grocery,North,5,230.94,0.05,0,136.12,1096.965,416.3649999999999
379,2025-01-13,Home,East,5,34.74,0.15,0,29.05,147.645,2.3950000000000102
380,2025-11-01,Grocery,East,1,244.39,0.15,0,186.19,207.73149999999998,21.541499999999985
381,2025-06-02,Electronics,East,5,185.75,0.15,0,109.67,789.4375,241.08749999999998
382,2025-05-25,Electronics,North,4,17.52,0.15,0,13.88,59.568,4.047999999999995
383,2025-12-08,Clothing,East,2,216.35,0.15,0,150.1,367.79499999999996,67.59499999999997
384,2025-01-30,Electronics,North,5,164.21,0.05,0,75.73,779.9975000000001,401.3475
385,2025-10-03,Clothing,West,5,139.6,0.3,1,80.75,0.0,0.0
386,2025-04-06,Clothing,South,3,34.71,0.05,0,23.67,98.92349999999999,27.913499999999985
387,2025-04-12,Clothing,East,2,217.85,0.05,0,156.89,413.91499999999996,100.13499999999999
388,2025-04-26,Grocery,East,4,237.64,0.3,0,148.02,665.3919999999999,73.3119999999999
389,2025-09-08,Grocery,West,1,109.47,0.05,0,65.85,103.9965,38.1465
390,2025-07-16,Home,East,5,146.53,0.05,0,67.49,696.0174999999999,358.56749999999994
391,2025-01-31,Grocery,North,4,198.28,0.05,0,142.9,753.4639999999999,181.86399999999992
392,2025-12-10,Electronics,East,1,174.31,0.15,0,105.63,148.1635,42.533500000000004
393,2025-07-21,Grocery,West,1,48.47,0.15,0,35.96,41.1995,5.2395
394,2025-09-30,Grocery,West,1,244.98,0.0,0,133.03,244.98,111.94999999999999
395,2025-02-02,Clothing,South,3,223.08,0.0,0,105.79,669.24,351.87
396,2025-05-31,Electronics,West,5,185.67,0.05,1,148.68,0.0,0.0
397,2025-07-31,Home,West,2,63.54,0.3,0,47.26,88.95599999999999,-5.564000000000007
398,2025-09-26,Clothing,East,5,118.56,0.3,0,96.52,414.9599999999999,-67.64000000000004
399,2025-05-11,Grocery,South,4,107.7,0.15,0,66.66,366.18,99.54000000000002
400,2025-06-24,Home,South,2,173.69,0.05,1,145.27,0.0,0.0
401,2025-07-01,Home,East,1,213.6,0.0,0,113.41,213.6,100.19
402,2025-08-05,Clothing,North,1,116.8,0.15,0,54.07,99.28,45.21
403,2025-05-06,Clothing,North,2,143.74,0.0,0,101.72,287.48,84.04000000000002
404,2025-07-18,Electronics,North,5,54.97,0.15,0,30.29,233.6225,82.17250000000001
405,2025-07-15,Clothing,South,2,65.68,0.05,0,30.42,124.792,63.952
406,2025-12-28,Electronics,West,5,28.64,0.3,0,19.99,100.23999999999998,0.28999999999999204
407,2025-06-27,Home,East,1,27.56,0.15,0,19.79,23.426,3.6359999999999992
408,2025-08-04,Home,South,4,146.63,0.05,0,105.36,557.194,135.75399999999996
409,2025-11-21,Electronics,North,3,88.09,0.05,0,58.21,251.05649999999997,76.42649999999998
410,2025-11-26,Clothing,West,3,84.08,0.0,0,57.47,252.24,79.83000000000001
411,2025-10-25,Home,East,5,96.51,0.0,0,68.15,482.55,141.8
412,2025-06-11,Grocery,East,3,129.3,0.05,0,92.9,368.505,89.80499999999995
413,2025-08-10,Grocery,South,1,213.9,0.3,1,147.79,0.0,0.0
414,2025-03-08,Clothing,North,3,231.43,0.15,0,143.62,590.1465,159.28649999999993
415,2025-07-09,Clothing,South,1,59.71,0.05,1,49.11,0.0,0.0
416,2025-12-20,Grocery,East,3,242.35,0.15,0,156.38,617.9925,148.85249999999996
417,2025-01-12,Home,South,4,142.16,0.15,0,76.0,483.344,179.344
418,2025-08-24,Electronics,East,1,179.11,0.3,0,120.73,125.377,4.646999999999991
419,2025-11-30,Clothing,South,1,29.88,0.0,0,16.25,29.88,13.629999999999999
420,2025-11-13,Clothing,West,4,116.59,0.0,1,70.59,0.0,0.0
421,2025-04-14,Home,North,2,202.59,0.3,0,151.43,283.626,-19.234000000000037
422,2025-10-31,Clothing,East,1,126.09,0.0,0,73.92,126.09,52.17
423,2025-05-26,Clothing,North,3,227.16,0.15,0,160.04,579.258,99.13800000000003
424,2025-12-12,Grocery,South,1,60.58,0.05,0,42.92,57.550999999999995,14.630999999999993
425,2025-11-19,Electronics,East,2,237.16,0.15,0,168.41,403.17199999999997,66.35199999999998
426,2025-10-25,Home,North,1,168.13,0.0,0,142.44,168.13,25.689999999999998
427,2025-11-14,Electronics,West,2,96.93,0.3,0,76.75,135.702,-17.798000000000002
428,2025-12-04,Clothing,East,1,38.0,0.15,0,26.44,32.3,5.859999999999996
429,2025-04-04,Clothing,South,5,213.43,0.3,0,105.65,747.005,218.755
430,2025-02-04,Clothing,West,5,214.49,0.0,0,157.51,1072.45,284.9000000000001
431,2025-08-01,Electronics,West,4,231.2,0.0,0,190.6,924.8,162.39999999999998
432,2025-05-30,Clothing,West,1,225.48,0.15,0,176.39,191.658,15.268
433,2025-11-24,Clothing,North,2,78.57,0.15,1,56.56,0.0,0.0
434,2025-11-12,Home,North,2,76.94,0.05,0,52.97,146.18599999999998,40.24599999999998
435,2025-05-26,Clothing,West,5,54.04,0.15,0,27.21,229.67,93.61999999999998
436,2025-12-28,Clothing,West,1,79.9,0.3,0,39.25,55.93,16.68
437,2025-04-14,Clothing,North,1,129.21,0.15,0,106.33,109.8285,3.498500000000007
438,2025-04-14,Home,West,4,211.9,0.3,1,174.75,0.0,0.0
439,2025-01-19,Clothing,South,4,119.46,0.05,0,70.45,453.948,172.14799999999997
440,2025-09-26,Electronics,East,1,61.75,0.0,0,39.1,61.75,22.65
441,2025-10-14,Home,West,3,104.34,0.15,0,77.16,266.06699999999995,34.58699999999996
442,2025-02-07,Grocery,East,3,145.94,0.05,0,82.68,415.929,167.88899999999995
443,2025-05-01,Grocery,North,1,145.91,0.3,0,117.38,102.13699999999999,-15.24300000000001
444,2025-06-04,Home,East,4,186.04,0.0,0,131.71,744.16,217.31999999999994
445,2025-12-11,Electronics,South,1,230.89,0.3,0,143.92,161.623,17.703000000000003
446,2025-03-27,Electronics,East,2,112.0,0.15,0,85.4,190.4,19.599999999999994
447,2025-02-19,Grocery,West,1,89.66,0.0,0,64.0,89.66,25.659999999999997
448,2025-04-22,Electronics,South,3,179.08,0.3,0,90.95,376.068,103.21799999999996
449,2025-09-30,Clothing,North,5,204.31,0.05,0,128.15,970.4725,329.72249999999997
450,2025-06-23,Electronics,West,1,51.9,0.15,0,25.78,44.114999999999995,18.334999999999994
451,2025-03-22,Home,North,4,116.93,0.0,0,57.3,467.72,238.52000000000004
452,2025-12-25,Home,South,3,55.83,0.3,0,46.43,117.243,-22.046999999999997
453,2025-11-02,Home,North,3,93.63,0.0,0,48.23,280.89,136.2
454,2025-07-23,Clothing,East,2,208.57,0.3,0,138.08,291.998,15.837999999999965
455,2025-11-28,Home,East,4,138.51,0.0,0,80.4,554.04,232.43999999999994
456,2025-07-15,Clothing,North,1,158.09,0.0,0,104.72,158.09,53.370000000000005
457,2025-10-24,Grocery,South,3,239.93,0.3,0,203.35,503.85299999999995,-106.197
458,2025-11-05,Grocery,East,3,207.59,0.0,0,118.09,622.77,268.5
459,2025-02-13,Grocery,East,3,226.64,0.15,0,163.09,577.9319999999999,88.66199999999992
460,2025-02-22,Electronics,South,3,207.86,0.05,0,144.05,592.4010000000001,160.25100000000003
461,2025-08-13,Clothing,East,3,47.53,0.3,0,30.41,99.813,8.582999999999998
462,2025-03-06,Grocery,West,1,167.92,0.05,0,79.97,159.52399999999997,79.55399999999997
463,2025-03-03,Electronics,North,2,15.78,0.3,0,9.35,22.092,3.3919999999999995
464,2025-03-02,Electronics,East,1,116.59,0.0,0,81.75,116.59,34.84
465,2025-06-01,Clothing,South,3,147.48,0.3,0,75.18,309.7079999999999,84.16799999999989
466,2025-07-20,Electronics,East,3,28.46,0.3,0,15.66,59.76599999999999,12.785999999999987
467,2025-05-23,Electronics,North,2,134.8,0.15,0,73.39,229.16000000000003,82.38000000000002
468,2025-12-06,Electronics,South,3,160.55,0.05,0,82.34,457.5675,210.54749999999999
469,2025-12-10,Electronics,North,1,113.9,0.15,0,91.09,96.815,5.724999999999994
470,2025-10-18,Grocery,West,2,76.74,0.3,0,59.52,107.43599999999999,-11.604000000000013
471,2025-10-30,Grocery,North,2,141.74,0.05,0,111.88,269.306,45.54599999999999
472,2025-06-22,Electronics,East,5,74.37,0.15,0,44.77,316.0725,92.22249999999997
473,2025-05-14,Grocery,East,3,28.93,0.0,0,13.68,86.78999999999999,45.74999999999999
474,2025-06-08,Clothing,East,4,224.01,0.15,0,120.24,761.6339999999999,280.6739999999999
475,2025-07-30,Clothing,East,4,66.03,0.15,1,46.12,0.0,0.0
476,2025-10-02,Home,East,4,52.23,0.05,0,30.58,198.474,76.154
477,2025-12-18,Grocery,North,3,30.57,0.3,0,24.12,64.197,-8.162999999999997
478,2025-06-06,Clothing,West,4,21.23,0.05,0,12.81,80.67399999999999,29.43399999999999
479,2025-07-20,Electronics,West,3,125.6,0.0,0,94.36,376.79999999999995,93.71999999999997
480,2025-02-13,Clothing,West,3,198.27,0.3,0,161.48,416.367,-68.07299999999992
481,2025-01-25,Clothing,North,1,132.56,0.0,1,84.58,0.0,0.0
482,2025-01-16,Clothing,South,4,116.57,0.15,0,69.08,396.33799999999997,120.01799999999997
483,2025-03-03,Electronics,North,4,215.43,0.15,0,130.05,732.462,212.26199999999994
484,2025-02-04,Home,South,4,18.75,0.3,0,13.57,52.5,-1.7800000000000011
485,2025-06-24,Clothing,West,4,45.2,0.05,0,36.87,171.76,24.28
486,2025-09-09,Electronics,West,2,244.54,0.3,0,150.12,342.356,42.115999999999985
487,2025-01-03,Grocery,North,4,43.08,0.0,0,32.57,172.32,42.03999999999999
488,2025-11-29,Home,South,1,153.34,0.05,0,101.28,145.673,44.393
489,2025-06-25,Home,West,2,38.89,0.0,0,30.26,77.78,17.259999999999998
490,2025-03-13,Electronics,West,5,149.57,0.3,0,88.3,523.4949999999999,81.99499999999989
491,2025-02-26,Electronics,West,3,81.9,0.0,0,42.82,245.70000000000002,117.24000000000001
492,2025-05-06,Clothing,West,1,45.57,0.3,0,31.83,31.898999999999997,0.06899999999999906
493,2025-02-09,Home,East,4,214.39,0.3,0,144.58,600.2919999999999,21.971999999999866
494,2025-05-08,Grocery,North,3,129.19,0.3,0,94.46,271.299,-12.081000000000017
495,2025-07-26,Electronics,East,3,197.22,0.15,0,140.51,502.91099999999994,81.38099999999997
496,2025-09-14,Electronics,West,4,231.83,0.05,0,104.47,880.954,463.07399999999996
497,2025-11-25,Electronics,East,2,162.9,0.15,0,99.68,276.93,77.57
498,2025-04-25,Home,East,4,249.35,0.3,0,114.33,698.18,240.85999999999996
499,2025-03-04,Grocery,East,5,57.81,0.15,0,31.84,245.6925,86.4925
500,2025-06-10,Clothing,South,1,65.83,0.0,0,30.08,65.83,35.75
501,2025-04-07,Home,East,5,17.83,0.05,0,13.11,84.69249999999998,19.142499999999984
502,2025-01-07,Clothing,North,1,209.79,0.3,0,120.33,146.85299999999998,26.522999999999982
503,2025-11-07,Clothing,South,4,124.26,0.15,1,91.99,0.0,0.0
504,2025-05-18,Grocery,South,2,57.4,0.15,0,45.7,97.58,6.179999999999993
505,2025-03-18,Grocery,South,2,91.13,0.3,0,41.53,127.58199999999998,44.52199999999998
506,2025-12-21,Electronics,West,1,173.28,0.3,0,124.75,121.29599999999999,-3.4540000000000077
507,2025-09-23,Home,South,1,185.62,0.15,0,113.52,157.777,44.25699999999999
508,2025-07-04,Home,West,2,204.93,0.0,0,159.69,409.86,90.48000000000002
509,2025-02-06,Electronics,East,5,20.04,0.3,1,10.87,0.0,0.0
510,2025-04-30,Grocery,North,1,57.45,0.05,0,28.38,54.5775,26.1975
511,2025-02-21,Grocery,South,1,121.9,0.0,0,101.06,121.9,20.840000000000003
512,2025-09-23,Home,West,2,138.16,0.05,1,82.91,0.0,0.0
513,2025-08-25,Grocery,West,3,60.18,0.0,0,49.4,180.54,32.34
514,2025-03-10,Home,South,3,141.79,0.3,0,119.93,297.75899999999996,-62.03100000000006
515,2025-03-15,Home,South,1,198.97,0.05,0,141.53,189.0215,47.4915
516,2025-10-05,Home,West,5,194.84,0.05,0,121.49,925.49,318.0400000000001
517,2025-07-20,Electronics,South,3,79.22,0.3,0,55.55,166.362,-0.2879999999999825
518,2025-08-26,Home,South,3,25.75,0.05,1,19.73,0.0,0.0
519,2025-05-23,Grocery,North,1,170.93,0.0,0,96.87,170.93,74.06
520,2025-07-20,Home,West,1,34.23,0.3,1,29.03,0.0,0.0
521,2025-09-10,Grocery,South,4,17.5,0.3,0,14.82,49.0,-10.280000000000001
522,2025-11-16,Grocery,East,2,149.97,0.05,0,97.49,284.943,89.963
523,2025-05-11,Electronics,North,1,136.19,0.0,1,71.17,0.0,0.0
524,2025-10-26,Electronics,North,1,203.21,0.15,0,140.42,172.7285,32.30850000000001
525,2025-04-02,Grocery,North,1,224.67,0.15,0,116.69,190.96949999999998,74.27949999999998
526,2025-03-07,Electronics,North,1,234.14,0.05,0,143.41,222.43299999999996,79.02299999999997
527,2025-11-29,Grocery,West,2,217.63,0.05,0,143.1,413.49699999999996,127.29699999999997
528,2025-08-18,Electronics,North,4,20.19,0.0,0,15.3,80.76,19.560000000000002
529,2025-10-26,Electronics,East,1,226.72,0.3,0,166.0,158.70399999999998,-7.296000000000021
530,2025-07-30,Electronics,South,5,46.64,0.0,0,23.36,233.2,116.39999999999999
531,2025-12-21,Clothing,West,4,79.43,0.15,0,66.89,270.062,2.5020000000000095
532,2025-11-15,Clothing,North,4,224.07,0.0,0,176.1,896.28,191.88
533,2025-12-08,Electronics,North,5,169.97,0.0,0,94.81,849.85,375.8
534,2025-04-03,Home,East,2,84.79,0.3,0,60.84,118.706,-2.9740000000000038
535,2025-03-21,Electronics,South,1,217.26,0.3,0,133.69,152.082,18.391999999999996
536,2025-01-11,Clothing,South,2,91.37,0.15,0,51.49,155.329,52.349000000000004
537,2025-08-03,Home,South,2,99.38,0.05,0,45.09,188.82199999999997,98.64199999999997
538,2025-04-28,Home,North,2,103.39,0.3,0,58.87,144.74599999999998,27.005999999999986
539,2025-07-10,Grocery,West,3,118.86,0.15,0,73.98,303.09299999999996,81.15299999999996
540,2025-03-01,Home,West,4,130.38,0.05,0,82.56,495.44399999999996,165.20399999999995
541,2025-07-18,Home,North,3,210.85,0.3,0,124.21,442.78499999999997,70.15499999999997
542,2025-03-25,Electronics,East,4,94.28,0.05,0,74.25,358.264,61.26400000000001
543,2025-12-07,Electronics,North,3,151.95,0.0,0,106.54,455.84999999999997,136.22999999999996
544,2025-07-24,Electronics,East,5,62.62,0.05,1,31.55,0.0,0.0
545,2025-10-06,Clothing,West,3,137.83,0.3,0,71.81,289.443,74.01299999999998
546,2025-09-13,Home,South,4,249.67,0.0,0,128.03,998.68,486.55999999999995
547,2025-06-30,Grocery,West,3,36.61,0.0,0,28.82,109.83,23.36999999999999
548,2025-01-20,Home,West,3,138.3,0.0,0,94.92,414.90000000000003,130.14000000000004
549,2025-06-25,Clothing,South,1,27.04,0.0,0,15.51,27.04,11.53
550,2025-01-31,Electronics,West,5,118.68,0.0,0,70.18,593.4000000000001,242.50000000000006
551,2025-05-28,Clothing,West,5,112.94,0.3,0,56.47,395.29,112.94
552,2025-09-15,Home,West,4,125.79,0.3,0,58.29,352.212,119.05199999999999
553,2025-10-02,Grocery,West,3,121.46,0.15,0,99.36,309.723,11.643000000000029
554,2025-12-01,Grocery,East,4,205.76,0.05,0,119.2,781.8879999999999,305.0879999999999
555,2025-09-08,Electronics,West,2,208.11,0.0,0,173.0,416.22,70.22000000000003
556,2025-03-29,Electronics,West,5,67.27,0.15,0,51.88,285.8975,26.497499999999945
557,2025-03-13,Home,South,4,77.82,0.3,0,39.97,217.89599999999996,58.01599999999996
558,2025-06-13,Electronics,West,5,157.32,0.05,0,89.47,747.2699999999999,299.91999999999985
559,2025-09-03,Home,South,3,171.39,0.15,0,88.83,437.04449999999997,170.55449999999996
560,2025-01-18,Electronics,South,2,126.9,0.15,0,57.6,215.73000000000002,100.53000000000002
561,2025-07-12,Electronics,North,1,56.33,0.3,0,36.05,39.431,3.3810000000000002
562,2025-10-27,Home,South,2,232.14,0.3,0,106.56,324.996,111.87599999999998
563,2025-09-29,Home,North,2,206.29,0.15,0,155.79,350.693,39.113
564,2025-06-02,Grocery,North,3,240.82,0.3,0,130.88,505.722,113.082
565,2025-05-20,Clothing,West,5,220.49,0.0,0,113.63,1102.45,534.3000000000001
566,2025-05-20,Grocery,West,4,179.59,0.05,0,139.5,682.442,124.44200000000001
567,2025-07-19,Home,North,4,176.04,0.05,0,84.78,668.9519999999999,329.8319999999999
568,2025-01-17,Home,East,2,107.89,0.15,0,81.92,183.41299999999998,19.57299999999998
569,2025-05-28,Grocery,West,5,42.96,0.15,1,33.66,0.0,0.0
570,2025-12-10,Home,South,4,179.71,0.15,0,151.33,611.014,5.69399999999996
571,2025-05-27,Home,East,1,216.64,0.0,0,145.35,216.64,71.28999999999999
572,2025-02-04,Home,South,1,48.21,0.3,0,40.13,33.747,-6.383000000000003
573,2025-09-08,Clothing,South,5,167.82,0.05,0,127.34,797.1449999999999,160.44499999999982
574,2025-03-30,Clothing,East,3,81.9,0.3,0,37.41,171.99,59.76000000000002
575,2025-04-25,Home,South,1,101.35,0.0,0,70.65,101.35,30.69999999999999
576,2025-10-20,Electronics,East,2,187.03,0.0,0,94.78,374.06,184.5
577,2025-06-03,Home,East,2,223.04,0.05,0,170.68,423.77599999999995,82.41599999999994
578,2025-09-15,Home,North,5,121.55,0.0,0,71.08,607.75,252.35000000000002
579,2025-09-17,Clothing,West,4,203.7,0.0,0,140.1,814.8,254.39999999999998
580,2025-04-16,Clothing,North,2,162.16,0.0,0,78.28,324.32,167.76
581,2025-11-20,Clothing,East,1,247.75,0.3,0,198.87,173.42499999999998,-25.44500000000002
582,2025-03-30,Clothing,East,1,112.03,0.15,0,73.04,95.2255,22.18549999999999
583,2025-09-21,Home,East,3,172.23,0.05,1,104.79,0.0,0.0
584,2025-06-17,Home,South,5,184.13,0.05,0,148.53,874.6175,131.96749999999997
585,2025-02-04,Electronics,West,4,170.71,0.15,0,97.7,580.414,189.61399999999998
586,2025-09-23,Grocery,East,1,166.23,0.0,1,116.86,0.0,0.0
587,2025-04-09,Grocery,North,3,206.86,0.0,0,165.25,620.58,124.83000000000004
588,2025-02-24,Home,West,1,131.49,0.3,0,66.97,92.043,25.073000000000008
589,2025-10-16,Electronics,West,5,229.91,0.05,0,103.55,1092.0725,574.3225
590,2025-08-12,Clothing,North,4,134.67,0.3,0,61.55,377.07599999999996,130.87599999999998
591,2025-03-06,Electronics,East,4,136.49,0.0,0,106.22,545.96,121.08000000000004
592,2025-01-03,Clothing,West,1,176.25,0.0,0,81.29,176.25,94.96
593,2025-11-25,Electronics,North,2,198.77,0.3,0,130.42,278.278,17.438000000000045
594,2025-12-09,Electronics,West,4,216.69,0.05,0,144.27,823.4219999999999,246.34199999999987
595,2025-11-05,Home,West,3,73.53,0.3,0,54.5,154.41299999999998,-9.087000000000018
596,2025-01-23,Grocery,South,3,20.47,0.15,0,11.27,52.198499999999996,18.388499999999993
597,2025-12-29,Clothing,West,1,177.7,0.0,0,84.95,177.7,92.74999999999999
598,2025-02-04,Grocery,West,2,93.31,0.0,0,45.61,186.62,95.4
599,2025-04-26,Home,South,2,246.71,0.15,0,116.01,419.407,187.38699999999997
600,2025-12-30,Home,East,5,87.34,0.15,0,39.68,371.19500000000005,172.79500000000004
601,2025-02-23,Grocery,East,4,21.97,0.3,0,11.37,61.51599999999999,16.035999999999994
602,2025-07-16,Clothing,South,4,20.59,0.05,0,13.17,78.24199999999999,25.56199999999999
603,2025-10-24,Grocery,South,5,98.1,0.3,0,64.72,343.34999999999997,19.749999999999943
604,2025-05-20,Clothing,North,5,37.11,0.15,1,26.58,0.0,0.0
605,2025-01-07,Home,North,4,17.38,0.0,0,13.46,69.52,15.679999999999993
606,2025-01-15,Grocery,West,1,244.37,0.3,0,174.64,171.059,-3.580999999999989
607,2025-08-31,Clothing,South,5,211.46,0.3,0,118.43,740.1099999999999,147.9599999999998
608,2025-06-05,Electronics,South,5,130.53,0.3,0,63.13,456.85499999999996,141.20499999999993
609,2025-12-26,Home,East,3,152.24,0.05,0,85.3,433.884,177.98400000000004
610,2025-05-31,Grocery,North,1,163.05,0.3,0,106.36,114.135,7.775000000000006
611,2025-06-21,Grocery,North,1,203.76,0.05,0,172.18,193.57199999999997,21.391999999999967
612,2025-06-21,Electronics,South,2,48.96,0.15,0,39.37,83.232,4.492000000000004
613,2025-07-24,Home,East,3,83.55,0.3,0,49.5,175.45499999999998,26.954999999999984
614,2025-01-24,Home,South,5,219.79,0.0,0,136.99,1098.95,414.0
615,2025-11-29,Home,North,4,97.52,0.15,0,55.37,331.568,110.088
616,2025-04-21,Clothing,South,1,100.94,0.05,0,65.7,95.89299999999999,30.192999999999984
617,2025-10-25,Home,South,2,94.34,0.3,0,60.05,132.076,11.975999999999999
618,2025-05-27,Home,North,2,160.46,0.0,1,119.32,0.0,0.0
619,2025-04-28,Home,North,2,88.86,0.3,0,52.63,124.404,19.14399999999999
620,2025-01-06,Clothing,South,4,119.76,0.3,0,90.25,335.328,-25.672000000000025
621,2025-11-25,Clothing,West,4,143.87,0.05,0,110.15,546.706,106.106
622,2025-04-23,Electronics,West,4,176.81,0.0,0,145.11,707.24,126.79999999999995
623,2025-10-25,Electronics,East,4,52.41,0.3,0,28.73,146.748,31.82799999999999
624,2025-06-16,Home,East,3,75.97,0.0,0,45.51,227.91,91.38
625,2025-03-06,Grocery,North,5,149.87,0.15,0,71.15,636.9475,281.1975
626,2025-06-10,Home,North,1,171.33,0.3,0,142.57,119.931,-22.638999999999996
627,2025-10-23,Clothing,North,5,233.47,0.3,0,176.49,817.1449999999999,-65.30500000000018
628,2025-05-10,Electronics,East,1,129.54,0.05,0,92.26,123.06299999999999,30.802999999999983
629,2025-03-15,Home,West,5,229.54,0.0,0,150.51,1147.7,395.1500000000001
630,2025-06-19,Electronics,East,2,247.93,0.0,0,170.05,495.86,155.76
631,2025-09-11,Grocery,South,2,216.31,0.15,0,164.16,367.727,39.40699999999998
632,2025-08-30,Grocery,West,3,54.27,0.0,0,45.22,162.81,27.150000000000006
633,2025-08-25,Grocery,West,1,169.44,0.15,0,80.0,144.024,64.024
634,2025-09-10,Grocery,East,5,141.84,0.0,0,99.14,709.2,213.50000000000006
635,2025-06-02,Clothing,West,4,227.15,0.15,0,126.12,772.31,267.8299999999999
636,2025-09-19,Electronics,North,3,62.67,0.15,0,47.01,159.80849999999998,18.77849999999998
637,2025-04-02,Home,South,1,97.99,0.15,0,49.89,83.2915,33.4015
638,2025-10-23,Electronics,West,2,115.41,0.15,0,65.46,196.197,65.27700000000002
639,2025-11-27,Clothing,West,3,123.93,0.05,0,84.86,353.2005,98.62049999999999
640,2025-07-12,Grocery,East,3,21.09,0.05,0,11.34,60.1065,26.0865
641,2025-07-14,Grocery,East,5,212.55,0.0,0,164.51,1062.75,240.20000000000005
642,2025-06-02,Home,North,5,191.05,0.0,0,86.24,955.25,524.05
643,2025-03-04,Grocery,East,3,248.48,0.0,0,126.24,745.4399999999999,366.71999999999997
644,2025-12-20,Grocery,West,3,178.01,0.0,0,85.14,534.03,278.60999999999996
645,2025-12-04,Electronics,East,3,212.09,0.05,0,110.92,604.4565,271.6965
646,2025-07-31,Clothing,West,4,23.95,0.05,0,13.25,91.00999999999999,38.00999999999999
647,2025-09-12,Grocery,North,3,176.44,0.3,0,106.63,370.52399999999994,50.63399999999996
648,2025-03-24,Home,South,5,66.41,0.3,0,38.73,232.43499999999995,38.78499999999997
649,2025-12-04,Grocery,East,4,53.68,0.0,0,25.07,214.72,114.44
650,2025-05-19,Electronics,South,4,128.29,0.05,0,70.18,487.50199999999995,206.78199999999993
651,2025-07-29,Clothing,West,2,47.95,0.15,0,40.48,81.515,0.5550000000000068
652,2025-03-02,Clothing,North,3,105.68,0.05,0,82.26,301.188,54.40799999999996
653,2025-05-12,Home,East,4,114.78,0.3,0,57.44,321.38399999999996,91.62399999999997
654,2025-02-25,Home,South,5,214.47,0.3,0,159.77,750.6449999999999,-48.205000000000155
655,2025-09-17,Electronics,East,4,151.56,0.0,1,80.86,0.0,0.0
656,2025-08-19,Grocery,West,5,247.1,0.05,0,186.83,1173.725,239.57499999999982
657,2025-10-09,Clothing,South,2,70.59,0.15,0,32.14,120.003,55.723
658,2025-02-24,Clothing,South,5,127.61,0.0,0,107.4,638.05,101.04999999999995
659,2025-01-30,Electronics,North,5,185.47,0.15,0,93.49,788.2475,320.79749999999996
660,2025-11-20,Home,South,4,16.02,0.0,0,10.49,64.08,22.119999999999997
661,2025-01-30,Clothing,West,4,239.42,0.3,0,190.75,670.376,-92.62400000000002
662,2025-03-06,Grocery,North,3,92.45,0.0,0,67.09,277.35,76.08000000000001
663,2025-06-27,Grocery,South,2,143.25,0.3,0,71.45,200.54999999999998,57.64999999999998
664,2025-04-17,Grocery,West,3,50.11,0.0,0,36.62,150.32999999999998,40.47
665,2025-08-15,Clothing,West,1,143.74,0.15,0,78.79,122.179,43.388999999999996
666,2025-10-14,Home,South,4,66.05,0.3,0,42.68,184.93999999999997,14.21999999999997
667,2025-04-10,Home,North,5,110.01,0.05,0,65.39,522.5475,195.59750000000003
668,2025-11-28,Clothing,North,2,220.93,0.15,0,163.21,375.581,49.161
669,2025-12-12,Clothing,North,2,159.41,0.15,0,120.49,270.997,30.017000000000024
670,2025-04-09,Clothing,North,5,209.31,0.0,0,119.63,1046.55,448.4
671,2025-02-07,Electronics,North,2,66.71,0.3,0,44.13,93.39399999999999,5.133999999999986
672,2025-05-02,Grocery,West,2,249.13,0.3,0,181.21,348.782,-13.638000000000034
673,2025-02-22,Clothing,South,5,229.18,0.05,0,185.15,1088.605,162.85500000000002
674,2025-09-20,Grocery,West,2,146.57,0.05,0,71.03,278.48299999999995,136.42299999999994
675,2025-07-17,Grocery,North,2,18.83,0.0,0,9.33,37.66,18.999999999999996
676,2025-07-03,Home,South,3,125.67,0.3,0,101.03,263.907,-39.18300000000005
677,2025-12-27,Electronics,West,1,36.32,0.3,0,26.52,25.424,-1.096
678,2025-06-20,Home,North,4,241.02,0.0,0,204.0,964.08,148.08000000000004
679,2025-06-18,Grocery,East,1,65.58,0.3,0,30.84,45.906,15.065999999999999
680,2025-10-08,Home,West,3,224.63,0.15,0,103.76,572.8065,261.5265
681,2025-10-18,Grocery,South,1,166.95,0.0,0,114.68,166.95,52.26999999999998
682,2025-06-20,Clothing,West,5,179.0,0.3,0,129.44,626.5,-20.700000000000045
683,2025-08-14,Electronics,East,5,176.09,0.05,0,145.19,836.4275,110.47749999999996
684,2025-12-04,Electronics,West,5,34.31,0.15,0,24.66,145.8175,22.5175
685,2025-01-05,Electronics,North,4,177.42,0.15,0,134.66,603.228,64.58799999999997
686,2025-09-21,Home,East,2,205.03,0.05,0,95.27,389.55699999999996,199.01699999999997
687,2025-02-15,Home,North,2,160.63,0.15,0,84.51,273.07099999999997,104.05099999999996
688,2025-09-26,Electronics,East,3,192.77,0.05,0,155.01,549.3945,84.36450000000002
689,2025-03-24,Grocery,North,4,181.28,0.0,0,97.2,725.12,336.32
690,2025-06-06,Clothing,West,4,200.61,0.3,0,144.06,561.708,-14.532000000000039
691,2025-05-25,Grocery,East,1,33.98,0.15,0,24.0,28.882999999999996,4.882999999999996
692,2025-10-23,Electronics,South,2,67.36,0.0,0,38.41,134.72,57.900000000000006
693,2025-11-24,Grocery,South,1,22.75,0.3,0,18.5,15.924999999999999,-2.575000000000001
694,2025-07-12,Clothing,South,4,121.5,0.0,0,95.37,486.0,104.51999999999998
695,2025-07-05,Home,South,1,139.18,0.05,0,92.44,132.221,39.781000000000006
696,2025-04-14,Electronics,South,3,244.97,0.3,0,166.38,514.4369999999999,15.296999999999912
697,2025-11-14,Home,East,5,21.67,0.3,0,10.59,75.845,22.894999999999996
698,2025-11-22,Home,South,4,137.73,0.05,0,94.66,523.3739999999999,144.73399999999992
699,2025-07-05,Electronics,South,1,180.88,0.3,0,101.23,126.61599999999999,25.38599999999998
700,2025-02-15,Home,South,2,123.57,0.15,0,85.37,210.069,39.32899999999998
701,2025-05-25,Electronics,South,2,62.56,0.05,1,31.03,0.0,0.0
702,2025-12-04,Grocery,East,2,142.74,0.15,0,107.61,242.65800000000002,27.438000000000017
703,2025-06-06,Clothing,North,5,146.84,0.3,0,122.12,513.94,-96.65999999999997
704,2025-02-03,Clothing,East,4,15.96,0.05,0,11.41,60.648,15.008000000000003
705,2025-03-24,Grocery,East,3,112.35,0.3,1,57.0,0.0,0.0
706,2025-07-24,Electronics,West,3,137.18,0.05,0,108.41,390.963,65.733
707,2025-09-16,Home,South,2,180.36,0.0,1,116.64,0.0,0.0
708,2025-09-12,Electronics,East,3,47.17,0.15,0,26.18,120.28349999999999,41.7435
709,2025-07-19,Home,East,3,113.18,0.0,0,85.24,339.54,83.82000000000005
710,2025-07-07,Grocery,North,1,54.47,0.0,0,26.28,54.47,28.189999999999998
711,2025-06-29,Electronics,South,5,143.37,0.05,0,114.48,681.0074999999999,108.60749999999996
712,2025-01-13,Clothing,West,2,142.28,0.15,0,78.74,241.876,84.39600000000002
713,2025-03-26,Home,North,4,185.95,0.05,0,85.6,706.6099999999999,364.2099999999999
714,2025-09-29,Home,East,2,206.55,0.05,0,159.04,392.445,74.36500000000001
715,2025-10-21,Grocery,South,3,95.81,0.05,0,43.64,273.0585,142.13849999999996
716,2025-07-13,Electronics,West,4,42.56,0.3,0,22.87,119.16799999999999,27.687999999999988
717,2025-04-03,Electronics,South,3,117.42,0.0,0,70.57,352.26,140.55
718,2025-05-07,Electronics,North,2,193.27,0.05,0,160.36,367.213,46.492999999999995
719,2025-02-22,Grocery,West,4,127.89,0.15,0,87.16,434.82599999999996,86.18599999999998
720,2025-01-23,Home,South,4,131.87,0.15,0,96.92,448.358,60.678
721,2025-05-27,Electronics,West,2,124.7,0.15,0,81.0,211.99,49.99000000000001
722,2025-04-05,Clothing,South,4,242.83,0.15,0,174.24,825.6220000000001,128.66200000000003
723,2025-05-29,Electronics,North,1,115.43,0.3,0,81.81,80.801,-1.0090000000000003
724,2025-01-24,Clothing,North,2,39.07,0.05,0,27.13,74.233,19.973000000000006
725,2025-04-20,Clothing,West,2,172.25,0.3,0,104.59,241.14999999999998,31.96999999999997
726,2025-05-01,Home,South,5,219.44,0.0,0,102.28,1097.2,585.8000000000001
727,2025-01-17,Grocery,East,5,140.77,0.15,0,97.53,598.2725,110.62250000000006
728,2025-02-17,Electronics,North,5,140.53,0.05,0,92.42,667.5174999999999,205.4174999999999
729,2025-02-21,Grocery,North,3,85.46,0.0,0,48.87,256.38,109.77000000000001
730,2025-02-26,Electronics,South,5,37.83,0.0,1,21.09,0.0,0.0
731,2025-11-29,Grocery,South,1,206.71,0.0,0,148.85,206.71,57.860000000000014
732,2025-02-22,Home,North,3,46.47,0.05,0,34.23,132.43949999999998,29.749499999999983
733,2025-06-10,Home,North,5,211.05,0.3,0,127.72,738.675,100.07499999999993
734,2025-10-14,Electronics,West,4,58.48,0.05,0,38.01,222.224,70.184
735,2025-12-31,Clothing,West,4,26.56,0.3,0,18.95,74.368,-1.4320000000000022
736,2025-12-25,Grocery,West,2,117.13,0.05,0,60.99,222.54699999999997,100.56699999999996
737,2025-11-05,Electronics,North,5,136.22,0.0,0,110.33,681.1,129.45000000000005
738,2025-07-27,Grocery,North,3,92.37,0.3,0,69.39,193.977,-14.193000000000012
739,2025-03-12,Home,South,4,128.62,0.3,0,60.13,360.13599999999997,119.61599999999996
740,2025-02-04,Grocery,West,2,86.09,0.05,0,42.85,163.571,77.871
741,2025-08-05,Clothing,South,1,118.41,0.15,0,75.52,100.6485,25.128500000000003
742,2025-08-16,Grocery,South,3,219.62,0.05,1,115.63,0.0,0.0
743,2025-07-08,Grocery,West,3,247.57,0.3,0,126.02,519.897,141.83700000000005
744,2025-06-20,Electronics,West,3,39.34,0.3,1,24.26,0.0,0.0
745,2025-04-19,Grocery,East,1,205.08,0.15,0,152.44,174.318,21.878000000000014
746,2025-03-11,Clothing,East,3,107.34,0.05,0,58.57,305.919,130.20899999999997
747,2025-07-23,Grocery,East,3,236.01,0.0,0,149.74,708.03,258.80999999999995
748,2025-11-12,Grocery,East,4,37.19,0.05,0,28.51,141.32199999999997,27.281999999999968
749,2025-07-20,Home,East,5,152.15,0.05,0,91.49,722.7125,265.2625
750,2025-06-22,Electronics,South,2,45.23,0.05,0,29.26,85.93699999999998,27.41699999999998
751,2025-08-03,Home,East,5,179.46,0.05,0,95.03,852.4350000000001,377.2850000000001
752,2025-05-11,Clothing,North,4,152.68,0.05,0,97.6,580.184,189.784
753,2025-07-18,Grocery,East,1,32.58,0.3,0,23.24,22.805999999999997,-0.43400000000000105
754,2025-07-29,Electronics,West,5,200.44,0.05,0,133.56,952.09,284.2900000000001
755,2025-05-10,Clothing,South,1,63.24,0.3,0,41.44,44.268,2.828000000000003
756,2025-05-16,Clothing,North,5,45.9,0.15,0,37.94,195.075,5.375
757,2025-03-07,Home,South,2,149.85,0.0,0,105.66,299.7,88.38
758,2025-07-31,Grocery,South,5,101.03,0.0,0,63.17,505.15,189.29999999999995
759,2025-05-01,Electronics,West,1,146.28,0.3,0,108.73,102.396,-6.334000000000003
760,2025-06-14,Home,North,4,92.12,0.0,0,61.27,368.48,123.4
761,2025-06-24,Clothing,South,5,127.52,0.15,0,81.48,541.96,134.56
762,2025-11-29,Grocery,West,2,160.49,0.05,0,72.31,304.931,160.31099999999998
763,2025-01-03,Electronics,East,1,182.68,0.15,0,93.97,155.278,61.30799999999999
764,2025-09-03,Electronics,North,3,150.32,0.0,0,79.89,450.96,211.28999999999996
765,2025-01-05,Grocery,South,4,139.12,0.15,0,70.29,473.008,191.84799999999996
766,2025-12-28,Clothing,East,2,209.41,0.0,0,152.61,418.82,113.59999999999997
767,2025-09-15,Clothing,South,2,113.4,0.15,0,74.43,192.78,43.91999999999999
768,2025-12-03,Home,West,2,87.76,0.15,0,50.95,149.192,47.292
769,2025-03-08,Clothing,North,4,133.06,0.3,0,112.58,372.568,-77.75200000000001
770,2025-10-23,Home,North,5,158.34,0.15,0,80.74,672.945,269.24500000000006
771,2025-10-25,Electronics,West,4,28.83,0.0,0,18.75,115.32,40.31999999999999
772,2025-12-18,Clothing,East,5,47.29,0.15,0,26.38,200.9825,69.08249999999998
773,2025-08-14,Electronics,South,1,193.25,0.3,0,142.34,135.27499999999998,-7.065000000000026
774,2025-08-10,Grocery,North,4,193.56,0.3,0,148.48,541.968,-51.952
775,2025-11-01,Grocery,North,4,146.43,0.05,0,118.01,556.434,84.39399999999995
776,2025-07-17,Home,North,1,245.29,0.0,1,130.11,0.0,0.0
777,2025-11-24,Grocery,West,4,205.77,0.05,0,115.99,781.926,317.96600000000007
778,2025-11-10,Electronics,West,1,109.23,0.0,0,78.95,109.23,30.28
779,2025-01-16,Home,South,2,149.84,0.05,0,124.73,284.69599999999997,35.23599999999996
780,2025-06-04,Grocery,West,4,62.69,0.0,0,30.16,250.76,130.12
781,2025-12-25,Clothing,North,4,145.91,0.0,0,108.17,583.64,150.95999999999998
782,2025-05-17,Grocery,South,2,32.64,0.05,0,22.67,62.016,16.675999999999995
783,2025-09-26,Electronics,West,4,122.09,0.3,0,67.5,341.852,71.85199999999998
784,2025-06-08,Home,West,4,97.35,0.05,0,51.37,369.92999999999995,164.44999999999996
785,2025-01-30,Home,North,1,243.83,0.3,0,195.99,170.681,-25.308999999999997
786,2025-05-09,Grocery,East,2,202.94,0.15,0,167.38,344.998,10.238
787,2025-02-22,Grocery,North,4,145.33,0.3,0,86.8,406.92400000000004,59.724000000000046
788,2025-08-27,Clothing,North,2,206.49,0.3,1,145.38,0.0,0.0
789,2025-07-20,Clothing,West,1,235.7,0.3,0,145.73,164.98999999999998,19.25999999999999
790,2025-04-13,Clothing,West,1,21.18,0.15,0,11.64,18.003,6.3629999999999995
791,2025-01-02,Home,South,3,223.62,0.0,0,136.08,670.86,262.62
792,2025-07-31,Home,North,4,168.03,0.05,0,113.68,638.514,183.79399999999998
793,2025-08-06,Home,South,4,125.15,0.15,0,100.69,425.51,22.75
794,2025-03-20,Clothing,East,4,102.38,0.15,0,75.59,348.092,45.73199999999997
795,2025-12-24,Home,South,4,59.81,0.05,0,48.92,227.278,31.597999999999985
796,2025-12-21,Grocery,East,1,111.23,0.05,0,76.73,105.6685,28.93849999999999
797,2025-10-17,Electronics,East,3,107.72,0.05,0,63.92,307.00199999999995,115.24199999999996
798,2025-02-18,Grocery,South,1,63.47,0.05,0,34.08,60.296499999999995,26.216499999999996
799,2025-05-02,Home,South,5,161.63,0.3,0,121.1,565.7049999999999,-39.79500000000007
800,2025-10-21,Electronics,North,3,203.79,0.15,1,112.83,0.0,0.0
801,2025-09-07,Clothing,North,2,126.59,0.0,1,102.99,0.0,0.0
802,2025-05-13,Grocery,North,4,117.26,0.15,0,55.61,398.684,176.24400000000003
803,2025-12-17,Clothing,East,5,177.2,0.15,0,133.63,753.1,84.95000000000005
804,2025-04-12,Home,North,3,121.19,0.05,0,90.6,345.39149999999995,73.5915
805,2025-03-06,Clothing,South,1,101.08,0.15,0,64.47,85.91799999999999,21.447999999999993
806,2025-03-02,Home,South,3,148.13,0.15,0,112.73,377.7315,39.541499999999985
807,2025-09-25,Clothing,North,2,174.19,0.3,0,78.64,243.86599999999999,86.58599999999998
808,2025-12-10,Grocery,East,4,50.36,0.0,0,27.74,201.44,90.48
809,2025-11-04,Grocery,East,1,219.91,0.3,1,170.46,0.0,0.0
810,2025-12-09,Clothing,South,3,197.12,0.05,0,116.44,561.792,212.47200000000004
811,2025-04-29,Clothing,East,2,242.55,0.0,0,162.96,485.1,159.18
812,2025-01-05,Electronics,North,5,198.37,0.05,0,125.03,942.2574999999999,317.10749999999996
813,2025-01-10,Home,South,3,56.16,0.05,0,41.36,160.05599999999998,35.975999999999985
814,2025-10-18,Grocery,South,4,47.33,0.05,0,37.36,179.85399999999998,30.413999999999987
815,2025-08-29,Home,West,1,68.35,0.15,0,54.54,58.0975,3.5574999999999974
816,2025-05-19,Electronics,West,5,241.28,0.0,0,132.69,1206.4,542.95
817,2025-10-01,Home,North,5,195.46,0.05,0,91.09,928.4350000000001,472.985
818,2025-10-12,Grocery,East,1,236.09,0.3,0,130.03,165.263,35.233000000000004
819,2025-03-16,Home,North,1,138.52,0.3,0,109.9,96.964,-12.936000000000007
820,2025-05-29,Clothing,East,5,80.81,0.3,0,46.14,282.835,52.13499999999999
821,2025-05-06,Electronics,East,4,22.82,0.15,0,14.0,77.588,21.587999999999994
822,2025-08-02,Home,West,4,197.97,0.3,0,150.8,554.3159999999999,-48.88400000000013
823,2025-02-25,Clothing,South,4,176.86,0.05,0,91.92,672.068,304.388
824,2025-11-02,Clothing,East,2,74.21,0.15,0,59.38,126.15699999999998,7.396999999999977
825,2025-11-30,Home,South,1,193.86,0.05,0,108.95,184.167,75.217
826,2025-09-24,Home,North,3,95.94,0.0,0,45.72,287.82,150.66
827,2025-11-07,Clothing,South,5,224.65,0.3,0,112.67,786.275,222.92499999999995
828,2025-06-18,Home,West,5,60.01,0.05,0,45.2,285.0475,59.047500000000014
829,2025-10-14,Electronics,South,1,189.78,0.0,0,114.03,189.78,75.75
830,2025-06-29,Home,South,3,166.6,0.0,0,75.42,499.79999999999995,273.53999999999996
831,2025-06-13,Home,West,1,130.99,0.15,0,91.67,111.34150000000001,19.67150000000001
832,2025-11-24,Home,East,4,49.3,0.3,0,35.03,138.04,-2.0800000000000125
833,2025-08-23,Grocery,West,1,162.11,0.3,0,125.84,113.477,-12.363
834,2025-11-05,Home,North,1,226.66,0.0,0,120.95,226.66,105.71
835,2025-11-24,Grocery,North,4,190.95,0.05,0,120.7,725.6099999999999,242.8099999999999
836,2025-10-03,Electronics,West,5,162.45,0.3,0,92.06,568.5749999999999,108.27499999999992
837,2025-07-18,Electronics,North,2,213.82,0.15,0,150.63,363.49399999999997,62.23399999999998
838,2025-02-22,Home,South,3,132.84,0.15,0,78.68,338.74199999999996,102.70199999999994
839,2025-12-26,Home,North,1,64.71,0.15,0,48.89,55.003499999999995,6.113499999999995
840,2025-06-05,Grocery,North,5,76.7,0.0,0,39.65,383.5,185.25
841,2025-07-10,Grocery,East,3,102.04,0.3,0,58.52,214.284,38.72399999999999
842,2025-05-01,Grocery,South,2,156.45,0.3,0,112.14,219.02999999999997,-5.250000000000028
843,2025-06-30,Clothing,East,3,150.34,0.3,1,73.9,0.0,0.0
844,2025-01-07,Clothing,West,3,147.4,0.3,0,100.3,309.54,8.640000000000043
845,2025-07-04,Electronics,North,5,15.83,0.15,0,9.76,67.2775,18.477500000000006
846,2025-06-17,Home,West,5,187.46,0.0,0,101.96,937.3000000000001,427.5000000000001
847,2025-11-20,Electronics,South,3,125.26,0.05,1,74.06,0.0,0.0
848,2025-08-05,Grocery,East,2,100.65,0.3,0,65.83,140.91,9.25
849,2025-11-22,Grocery,West,4,129.23,0.05,0,87.25,491.07399999999996,142.07399999999996
850,2025-02-05,Grocery,South,5,127.23,0.0,0,101.96,636.15,126.35000000000002
851,2025-06-24,Home,West,2,161.43,0.0,0,106.33,322.86,110.20000000000002
852,2025-01-20,Clothing,South,4,36.19,0.3,0,20.95,101.332,17.531999999999996
853,2025-02-27,Electronics,West,1,66.38,0.0,0,53.43,66.38,12.949999999999996
854,2025-02-24,Grocery,West,2,208.67,0.05,0,146.5,396.47299999999996,103.47299999999996
855,2025-04-15,Electronics,West,1,73.15,0.3,0,35.76,51.205,15.445
856,2025-07-15,Grocery,South,3,93.61,0.0,0,64.75,280.83,86.57999999999998
857,2025-12-20,Clothing,West,5,70.72,0.05,0,36.25,335.92,154.67000000000002
858,2025-09-21,Clothing,East,4,182.08,0.15,0,147.52,619.072,28.991999999999962
859,2025-08-30,Home,North,5,235.29,0.3,0,136.35,823.515,141.765
860,2025-06-06,Electronics,East,4,196.67,0.15,0,106.1,668.6779999999999,244.2779999999999
861,2025-08-02,Electronics,West,3,216.64,0.05,0,154.93,617.424,152.63399999999996
862,2025-10-13,Electronics,South,1,149.05,0.3,0,83.13,104.33500000000001,21.205000000000013
863,2025-01-13,Clothing,North,5,133.59,0.0,0,64.29,667.95,346.5
864,2025-01-24,Electronics,East,2,188.88,0.15,0,147.91,321.096,25.27600000000001
865,2025-03-27,Electronics,East,3,99.49,0.05,0,56.53,283.5465,113.95649999999998
866,2025-12-02,Clothing,West,5,238.47,0.15,0,132.15,1013.4975,352.74749999999995
867,2025-11-03,Electronics,West,3,122.42,0.0,0,78.16,367.26,132.78
868,2025-05-11,Clothing,North,5,27.94,0.05,0,19.7,132.715,34.215
869,2025-03-08,Home,East,5,149.39,0.05,1,87.64,0.0,0.0
870,2025-09-04,Grocery,South,1,105.33,0.05,0,80.17,100.06349999999999,19.89349999999999
871,2025-10-22,Grocery,South,3,177.58,0.0,1,129.01,0.0,0.0
872,2025-01-31,Home,North,4,222.43,0.15,0,123.25,756.2620000000001,263.26200000000006
873,2025-11-02,Clothing,West,3,74.62,0.15,0,49.04,190.281,43.161
874,2025-04-10,Electronics,North,4,46.8,0.0,0,21.4,187.2,101.6
875,2025-12-02,Home,North,3,135.99,0.3,0,71.91,285.579,69.84900000000002
876,2025-12-16,Home,North,5,28.1,0.3,0,13.04,98.35,33.150000000000006
877,2025-02-11,Grocery,East,5,142.12,0.15,0,114.01,604.01,33.95999999999992
878,2025-12-29,Clothing,North,4,46.4,0.0,0,31.62,185.6,59.11999999999999
879,2025-11-16,Clothing,East,1,231.83,0.0,0,188.13,231.83,43.70000000000002
880,2025-04-09,Grocery,North,1,16.88,0.0,0,11.24,16.88,5.639999999999999
881,2025-12-15,Electronics,West,3,218.44,0.0,0,158.82,655.3199999999999,178.85999999999996
882,2025-07-27,Clothing,East,4,188.31,0.0,0,129.54,753.24,235.08000000000004
883,2025-06-21,Clothing,North,5,220.59,0.3,0,107.23,772.0649999999999,235.91499999999996
884,2025-09-30,Clothing,West,3,55.63,0.3,0,33.87,116.82300000000001,15.213000000000022
885,2025-09-11,Clothing,South,1,71.45,0.3,0,54.53,50.015,-4.515000000000001
886,2025-07-14,Electronics,East,2,229.59,0.05,0,109.79,436.221,216.641
887,2025-10-26,Home,South,1,136.72,0.0,0,96.42,136.72,40.3
888,2025-09-04,Grocery,East,3,170.92,0.3,0,141.18,358.93199999999996,-64.60800000000006
889,2025-06-30,Electronics,North,3,39.11,0.05,0,18.48,111.4635,56.0235
890,2025-02-22,Clothing,North,1,68.93,0.3,0,42.16,48.251000000000005,6.091000000000008
891,2025-09-05,Electronics,South,1,23.71,0.0,0,13.37,23.71,10.340000000000002
892,2025-09-07,Grocery,West,4,170.66,0.05,0,80.94,648.5079999999999,324.74799999999993
893,2025-02-25,Grocery,South,2,60.78,0.05,0,45.53,115.482,24.421999999999997
894,2025-03-08,Grocery,West,4,29.92,0.15,0,20.43,101.72800000000001,20.00800000000001
895,2025-04-02,Home,North,5,234.92,0.15,0,172.91,998.4099999999999,133.8599999999999
896,2025-11-13,Grocery,West,1,211.82,0.0,0,163.86,211.82,47.95999999999998
897,2025-03-10,Grocery,North,2,42.51,0.05,0,29.53,80.76899999999999,21.70899999999999
898,2025-05-25,Electronics,East,3,184.65,0.15,0,100.49,470.8575,169.38750000000005
899,2025-05-12,Home,West,4,224.8,0.15,0,131.7,764.32,237.5200000000001
900,2025-09-29,Clothing,South,4,182.24,0.05,1,117.31,0.0,0.0
901,2025-04-13,Grocery,East,1,115.95,0.0,0,69.85,115.95,46.10000000000001
902,2025-12-13,Grocery,West,4,101.7,0.05,0,81.99,386.46,58.5
903,2025-05-12,Electronics,North,1,215.97,0.3,0,165.91,151.179,-14.730999999999995
904,2025-11-15,Home,South,3,64.98,0.05,0,51.05,185.19299999999998,32.043000000000006
905,2025-10-21,Electronics,West,3,136.16,0.15,1,76.47,0.0,0.0
906,2025-03-13,Home,West,3,70.81,0.15,0,37.47,180.56550000000001,68.15550000000002
907,2025-09-19,Electronics,North,5,158.12,0.05,0,130.6,751.0699999999999,98.06999999999994
908,2025-09-26,Home,East,4,194.68,0.0,0,89.69,778.72,419.96000000000004
909,2025-03-07,Grocery,South,3,123.15,0.05,0,83.91,350.9775,99.24750000000003
910,2025-02-12,Electronics,North,2,176.01,0.05,0,139.93,334.419,54.55899999999997
911,2025-02-22,Grocery,West,5,191.85,0.3,0,92.54,671.4749999999999,208.77499999999986
912,2025-09-22,Grocery,North,2,32.29,0.0,0,26.64,64.58,11.299999999999997
913,2025-02-07,Grocery,South,1,38.19,0.15,0,28.7,32.461499999999994,3.7614999999999945
914,2025-01-17,Grocery,South,2,56.6,0.3,0,44.18,79.24,-9.120000000000005
915,2025-10-25,Home,South,4,152.84,0.05,0,74.18,580.792,284.072
916,2025-05-19,Electronics,South,1,147.01,0.05,0,118.3,139.65949999999998,21.359499999999983
917,2025-05-27,Electronics,South,1,81.99,0.05,0,38.73,77.89049999999999,39.16049999999999
918,2025-08-07,Electronics,South,5,36.79,0.0,1,26.81,0.0,0.0
919,2025-07-17,Electronics,South,3,53.71,0.05,0,45.22,153.0735,17.4135
920,2025-07-07,Electronics,South,3,109.46,0.0,0,63.31,328.38,138.45
921,2025-08-06,Grocery,South,1,218.86,0.05,0,144.05,207.917,63.86699999999999
922,2025-12-24,Home,North,3,180.08,0.0,0,115.51,540.24,193.70999999999998
923,2025-06-26,Home,West,2,203.18,0.3,0,156.78,284.452,-29.108000000000004
924,2025-12-10,Electronics,East,1,67.65,0.0,0,47.05,67.65,20.60000000000001
925,2025-03-27,Grocery,West,2,172.79,0.3,0,78.91,241.90599999999998,84.08599999999998
926,2025-01-20,Electronics,South,2,19.89,0.15,0,10.84,33.813,12.133000000000003
927,2025-05-29,Grocery,South,5,26.49,0.3,0,21.05,92.71499999999999,-12.53500000000001
928,2025-12-03,Home,North,4,197.91,0.3,0,164.8,554.1479999999999,-105.05200000000013
929,2025-11-24,Electronics,North,4,59.72,0.15,0,41.52,203.048,36.96799999999999
930,2025-09-10,Electronics,South,1,182.69,0.15,0,84.65,155.2865,70.63649999999998
931,2025-02-01,Home,North,1,108.58,0.05,0,63.73,103.151,39.421
932,2025-11-16,Clothing,North,1,217.96,0.15,0,132.15,185.266,53.115999999999985
933,2025-02-11,Clothing,North,2,225.11,0.0,0,113.62,450.22,222.98000000000002
934,2025-09-28,Electronics,East,2,32.12,0.05,0,19.28,61.02799999999999,22.46799999999999
935,2025-11-13,Electronics,South,4,214.02,0.15,0,110.52,727.668,285.588
936,2025-12-06,Grocery,West,5,41.35,0.15,1,33.79,0.0,0.0
937,2025-07-15,Grocery,South,2,236.59,0.05,0,172.66,449.52099999999996,104.20099999999996
938,2025-12-15,Home,West,2,25.35,0.15,0,20.47,43.095,2.155000000000001
939,2025-07-13,Electronics,North,4,194.3,0.0,0,116.05,777.2,313.00000000000006
940,2025-12-08,Home,South,2,42.24,0.3,0,25.86,59.135999999999996,7.415999999999997
941,2025-06-27,Grocery,South,5,230.94,0.0,1,190.94,0.0,0.0
942,2025-08-26,Clothing,West,2,108.59,0.3,0,56.35,152.02599999999998,39.32599999999998
943,2025-01-22,Electronics,East,2,117.14,0.15,0,73.5,199.138,52.138000000000005
944,2025-04-02,Clothing,West,3,88.13,0.05,0,54.69,251.17049999999998,87.10049999999998
945,2025-12-30,Clothing,South,1,81.37,0.0,0,62.01,81.37,19.360000000000007
946,2025-05-14,Clothing,West,2,58.93,0.3,0,30.56,82.502,21.381999999999998
947,2025-04-18,Home,West,1,182.18,0.0,0,106.79,182.18,75.39
948,2025-08-05,Clothing,South,3,106.45,0.3,0,70.17,223.54500000000002,13.035000000000025
949,2025-11-12,Grocery,West,5,227.63,0.3,0,107.29,796.705,260.255
950,2025-12-01,Clothing,North,3,146.87,0.15,0,76.63,374.5185,144.62850000000003
951,2025-04-09,Clothing,East,4,167.56,0.3,0,138.2,469.16799999999995,-83.632
952,2025-09-28,Electronics,North,2,75.75,0.3,0,53.32,106.05,-0.5900000000000034
953,2025-06-06,Grocery,South,4,121.33,0.3,0,54.7,339.724,120.92399999999998
954,2025-01-16,Electronics,South,2,67.19,0.3,0,49.59,94.06599999999999,-5.1140000000000185
955,2025-09-27,Electronics,West,4,213.13,0.3,1,153.84,0.0,0.0
956,2025-07-25,Electronics,South,4,175.89,0.0,0,105.74,703.56,280.59999999999997
957,2025-06-02,Home,South,3,59.92,0.3,0,40.39,125.83199999999998,4.661999999999978
958,2025-08-21,Clothing,East,5,162.74,0.15,0,74.85,691.645,317.395
959,2025-02-13,Home,West,3,71.05,0.0,0,50.35,213.14999999999998,62.099999999999966
960,2025-06-21,Electronics,West,5,56.96,0.0,0,30.02,284.8,134.70000000000002
961,2025-05-23,Clothing,East,3,23.86,0.15,1,19.03,0.0,0.0
962,2025-11-14,Clothing,East,4,62.43,0.0,0,39.71,249.72,90.88
963,2025-12-27,Home,North,1,123.39,0.0,0,76.63,123.39,46.760000000000005
964,2025-11-25,Home,North,2,226.88,0.3,0,139.84,317.63199999999995,37.95199999999994
965,2025-09-10,Home,North,4,18.31,0.0,0,13.96,73.24,17.39999999999999
966,2025-08-27,Home,North,5,72.75,0.05,0,59.35,345.5625,48.8125
967,2025-08-05,Clothing,North,2,110.9,0.15,0,72.75,188.53,43.03
968,2025-08-10,Clothing,West,4,232.53,0.15,0,121.76,790.602,303.56199999999995
969,2025-10-26,Grocery,West,1,126.35,0.0,0,76.38,126.35,49.97
970,2025-06-13,Grocery,West,3,227.74,0.05,0,118.13,649.059,294.669
971,2025-07-02,Home,South,1,134.47,0.05,0,86.8,127.7465,40.9465
972,2025-07-02,Grocery,East,3,222.31,0.0,1,180.51,0.0,0.0
973,2025-06-20,Home,West,5,131.05,0.3,0,105.24,458.67499999999995,-67.52499999999998
974,2025-12-14,Electronics,North,5,247.78,0.0,0,174.69,1238.9,365.45000000000005
975,2025-11-22,Home,South,2,178.91,0.0,0,106.23,357.82,145.35999999999999
976,2025-02-11,Electronics,North,5,147.43,0.05,1,113.45,0.0,0.0
977,2025-04-05,Grocery,West,2,199.8,0.3,0,114.13,279.71999999999997,51.45999999999998
978,2025-02-15,Clothing,East,3,158.55,0.05,0,111.08,451.8675,118.6275
979,2025-04-05,Electronics,South,5,229.67,0.05,0,193.83,1090.9325,121.7824999999998
980,2025-10-09,Grocery,West,2,126.28,0.0,0,100.14,252.56,52.28
981,2025-02-02,Clothing,East,5,227.0,0.3,0,157.39,794.5,7.550000000000068
982,2025-01-04,Grocery,South,5,16.64,0.3,0,10.71,58.239999999999995,4.689999999999991
983,2025-06-02,Home,South,4,25.2,0.15,0,17.76,85.67999999999999,14.639999999999986
984,2025-07-05,Home,West,2,231.76,0.3,0,122.03,324.46399999999994,80.40399999999994
985,2025-07-19,Clothing,East,3,86.76,0.0,0,71.74,260.28000000000003,45.06000000000006
986,2025-12-16,Home,East,3,126.09,0.15,0,80.16,321.5295,81.0495
987,2025-12-28,Clothing,North,4,216.21,0.0,0,127.09,864.84,356.48
988,2025-08-30,Electronics,South,4,182.06,0.0,0,86.66,728.24,381.6
989,2025-02-26,Clothing,East,3,187.02,0.15,0,94.69,476.901,192.83100000000002
990,2025-03-15,Home,North,3,17.81,0.05,0,11.66,50.75849999999999,15.778499999999987
991,2025-10-06,Home,East,1,112.06,0.15,0,68.22,95.251,27.031000000000006
992,2025-11-12,Grocery,North,3,95.64,0.3,1,75.06,0.0,0.0
993,2025-11-21,Clothing,West,4,59.51,0.15,0,44.54,202.33399999999997,24.173999999999978
994,2025-02-15,Grocery,North,3,122.62,0.0,0,56.82,367.86,197.4
995,2025-05-14,Clothing,West,5,23.33,0.3,0,18.47,81.65499999999999,-10.695000000000007
996,2025-06-26,Electronics,West,5,92.67,0.3,0,43.82,324.34499999999997,105.24499999999998
997,2025-09-16,Clothing,East,2,144.69,0.15,0,116.47,245.97299999999998,13.032999999999987
998,2025-02-25,Grocery,South,1,176.32,0.05,0,84.64,167.504,82.86399999999999
999,2025-08-19,Grocery,West,3,139.98,0.05,0,86.83,398.9429999999999,138.45299999999992
1000,2025-11-02,Clothing,South,4,224.04,0.0,0,137.63,896.16,345.64
1001,2025-07-08,Clothing,West,3,83.9,0.15,0,44.72,213.94500000000002,79.78500000000003
1002,2025-10-03,Home,West,4,210.31,0.3,0,153.71,588.8679999999999,-25.972000000000094
1003,2025-10-28,Grocery,North,2,201.41,0.3,0,142.8,281.974,-3.626000000000033
1004,2025-02-12,Home,East,4,97.87,0.0,0,74.55,391.48,93.28000000000003
1005,2025-04-30,Grocery,East,1,56.22,0.05,0,29.34,53.409,24.069
1006,2025-03-30,Clothing,West,1,55.53,0.05,0,41.08,52.753499999999995,11.673499999999997
1007,2025-11-20,Electronics,West,4,119.96,0.3,0,66.15,335.888,71.28799999999995
1008,2025-02-26,Home,East,4,229.68,0.3,0,139.27,643.1039999999999,86.02399999999989
1009,2025-03-17,Electronics,West,3,57.84,0.3,0,30.12,121.464,31.104
1010,2025-07-27,Grocery,East,4,134.68,0.05,0,104.36,511.784,94.344
1011,2025-12-20,Home,South,4,182.6,0.15,0,117.34,620.8399999999999,151.4799999999999
1012,2025-10-03,Electronics,East,2,211.22,0.3,0,163.23,295.70799999999997,-30.75200000000001
1013,2025-02-07,Clothing,South,4,97.68,0.15,0,49.36,332.112,134.67200000000003
1014,2025-12-23,Electronics,North,4,243.94,0.0,0,160.21,975.76,334.91999999999996
1015,2025-01-07,Home,East,2,197.57,0.05,0,132.17,375.383,111.043
1016,2025-09-04,Clothing,East,1,179.82,0.0,0,92.45,179.82,87.36999999999999
1017,2025-09-04,Electronics,South,4,97.81,0.05,0,76.53,371.678,65.55799999999999
1018,2025-10-09,Electronics,North,2,78.43,0.15,0,66.27,133.33100000000002,0.7910000000000252
1019,2025-10-10,Clothing,South,5,112.34,0.3,0,75.03,393.19,18.04000000000002
1020,2025-02-20,Clothing,East,5,151.26,0.3,0,126.28,529.41,-101.99000000000001
1021,2025-10-23,Home,South,5,119.58,0.3,1,61.35,0.0,0.0
1022,2025-07-18,Electronics,South,1,236.96,0.0,0,182.12,236.96,54.84
1023,2025-08-06,Home,East,4,99.67,0.0,1,57.18,0.0,0.0
1024,2025-01-02,Home,South,3,82.3,0.15,0,58.36,209.86499999999998,34.785
1025,2025-08-19,Electronics,South,1,149.84,0.05,0,89.14,142.34799999999998,53.207999999999984
1026,2025-04-14,Electronics,North,1,90.68,0.0,0,55.19,90.68,35.49000000000001
1027,2025-10-18,Grocery,South,4,221.24,0.0,0,137.19,884.96,336.20000000000005
1028,2025-06-26,Home,East,4,132.27,0.05,0,60.98,502.62600000000003,258.706
1029,2025-05-15,Electronics,West,4,156.09,0.0,0,101.55,624.36,218.16000000000003
1030,2025-09-21,Grocery,West,3,92.68,0.05,0,46.2,264.13800000000003,125.53800000000001
1031,2025-11-22,Home,East,2,127.37,0.15,0,103.08,216.529,10.369
1032,2025-09-11,Electronics,South,1,227.45,0.0,0,166.2,227.45,61.25
1033,2025-03-26,Grocery,East,4,85.26,0.0,0,42.86,341.04,169.60000000000002
1034,2025-02-02,Home,West,3,125.81,0.15,1,66.33,0.0,0.0
1035,2025-05-21,Grocery,East,1,181.98,0.15,0,121.89,154.683,32.79299999999999
1036,2025-10-25,Grocery,North,2,209.29,0.05,0,176.52,397.65099999999995,44.61099999999993
1037,2025-05-24,Clothing,East,1,115.68,0.0,0,78.88,115.68,36.80000000000001
1038,2025-10-13,Home,North,2,66.78,0.0,0,45.57,133.56,42.42
1039,2025-10-28,Electronics,East,2,16.88,0.0,0,10.73,33.76,12.299999999999997
1040,2025-04-11,Grocery,East,1,134.37,0.3,0,85.19,94.059,8.869
1041,2025-06-19,Home,North,3,114.68,0.3,0,56.3,240.828,71.92800000000003
1042,2025-03-12,Grocery,South,4,162.9,0.15,0,123.23,553.86,60.94
1043,2025-11-03,Grocery,North,2,113.04,0.0,0,51.24,226.08,123.60000000000001
1044,2025-04-01,Electronics,South,5,43.14,0.0,0,20.01,215.7,115.64999999999998
1045,2025-10-20,Home,North,5,204.81,0.15,0,115.98,870.4424999999999,290.5424999999999
1046,2025-04-23,Grocery,East,4,107.5,0.05,0,52.87,408.5,197.02
1047,2025-10-23,Grocery,East,4,206.43,0.15,0,153.08,701.862,89.54199999999992
1048,2025-09-08,Electronics,North,2,99.6,0.3,0,76.01,139.43999999999997,-12.580000000000041
1049,2025-03-25,Home,West,5,119.6,0.0,0,76.45,598.0,215.75
1050,2025-08-26,Grocery,South,1,171.82,0.05,0,142.89,163.22899999999998,20.339
1051,2025-06-27,Grocery,East,1,54.78,0.3,0,43.06,38.346,-4.714000000000006
1052,2025-04-12,Electronics,North,5,77.62,0.0,0,52.66,388.1,124.80000000000007
1053,2025-11-12,Home,South,1,205.17,0.15,0,170.16,174.3945,4.234499999999997
1054,2025-02-24,Clothing,South,1,93.34,0.3,0,79.22,65.338,-13.882000000000005
1055,2025-07-09,Home,North,1,98.81,0.15,0,82.11,83.9885,1.8785000000000025
1056,2025-02-18,Electronics,North,2,58.22,0.05,0,41.52,110.618,27.57799999999999
1057,2025-05-18,Grocery,South,1,181.3,0.15,0,130.14,154.10500000000002,23.965000000000032
1058,2025-08-29,Clothing,East,3,82.99,0.05,0,43.61,236.52149999999997,105.69149999999999
1059,2025-02-04,Electronics,West,3,142.21,0.15,0,88.94,362.6355,95.81549999999999
1060,2025-10-03,Home,West,1,104.78,0.0,0,62.15,104.78,42.63
1061,2025-07-10,Clothing,North,4,160.69,0.0,1,81.36,0.0,0.0
1062,2025-05-27,Electronics,North,4,113.62,0.15,0,60.17,386.308,145.628
1063,2025-04-02,Electronics,East,2,226.1,0.3,0,129.22,316.53999999999996,58.099999999999966
1064,2025-05-05,Home,West,5,95.16,0.3,0,45.37,333.05999999999995,106.20999999999995
1065,2025-10-03,Clothing,North,5,24.71,0.15,0,19.34,105.01750000000001,8.31750000000001
1066,2025-02-01,Grocery,South,2,28.37,0.05,0,16.65,53.903,20.603
1067,2025-10-23,Electronics,North,3,245.46,0.3,0,191.45,515.466,-58.8839999999999
1068,2025-12-04,Home,West,2,102.45,0.0,0,47.43,204.9,110.04
1069,2025-08-28,Electronics,South,3,102.17,0.0,0,50.33,306.51,155.51999999999998
1070,2025-10-06,Electronics,West,1,242.38,0.15,0,159.59,206.023,46.43299999999999
1071,2025-02-21,Grocery,North,1,38.35,0.0,0,31.4,38.35,6.950000000000003
1072,2025-02-10,Clothing,East,3,222.77,0.0,0,164.73,668.3100000000001,174.12000000000012
1073,2025-11-07,Home,South,5,247.07,0.0,0,187.74,1235.35,296.64999999999986
1074,2025-11-20,Home,East,5,198.88,0.15,0,94.98,845.24,370.34
1075,2025-02-08,Electronics,North,5,94.59,0.05,0,64.15,449.3025,128.5525
1076,2025-08-03,Grocery,South,5,97.07,0.3,0,57.95,339.74499999999995,49.99499999999995
1077,2025-08-11,Home,South,5,159.04,0.0,0,75.44,795.1999999999999,417.99999999999994
1078,2025-05-30,Home,East,3,191.59,0.05,0,95.69,546.0314999999999,258.96149999999994
1079,2025-01-14,Clothing,West,5,149.92,0.05,0,120.41,712.1199999999999,110.06999999999994
1080,2025-03-05,Home,North,1,44.89,0.0,0,23.46,44.89,21.43
1081,2025-09-08,Grocery,North,4,196.33,0.05,0,96.65,746.054,359.45399999999995
1082,2025-08-02,Electronics,North,2,25.41,0.0,0,16.3,50.82,18.22
1083,2025-05-20,Clothing,North,1,46.34,0.0,0,23.25,46.34,23.090000000000003
1084,2025-11-04,Home,North,4,219.8,0.05,0,182.56,835.24,105.0
1085,2025-05-08,Electronics,East,4,80.97,0.15,0,65.91,275.298,11.658000000000015
1086,2025-07-16,Clothing,East,1,31.71,0.3,0,16.74,22.197,5.457000000000001
1087,2025-03-08,Grocery,East,5,63.17,0.05,0,32.99,300.0575,135.1075
1088,2025-03-16,Electronics,North,3,53.28,0.3,0,39.19,111.88799999999999,-5.682000000000002
1089,2025-07-16,Clothing,East,2,68.64,0.3,0,35.56,96.09599999999999,24.975999999999985
1090,2025-01-01,Clothing,South,2,149.63,0.15,0,125.49,254.37099999999998,3.390999999999991
1091,2025-03-27,Clothing,West,1,52.08,0.3,0,35.02,36.455999999999996,1.4359999999999928
1092,2025-05-30,Grocery,North,2,67.19,0.0,0,55.75,134.38,22.879999999999995
1093,2025-05-10,Home,South,2,222.33,0.0,0,167.01,444.66,110.64000000000004
1094,2025-12-03,Grocery,South,3,34.81,0.15,0,25.79,88.7655,11.395499999999998
1095,2025-12-23,Grocery,South,1,219.05,0.0,0,135.95,219.05,83.10000000000002
1096,2025-01-18,Home,East,1,81.35,0.3,0,45.03,56.94499999999999,11.914999999999992
1097,2025-10-12,Electronics,East,3,209.25,0.0,0,94.6,627.75,343.95000000000005
1098,2025-04-26,Home,South,5,62.74,0.0,0,39.45,313.7,116.44999999999999
1099,2025-04-06,Clothing,West,4,193.03,0.05,0,144.45,733.514,155.71400000000006
1100,2025-08-01,Grocery,East,3,152.18,0.0,0,100.13,456.54,156.15000000000003
1101,2025-01-13,Clothing,North,2,159.69,0.05,0,99.19,303.411,105.031
1102,2025-06-21,Home,West,4,65.02,0.0,0,43.31,260.08,86.83999999999997
1103,2025-01-17,Electronics,West,3,241.89,0.05,0,142.54,689.3865,261.76649999999995
1104,2025-09-18,Home,East,4,30.48,0.15,1,16.68,0.0,0.0
1105,2025-12-28,Home,West,2,71.81,0.15,0,38.71,122.077,44.657
1106,2025-05-16,Electronics,East,5,42.51,0.05,0,28.87,201.92249999999999,57.57249999999999
1107,2025-03-01,Grocery,South,3,213.88,0.3,0,103.28,449.14799999999997,139.30799999999994
1108,2025-09-18,Electronics,South,5,175.88,0.3,1,81.05,0.0,0.0
1109,2025-09-15,Clothing,West,4,67.26,0.0,0,52.92,269.04,57.360000000000014
1110,2025-06-16,Home,South,3,224.64,0.3,0,156.12,471.7439999999999,3.383999999999901
1111,2025-05-26,Home,South,1,93.84,0.15,0,61.02,79.764,18.743999999999993
1112,2025-11-23,Grocery,East,3,236.79,0.0,0,194.9,710.37,125.66999999999996
1113,2025-04-03,Electronics,West,3,200.31,0.3,0,165.73,420.651,-76.53899999999993
1114,2025-10-07,Home,South,4,161.85,0.05,0,117.47,615.03,145.14999999999998
1115,2025-08-03,Electronics,West,1,73.34,0.05,0,34.14,69.673,35.533
1116,2025-11-03,Electronics,West,4,151.66,0.0,0,111.27,606.64,161.56
1117,2025-10-30,Home,North,1,127.12,0.15,0,58.42,108.052,49.632000000000005
1118,2025-05-17,Home,West,4,69.4,0.15,0,33.66,235.96,101.32000000000002
1119,2025-04-23,Electronics,West,4,212.47,0.05,0,116.17,807.386,342.70599999999996
1120,2025-07-01,Home,North,2,90.91,0.15,0,46.24,154.547,62.06699999999999
1121,2025-01-25,Home,South,3,79.98,0.0,0,39.59,239.94,121.16999999999999
1122,2025-07-09,Grocery,South,1,225.77,0.3,1,116.17,0.0,0.0
1123,2025-04-18,Clothing,North,5,95.27,0.3,0,70.4,333.44499999999994,-18.555000000000064
1124,2025-02-09,Home,South,5,109.41,0.15,0,55.47,464.99249999999995,187.64249999999993
1125,2025-06-16,Grocery,East,4,23.56,0.15,0,18.69,80.104,5.343999999999994
1126,2025-12-09,Grocery,North,1,147.86,0.05,0,90.46,140.467,50.00700000000002
1127,2025-11-15,Grocery,North,4,190.48,0.05,0,117.54,723.824,253.66399999999993
1128,2025-01-19,Electronics,South,2,132.47,0.15,0,85.54,225.19899999999998,54.11899999999997
1129,2025-03-14,Home,East,3,79.86,0.3,1,62.29,0.0,0.0
1130,2025-01-14,Clothing,East,3,144.85,0.15,0,81.95,369.36749999999995,123.51749999999993
1131,2025-02-22,Home,North,5,105.34,0.0,0,54.66,526.7,253.4000000000001
1132,2025-04-08,Clothing,West,4,131.84,0.0,0,70.71,527.36,244.52000000000004
1133,2025-04-14,Electronics,East,3,151.31,0.0,0,87.12,453.93,192.57
1134,2025-02-06,Clothing,South,2,68.8,0.15,0,49.45,116.96,18.059999999999988
1135,2025-10-12,Home,West,5,25.51,0.15,0,18.44,108.4175,16.2175
1136,2025-08-27,Clothing,East,3,94.19,0.3,0,60.78,197.79899999999998,15.458999999999975
1137,2025-11-07,Clothing,West,4,110.96,0.05,0,79.84,421.64799999999997,102.28799999999995
1138,2025-09-24,Home,West,5,55.85,0.0,0,26.21,279.25,148.2
1139,2025-06-10,Clothing,East,3,165.5,0.0,0,91.54,496.5,221.88
1140,2025-03-16,Electronics,East,1,54.91,0.0,0,29.62,54.91,25.289999999999996
1141,2025-08-22,Electronics,West,1,109.16,0.05,0,72.83,103.702,30.872
1142,2025-06-06,Grocery,North,4,225.55,0.0,0,149.78,902.2,303.08000000000004
1143,2025-12-19,Clothing,North,4,112.21,0.0,0,53.97,448.84,232.95999999999998
1144,2025-08-06,Clothing,East,3,145.88,0.15,0,113.64,371.99399999999997,31.073999999999955
1145,2025-03-08,Electronics,East,5,116.71,0.15,0,79.05,496.0174999999999,100.76749999999993
1146,2025-01-10,Home,North,3,106.66,0.3,0,80.93,223.986,-18.80400000000003
1147,2025-12-13,Clothing,North,2,204.91,0.15,0,95.52,348.347,157.307
1148,2025-11-30,Clothing,South,5,180.95,0.05,0,120.18,859.5124999999999,258.61249999999984
1149,2025-01-13,Electronics,West,5,211.52,0.3,0,100.18,740.32,239.42000000000002
1150,2025-02-18,Home,East,4,20.46,0.15,0,14.7,69.56400000000001,10.76400000000001
1151,2025-05-21,Home,North,2,147.53,0.3,0,103.88,206.542,-1.2179999999999893
1152,2025-12-15,Electronics,West,2,161.66,0.05,0,81.34,307.154,144.474
1153,2025-09-24,Grocery,South,4,22.08,0.0,0,18.07,88.32,16.039999999999992
1154,2025-09-01,Grocery,South,4,103.34,0.0,0,79.42,413.36,95.68
1155,2025-07-28,Grocery,North,4,85.85,0.15,0,44.4,291.89,114.28999999999999
1156,2025-11-05,Electronics,East,2,223.57,0.15,0,117.17,380.06899999999996,145.72899999999996
1157,2025-12-17,Grocery,West,3,159.97,0.15,0,99.07,407.9235,110.71350000000001
1158,2025-05-18,Electronics,West,2,151.58,0.05,0,114.08,288.002,59.84200000000001
1159,2025-04-21,Grocery,East,2,144.67,0.05,0,90.63,274.873,93.613
1160,2025-01-05,Electronics,North,1,143.11,0.3,0,110.2,100.177,-10.022999999999996
1161,2025-05-03,Clothing,North,5,50.26,0.15,0,24.41,213.605,91.55499999999999
1162,2025-05-12,Clothing,North,4,213.05,0.15,0,147.21,724.37,135.52999999999997
1163,2025-04-25,Grocery,South,4,114.64,0.0,0,76.51,458.56,152.51999999999998
1164,2025-12-14,Electronics,North,2,218.23,0.15,0,159.39,370.991,52.21100000000001
1165,2025-02-01,Clothing,South,4,173.22,0.0,0,121.54,692.88,206.71999999999997
1166,2025-06-09,Electronics,North,2,198.01,0.3,0,92.42,277.21399999999994,92.37399999999994
1167,2025-09-11,Home,South,2,124.8,0.3,1,59.33,0.0,0.0
1168,2025-01-22,Home,South,2,200.55,0.0,0,90.94,401.1,219.22000000000003
1169,2025-04-03,Electronics,North,1,33.03,0.3,0,17.68,23.121,5.440999999999999
1170,2025-06-20,Grocery,East,4,112.5,0.0,0,81.4,450.0,124.39999999999998
1171,2025-05-14,Grocery,South,2,106.34,0.15,0,78.29,180.778,24.19799999999998
1172,2025-03-05,Clothing,North,5,199.23,0.15,0,116.69,846.7275,263.2774999999999
1173,2025-01-27,Home,West,5,43.22,0.0,0,26.49,216.1,83.65
1174,2025-10-19,Home,South,1,21.98,0.3,0,11.48,15.386,3.905999999999999
1175,2025-11-28,Grocery,West,5,216.19,0.05,0,138.65,1026.9025,333.6524999999999
1176,2025-07-05,Electronics,South,1,75.04,0.15,0,47.48,63.784000000000006,16.30400000000001
1177,2025-10-28,Clothing,West,3,59.4,0.0,0,30.97,178.2,85.28999999999999
1178,2025-04-14,Home,East,2,120.37,0.15,0,87.2,204.629,30.228999999999985
1179,2025-10-13,Grocery,West,5,143.19,0.3,1,102.98,0.0,0.0
1180,2025-06-28,Clothing,South,2,162.14,0.3,1,131.59,0.0,0.0
1181,2025-03-19,Clothing,South,4,28.05,0.3,0,14.43,78.53999999999999,20.819999999999993
1182,2025-01-25,Clothing,East,5,23.73,0.3,0,14.76,83.05499999999999,9.254999999999995
1183,2025-10-30,Grocery,North,3,135.96,0.3,0,107.97,285.51599999999996,-38.394000000000005
1184,2025-09-29,Grocery,South,1,131.12,0.0,0,80.17,131.12,50.95
1185,2025-02-27,Home,East,3,33.89,0.15,0,27.37,86.4195,4.3095
1186,2025-03-20,Home,East,1,120.54,0.0,0,81.96,120.54,38.58000000000001
1187,2025-02-24,Grocery,South,1,183.85,0.3,0,142.52,128.695,-13.825000000000017
1188,2025-09-12,Clothing,North,1,149.68,0.15,0,117.39,127.22800000000001,9.838000000000008
1189,2025-08-31,Home,East,2,57.27,0.3,0,48.35,80.178,-16.522000000000006
1190,2025-06-30,Home,West,2,22.89,0.3,0,14.4,32.046,3.2459999999999987
1191,2025-03-03,Grocery,West,1,28.81,0.3,0,16.44,20.166999999999998,3.7269999999999968
1192,2025-08-14,Home,South,2,18.37,0.3,0,13.58,25.718,-1.4420000000000002
1193,2025-05-27,Electronics,East,3,243.07,0.15,0,185.66,619.8285,62.848499999999945
1194,2025-10-23,Home,South,2,97.67,0.3,0,80.83,136.738,-24.921999999999997
1195,2025-10-16,Electronics,East,4,145.33,0.05,0,103.21,552.254,139.41400000000004
1196,2025-06-30,Home,East,5,79.89,0.05,1,64.99,0.0,0.0
1197,2025-03-31,Clothing,North,5,120.13,0.05,0,76.61,570.6175,187.56749999999994
1198,2025-02-12,Grocery,North,3,245.45,0.0,0,164.17,736.3499999999999,243.83999999999992
1199,2025-11-23,Clothing,South,4,50.18,0.05,0,31.18,190.684,65.964
1200,2025-03-04,Electronics,East,1,130.76,0.05,0,100.16,124.22199999999998,24.061999999999983
1201,2025-02-03,Grocery,South,5,163.69,0.15,0,97.67,695.6825,207.33249999999998
1202,2025-05-08,Clothing,East,4,106.61,0.3,1,68.85,0.0,0.0
1203,2025-08-29,Home,East,2,54.74,0.05,0,37.09,104.006,29.825999999999993
1204,2025-09-04,Clothing,East,2,75.81,0.15,0,60.83,128.877,7.217000000000013
1205,2025-06-13,Electronics,North,5,175.18,0.05,1,100.18,0.0,0.0
1206,2025-05-22,Clothing,North,3,108.34,0.05,0,59.48,308.76899999999995,130.32899999999995
1207,2025-07-20,Electronics,West,1,121.04,0.3,0,95.18,84.728,-10.452000000000012
1208,2025-04-05,Home,West,2,216.15,0.0,0,109.14,432.3,214.02
1209,2025-12-06,Electronics,West,2,116.06,0.0,0,61.61,232.12,108.9
1210,2025-01-19,Clothing,North,1,221.16,0.15,0,116.01,187.986,71.97599999999998
1211,2025-01-17,Clothing,North,2,130.46,0.0,0,76.3,260.92,108.32000000000002
1212,2025-05-26,Electronics,West,3,246.65,0.0,0,157.93,739.95,266.16
1213,2025-06-24,Home,West,3,43.18,0.3,1,23.73,0.0,0.0
1214,2025-01-16,Electronics,South,2,150.94,0.05,0,101.47,286.786,83.846
1215,2025-03-23,Electronics,East,1,50.02,0.0,0,34.37,50.02,15.650000000000006
1216,2025-08-28,Grocery,East,5,218.18,0.15,0,147.27,927.2650000000001,190.91500000000008
1217,2025-08-29,Home,East,1,200.53,0.15,0,95.36,170.4505,75.0905
1218,2025-01-11,Clothing,South,4,210.73,0.3,0,150.42,590.044,-11.635999999999967
1219,2025-02-11,Home,South,4,43.09,0.3,0,32.23,120.652,-8.267999999999986
1220,2025-06-03,Grocery,West,2,51.39,0.05,0,28.12,97.64099999999999,41.40099999999999
1221,2025-06-25,Home,East,4,187.97,0.3,0,123.8,526.3159999999999,31.11599999999993
1222,2025-05-02,Electronics,West,3,238.89,0.05,0,135.33,680.8364999999999,274.8464999999999
1223,2025-02-09,Electronics,West,3,41.58,0.0,0,34.26,124.74,21.959999999999994
1224,2025-05-18,Electronics,South,1,147.21,0.05,0,99.46,139.8495,40.38950000000001
1225,2025-01-01,Grocery,South,3,135.47,0.05,0,73.12,386.08949999999993,166.72949999999992
1226,2025-03-20,Grocery,South,1,204.76,0.15,0,166.29,174.046,7.756
1227,2025-06-01,Electronics,East,2,247.9,0.3,0,121.59,347.06,103.88
1228,2025-11-24,Clothing,West,3,122.02,0.0,0,86.57,366.06,106.35000000000002
1229,2025-07-15,Grocery,West,3,248.9,0.05,0,168.02,709.365,205.30499999999995
1230,2025-03-18,Electronics,East,1,129.75,0.15,0,67.6,110.2875,42.6875
1231,2025-12-13,Grocery,West,1,153.97,0.3,0,78.26,107.779,29.51899999999999
1232,2025-08-08,Electronics,South,3,159.27,0.3,0,78.15,334.46700000000004,100.01700000000002
1233,2025-02-01,Home,South,3,147.73,0.05,0,103.54,421.0304999999999,110.4104999999999
1234,2025-06-19,Grocery,West,3,114.14,0.0,0,60.12,342.42,162.06000000000003
1235,2025-04-24,Clothing,West,2,87.28,0.3,0,71.76,122.192,-21.328000000000017
1236,2025-03-09,Electronics,North,2,99.35,0.3,0,48.59,139.08999999999997,41.90999999999997
1237,2025-12-11,Home,East,1,189.89,0.05,1,95.31,0.0,0.0
1238,2025-05-13,Grocery,North,3,237.57,0.3,0,197.26,498.897,-92.88299999999998
1239,2025-05-02,Clothing,North,4,15.76,0.15,0,11.53,53.583999999999996,7.463999999999999
1240,2025-07-21,Clothing,East,5,247.86,0.3,0,190.81,867.5100000000001,-86.53999999999985
1241,2025-08-10,Grocery,East,5,138.21,0.3,1,83.51,0.0,0.0
1242,2025-02-19,Home,East,1,80.1,0.05,0,47.46,76.09499999999998,28.634999999999984
1243,2025-01-16,Electronics,South,3,141.7,0.0,0,107.98,425.09999999999997,101.15999999999997
1244,2025-09-15,Electronics,West,4,113.84,0.05,0,66.86,432.592,165.152
1245,2025-02-16,Home,West,2,63.64,0.3,0,30.83,89.09599999999999,27.435999999999993
1246,2025-03-15,Electronics,West,1,83.05,0.3,0,41.5,58.13499999999999,16.63499999999999
1247,2025-10-11,Clothing,South,2,226.47,0.3,0,124.63,317.058,67.798
1248,2025-08-18,Electronics,South,1,121.93,0.15,0,93.32,103.6405,10.32050000000001
1249,2025-08-06,Home,North,1,226.94,0.15,0,111.28,192.899,81.619
1250,2025-04-11,Electronics,North,2,30.59,0.15,0,22.62,52.003,6.762999999999998
1251,2025-04-25,Home,West,3,30.02,0.0,0,19.55,90.06,31.409999999999997
1252,2025-08-11,Electronics,South,1,210.71,0.05,0,169.66,200.1745,30.514499999999998
1253,2025-10-21,Home,North,1,171.36,0.15,0,77.16,145.656,68.49600000000001
1254,2025-07-30,Clothing,East,2,130.94,0.0,0,101.31,261.88,59.25999999999999
1255,2025-06-16,Electronics,West,1,29.04,0.05,0,15.62,27.587999999999997,11.967999999999998
1256,2025-02-26,Grocery,West,3,133.3,0.3,0,63.83,279.93,88.44
1257,2025-08-04,Grocery,West,2,23.5,0.0,0,16.43,47.0,14.14
1258,2025-10-07,Home,West,5,242.39,0.05,0,183.0,1151.3524999999997,236.35249999999974
1259,2025-06-22,Grocery,South,5,88.19,0.05,0,68.15,418.9025,78.15249999999997
1260,2025-12-09,Clothing,East,4,166.25,0.0,0,81.44,665.0,339.24
1261,2025-02-21,Home,East,3,96.16,0.0,0,70.63,288.48,76.59000000000003
1262,2025-11-02,Clothing,North,2,32.31,0.15,0,22.66,54.927,9.607
1263,2025-10-15,Electronics,South,4,162.06,0.0,1,100.14,0.0,0.0
1264,2025-04-28,Clothing,North,4,70.47,0.15,0,58.66,239.59799999999998,4.957999999999998
1265,2025-12-08,Grocery,South,3,26.58,0.05,0,15.65,75.75299999999999,28.802999999999983
1266,2025-01-02,Home,West,5,129.16,0.05,1,68.72,0.0,0.0
1267,2025-07-15,Electronics,South,5,209.58,0.15,0,119.71,890.715,292.1650000000001
1268,2025-10-18,Home,South,5,54.43,0.05,0,35.05,258.54249999999996,83.29249999999996
1269,2025-10-05,Electronics,South,4,239.94,0.05,0,145.41,911.7719999999999,330.13199999999995
1270,2025-04-01,Home,West,3,20.1,0.3,0,12.61,42.21,4.380000000000003
1271,2025-12-16,Clothing,South,5,68.75,0.05,0,51.02,326.5625,71.46249999999998
1272,2025-07-28,Home,South,5,73.59,0.3,0,49.47,257.565,10.215000000000003
1273,2025-08-26,Home,West,2,123.09,0.3,0,99.43,172.326,-26.53400000000002
1274,2025-05-26,Clothing,North,2,137.02,0.0,0,106.93,274.04,60.18000000000001
1275,2025-07-27,Grocery,North,2,133.55,0.15,0,98.46,227.03500000000003,30.115000000000038
1276,2025-04-09,Grocery,East,5,24.08,0.0,0,15.03,120.39999999999999,45.25
1277,2025-01-09,Clothing,West,1,18.62,0.15,0,8.77,15.827,7.057
1278,2025-08-21,Home,West,4,61.16,0.05,0,33.29,232.408,99.24799999999999
1279,2025-10-06,Clothing,South,1,188.02,0.3,0,120.06,131.614,11.554000000000002
1280,2025-04-08,Grocery,South,3,86.54,0.05,0,41.6,246.63899999999998,121.83899999999997
1281,2025-01-11,Home,West,3,137.99,0.3,0,78.05,289.779,55.62900000000002
1282,2025-04-18,Home,North,3,108.79,0.3,0,72.87,228.45899999999997,9.848999999999961
1283,2025-05-10,Home,East,4,116.99,0.05,0,76.87,444.56199999999995,137.08199999999994
1284,2025-08-08,Clothing,South,1,226.43,0.05,0,113.71,215.1085,101.3985
1285,2025-03-26,Home,West,4,62.43,0.15,0,51.4,212.262,6.662000000000006
1286,2025-12-22,Electronics,West,1,178.51,0.3,0,82.69,124.95699999999998,42.26699999999998
1287,2025-03-19,Clothing,North,1,87.25,0.3,0,61.17,61.074999999999996,-0.09500000000000597
1288,2025-11-28,Grocery,East,4,57.13,0.05,0,28.83,217.094,101.774
1289,2025-01-16,Home,West,5,237.59,0.0,0,184.24,1187.95,266.75
1290,2025-11-14,Clothing,East,4,181.23,0.05,0,122.72,688.674,197.79399999999998
1291,2025-01-22,Grocery,East,4,131.23,0.05,0,110.28,498.6739999999999,57.55399999999992
1292,2025-02-16,Electronics,North,3,99.98,0.0,0,67.61,299.94,97.11000000000001
1293,2025-05-30,Home,South,3,65.21,0.05,0,54.23,185.84849999999997,23.158499999999975
1294,2025-01-17,Electronics,South,2,116.88,0.05,0,82.7,222.07199999999997,56.67199999999997
1295,2025-05-16,Home,South,1,210.19,0.05,0,148.36,199.6805,51.32049999999998
1296,2025-03-23,Home,South,3,18.66,0.05,0,14.66,53.181000000000004,9.201
1297,2025-01-13,Grocery,West,3,151.98,0.15,0,118.83,387.5489999999999,31.058999999999912
1298,2025-12-22,Home,East,5,117.53,0.3,0,74.67,411.35499999999996,38.00499999999994
1299,2025-02-21,Clothing,East,4,17.87,0.0,0,15.01,71.48,11.440000000000005
1300,2025-11-20,Electronics,South,3,165.61,0.05,0,78.87,471.98850000000004,235.37850000000003
1301,2025-12-16,Grocery,West,1,32.8,0.15,0,18.56,27.879999999999995,9.319999999999997
1302,2025-05-29,Grocery,South,2,38.58,0.3,0,25.23,54.01199999999999,3.5519999999999925
1303,2025-08-17,Grocery,West,5,57.37,0.0,0,32.88,286.84999999999997,122.44999999999996
1304,2025-06-11,Home,North,4,94.98,0.3,0,56.02,265.944,41.864000000000004
1305,2025-09-09,Electronics,North,4,124.15,0.15,0,100.38,422.11,20.590000000000032
1306,2025-05-27,Home,West,2,222.55,0.15,0,128.9,378.33500000000004,120.53500000000003
1307,2025-11-03,Clothing,South,4,165.67,0.3,0,133.07,463.8759999999999,-68.40400000000005
1308,2025-06-22,Electronics,East,4,232.7,0.05,0,152.05,884.2599999999999,276.05999999999983
1309,2025-10-12,Electronics,East,1,131.59,0.0,0,87.82,131.59,43.77000000000001
1310,2025-04-21,Home,North,2,25.61,0.05,0,15.81,48.659,17.038999999999998
1311,2025-04-25,Clothing,East,3,167.48,0.05,0,140.82,477.3179999999999,54.85799999999995
1312,2025-08-16,Electronics,West,5,187.34,0.0,0,107.8,936.7,397.70000000000005
1313,2025-04-25,Home,East,4,156.48,0.0,0,117.34,625.92,156.55999999999995
1314,2025-10-14,Electronics,West,4,228.0,0.3,0,170.49,638.4,-43.56000000000006
1315,2025-04-01,Grocery,South,2,187.08,0.3,1,96.64,0.0,0.0
1316,2025-02-12,Electronics,West,4,225.51,0.0,0,103.63,902.04,487.52
1317,2025-02-05,Home,East,5,224.5,0.0,0,102.37,1122.5,610.65
1318,2025-05-17,Clothing,South,2,101.24,0.15,0,78.25,172.10799999999998,15.607999999999976
1319,2025-10-30,Electronics,South,2,65.41,0.0,0,44.47,130.82,41.879999999999995
1320,2025-12-12,Home,North,2,96.87,0.15,0,80.79,164.679,3.0989999999999895
1321,2025-06-11,Clothing,East,4,63.78,0.05,0,45.82,242.364,59.084
1322,2025-10-17,Electronics,South,2,215.53,0.15,0,174.76,366.401,16.88100000000003
1323,2025-05-18,Grocery,West,5,147.16,0.15,0,104.15,625.43,104.67999999999995
1324,2025-10-22,Clothing,North,1,164.76,0.3,0,119.25,115.33199999999998,-3.9180000000000206
1325,2025-03-01,Grocery,East,5,190.54,0.15,0,129.17,809.795,163.94500000000005
1326,2025-05-30,Electronics,South,1,146.94,0.05,0,71.37,139.593,68.22299999999998
1327,2025-01-09,Home,North,5,81.23,0.15,0,44.42,345.2275,123.1275
1328,2025-07-05,Home,North,1,179.7,0.3,0,94.98,125.78999999999998,30.809999999999974
1329,2025-06-10,Grocery,South,3,115.83,0.0,0,71.57,347.49,132.78000000000003
1330,2025-07-05,Home,West,5,217.86,0.05,0,141.27,1034.835,328.485
1331,2025-04-28,Electronics,East,3,20.94,0.0,0,17.25,62.82000000000001,11.070000000000007
1332,2025-08-09,Grocery,East,2,57.87,0.15,1,41.36,0.0,0.0
1333,2025-04-30,Home,East,4,161.26,0.0,0,102.06,645.04,236.79999999999995
1334,2025-07-29,Home,North,4,167.93,0.3,0,105.52,470.204,48.124000000000024
1335,2025-07-30,Grocery,East,5,147.29,0.15,0,94.69,625.9825,152.53249999999997
1336,2025-04-05,Grocery,East,4,180.59,0.05,0,109.94,686.242,246.48199999999997
1337,2025-02-25,Grocery,East,2,227.14,0.15,1,162.31,0.0,0.0
1338,2025-10-08,Home,East,4,213.72,0.15,0,142.06,726.648,158.40800000000002
1339,2025-04-12,Grocery,East,4,228.0,0.15,0,139.82,775.1999999999999,215.91999999999996
1340,2025-05-23,Electronics,West,1,125.51,0.0,0,76.2,125.51,49.31
1341,2025-04-13,Home,South,4,217.98,0.0,0,170.48,871.92,190.0
1342,2025-04-01,Home,North,3,74.61,0.15,1,38.08,0.0,0.0
1343,2025-11-13,Clothing,West,3,160.79,0.3,0,128.66,337.659,-48.321000000000026
1344,2025-09-17,Grocery,West,2,73.74,0.15,1,45.16,0.0,0.0
1345,2025-03-30,Grocery,West,2,23.13,0.0,0,12.4,46.26,21.459999999999997
1346,2025-05-19,Grocery,East,5,121.35,0.05,0,73.5,576.4125,208.91250000000002
1347,2025-11-24,Grocery,North,4,123.72,0.3,0,90.62,346.416,-16.06400000000002
1348,2025-07-16,Home,East,4,205.23,0.3,1,129.54,0.0,0.0
1349,2025-04-05,Grocery,South,4,115.1,0.15,0,64.15,391.34,134.73999999999995
1350,2025-10-17,Clothing,East,2,176.26,0.15,0,98.53,299.642,102.582
1351,2025-02-20,Electronics,South,3,52.95,0.05,0,24.37,150.90750000000003,77.79750000000003
1352,2025-03-07,Home,North,4,178.73,0.05,0,127.43,679.174,169.45399999999995
1353,2025-09-08,Clothing,North,2,163.92,0.15,0,104.58,278.664,69.50399999999999
1354,2025-04-15,Home,South,3,217.69,0.15,0,114.89,555.1094999999999,210.4394999999999
1355,2025-11-17,Home,South,5,146.24,0.15,1,93.33,0.0,0.0
1356,2025-12-19,Home,East,3,230.39,0.15,0,111.99,587.4944999999999,251.52449999999993
1357,2025-01-05,Home,South,4,179.94,0.0,0,84.21,719.76,382.92
1358,2025-09-08,Home,East,5,32.37,0.3,0,27.2,113.29499999999999,-22.705000000000013
1359,2025-06-11,Electronics,North,2,195.31,0.3,0,95.87,273.43399999999997,81.69399999999996
1360,2025-10-07,Electronics,East,4,162.85,0.05,0,85.78,618.8299999999999,275.7099999999999
1361,2025-07-18,Clothing,South,3,179.44,0.0,0,102.98,538.3199999999999,229.37999999999994
1362,2025-01-27,Home,East,1,44.21,0.3,0,37.01,30.947,-6.062999999999999
1363,2025-12-22,Home,East,2,135.45,0.05,0,100.36,257.35499999999996,56.63499999999996
1364,2025-04-26,Electronics,South,3,71.3,0.3,0,58.79,149.72999999999996,-26.640000000000043
1365,2025-12-04,Grocery,West,1,149.65,0.3,0,78.5,104.755,26.254999999999995
1366,2025-04-20,Grocery,North,4,80.1,0.3,0,50.74,224.27999999999997,21.319999999999965
1367,2025-02-09,Grocery,North,2,24.2,0.3,0,20.4,33.879999999999995,-6.920000000000002
1368,2025-11-29,Clothing,West,4,107.17,0.3,0,71.76,300.07599999999996,13.035999999999945
1369,2025-01-03,Grocery,North,1,129.26,0.3,0,94.06,90.48199999999999,-3.578000000000017
1370,2025-12-23,Electronics,East,2,124.75,0.0,0,80.3,249.5,88.9
1371,2025-08-21,Grocery,South,2,167.13,0.0,0,139.79,334.26,54.68000000000001
1372,2025-03-25,Clothing,West,1,155.65,0.15,0,119.61,132.3025,12.69250000000001
1373,2025-11-12,Clothing,North,4,48.94,0.0,0,22.13,195.76,107.24
1374,2025-09-28,Electronics,South,5,143.58,0.3,0,106.81,502.53000000000003,-31.519999999999925
1375,2025-07-13,Grocery,South,5,58.15,0.0,0,39.9,290.75,91.25
1376,2025-06-10,Grocery,North,5,189.41,0.15,0,98.93,804.9925,310.3424999999999
1377,2025-08-25,Clothing,West,3,230.86,0.3,0,176.23,484.806,-43.88399999999996
1378,2025-12-11,Clothing,West,3,55.8,0.3,0,45.89,117.17999999999998,-20.490000000000038
1379,2025-11-23,Electronics,South,2,150.26,0.15,0,115.9,255.44199999999998,23.641999999999967
1380,2025-01-13,Grocery,East,2,177.22,0.3,0,130.95,248.10799999999998,-13.792000000000002
1381,2025-11-01,Clothing,South,5,36.28,0.15,0,28.16,154.19,13.389999999999986
1382,2025-01-29,Home,South,1,198.86,0.3,0,91.76,139.202,47.44199999999999
1383,2025-08-04,Grocery,West,4,160.28,0.15,0,107.29,544.952,115.79199999999997
1384,2025-06-27,Clothing,North,2,22.28,0.3,0,17.95,31.192,-4.707999999999998
1385,2025-09-28,Grocery,East,2,92.2,0.15,0,59.57,156.74,37.60000000000001
1386,2025-01-27,Grocery,West,2,138.28,0.05,0,82.18,262.73199999999997,98.37199999999996
1387,2025-09-27,Electronics,South,1,106.25,0.15,0,71.23,90.3125,19.082499999999996
1388,2025-06-28,Electronics,West,5,199.62,0.0,0,93.41,998.1,531.0500000000001
1389,2025-05-01,Clothing,North,1,151.9,0.05,0,102.41,144.305,41.89500000000001
1390,2025-11-04,Clothing,South,4,204.4,0.05,0,125.54,776.72,274.56
1391,2025-05-24,Grocery,West,2,169.39,0.05,0,91.49,321.84099999999995,138.86099999999996
1392,2025-02-28,Grocery,South,2,238.94,0.3,1,162.36,0.0,0.0
1393,2025-05-15,Clothing,South,5,29.1,0.05,0,14.71,138.225,64.67499999999998
1394,2025-06-25,Grocery,West,4,204.55,0.0,0,171.16,818.2,133.56000000000006
1395,2025-02-06,Electronics,North,1,81.15,0.05,0,55.59,77.0925,21.502499999999998
1396,2025-02-08,Grocery,East,4,17.31,0.05,0,8.33,65.77799999999999,32.45799999999999
1397,2025-12-16,Electronics,South,4,127.06,0.3,0,63.08,355.768,103.44799999999998
1398,2025-01-10,Clothing,West,3,77.05,0.3,0,45.08,161.80499999999998,26.56499999999997
1399,2025-04-16,Clothing,West,3,140.67,0.15,0,111.96,358.70849999999996,22.828499999999963
1400,2025-09-14,Electronics,West,2,29.72,0.3,0,17.18,41.608,7.2479999999999976
1401,2025-05-23,Grocery,East,3,187.24,0.05,0,117.91,533.634,179.904
1402,2025-01-23,Electronics,South,4,246.23,0.0,0,157.19,984.92,356.15999999999997
1403,2025-11-13,Home,South,5,205.34,0.05,0,139.25,975.365,279.115
1404,2025-10-08,Electronics,West,1,139.15,0.05,0,95.17,132.1925,37.022499999999994
1405,2025-11-06,Electronics,North,2,51.84,0.0,0,33.43,103.68,36.82000000000001
1406,2025-11-19,Home,East,4,90.35,0.3,0,42.93,252.97999999999996,81.25999999999996
1407,2025-09-09,Home,East,2,202.2,0.05,0,107.8,384.17999999999995,168.57999999999996
1408,2025-07-25,Grocery,West,2,209.85,0.15,0,169.6,356.745,17.545000000000016
1409,2025-02-21,Home,East,5,29.57,0.05,0,14.31,140.45749999999998,68.90749999999998
1410,2025-06-04,Home,South,3,185.92,0.05,0,141.86,529.872,104.29199999999992
1411,2025-11-03,Home,South,1,238.61,0.05,0,116.07,226.6795,110.6095
1412,2025-02-11,Electronics,South,1,223.0,0.3,0,131.95,156.1,24.150000000000006
1413,2025-12-21,Electronics,South,4,191.59,0.15,0,96.72,651.406,264.52599999999995
1414,2025-05-18,Grocery,South,3,80.55,0.0,0,40.37,241.64999999999998,120.53999999999999
1415,2025-06-19,Grocery,West,1,230.81,0.05,0,152.54,219.2695,66.7295
1416,2025-08-12,Clothing,East,5,222.81,0.3,0,123.54,779.8349999999999,162.13499999999988
1417,2025-11-30,Grocery,East,2,144.59,0.05,1,68.7,0.0,0.0
1418,2025-11-01,Home,West,1,61.93,0.15,0,32.35,52.640499999999996,20.290499999999994
1419,2025-07-31,Clothing,North,4,241.81,0.0,0,164.96,967.24,307.4
1420,2025-04-14,Electronics,West,2,184.51,0.05,0,149.69,350.56899999999996,51.188999999999965
1421,2025-07-05,Clothing,North,2,182.28,0.15,0,121.28,309.876,67.31599999999997
1422,2025-09-04,Electronics,North,3,212.61,0.05,1,122.47,0.0,0.0
1423,2025-03-03,Home,East,1,99.73,0.05,0,57.24,94.7435,37.503499999999995
1424,2025-02-25,Electronics,South,3,21.88,0.3,0,11.05,45.948,12.797999999999995
1425,2025-12-15,Electronics,South,5,47.49,0.15,0,34.03,201.8325,31.682500000000005
1426,2025-07-10,Electronics,South,4,224.09,0.05,0,139.42,851.5419999999999,293.86199999999997
1427,2025-03-30,Home,North,2,33.55,0.0,1,23.87,0.0,0.0
1428,2025-03-08,Electronics,West,2,137.9,0.15,0,107.88,234.43,18.670000000000016
1429,2025-01-22,Clothing,South,5,200.24,0.05,0,92.08,951.14,490.74
1430,2025-06-06,Electronics,North,1,81.25,0.05,0,55.39,77.1875,21.7975
1431,2025-12-12,Clothing,South,4,107.08,0.0,0,55.92,428.32,204.64
1432,2025-10-19,Grocery,East,2,216.26,0.0,0,177.45,432.52,77.62
1433,2025-01-18,Home,East,4,27.76,0.15,0,21.26,94.384,9.343999999999994
1434,2025-10-02,Electronics,West,4,140.46,0.3,1,66.99,0.0,0.0
1435,2025-12-15,Electronics,West,5,185.18,0.05,0,122.9,879.605,265.105
1436,2025-11-21,Clothing,West,5,48.17,0.3,0,27.0,168.595,33.595
1437,2025-01-24,Home,North,5,216.28,0.3,0,110.37,756.98,205.13
1438,2025-05-31,Electronics,West,1,25.94,0.0,0,21.68,25.94,4.260000000000002
1439,2025-01-29,Home,East,5,201.64,0.3,0,162.21,705.7399999999999,-105.31000000000017
1440,2025-08-08,Clothing,West,2,183.31,0.05,0,118.77,348.289,110.749
1441,2025-09-25,Electronics,North,1,46.92,0.0,0,23.49,46.92,23.430000000000003
1442,2025-06-14,Grocery,North,4,99.52,0.05,0,78.85,378.176,62.77600000000001
1443,2025-06-20,Grocery,East,5,168.71,0.15,0,82.09,717.0175,306.5675
1444,2025-12-15,Grocery,North,1,191.4,0.15,0,111.34,162.69,51.349999999999994
1445,2025-10-18,Grocery,North,3,96.87,0.3,0,62.46,203.427,16.046999999999997
1446,2025-11-29,Clothing,North,5,119.73,0.3,0,59.38,419.05499999999995,122.15499999999992
1447,2025-09-20,Electronics,North,1,239.55,0.0,0,126.57,239.55,112.98000000000002
1448,2025-06-12,Home,North,3,244.27,0.05,0,178.74,696.1695,159.94949999999994
1449,2025-11-15,Clothing,West,1,65.34,0.15,0,52.39,55.539,3.149000000000001
1450,2025-09-10,Electronics,South,5,42.63,0.15,0,20.27,181.1775,79.82750000000001
1451,2025-02-13,Grocery,West,4,87.06,0.3,0,49.23,243.768,46.84800000000001
1452,2025-08-08,Home,West,1,190.36,0.15,0,145.81,161.806,15.99600000000001
1453,2025-07-12,Grocery,South,2,89.2,0.3,0,53.63,124.88,17.61999999999999
1454,2025-11-24,Home,West,5,218.1,0.0,0,174.89,1090.5,216.05000000000007
1455,2025-04-01,Grocery,South,5,49.54,0.0,0,27.56,247.7,109.9
1456,2025-09-23,Home,North,4,100.09,0.05,1,49.23,0.0,0.0
1457,2025-09-18,Home,West,3,111.7,0.0,0,83.07,335.1,85.89000000000004
1458,2025-02-27,Home,North,5,228.22,0.05,0,141.07,1084.0449999999998,378.69499999999994
1459,2025-02-14,Home,North,4,28.48,0.0,0,21.57,113.92,27.64
1460,2025-06-07,Grocery,South,3,232.21,0.3,0,193.65,487.64099999999996,-93.30900000000008
1461,2025-01-14,Grocery,East,3,242.74,0.15,0,174.17,618.987,96.47699999999998
1462,2025-01-15,Clothing,East,4,231.17,0.05,0,106.42,878.4459999999999,452.7659999999999
1463,2025-07-02,Grocery,North,1,227.18,0.3,0,173.13,159.02599999999998,-14.104000000000013
1464,2025-03-11,Grocery,West,3,225.08,0.05,0,141.98,641.478,215.538
1465,2025-05-28,Home,South,2,191.84,0.05,0,121.86,364.496,120.77599999999998
1466,2025-11-07,Clothing,South,2,143.37,0.05,0,118.85,272.403,34.70300000000003
1467,2025-12-18,Grocery,East,5,120.11,0.0,0,69.74,600.55,251.84999999999997
1468,2025-01-28,Electronics,East,5,46.85,0.15,0,25.68,199.11249999999998,70.71249999999998
1469,2025-07-03,Home,South,4,186.67,0.3,0,123.12,522.6759999999999,30.195999999999913
1470,2025-10-11,Grocery,North,5,123.12,0.05,1,56.81,0.0,0.0
1471,2025-01-15,Electronics,West,2,202.21,0.3,0,159.06,283.094,-35.02600000000001
1472,2025-10-03,Home,East,5,174.4,0.05,0,139.8,828.4,129.39999999999998
1473,2025-08-14,Clothing,South,4,140.99,0.0,0,95.67,563.96,181.28000000000003
1474,2025-05-06,Electronics,South,4,28.61,0.3,0,14.02,80.10799999999999,24.02799999999999
1475,2025-07-20,Home,South,4,73.34,0.15,0,38.99,249.356,93.39599999999999
1476,2025-07-02,Home,West,2,34.21,0.0,0,25.73,68.42,16.96
1477,2025-08-21,Electronics,West,5,212.32,0.3,1,106.48,0.0,0.0
1478,2025-07-09,Home,West,2,79.8,0.0,0,41.65,159.6,76.3
1479,2025-07-06,Electronics,South,3,229.96,0.3,1,111.36,0.0,0.0
1480,2025-10-14,Home,West,1,103.31,0.0,0,67.02,103.31,36.290000000000006
1481,2025-04-02,Home,North,5,209.77,0.0,0,99.27,1048.8500000000001,552.5000000000002
1482,2025-02-26,Home,East,1,190.39,0.3,0,160.12,133.273,-26.84700000000001
1483,2025-10-06,Grocery,East,4,38.65,0.05,0,21.66,146.86999999999998,60.229999999999976
1484,2025-03-06,Grocery,East,1,243.01,0.15,0,193.09,206.55849999999998,13.468499999999977
1485,2025-01-30,Grocery,East,3,157.51,0.0,0,110.95,472.53,139.67999999999995
1486,2025-07-23,Home,South,1,109.43,0.3,0,58.2,76.601,18.400999999999996
1487,2025-09-06,Grocery,West,5,177.62,0.15,0,132.76,754.885,91.08500000000004
1488,2025-11-27,Clothing,South,1,224.11,0.3,0,120.26,156.877,36.617000000000004
1489,2025-08-26,Home,West,3,130.17,0.05,0,94.27,370.98449999999997,88.17449999999997
1490,2025-09-14,Clothing,East,3,44.65,0.15,0,28.03,113.85749999999999,29.767499999999984
1491,2025-12-14,Clothing,West,1,132.42,0.3,0,94.56,92.69399999999999,-1.8660000000000139
1492,2025-07-22,Grocery,North,2,71.94,0.3,0,41.44,100.716,17.836
1493,2025-04-25,Grocery,East,2,152.16,0.0,0,100.27,304.32,103.78
1494,2025-05-07,Electronics,North,1,149.21,0.3,0,116.45,104.447,-12.003
1495,2025-10-04,Electronics,East,5,234.23,0.05,0,198.44,1112.5924999999997,120.3924999999997
1496,2025-08-06,Home,South,3,109.33,0.15,1,87.03,0.0,0.0
1497,2025-04-20,Home,West,4,46.58,0.05,0,36.51,177.004,30.964
1498,2025-12-08,Home,North,2,244.37,0.05,0,162.27,464.303,139.76299999999998
1499,2025-05-27,Clothing,West,2,65.73,0.3,0,32.03,92.022,27.962000000000003
1500,2025-07-31,Grocery,South,3,197.35,0.05,0,128.23,562.4474999999999,177.75749999999994
1501,2025-09-29,Grocery,East,4,85.5,0.15,0,40.13,290.7,130.17999999999998
1502,2025-07-31,Clothing,West,2,211.01,0.05,0,172.28,400.919,56.35899999999998
1503,2025-06-26,Home,South,3,18.55,0.3,0,12.67,38.955,0.9450000000000003
1504,2025-04-20,Clothing,East,3,91.9,0.05,0,60.1,261.915,81.61500000000001
1505,2025-11-29,Grocery,North,1,233.55,0.0,0,112.89,233.55,120.66000000000001
1506,2025-12-27,Clothing,North,3,158.98,0.3,0,72.23,333.85799999999995,117.16799999999995
1507,2025-01-15,Clothing,North,2,169.93,0.3,0,136.9,237.902,-35.898000000000025
1508,2025-03-19,Electronics,South,4,209.99,0.0,0,157.1,839.96,211.56000000000006
1509,2025-01-31,Clothing,North,4,155.91,0.05,0,114.31,592.458,135.21799999999996
1510,2025-01-30,Home,North,5,189.87,0.0,0,120.99,949.35,344.4000000000001
1511,2025-11-19,Clothing,East,2,109.75,0.3,0,55.74,153.64999999999998,42.16999999999997
1512,2025-07-20,Clothing,North,2,234.76,0.0,0,191.72,469.52,86.07999999999998
1513,2025-09-29,Home,East,4,208.28,0.05,0,104.03,791.4639999999999,375.34399999999994
1514,2025-02-24,Clothing,South,2,171.23,0.3,0,106.75,239.72199999999998,26.22199999999998
1515,2025-05-30,Electronics,East,2,128.38,0.0,0,87.04,256.76,82.67999999999998
1516,2025-06-26,Home,North,1,189.69,0.15,0,109.3,161.2365,51.93650000000001
1517,2025-09-08,Grocery,East,3,153.8,0.3,0,91.88,322.98,47.34000000000003
1518,2025-04-23,Home,North,5,38.64,0.15,0,23.32,164.22,47.620000000000005
1519,2025-03-14,Grocery,North,1,184.7,0.3,0,123.63,129.29,5.659999999999997
1520,2025-04-28,Electronics,South,2,201.74,0.0,0,151.97,403.48,99.54000000000002
1521,2025-09-18,Grocery,North,5,158.5,0.3,1,117.21,0.0,0.0
1522,2025-07-08,Clothing,North,2,185.1,0.3,0,122.89,259.14,13.359999999999985
1523,2025-05-31,Grocery,North,3,239.07,0.3,0,189.01,502.04699999999997,-64.983
1524,2025-02-23,Home,West,4,65.68,0.3,0,42.29,183.904,14.744
1525,2025-03-28,Clothing,West,5,207.15,0.05,0,164.22,983.9625,162.86249999999995
1526,2025-07-27,Electronics,East,4,248.46,0.05,0,205.01,944.148,124.10800000000006
1527,2025-06-26,Home,North,2,51.34,0.0,0,30.46,102.68,41.760000000000005
1528,2025-08-13,Home,South,5,63.52,0.0,0,46.1,317.6,87.10000000000002
1529,2025-04-11,Clothing,East,3,235.46,0.15,0,193.99,600.423,18.452999999999975
1530,2025-12-31,Grocery,South,1,221.96,0.0,0,101.3,221.96,120.66000000000001
1531,2025-05-15,Electronics,North,5,238.07,0.15,0,169.15,1011.7974999999999,166.0474999999999
1532,2025-06-18,Grocery,East,4,93.9,0.3,0,67.1,262.92,-5.479999999999961
1533,2025-01-04,Home,South,1,115.36,0.05,0,63.44,109.592,46.152
1534,2025-04-12,Electronics,South,4,224.67,0.3,0,169.47,629.0759999999999,-48.80400000000009
1535,2025-08-02,Grocery,West,5,59.74,0.0,0,33.14,298.7,133.0
1536,2025-06-21,Grocery,West,3,103.69,0.3,0,60.4,217.749,36.54900000000001
1537,2025-01-07,Home,North,5,117.6,0.05,1,67.34,0.0,0.0
1538,2025-06-07,Electronics,South,4,138.85,0.15,0,109.89,472.09,32.52999999999997
1539,2025-07-29,Electronics,West,2,72.91,0.0,0,34.88,145.82,76.05999999999999
1540,2025-08-30,Electronics,South,4,164.44,0.05,0,94.27,624.872,247.79199999999997
1541,2025-12-25,Electronics,West,3,89.24,0.0,1,63.78,0.0,0.0
1542,2025-10-12,Grocery,North,2,219.26,0.15,0,119.94,372.74199999999996,132.86199999999997
1543,2025-03-05,Electronics,North,3,248.46,0.05,0,204.15,708.111,95.66099999999994
1544,2025-02-03,Home,South,5,218.89,0.0,0,117.11,1094.4499999999998,508.89999999999986
1545,2025-09-23,Electronics,West,2,160.7,0.05,0,135.35,305.33,34.629999999999995
1546,2025-08-01,Electronics,West,4,60.86,0.0,0,40.12,243.44,82.96000000000001
1547,2025-12-13,Home,North,5,151.67,0.0,0,100.33,758.3499999999999,256.69999999999993
1548,2025-12-01,Grocery,West,2,246.77,0.05,0,153.2,468.863,162.46300000000002
1549,2025-09-06,Electronics,North,3,246.06,0.05,0,180.11,701.2710000000001,160.94100000000003
1550,2025-08-01,Clothing,South,4,133.45,0.0,0,111.51,533.8,87.75999999999993
1551,2025-01-29,Electronics,South,5,90.86,0.0,0,63.75,454.3,135.55
1552,2025-07-02,Electronics,East,1,216.82,0.05,0,181.96,205.97899999999998,24.018999999999977
1553,2025-08-30,Clothing,South,4,132.82,0.3,0,95.27,371.89599999999996,-9.184000000000026
1554,2025-11-20,Grocery,East,1,132.55,0.15,0,104.87,112.6675,7.797499999999999
1555,2025-05-05,Clothing,South,2,137.9,0.05,1,100.6,0.0,0.0
1556,2025-06-11,Home,West,3,164.46,0.05,0,134.69,468.71099999999996,64.64099999999996
1557,2025-03-02,Clothing,East,1,101.44,0.3,0,70.17,71.008,0.8379999999999939
1558,2025-01-03,Electronics,West,1,149.65,0.15,0,111.75,127.2025,15.4525
1559,2025-08-03,Clothing,North,5,213.3,0.05,0,177.69,1013.175,124.72499999999991
1560,2025-11-12,Home,West,3,235.12,0.05,0,192.08,670.092,93.85199999999998
1561,2025-02-12,Clothing,North,3,62.93,0.05,0,44.15,179.35049999999998,46.900499999999994
1562,2025-06-04,Electronics,East,3,126.42,0.3,0,99.08,265.48199999999997,-31.758000000000038
1563,2025-10-22,Home,North,3,83.62,0.15,0,45.13,213.231,77.84099999999998
1564,2025-03-14,Home,South,1,208.44,0.0,0,143.78,208.44,64.66
1565,2025-03-01,Grocery,North,5,240.76,0.0,0,193.72,1203.8,235.19999999999993
1566,2025-01-19,Grocery,East,5,72.07,0.15,0,34.7,306.29749999999996,132.79749999999996
1567,2025-10-11,Home,East,5,77.14,0.05,0,39.3,366.41499999999996,169.91499999999996
1568,2025-11-28,Grocery,West,3,208.33,0.05,0,175.44,593.7405,67.42050000000006
1569,2025-07-04,Clothing,West,3,139.8,0.3,0,102.11,293.58,-12.75
1570,2025-11-11,Grocery,West,3,166.37,0.3,0,137.44,349.377,-62.942999999999984
1571,2025-05-06,Grocery,North,5,239.67,0.0,0,137.52,1198.35,510.7499999999999
1572,2025-11-27,Clothing,South,5,150.0,0.0,0,122.18,750.0,139.0999999999999
1573,2025-07-02,Electronics,North,3,156.52,0.15,0,73.25,399.12600000000003,179.37600000000003
1574,2025-08-10,Grocery,East,5,240.12,0.0,0,120.79,1200.6,596.6499999999999
1575,2025-05-10,Home,East,2,247.81,0.0,0,155.48,495.62,184.66000000000003
1576,2025-04-09,Clothing,East,2,150.76,0.0,0,124.08,301.52,53.359999999999985
1577,2025-07-19,Home,South,4,212.63,0.05,1,165.67,0.0,0.0
1578,2025-05-07,Clothing,East,1,28.89,0.15,0,17.36,24.5565,7.1965
1579,2025-11-30,Grocery,South,2,147.7,0.3,1,114.83,0.0,0.0
1580,2025-04-25,Home,West,4,216.94,0.0,0,147.29,867.76,278.6
1581,2025-08-19,Electronics,North,2,133.27,0.0,0,67.22,266.54,132.10000000000002
1582,2025-03-19,Home,North,3,75.34,0.0,0,40.03,226.02,105.93
1583,2025-12-08,Electronics,North,4,213.56,0.15,0,124.48,726.104,228.18400000000003
1584,2025-03-19,Electronics,West,1,227.98,0.15,0,152.31,193.783,41.472999999999985
1585,2025-10-06,Home,West,1,199.05,0.15,0,159.65,169.1925,9.54249999999999
1586,2025-10-03,Grocery,East,2,199.04,0.0,0,103.77,398.08,190.54
1587,2025-07-25,Grocery,West,1,192.91,0.3,0,108.38,135.03699999999998,26.656999999999982
1588,2025-02-01,Home,North,5,246.9,0.3,0,113.3,864.15,297.65
1589,2025-07-17,Electronics,South,4,221.04,0.0,0,182.18,884.16,155.43999999999994
1590,2025-08-31,Electronics,South,5,203.67,0.05,0,124.5,967.4324999999999,344.9324999999999
1591,2025-04-21,Grocery,West,2,132.72,0.05,1,70.43,0.0,0.0
1592,2025-04-10,Home,North,3,149.68,0.3,0,101.79,314.328,8.95799999999997
1593,2025-10-20,Clothing,West,3,160.01,0.3,0,135.22,336.02099999999996,-69.63900000000001
1594,2025-03-05,Home,South,3,153.95,0.3,0,112.05,323.29499999999996,-12.855000000000018
1595,2025-01-30,Clothing,East,1,175.9,0.05,0,95.84,167.105,71.26499999999999
1596,2025-04-24,Home,East,3,183.49,0.3,0,84.62,385.329,131.469
1597,2025-06-26,Electronics,South,4,26.54,0.15,0,14.44,90.23599999999999,32.47599999999999
1598,2025-06-06,Home,South,3,52.34,0.0,0,25.18,157.02,81.48000000000002
1599,2025-08-01,Electronics,South,5,226.3,0.15,0,167.84,961.775,122.57499999999993
1600,2025-07-01,Clothing,West,4,130.75,0.0,0,65.3,523.0,261.8
1601,2025-12-10,Electronics,South,4,213.14,0.15,0,138.57,724.6759999999999,170.39599999999996
1602,2025-03-05,Electronics,South,1,236.82,0.0,0,179.04,236.82,57.78
1603,2025-06-25,Electronics,South,5,164.3,0.3,0,96.0,575.05,95.04999999999995
1604,2025-12-21,Clothing,North,4,138.4,0.3,0,62.47,387.52,137.64
1605,2025-09-27,Clothing,South,1,56.52,0.3,0,31.74,39.564,7.824000000000002
1606,2025-12-15,Grocery,South,4,24.68,0.0,0,13.08,98.72,46.4
1607,2025-09-25,Electronics,East,1,84.67,0.0,0,64.93,84.67,19.739999999999995
1608,2025-06-05,Clothing,East,4,188.12,0.0,0,118.81,752.48,277.24
1609,2025-07-02,Clothing,North,1,127.34,0.0,0,63.05,127.34,64.29
1610,2025-03-29,Clothing,West,2,188.61,0.05,0,88.51,358.35900000000004,181.33900000000003
1611,2025-06-03,Home,East,4,109.43,0.3,0,68.63,306.404,31.884000000000015
1612,2025-06-26,Grocery,West,4,211.87,0.15,0,175.83,720.358,17.037999999999897
1613,2025-05-25,Home,South,4,101.98,0.15,1,77.1,0.0,0.0
1614,2025-01-28,Grocery,West,3,36.53,0.0,0,16.89,109.59,58.92
1615,2025-06-02,Home,South,2,177.96,0.3,0,136.08,249.144,-23.01600000000002
1616,2025-01-20,Home,South,2,96.39,0.05,0,55.86,183.141,71.42099999999999
1617,2025-01-27,Grocery,East,1,221.13,0.0,0,104.02,221.13,117.11
1618,2025-06-07,Electronics,South,1,175.66,0.0,0,140.87,175.66,34.78999999999999
1619,2025-09-28,Grocery,North,5,105.6,0.0,0,51.58,528.0,270.1
1620,2025-01-24,Grocery,East,4,74.95,0.05,0,50.07,284.81,84.53
1621,2025-06-21,Electronics,South,1,45.1,0.05,0,29.05,42.845,13.794999999999998
1622,2025-11-14,Grocery,West,2,215.78,0.15,0,139.25,366.82599999999996,88.32599999999996
1623,2025-11-23,Grocery,South,2,149.53,0.15,0,79.4,254.201,95.40099999999998
1624,2025-02-02,Home,West,2,207.8,0.15,0,154.98,353.26,43.30000000000001
1625,2025-11-08,Electronics,West,2,23.44,0.0,0,15.66,46.88,15.560000000000002
1626,2025-06-22,Electronics,West,2,125.89,0.0,1,87.96,0.0,0.0
1627,2025-12-02,Clothing,South,2,243.95,0.0,0,186.36,487.9,115.17999999999995
1628,2025-10-25,Grocery,South,1,117.57,0.05,0,83.97,111.69149999999999,27.721499999999992
1629,2025-11-09,Clothing,West,3,187.02,0.3,0,91.64,392.742,117.822
1630,2025-04-30,Home,West,3,193.19,0.0,0,126.89,579.5699999999999,198.89999999999992
1631,2025-04-29,Electronics,West,5,238.47,0.0,0,121.89,1192.35,582.8999999999999
1632,2025-02-11,Clothing,West,4,187.44,0.15,0,99.18,637.2959999999999,240.5759999999999
1633,2025-11-08,Clothing,North,1,18.86,0.05,0,13.66,17.916999999999998,4.256999999999998
1634,2025-04-24,Electronics,East,2,68.57,0.3,0,32.74,95.99799999999999,30.517999999999986
1635,2025-09-13,Home,South,5,100.98,0.3,0,64.41,353.43,31.380000000000052
1636,2025-01-02,Grocery,South,2,171.19,0.0,0,107.83,342.38,126.72
1637,2025-04-19,Home,North,4,95.77,0.0,0,78.41,383.08,69.44
1638,2025-05-16,Electronics,East,1,169.26,0.3,0,91.81,118.48199999999999,26.671999999999983
1639,2025-06-15,Home,East,4,173.37,0.3,0,111.56,485.436,39.19599999999997
1640,2025-08-31,Electronics,South,3,62.42,0.0,0,35.65,187.26,80.31
1641,2025-05-05,Electronics,East,5,95.44,0.05,0,75.04,453.34,78.13999999999993
1642,2025-11-28,Home,East,3,144.73,0.0,0,111.6,434.18999999999994,99.38999999999999
1643,2025-05-26,Clothing,West,4,34.75,0.15,0,27.91,118.14999999999999,6.509999999999991
1644,2025-09-22,Electronics,North,4,29.37,0.0,0,22.52,117.48,27.400000000000006
1645,2025-06-07,Clothing,East,1,214.47,0.05,0,175.77,203.7465,27.976499999999987
1646,2025-09-25,Electronics,West,3,81.43,0.05,0,47.75,232.0755,88.8255
1647,2025-11-27,Electronics,South,4,231.92,0.15,0,172.08,788.5279999999999,100.20799999999986
1648,2025-09-08,Clothing,North,5,63.55,0.3,0,48.88,222.42499999999998,-21.975000000000023
1649,2025-07-05,Clothing,West,1,146.13,0.0,0,88.15,146.13,57.97999999999999
1650,2025-06-25,Grocery,East,4,54.93,0.05,0,25.04,208.73399999999998,108.57399999999998
1651,2025-02-14,Clothing,East,5,57.95,0.0,0,40.9,289.75,85.25
1652,2025-06-01,Electronics,West,5,187.54,0.15,0,101.86,797.045,287.74499999999995
1653,2025-08-07,Electronics,South,2,181.47,0.05,0,115.3,344.793,114.19300000000001
1654,2025-03-03,Electronics,South,2,114.95,0.0,0,82.88,229.9,64.14000000000001
1655,2025-05-28,Electronics,East,1,115.8,0.15,0,64.07,98.42999999999999,34.36
1656,2025-08-31,Clothing,South,5,17.99,0.05,0,14.47,85.45249999999999,13.102499999999978
1657,2025-06-29,Grocery,East,1,219.69,0.3,0,136.2,153.783,17.583
1658,2025-11-22,Clothing,West,1,235.46,0.0,0,183.79,235.46,51.670000000000016
1659,2025-01-21,Home,East,2,136.6,0.3,0,79.69,191.23999999999998,31.859999999999985
1660,2025-07-15,Grocery,West,3,245.05,0.15,0,125.25,624.8775,249.12750000000005
1661,2025-02-17,Clothing,East,1,195.08,0.3,0,122.0,136.556,14.556000000000012
1662,2025-01-16,Grocery,North,1,202.98,0.15,0,142.79,172.533,29.742999999999995
1663,2025-07-08,Grocery,West,4,21.14,0.15,1,14.95,0.0,0.0
1664,2025-01-27,Grocery,South,3,156.38,0.15,0,112.51,398.769,61.238999999999976
1665,2025-05-07,Electronics,West,2,127.58,0.05,0,71.19,242.402,100.02199999999999
1666,2025-10-17,Grocery,East,4,237.33,0.15,0,177.18,806.922,98.202
1667,2025-05-07,Clothing,West,3,150.6,0.15,0,91.84,384.03,108.50999999999999
1668,2025-12-26,Clothing,South,4,183.01,0.05,1,114.1,0.0,0.0
1669,2025-08-23,Electronics,West,5,117.0,0.0,0,61.44,585.0,277.8
1670,2025-12-19,Grocery,West,5,227.64,0.0,0,161.16,1138.1999999999998,332.39999999999986
1671,2025-11-19,Grocery,North,4,167.7,0.05,0,115.6,637.2599999999999,174.8599999999999
1672,2025-11-07,Home,West,5,111.25,0.0,0,56.2,556.25,275.25
1673,2025-09-18,Clothing,South,5,186.63,0.15,0,139.5,793.1775,95.67750000000001
1674,2025-07-25,Electronics,East,1,102.09,0.05,0,80.55,96.9855,16.435500000000005
1675,2025-10-26,Electronics,West,2,74.06,0.15,0,41.59,125.902,42.721999999999994
1676,2025-04-27,Electronics,North,3,132.77,0.05,0,75.32,378.39450000000005,152.43450000000007
1677,2025-02-19,Clothing,East,4,175.24,0.05,0,124.01,665.912,169.872
1678,2025-04-13,Electronics,West,1,117.02,0.0,0,85.14,117.02,31.879999999999995
1679,2025-10-27,Grocery,West,5,16.68,0.3,0,12.17,58.38,-2.469999999999999
1680,2025-10-11,Clothing,South,4,237.9,0.3,0,165.31,666.12,4.8799999999999955
1681,2025-01-19,Grocery,South,5,125.58,0.05,1,100.85,0.0,0.0
1682,2025-01-03,Home,North,4,207.63,0.3,0,152.87,581.3639999999999,-30.1160000000001
1683,2025-11-05,Electronics,East,1,61.91,0.3,0,45.56,43.336999999999996,-2.223000000000006
1684,2025-04-14,Clothing,South,5,126.43,0.15,0,91.14,537.3275000000001,81.62750000000011
1685,2025-10-05,Clothing,West,2,125.03,0.3,0,106.18,175.042,-37.31800000000001
1686,2025-08-12,Clothing,West,3,222.66,0.15,0,144.1,567.783,135.48300000000006
1687,2025-02-18,Electronics,East,5,43.49,0.15,0,36.86,184.8325,0.5324999999999989
1688,2025-09-21,Grocery,East,2,197.53,0.3,0,112.22,276.542,52.101999999999975
1689,2025-12-19,Clothing,South,2,30.47,0.3,0,19.8,42.657999999999994,3.0579999999999927
1690,2025-10-03,Clothing,South,2,112.02,0.05,0,53.11,212.838,106.618
1691,2025-09-05,Grocery,North,3,245.51,0.15,0,171.26,626.0504999999999,112.27049999999997
1692,2025-11-10,Clothing,West,4,204.5,0.0,0,138.38,818.0,264.48
1693,2025-11-28,Electronics,West,5,191.78,0.0,0,140.15,958.9,258.15
1694,2025-02-11,Home,West,2,132.59,0.3,1,97.64,0.0,0.0
1695,2025-11-16,Clothing,East,2,185.72,0.05,0,93.15,352.868,166.56799999999998
1696,2025-03-27,Electronics,North,5,22.78,0.15,0,15.62,96.815,18.715000000000003
1697,2025-11-30,Home,North,4,174.99,0.15,0,99.18,594.966,198.24599999999998
1698,2025-04-13,Clothing,South,5,106.78,0.3,0,60.94,373.72999999999996,69.02999999999997
1699,2025-04-11,Home,East,2,235.85,0.05,0,155.17,448.11499999999995,137.77499999999998
1700,2025-11-28,Clothing,West,1,230.59,0.0,0,115.64,230.59,114.95
1701,2025-07-08,Home,East,3,42.37,0.05,0,21.04,120.75449999999998,57.63449999999998
1702,2025-01-13,Electronics,South,3,220.82,0.3,0,172.56,463.722,-53.958000000000084
1703,2025-01-19,Home,East,1,90.31,0.0,0,45.04,90.31,45.27
1704,2025-08-24,Clothing,East,1,43.45,0.3,1,28.76,0.0,0.0
1705,2025-12-19,Electronics,West,4,207.85,0.15,0,96.95,706.6899999999999,318.88999999999993
1706,2025-08-25,Home,South,1,58.84,0.3,0,41.09,41.188,0.09799999999999898
1707,2025-09-22,Grocery,North,5,206.17,0.05,0,112.86,979.3074999999999,415.00749999999994
1708,2025-05-02,Home,East,1,220.23,0.0,0,104.77,220.23,115.46
1709,2025-09-06,Clothing,North,2,76.84,0.15,0,63.47,130.62800000000001,3.6880000000000166
1710,2025-11-22,Clothing,East,4,125.9,0.15,0,88.14,428.06,75.5
1711,2025-03-06,Grocery,South,1,54.63,0.15,0,32.98,46.4355,13.4555
1712,2025-12-27,Home,South,5,203.07,0.05,1,96.65,0.0,0.0
1713,2025-07-02,Clothing,South,5,151.12,0.3,0,117.35,528.92,-57.83000000000004
1714,2025-05-18,Clothing,East,1,102.87,0.3,0,61.64,72.009,10.369
1715,2025-06-03,Electronics,South,3,203.37,0.15,0,120.4,518.5935,157.3934999999999
1716,2025-03-02,Grocery,West,4,214.71,0.0,0,174.36,858.84,161.39999999999998
1717,2025-10-22,Clothing,North,5,172.92,0.0,0,108.35,864.5999999999999,322.8499999999999
1718,2025-08-17,Home,South,1,22.04,0.15,0,13.78,18.733999999999998,4.953999999999999
1719,2025-03-04,Home,North,2,21.91,0.05,0,15.89,41.629,9.848999999999997
1720,2025-08-06,Home,East,5,152.86,0.15,0,92.24,649.6550000000001,188.4550000000001
1721,2025-02-13,Clothing,West,3,73.66,0.3,1,56.67,0.0,0.0
1722,2025-05-26,Clothing,North,2,215.09,0.15,0,138.74,365.653,88.173
1723,2025-07-17,Clothing,West,4,48.94,0.3,0,26.0,137.03199999999998,33.03199999999998
1724,2025-01-03,Electronics,South,5,192.88,0.0,0,128.08,964.4,323.9999999999999
1725,2025-02-26,Clothing,South,1,185.65,0.0,0,151.6,185.65,34.05000000000001
1726,2025-02-07,Grocery,North,2,57.39,0.15,0,30.32,97.563,36.923
1727,2025-03-21,Clothing,North,5,46.78,0.15,0,27.18,198.815,62.91499999999999
1728,2025-02-11,Grocery,East,2,224.53,0.15,0,102.07,381.70099999999996,177.56099999999998
1729,2025-12-19,Clothing,West,3,55.17,0.0,0,28.22,165.51,80.85
1730,2025-10-21,Electronics,North,3,117.84,0.15,0,95.46,300.49199999999996,14.111999999999966
1731,2025-02-11,Clothing,West,3,26.76,0.15,0,22.16,68.238,1.7579999999999956
1732,2025-10-21,Home,South,5,131.02,0.15,0,70.31,556.835,205.28500000000003
1733,2025-03-31,Grocery,North,4,105.82,0.3,1,50.24,0.0,0.0
1734,2025-03-29,Electronics,North,5,240.39,0.15,0,174.58,1021.6574999999998,148.7574999999997
1735,2025-06-20,Electronics,South,4,114.11,0.0,0,61.38,456.44,210.92
1736,2025-01-25,Grocery,North,2,43.62,0.15,0,31.8,74.154,10.553999999999995
1737,2025-06-25,Grocery,West,5,146.37,0.3,0,67.25,512.295,176.04499999999996
1738,2025-07-29,Electronics,East,1,42.82,0.05,0,29.04,40.678999999999995,11.638999999999996
1739,2025-01-02,Clothing,South,3,214.59,0.3,1,133.23,0.0,0.0
1740,2025-09-30,Electronics,South,3,117.35,0.05,0,77.88,334.44749999999993,100.80749999999995
1741,2025-02-24,Electronics,East,5,194.98,0.15,0,142.29,828.665,117.21500000000003
1742,2025-10-07,Grocery,West,4,187.43,0.3,0,140.47,524.804,-37.07600000000002
1743,2025-06-28,Home,West,2,215.38,0.3,1,181.89,0.0,0.0
1744,2025-09-24,Grocery,South,1,147.38,0.05,0,86.62,140.011,53.39099999999999
1745,2025-11-08,Home,South,3,193.29,0.3,0,153.3,405.909,-53.99100000000004
1746,2025-09-30,Electronics,South,2,197.69,0.15,0,153.11,336.073,29.852999999999952
1747,2025-01-30,Electronics,West,5,182.69,0.0,0,99.74,913.45,414.75000000000006
1748,2025-01-07,Clothing,East,4,179.69,0.0,0,110.05,718.76,278.56
1749,2025-09-08,Home,North,3,155.17,0.3,0,97.96,325.85699999999997,31.976999999999975
1750,2025-06-17,Clothing,West,4,209.76,0.05,0,104.58,797.088,378.768
1751,2025-06-30,Clothing,South,3,234.67,0.05,0,183.37,668.8095,118.69949999999994
1752,2025-07-05,Home,North,5,248.27,0.0,1,149.47,0.0,0.0
1753,2025-09-30,Electronics,East,2,132.45,0.3,0,72.29,185.42999999999998,40.849999999999966
1754,2025-12-10,Home,South,3,153.28,0.05,0,115.18,436.848,91.30799999999999
1755,2025-09-14,Clothing,East,4,199.95,0.3,0,148.93,559.8599999999999,-35.86000000000013
1756,2025-12-20,Electronics,West,3,24.67,0.15,0,14.4,62.908500000000004,19.7085
1757,2025-03-10,Electronics,West,2,139.92,0.0,0,116.76,279.84,46.319999999999965
1758,2025-11-03,Grocery,West,1,17.18,0.15,0,11.67,14.603,2.933
1759,2025-11-01,Grocery,East,5,34.2,0.3,0,17.57,119.69999999999999,31.849999999999994
1760,2025-05-25,Electronics,East,2,130.19,0.05,0,71.21,247.361,104.941
1761,2025-07-09,Grocery,South,3,154.28,0.3,0,80.45,323.988,82.63799999999998
1762,2025-05-04,Grocery,South,4,193.44,0.0,0,101.69,773.76,367.0
1763,2025-01-02,Home,West,3,115.47,0.05,0,67.14,329.08949999999993,127.66949999999991
1764,2025-02-07,Clothing,West,5,37.99,0.05,0,31.46,180.45250000000001,23.152500000000003
1765,2025-01-25,Electronics,West,1,118.1,0.3,0,74.65,82.66999999999999,8.019999999999982
1766,2025-01-07,Clothing,East,4,61.56,0.0,0,51.13,246.24,41.72
1767,2025-05-25,Grocery,North,5,171.32,0.0,0,99.65,856.5999999999999,358.3499999999999
1768,2025-09-28,Home,South,1,245.7,0.05,0,146.07,233.415,87.345
1769,2025-06-16,Home,East,3,230.72,0.05,0,179.29,657.5519999999999,119.6819999999999
1770,2025-02-27,Grocery,West,3,182.84,0.0,0,104.97,548.52,233.61
1771,2025-03-25,Electronics,North,3,18.77,0.15,0,13.58,47.8635,7.1235
1772,2025-05-26,Clothing,West,4,87.58,0.05,0,40.73,332.804,169.884
1773,2025-01-19,Clothing,South,5,225.71,0.3,0,116.79,789.9849999999999,206.03499999999985
1774,2025-12-01,Grocery,South,2,109.6,0.0,0,52.69,219.2,113.82
1775,2025-10-16,Grocery,North,1,244.69,0.05,0,175.53,232.4555,56.9255
1776,2025-03-22,Electronics,North,2,199.53,0.0,0,106.31,399.06,186.44
1777,2025-09-14,Home,North,2,241.93,0.05,0,189.81,459.667,80.04699999999997
1778,2025-08-29,Grocery,West,4,150.5,0.3,0,96.36,421.4,35.95999999999998
1779,2025-01-04,Electronics,North,1,35.92,0.3,0,22.79,25.144,2.353999999999999
1780,2025-01-28,Clothing,West,2,55.26,0.0,0,38.95,110.52,32.61999999999999
1781,2025-04-16,Grocery,West,4,233.11,0.0,0,177.85,932.44,221.04000000000008
1782,2025-05-08,Electronics,North,4,74.37,0.15,0,46.83,252.858,65.53800000000001
1783,2025-04-28,Grocery,West,3,206.58,0.0,0,136.61,619.74,209.90999999999997
1784,2025-05-09,Electronics,North,2,67.2,0.0,0,51.75,134.4,30.900000000000006
1785,2025-07-20,Grocery,South,3,158.68,0.15,0,90.29,404.634,133.764
1786,2025-02-06,Grocery,West,4,152.89,0.05,0,84.79,580.982,241.82199999999995
1787,2025-10-16,Home,South,3,166.69,0.0,0,137.75,500.07,86.82
1788,2025-05-05,Grocery,North,2,123.25,0.15,0,72.51,209.525,64.505
1789,2025-03-17,Home,North,3,187.81,0.3,0,97.39,394.401,102.231
1790,2025-03-09,Electronics,East,4,233.49,0.3,0,134.88,653.7719999999999,114.25199999999995
1791,2025-08-24,Clothing,North,4,217.01,0.0,0,139.78,868.04,308.91999999999996
1792,2025-02-11,Home,North,3,234.07,0.3,0,142.81,491.54699999999997,63.11699999999996
1793,2025-12-13,Grocery,East,5,49.72,0.3,0,38.13,174.01999999999998,-16.630000000000024
1794,2025-07-28,Electronics,East,1,152.65,0.3,0,80.43,106.855,26.424999999999997
1795,2025-01-02,Grocery,North,1,218.48,0.05,0,105.66,207.55599999999998,101.89599999999999
1796,2025-10-09,Electronics,East,3,218.06,0.0,0,169.92,654.1800000000001,144.42000000000007
1797,2025-04-08,Home,East,3,25.11,0.3,0,15.36,52.730999999999995,6.650999999999996
1798,2025-02-23,Electronics,East,3,18.5,0.15,0,12.36,47.175,10.094999999999999
1799,2025-10-08,Clothing,East,1,86.78,0.05,0,40.76,82.441,41.681000000000004
1800,2025-12-18,Electronics,West,4,242.26,0.3,0,151.16,678.328,73.68799999999999
1801,2025-11-04,Electronics,South,5,97.0,0.05,0,51.66,460.75,202.45000000000005
1802,2025-06-01,Clothing,South,1,78.07,0.3,0,45.2,54.648999999999994,9.448999999999991
1803,2025-04-15,Home,West,3,36.75,0.0,0,17.93,110.25,56.46
1804,2025-12-05,Home,South,1,166.68,0.0,0,139.72,166.68,26.960000000000008
1805,2025-10-27,Electronics,North,2,37.84,0.3,0,22.92,52.976,7.135999999999996
1806,2025-03-29,Clothing,North,2,117.56,0.3,0,57.95,164.584,48.684
1807,2025-04-04,Home,West,4,199.95,0.15,0,129.01,679.8299999999999,163.78999999999996
1808,2025-09-25,Grocery,South,1,113.74,0.3,0,93.03,79.618,-13.412000000000006
1809,2025-08-24,Home,West,1,121.49,0.0,0,61.9,121.49,59.589999999999996
1810,2025-04-02,Clothing,South,4,192.63,0.05,0,114.24,731.9939999999999,275.03399999999993
1811,2025-03-13,Clothing,East,5,121.6,0.0,0,103.27,608.0,91.64999999999998
1812,2025-12-18,Grocery,North,3,142.67,0.05,0,108.4,406.60949999999997,81.40949999999992
1813,2025-07-27,Home,West,2,37.18,0.0,1,26.15,0.0,0.0
1814,2025-12-14,Electronics,East,4,81.32,0.15,0,40.88,276.48799999999994,112.96799999999993
1815,2025-08-14,Home,North,4,181.89,0.15,0,141.27,618.4259999999999,53.34599999999989
1816,2025-06-20,Clothing,South,3,166.9,0.15,0,81.55,425.595,180.94500000000005
1817,2025-02-16,Electronics,South,3,40.18,0.3,0,28.99,84.37799999999999,-2.592000000000013
1818,2025-03-28,Grocery,North,4,79.71,0.05,0,55.24,302.89799999999997,81.93799999999996
1819,2025-06-01,Electronics,North,5,84.08,0.15,0,69.69,357.34,8.889999999999986
1820,2025-07-07,Clothing,East,1,24.8,0.0,0,15.15,24.8,9.65
1821,2025-02-21,Home,West,3,220.45,0.15,0,99.73,562.1474999999999,262.9574999999999
1822,2025-05-13,Home,East,3,242.22,0.0,0,136.15,726.66,318.2099999999999
1823,2025-07-28,Clothing,East,4,98.97,0.3,0,66.38,277.116,11.596000000000004
1824,2025-07-15,Grocery,East,5,106.85,0.15,0,87.15,454.1125,18.36250000000001
1825,2025-04-23,Home,North,1,164.25,0.3,0,130.7,114.975,-15.724999999999994
1826,2025-07-26,Home,North,1,171.52,0.3,0,142.63,120.064,-22.566000000000003
1827,2025-05-28,Electronics,East,5,201.77,0.05,0,105.4,958.4075,431.4075
1828,2025-09-24,Home,West,4,229.55,0.15,0,179.31,780.47,63.23000000000002
1829,2025-04-13,Clothing,West,1,249.42,0.0,0,170.7,249.42,78.72
1830,2025-09-10,Clothing,South,4,75.66,0.05,0,61.72,287.508,40.627999999999986
1831,2025-08-19,Clothing,South,4,96.37,0.15,0,47.57,327.658,137.37800000000001
1832,2025-11-18,Electronics,East,4,182.65,0.3,0,108.56,511.41999999999996,77.17999999999995
1833,2025-08-13,Electronics,North,3,209.79,0.15,0,143.13,534.9645,105.57450000000006
1834,2025-08-25,Electronics,North,2,89.23,0.05,0,54.98,169.537,59.57700000000001
1835,2025-10-22,Clothing,South,3,56.85,0.15,0,47.29,144.9675,3.0974999999999966
1836,2025-12-11,Clothing,East,3,130.15,0.0,1,110.21,0.0,0.0
1837,2025-10-21,Electronics,East,1,188.34,0.3,0,91.77,131.838,40.068
1838,2025-12-11,Home,South,4,130.66,0.0,0,104.54,522.64,104.47999999999996
1839,2025-01-21,Home,South,3,198.89,0.05,0,113.29,566.8364999999999,226.96649999999988
1840,2025-09-25,Grocery,East,5,91.02,0.0,0,73.89,455.09999999999997,85.64999999999998
1841,2025-08-11,Clothing,North,2,48.57,0.3,0,35.91,67.99799999999999,-3.8220000000000027
1842,2025-01-02,Electronics,East,2,215.17,0.0,0,100.51,430.34,229.31999999999996
1843,2025-05-14,Grocery,West,2,129.36,0.3,0,65.57,181.104,49.96400000000003
1844,2025-05-24,Home,East,2,60.57,0.0,0,47.31,121.14,26.519999999999996
1845,2025-07-01,Electronics,North,5,180.96,0.3,0,124.26,633.36,12.059999999999945
1846,2025-04-08,Grocery,East,3,201.37,0.15,0,96.68,513.4935,223.45350000000002
1847,2025-12-17,Clothing,North,1,185.45,0.15,1,88.32,0.0,0.0
1848,2025-02-17,Electronics,South,4,237.49,0.3,0,151.35,664.972,59.572
1849,2025-05-03,Home,East,4,191.54,0.3,0,140.38,536.3119999999999,-25.208000000000084
1850,2025-03-02,Grocery,North,2,233.69,0.0,0,145.09,467.38,177.2
1851,2025-03-03,Home,East,5,205.87,0.15,0,127.48,874.9474999999999,237.5474999999999
1852,2025-06-22,Home,West,2,200.96,0.05,0,146.75,381.824,88.32400000000001
1853,2025-06-11,Home,East,3,143.36,0.0,0,76.87,430.08000000000004,199.47000000000003
1854,2025-02-20,Grocery,West,4,246.82,0.05,0,155.82,937.9159999999999,314.63599999999997
1855,2025-04-18,Home,North,4,112.17,0.0,1,58.17,0.0,0.0
1856,2025-07-27,Electronics,South,4,165.1,0.3,0,139.03,462.28,-93.84000000000003
1857,2025-02-18,Clothing,West,3,226.13,0.0,0,167.3,678.39,176.48999999999995
1858,2025-10-09,Electronics,East,1,205.69,0.0,0,126.34,205.69,79.35
1859,2025-01-02,Clothing,West,2,238.14,0.05,0,196.58,452.46599999999995,59.305999999999926
1860,2025-06-05,Clothing,East,3,90.28,0.05,0,59.35,257.298,79.24799999999999
1861,2025-07-01,Grocery,East,3,17.73,0.05,0,8.25,50.530499999999996,25.780499999999996
1862,2025-11-23,Grocery,South,4,132.48,0.0,0,96.96,529.92,142.07999999999998
1863,2025-04-09,Clothing,West,3,80.05,0.0,0,58.27,240.14999999999998,65.33999999999997
1864,2025-11-23,Electronics,West,3,127.36,0.3,0,88.97,267.45599999999996,0.5459999999999923
1865,2025-01-25,Home,South,3,135.22,0.05,0,94.08,385.37699999999995,103.13699999999994
1866,2025-10-21,Home,South,4,175.99,0.15,0,148.31,598.366,5.125999999999976
1867,2025-07-31,Grocery,East,2,177.21,0.3,0,101.27,248.094,45.554
1868,2025-04-14,Home,North,2,200.6,0.15,0,120.13,341.02,100.75999999999999
1869,2025-03-11,Clothing,East,1,221.67,0.15,0,173.7,188.41949999999997,14.719499999999982
1870,2025-07-12,Home,East,2,45.05,0.05,0,38.22,85.59499999999998,9.154999999999987
1871,2025-04-04,Electronics,South,3,249.34,0.05,0,114.83,710.6189999999999,366.1289999999999
1872,2025-02-13,Grocery,South,4,210.02,0.15,0,138.15,714.068,161.46799999999996
1873,2025-10-16,Grocery,South,3,230.0,0.05,0,117.11,655.5,304.17
1874,2025-06-01,Home,South,2,142.78,0.0,0,93.82,285.56,97.92000000000002
1875,2025-11-21,Grocery,East,5,211.12,0.05,0,157.51,1002.8199999999998,215.26999999999987
1876,2025-05-28,Grocery,East,2,232.98,0.15,0,160.58,396.066,74.90599999999995
1877,2025-10-01,Electronics,East,5,191.1,0.3,0,115.61,668.8499999999999,90.79999999999995
1878,2025-07-07,Home,North,4,238.31,0.15,0,114.01,810.254,354.214
1879,2025-07-02,Clothing,North,2,117.19,0.0,0,67.81,234.38,98.75999999999999
1880,2025-01-18,Home,West,1,193.13,0.0,0,118.26,193.13,74.86999999999999
1881,2025-09-08,Grocery,West,3,221.91,0.3,0,186.24,466.01099999999997,-92.70900000000006
1882,2025-06-20,Clothing,West,1,157.58,0.0,0,104.23,157.58,53.35000000000001
1883,2025-12-09,Home,North,1,162.56,0.05,0,136.94,154.432,17.49199999999999
1884,2025-04-22,Clothing,East,5,109.46,0.05,0,58.44,519.935,227.73499999999996
1885,2025-07-23,Grocery,North,1,44.26,0.3,0,36.34,30.981999999999996,-5.358000000000008
1886,2025-06-29,Electronics,South,5,163.13,0.3,0,73.45,570.9549999999999,203.70499999999993
1887,2025-03-09,Clothing,North,3,57.45,0.15,0,32.21,146.4975,49.86750000000001
1888,2025-09-27,Grocery,South,1,181.72,0.05,0,108.03,172.634,64.60399999999998
1889,2025-02-18,Home,South,4,217.58,0.15,0,145.3,739.772,158.572
1890,2025-10-24,Electronics,South,3,194.95,0.15,0,110.14,497.1224999999999,166.70249999999987
1891,2025-09-19,Electronics,North,3,175.43,0.15,0,90.16,447.34649999999993,176.86649999999992
1892,2025-05-11,Home,West,4,22.75,0.05,0,18.86,86.45,11.010000000000005
1893,2025-11-02,Clothing,South,3,220.53,0.15,0,168.92,562.3515,55.591499999999996
1894,2025-07-24,Clothing,North,4,65.53,0.3,0,39.92,183.48399999999998,23.803999999999974
1895,2025-10-09,Home,South,3,70.92,0.15,0,41.27,180.84599999999998,57.03599999999997
1896,2025-10-19,Home,North,2,188.89,0.05,0,141.7,358.89099999999996,75.49099999999999
1897,2025-10-29,Home,East,2,153.96,0.15,0,80.56,261.732,100.61200000000002
1898,2025-07-06,Home,West,5,207.74,0.15,0,97.65,882.895,394.645
1899,2025-08-02,Clothing,South,5,224.21,0.3,0,159.41,784.7349999999999,-12.315000000000055
1900,2025-02-12,Clothing,North,4,82.74,0.15,0,54.98,281.316,61.39599999999999
1901,2025-10-20,Electronics,South,3,94.52,0.3,0,74.4,198.492,-24.708000000000027
1902,2025-12-15,Electronics,North,1,227.61,0.3,0,174.41,159.327,-15.082999999999998
1903,2025-05-22,Home,East,4,149.66,0.15,0,110.6,508.844,66.44400000000002
1904,2025-05-12,Clothing,South,2,113.54,0.15,0,90.97,193.018,11.078000000000003
1905,2025-09-22,Clothing,South,2,226.76,0.0,0,144.45,453.52,164.62
1906,2025-09-24,Electronics,East,4,27.96,0.0,0,16.66,111.84,45.2
1907,2025-10-20,Home,South,2,198.91,0.0,0,109.56,397.82,178.7
1908,2025-05-30,Electronics,East,4,79.52,0.05,0,41.36,302.176,136.736
1909,2025-07-08,Electronics,South,5,150.81,0.15,0,92.14,640.9425,180.2425
1910,2025-10-01,Clothing,North,2,140.26,0.15,0,78.82,238.44199999999998,80.80199999999999
1911,2025-04-16,Home,East,1,168.39,0.0,0,79.93,168.39,88.45999999999998
1912,2025-08-30,Home,South,5,59.68,0.3,0,31.4,208.87999999999997,51.87999999999997
1913,2025-12-06,Home,East,5,239.28,0.15,0,157.08,1016.94,231.53999999999996
1914,2025-06-15,Electronics,North,5,152.26,0.3,0,76.91,532.91,148.36
1915,2025-08-22,Clothing,South,1,67.66,0.05,0,36.83,64.27699999999999,27.44699999999999
1916,2025-01-12,Grocery,West,2,242.94,0.05,0,134.85,461.58599999999996,191.88599999999997
1917,2025-04-21,Clothing,South,3,205.57,0.15,0,142.6,524.2035,96.40350000000001
1918,2025-07-12,Grocery,North,2,99.61,0.3,0,52.21,139.45399999999998,35.03399999999998
1919,2025-10-02,Grocery,South,4,120.67,0.05,0,95.85,458.546,75.14600000000002
1920,2025-11-05,Electronics,East,5,88.63,0.05,0,50.09,420.99249999999995,170.54249999999993
1921,2025-06-06,Grocery,East,2,154.96,0.0,0,107.65,309.92,94.62
1922,2025-06-21,Grocery,South,2,240.38,0.05,0,123.73,456.722,209.26199999999997
1923,2025-03-07,Electronics,West,1,231.81,0.3,0,110.18,162.267,52.08699999999999
1924,2025-11-05,Electronics,West,1,214.66,0.05,0,119.61,203.927,84.317
1925,2025-04-17,Electronics,West,5,119.47,0.0,0,79.38,597.35,200.45000000000005
1926,2025-03-16,Clothing,North,2,21.23,0.0,0,11.0,42.46,20.46
1927,2025-02-22,Clothing,East,4,69.64,0.15,1,33.07,0.0,0.0
1928,2025-07-22,Home,South,3,105.42,0.3,0,64.65,221.38199999999998,27.43199999999996
1929,2025-03-21,Grocery,West,3,142.78,0.0,0,75.49,428.34000000000003,201.87000000000006
1930,2025-04-26,Grocery,South,3,173.51,0.3,0,117.66,364.371,11.390999999999963
1931,2025-12-30,Home,West,3,26.32,0.05,0,17.92,75.012,21.251999999999995
1932,2025-05-15,Clothing,South,2,183.63,0.0,0,107.09,367.26,153.07999999999998
1933,2025-05-28,Grocery,North,2,63.0,0.05,0,35.75,119.69999999999999,48.19999999999999
1934,2025-08-31,Electronics,North,3,227.57,0.15,0,110.01,580.3035,250.27349999999996
1935,2025-04-19,Home,West,1,49.56,0.3,0,36.76,34.692,-2.067999999999998
1936,2025-04-21,Grocery,South,2,22.52,0.3,0,11.73,31.528,8.067999999999998
1937,2025-08-28,Electronics,North,2,247.14,0.15,0,199.57,420.138,20.99799999999999
1938,2025-02-24,Electronics,East,4,229.24,0.05,0,141.36,871.112,305.6719999999999
1939,2025-08-20,Electronics,North,2,42.47,0.05,0,26.69,80.693,27.312999999999995
1940,2025-03-02,Electronics,South,3,100.6,0.3,1,80.93,0.0,0.0
1941,2025-03-30,Home,North,4,215.21,0.05,0,102.02,817.798,409.718
1942,2025-09-30,Clothing,East,2,20.07,0.3,0,11.26,28.098,5.577999999999999
1943,2025-09-01,Clothing,North,4,58.58,0.0,0,32.08,234.32,106.0
1944,2025-04-15,Clothing,South,4,129.92,0.0,0,70.14,519.68,239.11999999999995
1945,2025-05-26,Electronics,North,5,166.24,0.15,0,104.21,706.52,185.47000000000003
1946,2025-05-23,Electronics,North,4,22.64,0.05,0,15.46,86.032,24.191999999999993
1947,2025-10-07,Electronics,North,5,243.67,0.3,0,153.87,852.8449999999999,83.49499999999989
1948,2025-02-26,Clothing,North,3,96.23,0.0,0,61.97,288.69,102.78
1949,2025-06-24,Electronics,South,3,49.72,0.15,0,26.45,126.78599999999999,47.43599999999999
1950,2025-01-04,Electronics,North,1,106.99,0.15,0,63.31,90.94149999999999,27.63149999999999
1951,2025-03-05,Electronics,West,2,79.21,0.05,1,43.22,0.0,0.0
1952,2025-07-14,Clothing,East,1,134.3,0.15,0,72.68,114.155,41.474999999999994
1953,2025-06-06,Grocery,South,5,170.01,0.15,0,140.05,722.5424999999999,22.292499999999905
1954,2025-07-22,Grocery,North,4,45.11,0.3,0,33.26,126.30799999999999,-6.731999999999999
1955,2025-02-28,Electronics,South,2,210.26,0.3,1,158.7,0.0,0.0
1956,2025-02-20,Clothing,West,3,49.17,0.3,0,24.3,103.25699999999999,30.356999999999985
1957,2025-06-10,Electronics,North,1,181.21,0.3,0,123.88,126.847,2.9669999999999987
1958,2025-09-26,Home,West,3,170.93,0.3,0,142.02,358.953,-67.10700000000008
1959,2025-04-18,Clothing,East,2,248.36,0.15,0,126.65,422.212,168.91199999999998
1960,2025-09-09,Clothing,West,1,186.96,0.0,0,140.63,186.96,46.33000000000001
1961,2025-09-30,Home,North,1,102.49,0.05,0,58.79,97.3655,38.5755
1962,2025-07-28,Electronics,South,3,29.84,0.0,0,18.85,89.52,32.96999999999999
1963,2025-10-20,Home,East,3,128.07,0.05,0,71.6,364.99949999999995,150.19949999999997
1964,2025-02-22,Electronics,North,3,148.28,0.0,0,99.38,444.84000000000003,146.70000000000005
1965,2025-05-26,Clothing,East,2,79.18,0.0,0,64.94,158.36,28.480000000000018
1966,2025-09-09,Electronics,West,1,133.72,0.3,1,72.74,0.0,0.0
1967,2025-11-26,Grocery,West,4,129.38,0.3,0,100.67,362.26399999999995,-40.416000000000054
1968,2025-05-17,Home,West,2,210.18,0.0,0,176.19,420.36,67.98000000000002
1969,2025-01-02,Grocery,West,4,157.07,0.05,0,100.41,596.866,195.226
1970,2025-02-28,Home,North,2,61.6,0.0,0,32.52,123.2,58.16
1971,2025-06-24,Home,West,1,196.17,0.05,0,109.06,186.36149999999998,77.30149999999998
1972,2025-08-25,Electronics,South,5,55.54,0.3,0,41.75,194.39,-14.360000000000014
1973,2025-05-07,Grocery,West,4,111.17,0.3,0,58.45,311.276,77.476
1974,2025-06-26,Clothing,South,5,173.0,0.0,0,83.39,865.0,448.05
1975,2025-06-05,Grocery,South,2,57.28,0.05,0,41.72,108.832,25.391999999999996
1976,2025-07-29,Grocery,West,4,28.38,0.15,1,19.42,0.0,0.0
1977,2025-04-27,Grocery,South,3,137.96,0.3,0,69.0,289.71599999999995,82.71599999999995
1978,2025-07-26,Grocery,West,2,99.01,0.3,0,51.58,138.614,35.45400000000001
1979,2025-11-29,Clothing,South,1,102.03,0.0,0,56.99,102.03,45.04
1980,2025-03-26,Electronics,North,5,66.67,0.3,0,51.53,233.345,-24.30499999999998
1981,2025-11-08,Home,North,5,156.97,0.3,1,84.72,0.0,0.0
1982,2025-07-24,Grocery,South,4,66.96,0.0,0,39.8,267.84,108.63999999999999
1983,2025-04-08,Electronics,West,5,216.47,0.05,0,112.67,1028.2324999999998,464.8824999999998
1984,2025-09-13,Clothing,East,5,98.12,0.3,0,47.85,343.42,104.17000000000002
1985,2025-06-01,Home,North,4,181.91,0.0,0,150.37,727.64,126.15999999999997
1986,2025-07-23,Home,South,4,226.76,0.05,0,130.66,861.6879999999999,339.0479999999999
1987,2025-03-24,Clothing,South,5,165.14,0.05,0,89.66,784.4149999999998,336.1149999999999
1988,2025-10-24,Grocery,East,3,70.39,0.15,0,33.52,179.49450000000002,78.93450000000001
1989,2025-12-30,Electronics,East,4,99.81,0.3,0,64.18,279.46799999999996,22.747999999999934
1990,2025-06-15,Clothing,West,2,106.66,0.15,0,88.78,181.322,3.7620000000000005
1991,2025-10-27,Grocery,West,1,124.3,0.3,0,89.78,87.00999999999999,-2.7700000000000102
1992,2025-07-15,Grocery,North,1,175.37,0.3,0,137.9,122.759,-15.141000000000005
1993,2025-11-19,Home,East,2,194.45,0.3,0,160.76,272.22999999999996,-49.29000000000002
1994,2025-04-22,Grocery,West,1,89.02,0.3,0,61.33,62.31399999999999,0.9839999999999947
1995,2025-04-13,Electronics,North,2,213.33,0.15,0,148.24,362.661,66.18099999999998
1996,2025-09-28,Home,North,5,52.13,0.05,0,34.22,247.6175,76.51750000000001
1997,2025-02-11,Clothing,East,2,99.02,0.0,0,51.85,198.04,94.33999999999999
1998,2025-09-26,Electronics,East,2,220.92,0.0,0,181.36,441.84,79.11999999999995
1999,2025-11-24,Clothing,North,3,113.71,0.15,0,63.59,289.96049999999997,99.19049999999996
2000,2025-06-01,Clothing,West,5,141.17,0.05,0,71.31,670.5574999999999,314.0074999999999
2001,2025-02-13,Electronics,North,5,190.48,0.3,0,131.06,666.68,11.379999999999995
2002,2025-03-02,Clothing,North,1,77.23,0.3,0,42.46,54.061,11.600999999999999
2003,2025-11-23,Electronics,West,2,32.42,0.05,0,23.0,61.598,15.597999999999999
2004,2025-02-23,Clothing,East,1,141.69,0.3,0,98.87,99.18299999999999,0.3129999999999882
2005,2025-09-26,Home,West,2,132.08,0.0,0,62.1,264.16,139.96000000000004
2006,2025-12-08,Electronics,East,3,71.37,0.3,0,42.05,149.877,23.727000000000018
2007,2025-03-03,Electronics,East,5,66.07,0.3,0,53.08,231.24499999999995,-34.15500000000003
2008,2025-02-08,Grocery,South,2,67.74,0.0,0,39.92,135.48,55.639999999999986
2009,2025-03-08,Grocery,North,3,161.35,0.3,0,79.19,338.8349999999999,101.26499999999993
2010,2025-01-12,Clothing,South,5,166.47,0.0,0,98.81,832.35,338.3
2011,2025-10-29,Home,East,3,175.62,0.3,0,129.83,368.80199999999996,-20.688000000000045
2012,2025-09-14,Clothing,North,2,174.09,0.05,0,119.55,330.771,91.67100000000002
2013,2025-01-28,Clothing,East,5,81.13,0.3,0,40.08,283.955,83.555
2014,2025-10-06,Grocery,West,2,140.19,0.05,1,103.2,0.0,0.0
2015,2025-09-06,Electronics,East,1,38.22,0.0,1,18.89,0.0,0.0
2016,2025-02-17,Grocery,East,2,44.4,0.15,0,24.11,75.47999999999999,27.25999999999999
2017,2025-03-27,Clothing,South,2,88.56,0.05,0,47.96,168.264,72.34400000000001
2018,2025-03-25,Electronics,West,4,209.45,0.05,1,145.89,0.0,0.0
2019,2025-09-22,Electronics,West,4,100.03,0.3,0,52.68,280.084,69.364
2020,2025-02-24,Grocery,North,3,16.85,0.05,0,10.15,48.0225,17.572499999999998
2021,2025-05-21,Electronics,West,4,54.22,0.15,0,42.61,184.34799999999998,13.907999999999987
2022,2025-08-06,Clothing,West,3,219.66,0.3,0,181.12,461.286,-82.07400000000001
2023,2025-03-17,Electronics,West,4,82.38,0.0,0,58.73,329.52,94.6
2024,2025-01-11,Grocery,West,5,132.47,0.15,0,88.52,562.9975000000001,120.3975000000001
2025,2025-11-18,Grocery,East,2,239.21,0.15,0,196.81,406.657,13.036999999999978
2026,2025-09-26,Grocery,East,3,247.06,0.3,0,153.26,518.826,59.04600000000005
2027,2025-08-21,Clothing,East,2,15.96,0.3,0,9.35,22.344,3.644000000000002
2028,2025-03-29,Home,West,3,85.92,0.3,0,47.17,180.432,38.922
2029,2025-12-19,Electronics,South,5,151.98,0.05,0,118.5,721.905,129.40499999999997
2030,2025-02-12,Clothing,North,1,107.65,0.15,0,65.84,91.5025,25.662499999999994
2031,2025-06-01,Grocery,West,3,204.88,0.3,0,157.2,430.248,-41.351999999999975
2032,2025-11-03,Clothing,West,3,137.62,0.3,0,68.5,289.002,83.50200000000001
2033,2025-01-19,Clothing,South,2,165.08,0.05,0,77.04,313.652,159.57199999999997
2034,2025-11-08,Home,West,3,194.58,0.3,0,129.64,408.618,19.698000000000036
2035,2025-08-01,Home,West,2,100.16,0.3,0,46.9,140.224,46.42399999999999
2036,2025-03-27,Clothing,West,2,208.86,0.3,0,104.28,292.404,83.844
2037,2025-03-07,Clothing,South,4,34.78,0.0,0,20.53,139.12,57.0
2038,2025-01-31,Grocery,East,1,69.51,0.15,1,38.07,0.0,0.0
2039,2025-08-18,Clothing,North,1,26.28,0.05,0,15.95,24.966,9.016000000000002
2040,2025-04-24,Grocery,West,2,110.25,0.3,0,63.17,154.35,28.00999999999999
2041,2025-08-15,Electronics,West,2,161.19,0.3,0,114.97,225.66599999999997,-4.274000000000029
2042,2025-11-29,Clothing,West,4,94.55,0.05,0,72.28,359.28999999999996,70.16999999999996
2043,2025-03-26,Electronics,North,1,119.31,0.3,0,58.37,83.517,25.147
2044,2025-02-23,Grocery,North,2,36.92,0.05,0,20.29,70.148,29.567999999999998
2045,2025-12-11,Clothing,South,4,138.59,0.05,0,105.53,526.6419999999999,104.52199999999993
2046,2025-08-12,Clothing,North,5,120.17,0.3,0,59.86,420.59499999999997,121.29499999999996
2047,2025-10-01,Home,East,3,126.62,0.0,0,80.53,379.86,138.27
2048,2025-04-14,Electronics,North,4,168.65,0.15,0,128.02,573.41,61.32999999999993
2049,2025-07-27,Grocery,East,5,35.97,0.3,0,22.35,125.89499999999998,14.144999999999982
2050,2025-01-12,Grocery,North,5,225.42,0.3,0,146.06,788.9699999999999,58.66999999999996
2051,2025-01-01,Grocery,West,4,159.05,0.0,1,118.4,0.0,0.0
2052,2025-01-26,Grocery,East,2,245.44,0.0,0,146.19,490.88,198.5
2053,2025-12-20,Electronics,North,2,164.75,0.0,0,94.71,329.5,140.08
2054,2025-03-30,Home,West,1,30.05,0.05,0,14.64,28.5475,13.907499999999999
2055,2025-02-17,Grocery,South,1,67.55,0.0,0,38.32,67.55,29.229999999999997
2056,2025-02-20,Grocery,West,3,32.39,0.3,0,23.51,68.01899999999999,-2.51100000000001
2057,2025-09-28,Grocery,North,1,85.75,0.05,0,52.28,81.46249999999999,29.18249999999999
2058,2025-05-15,Clothing,East,3,247.89,0.05,0,124.67,706.4865,332.4765
2059,2025-03-23,Grocery,East,4,15.77,0.3,0,12.01,44.156,-3.8840000000000003
2060,2025-06-18,Electronics,North,3,55.52,0.05,0,31.77,158.232,62.922
2061,2025-12-12,Electronics,North,5,89.46,0.05,0,65.78,424.93499999999995,96.03499999999997
2062,2025-02-27,Clothing,East,2,163.64,0.0,0,78.5,327.28,170.27999999999997
2063,2025-07-16,Home,East,3,185.42,0.3,0,134.11,389.38199999999995,-12.948000000000093
2064,2025-03-29,Clothing,East,4,42.95,0.05,0,19.66,163.21,84.57000000000001
2065,2025-11-27,Electronics,East,5,154.84,0.3,0,84.76,541.9399999999999,118.13999999999993
2066,2025-09-22,Clothing,North,4,100.44,0.05,0,52.07,381.67199999999997,173.39199999999997
2067,2025-06-01,Clothing,West,4,138.12,0.3,0,109.71,386.736,-52.103999999999985
2068,2025-05-24,Electronics,North,1,127.41,0.15,0,90.77,108.29849999999999,17.528499999999994
2069,2025-01-18,Electronics,North,1,115.16,0.15,0,92.72,97.886,5.165999999999997
2070,2025-02-28,Electronics,East,2,123.68,0.3,0,91.92,173.152,-10.688000000000017
2071,2025-08-17,Electronics,East,5,153.27,0.15,0,124.64,651.3975,28.19749999999999
2072,2025-03-04,Home,West,1,105.34,0.3,0,82.77,73.738,-9.031999999999996
2073,2025-12-23,Clothing,South,1,129.87,0.05,0,73.74,123.3765,49.6365
2074,2025-04-13,Home,East,3,233.0,0.05,0,143.36,664.05,233.9699999999999
2075,2025-10-13,Home,East,2,110.86,0.3,0,65.58,155.20399999999998,24.043999999999983
2076,2025-04-11,Electronics,South,1,76.87,0.3,0,63.78,53.809,-9.971000000000004
2077,2025-10-25,Clothing,South,3,242.04,0.15,0,109.5,617.202,288.702
2078,2025-09-11,Clothing,North,2,164.61,0.3,0,112.63,230.454,5.194000000000017
2079,2025-08-09,Home,East,2,236.66,0.3,0,167.01,331.32399999999996,-2.6960000000000264
2080,2025-04-03,Clothing,South,3,117.13,0.0,0,70.22,351.39,140.73
2081,2025-03-18,Clothing,East,4,106.31,0.05,0,72.9,403.978,112.37799999999999
2082,2025-05-16,Grocery,North,1,70.37,0.3,0,46.82,49.259,2.439
2083,2025-06-18,Grocery,South,3,245.07,0.15,1,205.67,0.0,0.0
2084,2025-03-10,Home,West,3,160.51,0.0,0,85.46,481.53,225.14999999999998
2085,2025-04-09,Electronics,West,4,225.5,0.3,0,108.28,631.4,198.27999999999997
2086,2025-10-08,Grocery,East,2,32.53,0.15,0,21.73,55.301,11.841000000000001
2087,2025-07-04,Electronics,West,5,228.5,0.15,0,118.23,971.125,379.975
2088,2025-10-13,Electronics,North,4,141.17,0.05,0,74.24,536.4459999999999,239.48599999999993
2089,2025-05-29,Grocery,West,5,155.22,0.3,0,69.86,543.27,193.96999999999997
2090,2025-01-21,Electronics,South,5,116.75,0.3,0,98.32,408.625,-82.97499999999997
2091,2025-09-20,Electronics,South,1,132.84,0.05,0,70.82,126.198,55.378
2092,2025-12-24,Grocery,North,2,223.55,0.05,0,105.4,424.745,213.945
2093,2025-04-06,Clothing,North,4,24.86,0.15,0,16.29,84.524,19.364000000000004
2094,2025-06-28,Grocery,South,3,61.87,0.05,0,35.13,176.32949999999997,70.93949999999995
2095,2025-10-08,Electronics,North,5,156.24,0.3,0,120.81,546.84,-57.20999999999992
2096,2025-01-20,Electronics,North,2,167.44,0.05,0,84.93,318.13599999999997,148.27599999999995
2097,2025-04-11,Home,West,3,102.56,0.05,0,62.39,292.296,105.12599999999998
2098,2025-03-25,Clothing,East,5,102.33,0.0,0,72.98,511.65,146.74999999999994
2099,2025-04-04,Clothing,West,2,229.44,0.15,0,119.21,390.048,151.62800000000001
2100,2025-11-12,Clothing,North,3,239.33,0.3,0,107.9,502.59299999999996,178.89299999999992
2101,2025-10-05,Electronics,West,2,45.47,0.3,0,33.91,63.657999999999994,-4.161999999999999
2102,2025-04-04,Clothing,West,2,127.16,0.15,0,69.14,216.172,77.892
2103,2025-12-01,Electronics,East,1,98.74,0.0,0,49.78,98.74,48.959999999999994
2104,2025-07-16,Electronics,South,5,60.4,0.15,1,34.84,0.0,0.0
2105,2025-03-05,Electronics,East,2,120.12,0.15,0,80.6,204.204,43.00400000000002
2106,2025-12-07,Home,South,3,134.88,0.15,0,88.63,343.94399999999996,78.05399999999997
2107,2025-12-11,Electronics,South,2,66.04,0.05,0,48.8,125.476,27.876000000000005
2108,2025-10-22,Home,North,5,96.69,0.05,0,53.39,459.2775,192.3275
2109,2025-09-05,Grocery,North,2,82.89,0.3,0,52.69,116.04599999999999,10.665999999999997
2110,2025-02-28,Clothing,South,1,217.38,0.3,0,107.1,152.166,45.066
2111,2025-01-01,Clothing,East,4,140.3,0.15,0,116.89,477.02000000000004,9.460000000000036
2112,2025-11-14,Home,South,3,68.08,0.05,0,32.86,194.028,95.448
2113,2025-03-08,Clothing,East,5,180.73,0.0,1,147.22,0.0,0.0
2114,2025-02-23,Grocery,North,4,159.51,0.3,0,133.74,446.62799999999993,-88.33200000000011
2115,2025-03-05,Home,West,5,221.46,0.15,0,176.01,941.2049999999999,61.15499999999997
2116,2025-03-14,Home,South,5,38.57,0.15,0,23.06,163.92249999999999,48.62249999999999
2117,2025-06-19,Grocery,North,3,236.91,0.3,0,188.52,497.51099999999997,-68.04900000000009
2118,2025-01-13,Home,South,4,32.69,0.0,0,23.86,130.76,35.31999999999999
2119,2025-06-06,Clothing,West,5,147.52,0.3,0,67.53,516.3199999999999,178.66999999999996
2120,2025-10-03,Electronics,South,4,182.37,0.05,0,130.3,693.006,171.80599999999993
2121,2025-11-26,Clothing,West,2,222.64,0.0,0,180.74,445.28,83.79999999999995
2122,2025-07-15,Grocery,South,3,126.87,0.15,1,103.76,0.0,0.0
2123,2025-08-27,Clothing,East,1,133.67,0.05,0,67.0,126.98649999999998,59.98649999999998
2124,2025-02-24,Clothing,South,1,187.2,0.15,0,98.18,159.11999999999998,60.93999999999997
2125,2025-02-02,Clothing,West,3,216.49,0.05,0,102.52,616.9965,309.43649999999997
2126,2025-11-29,Electronics,South,5,91.18,0.0,0,71.36,455.90000000000003,99.10000000000002
2127,2025-09-16,Electronics,South,2,139.13,0.15,0,91.6,236.521,53.321
2128,2025-09-07,Home,North,5,204.01,0.05,0,119.64,969.0474999999999,370.84749999999985
2129,2025-11-14,Grocery,South,5,192.15,0.0,0,116.07,960.75,380.4000000000001
2130,2025-08-16,Grocery,South,3,31.25,0.15,0,17.07,79.6875,28.4775
2131,2025-07-27,Home,East,4,58.38,0.15,0,34.63,198.492,59.97199999999998
2132,2025-07-24,Home,West,5,36.88,0.15,0,21.88,156.74,47.34000000000002
2133,2025-10-28,Clothing,South,4,241.35,0.0,0,155.1,965.4,345.0
2134,2025-06-13,Home,West,4,37.44,0.0,0,21.81,149.76,62.519999999999996
2135,2025-08-18,Home,North,5,217.24,0.15,0,127.93,923.27,283.6199999999999
2136,2025-08-24,Clothing,South,4,198.89,0.3,0,130.98,556.8919999999999,32.97199999999998
2137,2025-05-08,Grocery,West,1,47.01,0.3,0,23.9,32.907,9.006999999999998
2138,2025-12-30,Grocery,East,2,220.51,0.3,0,184.1,308.71399999999994,-59.48600000000005
2139,2025-03-21,Home,South,1,165.52,0.15,0,93.44,140.692,47.25200000000001
2140,2025-10-23,Grocery,North,4,50.68,0.15,0,27.94,172.31199999999998,60.55199999999998
2141,2025-07-06,Grocery,South,5,196.18,0.05,0,143.01,931.855,216.80500000000006
2142,2025-12-06,Home,West,2,75.87,0.0,1,44.19,0.0,0.0
2143,2025-07-19,Grocery,West,1,207.36,0.0,0,149.79,207.36,57.57000000000002
2144,2025-09-07,Electronics,South,2,91.59,0.3,0,45.73,128.226,36.766000000000005
2145,2025-07-14,Grocery,North,1,102.29,0.05,0,74.25,97.1755,22.9255
2146,2025-10-21,Clothing,East,2,58.03,0.15,0,32.8,98.651,33.051
2147,2025-03-02,Grocery,South,1,108.9,0.05,0,73.87,103.455,29.584999999999994
2148,2025-06-07,Clothing,East,1,194.88,0.3,0,117.79,136.416,18.62599999999999
2149,2025-10-08,Grocery,South,5,197.71,0.0,0,161.58,988.5500000000001,180.64999999999998
2150,2025-05-27,Home,West,2,207.49,0.15,0,93.37,352.733,165.993
2151,2025-10-06,Clothing,South,3,95.93,0.3,0,58.27,201.453,26.643
2152,2025-02-21,Grocery,South,3,200.49,0.05,0,149.64,571.3965,122.47649999999999
2153,2025-11-17,Clothing,East,1,64.74,0.15,0,40.8,55.028999999999996,14.229
2154,2025-02-19,Clothing,South,3,110.69,0.0,0,50.36,332.07,180.99
2155,2025-07-05,Home,North,5,221.26,0.0,0,101.47,1106.3,598.9499999999999
2156,2025-12-27,Clothing,East,2,137.05,0.15,0,109.07,232.985,14.845000000000027
2157,2025-10-12,Clothing,South,3,210.48,0.0,0,125.14,631.4399999999999,256.0199999999999
2158,2025-01-15,Home,South,4,143.92,0.05,0,65.01,546.896,286.85599999999994
2159,2025-08-09,Home,West,5,128.41,0.0,0,64.22,642.05,320.94999999999993
2160,2025-09-09,Home,East,5,55.2,0.3,0,39.24,193.2,-3.0000000000000284
2161,2025-01-23,Grocery,East,3,163.32,0.05,0,119.69,465.46199999999993,106.39199999999994
2162,2025-10-03,Home,East,1,76.2,0.05,0,50.76,72.39,21.630000000000003
2163,2025-09-27,Grocery,South,4,195.37,0.0,0,109.7,781.48,342.68
2164,2025-12-01,Clothing,East,1,116.6,0.15,0,76.41,99.11,22.700000000000003
2165,2025-01-23,Clothing,South,5,42.74,0.15,0,27.7,181.645,43.14500000000001
2166,2025-09-14,Home,North,1,61.41,0.15,0,39.52,52.198499999999996,12.678499999999993
2167,2025-08-06,Clothing,West,2,200.1,0.3,0,113.62,280.14,52.89999999999998
2168,2025-10-12,Grocery,East,2,229.29,0.3,0,161.18,321.006,-1.3540000000000418
2169,2025-08-25,Electronics,South,4,110.43,0.05,0,52.8,419.634,208.43400000000003
2170,2025-06-13,Electronics,East,5,106.24,0.3,0,65.82,371.8399999999999,42.73999999999995
2171,2025-07-28,Clothing,East,4,113.01,0.0,1,90.77,0.0,0.0
2172,2025-11-04,Clothing,North,5,93.32,0.3,0,60.63,326.61999999999995,23.469999999999914
2173,2025-10-23,Grocery,South,5,83.27,0.3,0,37.72,291.44499999999994,102.84499999999994
2174,2025-07-06,Home,West,5,162.53,0.0,0,106.12,812.65,282.04999999999995
2175,2025-01-06,Grocery,South,1,179.76,0.3,0,89.8,125.83199999999998,36.03199999999998
2176,2025-06-28,Grocery,West,1,61.24,0.3,0,34.16,42.868,8.708000000000006
2177,2025-04-12,Electronics,West,5,179.59,0.3,0,145.52,628.5649999999999,-99.03500000000008
2178,2025-08-19,Clothing,East,1,213.06,0.0,0,133.85,213.06,79.21000000000001
2179,2025-01-08,Grocery,South,3,70.41,0.3,0,39.42,147.861,29.600999999999985
2180,2025-02-08,Electronics,West,1,228.08,0.05,0,125.03,216.676,91.64599999999999
2181,2025-07-24,Grocery,South,4,95.13,0.15,1,64.11,0.0,0.0
2182,2025-08-08,Clothing,South,2,204.88,0.05,0,112.33,389.272,164.612
2183,2025-05-21,Clothing,West,2,208.17,0.0,0,146.97,416.34,122.39999999999998
2184,2025-10-17,Electronics,South,4,184.34,0.15,1,127.61,0.0,0.0
2185,2025-11-17,Home,West,1,198.8,0.3,0,99.58,139.16,39.58
2186,2025-10-20,Electronics,East,5,178.91,0.15,0,110.87,760.3675,206.01749999999993
2187,2025-06-26,Home,South,3,18.29,0.3,0,11.52,38.409,3.8489999999999966
2188,2025-11-08,Grocery,West,2,176.13,0.15,0,103.06,299.421,93.30099999999999
2189,2025-06-13,Home,South,5,120.6,0.0,0,101.99,603.0,93.05000000000001
2190,2025-02-17,Electronics,North,4,158.39,0.0,0,101.7,633.56,226.75999999999993
2191,2025-11-11,Clothing,West,5,66.6,0.3,0,31.87,233.1,73.75
2192,2025-03-07,Clothing,North,1,47.25,0.05,0,35.65,44.887499999999996,9.237499999999997
2193,2025-03-28,Clothing,West,3,54.96,0.3,0,39.49,115.41599999999998,-3.0540000000000163
2194,2025-05-11,Grocery,South,1,93.72,0.3,0,73.69,65.604,-8.085999999999999
2195,2025-07-29,Clothing,North,4,199.1,0.15,0,148.67,676.9399999999999,82.25999999999999
2196,2025-08-29,Electronics,South,1,48.71,0.15,0,35.82,41.4035,5.583500000000001
2197,2025-01-20,Home,North,3,71.46,0.3,0,57.22,150.06599999999997,-21.594000000000023
2198,2025-10-10,Clothing,South,3,127.28,0.0,1,62.69,0.0,0.0
2199,2025-09-03,Grocery,North,5,36.43,0.15,0,30.48,154.82750000000001,2.427500000000009
2200,2025-03-23,Grocery,South,1,247.49,0.3,0,174.07,173.243,-0.8269999999999982
2201,2025-03-04,Electronics,West,5,69.61,0.3,0,49.06,243.635,-1.6650000000000205
2202,2025-05-04,Clothing,West,1,230.8,0.15,0,161.57,196.18,34.610000000000014
2203,2025-12-17,Grocery,North,2,222.36,0.15,0,121.13,378.012,135.752
2204,2025-01-17,Home,South,4,222.95,0.15,0,109.07,758.03,321.75
2205,2025-08-11,Home,South,3,64.95,0.3,0,37.77,136.395,23.085000000000008
2206,2025-05-12,Home,East,3,207.9,0.05,0,175.67,592.515,65.505
2207,2025-06-13,Grocery,West,5,146.28,0.0,1,104.81,0.0,0.0
2208,2025-08-01,Clothing,North,2,24.69,0.0,0,12.15,49.38,25.080000000000002
2209,2025-07-17,Home,South,2,195.49,0.15,0,115.71,332.333,100.91300000000004
2210,2025-12-09,Electronics,North,2,221.47,0.15,0,110.17,376.49899999999997,156.15899999999996
2211,2025-07-08,Clothing,West,4,210.13,0.15,0,97.22,714.442,325.562
2212,2025-03-15,Electronics,South,4,36.98,0.15,1,28.26,0.0,0.0
2213,2025-11-06,Clothing,West,4,229.93,0.3,0,157.72,643.804,12.923999999999978
2214,2025-07-16,Grocery,South,3,91.56,0.0,0,56.81,274.68,104.25
2215,2025-09-15,Electronics,South,5,243.17,0.3,0,176.56,851.0949999999999,-31.70500000000004
2216,2025-09-02,Grocery,East,3,60.52,0.15,0,31.89,154.326,58.65599999999999
2217,2025-06-30,Grocery,South,4,131.65,0.3,0,94.1,368.62,-7.779999999999973
2218,2025-05-25,Electronics,North,5,202.72,0.3,0,147.34,709.52,-27.180000000000064
2219,2025-06-22,Electronics,West,3,200.75,0.3,0,91.36,421.575,147.495
2220,2025-01-03,Home,South,2,60.08,0.05,0,36.85,114.15199999999999,40.451999999999984
2221,2025-06-03,Electronics,South,2,221.52,0.3,0,136.53,310.128,37.067999999999984
2222,2025-11-13,Electronics,South,1,21.11,0.15,0,9.58,17.9435,8.3635
2223,2025-05-24,Electronics,South,3,152.38,0.3,0,78.77,319.998,83.68799999999999
2224,2025-03-12,Clothing,South,1,20.77,0.0,0,17.14,20.77,3.629999999999999
2225,2025-09-01,Electronics,North,2,51.1,0.0,0,32.25,102.2,37.7
2226,2025-05-02,Clothing,South,2,136.2,0.3,0,65.33,190.67999999999998,60.01999999999998
2227,2025-07-13,Grocery,East,3,127.42,0.15,0,89.43,324.921,56.63099999999997
2228,2025-02-14,Electronics,South,3,210.82,0.05,0,111.51,600.837,266.30699999999996
2229,2025-02-17,Home,North,5,30.22,0.3,0,19.52,105.77,8.170000000000002
2230,2025-10-06,Home,West,1,223.45,0.15,1,189.46,0.0,0.0
2231,2025-02-18,Electronics,West,5,191.92,0.05,0,96.58,911.6199999999999,428.7199999999999
2232,2025-03-04,Clothing,West,3,79.69,0.0,0,55.11,239.07,73.74000000000001
2233,2025-04-05,Home,South,2,171.5,0.0,0,114.09,343.0,114.82
2234,2025-02-04,Electronics,North,1,123.46,0.05,1,70.72,0.0,0.0
2235,2025-12-05,Electronics,North,1,90.42,0.15,0,62.64,76.857,14.216999999999999
2236,2025-05-26,Grocery,South,5,105.47,0.15,0,86.58,448.2475,15.347500000000025
2237,2025-05-11,Electronics,West,3,21.3,0.05,0,13.7,60.705000000000005,19.60500000000001
2238,2025-11-13,Electronics,North,4,87.29,0.3,0,73.67,244.412,-50.268
2239,2025-10-13,Clothing,North,1,235.86,0.15,0,107.74,200.481,92.741
2240,2025-01-27,Grocery,East,3,180.64,0.15,0,90.24,460.63199999999995,189.91199999999998
2241,2025-06-19,Grocery,South,3,22.7,0.0,0,14.96,68.1,23.21999999999999
2242,2025-09-14,Grocery,West,1,108.07,0.05,0,85.28,102.66649999999998,17.386499999999984
2243,2025-06-09,Home,East,2,82.31,0.3,0,52.77,115.234,9.693999999999988
2244,2025-10-21,Electronics,East,5,107.0,0.0,0,87.96,535.0,95.20000000000005
2245,2025-12-26,Grocery,South,3,149.07,0.3,1,96.93,0.0,0.0
2246,2025-12-21,Home,South,2,87.38,0.05,0,64.94,166.022,36.141999999999996
2247,2025-12-27,Home,West,4,156.07,0.3,0,124.28,436.996,-60.124000000000024
2248,2025-06-27,Grocery,East,5,176.6,0.05,0,118.18,838.8499999999999,247.94999999999982
2249,2025-06-10,Grocery,North,1,62.46,0.0,0,41.75,62.46,20.71
2250,2025-09-11,Home,West,2,141.6,0.05,0,103.13,269.03999999999996,62.77999999999997
2251,2025-10-06,Electronics,West,4,87.86,0.0,0,50.05,351.44,151.24
2252,2025-02-06,Clothing,West,3,145.56,0.3,0,104.01,305.676,-6.354000000000042
2253,2025-01-02,Electronics,North,3,74.95,0.15,0,52.7,191.1225,33.02249999999998
2254,2025-10-18,Home,South,2,213.87,0.05,0,109.77,406.353,186.81300000000002
2255,2025-10-04,Electronics,East,1,196.64,0.05,0,97.94,186.80799999999996,88.86799999999997
2256,2025-09-28,Grocery,South,1,100.88,0.0,0,79.43,100.88,21.44999999999999
2257,2025-05-18,Electronics,West,3,42.77,0.05,0,31.78,121.8945,26.55449999999999
2258,2025-06-13,Grocery,West,5,15.88,0.3,0,8.95,55.58,10.829999999999998
2259,2025-11-27,Home,West,5,84.5,0.05,0,60.27,401.375,100.02499999999998
2260,2025-04-03,Home,North,3,202.19,0.05,0,133.39,576.2414999999999,176.0714999999999
2261,2025-01-15,Home,West,3,49.51,0.0,0,37.82,148.53,35.06999999999999
2262,2025-01-06,Electronics,South,5,30.45,0.0,0,14.37,152.25,80.4
2263,2025-05-03,Grocery,South,2,196.04,0.15,0,165.74,333.268,1.787999999999954
2264,2025-05-05,Clothing,East,5,163.34,0.3,0,125.81,571.6899999999999,-57.360000000000014
2265,2025-02-01,Electronics,East,5,76.02,0.15,0,39.08,323.085,127.685
2266,2025-02-15,Home,East,1,175.41,0.0,0,89.64,175.41,85.77
2267,2025-02-27,Grocery,West,1,184.66,0.05,0,135.65,175.427,39.77699999999999
2268,2025-12-09,Grocery,North,1,119.64,0.05,0,63.4,113.658,50.258
2269,2025-12-06,Electronics,East,1,98.83,0.0,0,79.3,98.83,19.53
2270,2025-09-24,Home,North,5,167.88,0.15,0,124.93,713.49,88.83999999999992
2271,2025-08-03,Clothing,South,3,42.83,0.15,0,28.91,109.21650000000001,22.486500000000007
2272,2025-12-31,Electronics,South,4,123.77,0.3,0,85.61,346.556,4.1159999999999854
2273,2025-06-19,Home,South,5,92.84,0.0,0,65.47,464.20000000000005,136.85000000000002
2274,2025-01-27,Grocery,West,5,209.91,0.15,0,125.52,892.1175,264.5174999999999
2275,2025-02-06,Grocery,North,2,176.97,0.15,0,120.32,300.849,60.209
2276,2025-09-21,Electronics,West,3,234.41,0.05,0,159.53,668.0685,189.47849999999994
2277,2025-04-06,Electronics,South,4,138.51,0.05,0,101.12,526.338,121.85799999999995
2278,2025-04-09,Grocery,South,4,139.03,0.3,0,66.93,389.284,121.56399999999996
2279,2025-04-03,Home,North,1,140.37,0.15,0,81.91,119.3145,37.4045
2280,2025-08-01,Grocery,North,3,207.01,0.0,0,124.11,621.03,248.7
2281,2025-11-21,Clothing,North,3,67.13,0.0,0,49.42,201.39,53.129999999999995
2282,2025-07-31,Clothing,East,5,119.0,0.15,0,86.28,505.75,74.35000000000002
2283,2025-01-22,Grocery,East,5,219.48,0.3,0,101.12,768.1799999999998,262.5799999999998
2284,2025-01-16,Grocery,East,5,88.12,0.0,0,73.62,440.6,72.5
2285,2025-11-24,Electronics,West,3,125.79,0.15,0,100.9,320.7645,18.064499999999953
2286,2025-06-18,Electronics,East,3,99.61,0.05,0,56.04,283.88849999999996,115.76849999999996
2287,2025-09-28,Grocery,South,5,152.56,0.0,0,94.72,762.8,289.19999999999993
2288,2025-12-09,Grocery,West,4,96.48,0.15,0,50.19,328.032,127.27199999999999
2289,2025-08-12,Clothing,West,2,76.3,0.05,0,62.79,144.97,19.39
2290,2025-01-24,Electronics,West,2,142.0,0.15,0,108.18,241.4,25.039999999999992
2291,2025-03-10,Grocery,East,5,18.86,0.15,0,11.06,80.155,24.854999999999997
2292,2025-10-14,Electronics,South,3,77.39,0.0,0,54.88,232.17000000000002,67.53
2293,2025-07-23,Home,West,4,118.05,0.3,0,77.88,330.53999999999996,19.019999999999982
2294,2025-09-30,Home,West,3,157.75,0.3,1,85.92,0.0,0.0
2295,2025-09-23,Home,South,2,223.73,0.15,0,106.0,380.34099999999995,168.34099999999995
2296,2025-08-02,Grocery,North,3,74.91,0.0,0,36.35,224.73,115.67999999999998
2297,2025-03-29,Clothing,East,5,73.0,0.3,0,61.58,255.49999999999997,-52.400000000000006
2298,2025-09-04,Electronics,South,5,213.47,0.3,0,143.26,747.1449999999999,30.844999999999914
2299,2025-09-26,Grocery,East,1,111.76,0.3,0,62.56,78.232,15.671999999999997
2300,2025-05-10,Clothing,South,4,165.56,0.15,0,129.66,562.904,44.26400000000001
2301,2025-05-23,Home,East,3,189.26,0.05,0,123.24,539.391,169.671
2302,2025-05-07,Home,North,3,123.61,0.15,0,77.79,315.2055,81.83549999999997
2303,2025-09-07,Clothing,North,1,24.21,0.0,0,18.46,24.21,5.75
2304,2025-08-31,Home,West,2,99.47,0.3,0,45.41,139.25799999999998,48.43799999999999
2305,2025-06-22,Electronics,North,3,86.35,0.05,0,60.88,246.09749999999994,63.457499999999925
2306,2025-09-10,Grocery,East,5,86.51,0.05,0,60.73,410.9225,107.27250000000004
2307,2025-03-24,Electronics,East,2,216.34,0.05,0,135.59,411.046,139.86599999999999
2308,2025-09-10,Grocery,East,5,90.93,0.05,0,77.11,431.9175,46.36750000000001
2309,2025-06-23,Grocery,East,2,15.81,0.05,0,7.58,30.038999999999998,14.878999999999998
2310,2025-12-11,Electronics,North,2,150.63,0.05,0,91.94,286.197,102.31700000000001
2311,2025-08-03,Home,North,1,244.86,0.0,0,164.63,244.86,80.23000000000002
2312,2025-07-18,Clothing,South,1,81.45,0.0,0,65.96,81.45,15.490000000000009
2313,2025-05-26,Grocery,East,2,63.49,0.15,1,30.0,0.0,0.0
2314,2025-01-07,Grocery,East,3,67.32,0.05,0,51.41,191.86199999999997,37.63199999999998
2315,2025-11-30,Home,South,1,204.33,0.15,0,146.17,173.6805,27.510500000000008
2316,2025-06-10,Home,West,1,193.97,0.3,0,134.53,135.779,1.2489999999999952
2317,2025-02-01,Grocery,East,1,58.25,0.3,0,35.36,40.775,5.414999999999999
2318,2025-10-14,Grocery,East,5,29.87,0.3,0,15.64,104.54499999999999,26.344999999999985
2319,2025-03-09,Clothing,East,2,154.54,0.15,0,126.58,262.71799999999996,9.557999999999964
2320,2025-06-28,Grocery,South,4,50.89,0.0,0,24.37,203.56,106.08
2321,2025-05-02,Home,East,5,167.17,0.15,0,133.29,710.4724999999999,44.02249999999992
2322,2025-10-17,Clothing,South,5,124.8,0.0,0,79.37,624.0,227.14999999999998
2323,2025-12-08,Clothing,West,5,155.13,0.0,0,114.15,775.65,204.89999999999998
2324,2025-09-15,Clothing,West,4,164.85,0.3,0,130.14,461.5799999999999,-58.98000000000002
2325,2025-12-29,Grocery,West,4,165.67,0.15,0,115.59,563.2779999999999,100.91799999999989
2326,2025-03-01,Grocery,South,5,124.83,0.0,0,80.42,624.15,222.04999999999995
2327,2025-11-08,Grocery,North,3,33.57,0.0,0,25.32,100.71000000000001,24.75
2328,2025-08-13,Electronics,North,3,108.35,0.3,0,80.56,227.53499999999994,-14.145000000000067
2329,2025-01-01,Home,South,4,131.11,0.0,0,80.07,524.44,204.16000000000008
2330,2025-01-13,Home,North,1,238.91,0.05,0,163.88,226.9645,63.08449999999999
2331,2025-12-17,Electronics,East,2,45.81,0.15,0,36.32,77.877,5.236999999999995
2332,2025-02-19,Home,East,2,118.78,0.15,0,93.95,201.926,14.025999999999982
2333,2025-02-14,Clothing,North,5,245.27,0.0,0,180.12,1226.3500000000001,325.7500000000001
2334,2025-10-31,Electronics,South,5,194.28,0.3,0,121.92,679.9799999999999,70.37999999999988
2335,2025-10-13,Grocery,South,4,112.04,0.05,0,91.01,425.752,61.71199999999999
2336,2025-02-25,Clothing,East,1,190.45,0.0,0,113.6,190.45,76.85
2337,2025-07-20,Clothing,East,5,212.82,0.0,0,151.25,1064.1,307.8499999999999
2338,2025-04-26,Grocery,West,5,150.85,0.05,0,110.47,716.5375,164.1875
2339,2025-09-24,Clothing,South,1,38.46,0.15,0,23.87,32.691,8.821000000000002
2340,2025-03-24,Grocery,North,4,115.01,0.05,0,60.86,437.038,193.598
2341,2025-03-13,Grocery,South,2,58.24,0.15,0,39.84,99.008,19.32799999999999
2342,2025-07-31,Clothing,North,2,21.36,0.15,0,16.72,36.312,2.872
2343,2025-10-18,Grocery,West,3,140.14,0.3,0,90.52,294.2939999999999,22.733999999999924
2344,2025-02-16,Home,West,4,246.93,0.0,0,131.17,987.72,463.0400000000001
2345,2025-01-10,Electronics,East,4,70.24,0.3,1,44.65,0.0,0.0
2346,2025-02-02,Electronics,South,2,180.11,0.0,1,149.59,0.0,0.0
2347,2025-01-10,Home,North,2,112.51,0.3,0,69.29,157.514,18.933999999999997
2348,2025-06-15,Electronics,West,3,146.05,0.15,0,88.52,372.4275,106.8675
2349,2025-04-19,Grocery,South,5,60.19,0.15,0,31.15,255.80749999999998,100.05749999999998
2350,2025-01-12,Home,West,4,200.01,0.0,0,154.74,800.04,181.07999999999993
2351,2025-06-20,Home,South,2,135.21,0.15,0,66.79,229.857,96.27699999999999
2352,2025-03-11,Grocery,East,2,125.59,0.0,0,94.55,251.18,62.08000000000001
2353,2025-04-18,Grocery,South,3,21.19,0.15,0,9.89,54.03450000000001,24.364500000000007
2354,2025-03-06,Home,North,3,136.15,0.0,0,64.85,408.45000000000005,213.90000000000006
2355,2025-07-26,Grocery,South,5,130.39,0.0,1,106.41,0.0,0.0
2356,2025-01-12,Grocery,North,2,204.8,0.3,0,131.9,286.71999999999997,22.91999999999996
2357,2025-06-30,Home,South,2,41.48,0.05,0,20.73,78.81199999999998,37.35199999999998
2358,2025-10-12,Home,West,5,153.92,0.05,0,69.93,731.1199999999999,381.46999999999986
2359,2025-09-29,Electronics,West,5,228.53,0.3,0,157.72,799.855,11.254999999999995
2360,2025-02-16,Electronics,West,2,71.46,0.15,0,37.9,121.48199999999999,45.68199999999999
2361,2025-10-31,Home,West,4,175.33,0.15,0,132.8,596.1220000000001,64.92200000000003
2362,2025-04-05,Home,West,3,214.48,0.15,0,149.56,546.924,98.24399999999997
2363,2025-03-19,Clothing,South,3,94.43,0.05,0,60.6,269.1255,87.32549999999998
2364,2025-03-05,Home,North,3,203.87,0.15,0,121.86,519.8685,154.28850000000006
2365,2025-07-30,Electronics,South,5,53.64,0.3,0,29.68,187.73999999999998,39.339999999999975
2366,2025-06-15,Electronics,West,5,23.35,0.3,0,11.2,81.725,25.724999999999994
2367,2025-08-28,Home,East,3,112.92,0.0,0,86.13,338.76,80.37
2368,2025-10-27,Clothing,North,2,23.65,0.05,0,17.85,44.934999999999995,9.234999999999992
2369,2025-07-08,Home,North,1,16.26,0.15,1,10.82,0.0,0.0
2370,2025-07-17,Clothing,North,3,98.54,0.3,0,50.25,206.934,56.184
2371,2025-03-06,Clothing,South,4,241.73,0.0,0,205.1,966.92,146.51999999999998
2372,2025-06-16,Home,West,5,194.31,0.3,0,153.12,680.0849999999999,-85.5150000000001
2373,2025-03-21,Clothing,East,4,188.37,0.05,0,100.84,715.806,312.446
2374,2025-04-12,Grocery,South,1,95.44,0.0,0,72.93,95.44,22.50999999999999
2375,2025-07-26,Electronics,North,3,195.49,0.3,0,161.35,410.529,-73.52099999999996
2376,2025-05-17,Electronics,North,5,152.4,0.15,0,109.05,647.6999999999999,102.44999999999993
2377,2025-05-07,Clothing,West,1,216.7,0.0,0,111.13,216.7,105.57
2378,2025-10-08,Grocery,South,2,34.44,0.15,0,21.16,58.547999999999995,16.227999999999994
2379,2025-03-19,Home,East,1,177.95,0.05,0,129.84,169.05249999999998,39.21249999999998
2380,2025-03-06,Electronics,North,1,206.43,0.15,0,153.25,175.4655,22.21549999999999
2381,2025-10-20,Clothing,North,5,195.5,0.3,0,155.55,684.25,-93.5
2382,2025-08-17,Clothing,West,1,217.43,0.05,0,115.43,206.5585,91.1285
2383,2025-11-25,Home,East,2,91.84,0.05,0,69.19,174.496,36.116000000000014
2384,2025-09-30,Grocery,East,2,20.2,0.05,0,11.31,38.379999999999995,15.759999999999994
2385,2025-07-09,Electronics,East,2,53.15,0.0,0,39.12,106.3,28.060000000000002
2386,2025-10-10,Grocery,North,2,144.07,0.0,0,120.6,288.14,46.94
2387,2025-10-13,Home,South,2,104.41,0.05,0,57.81,198.379,82.75899999999999
2388,2025-11-06,Clothing,East,2,226.89,0.3,0,177.47,317.64599999999996,-37.29400000000004
2389,2025-08-16,Clothing,West,4,66.84,0.15,0,35.57,227.256,84.976
2390,2025-03-18,Grocery,West,1,123.41,0.05,0,71.77,117.23949999999999,45.4695
2391,2025-08-21,Grocery,East,5,78.87,0.3,0,56.32,276.045,-5.555000000000007
2392,2025-06-17,Clothing,East,3,121.13,0.05,0,80.54,345.22049999999996,103.60049999999995
2393,2025-12-02,Home,North,4,60.84,0.3,0,29.46,170.352,52.512
2394,2025-05-01,Clothing,West,2,246.78,0.3,1,206.2,0.0,0.0
2395,2025-03-03,Grocery,South,2,166.06,0.3,0,136.19,232.48399999999998,-39.896000000000015
2396,2025-11-02,Home,East,1,176.94,0.3,0,140.24,123.85799999999999,-16.38200000000002
2397,2025-12-03,Electronics,East,1,62.94,0.0,1,48.91,0.0,0.0
2398,2025-07-18,Grocery,West,1,105.54,0.15,0,78.24,89.709,11.469000000000008
2399,2025-11-27,Home,West,1,54.12,0.05,0,26.26,51.413999999999994,25.153999999999993
2400,2025-04-27,Clothing,West,5,67.9,0.05,0,34.45,322.525,150.27499999999998
2401,2025-09-09,Home,West,1,17.69,0.3,0,8.33,12.383000000000001,4.053000000000001
2402,2025-03-28,Clothing,East,5,27.97,0.05,0,13.31,132.8575,66.30749999999999
2403,2025-06-15,Electronics,North,2,119.31,0.0,0,92.09,238.62,54.44
2404,2025-01-11,Clothing,South,4,58.98,0.05,0,35.73,224.12399999999997,81.20399999999998
2405,2025-10-10,Electronics,North,5,218.67,0.05,0,131.47,1038.6825,381.33249999999987
2406,2025-10-23,Grocery,South,2,180.02,0.15,0,133.54,306.034,38.95400000000001
2407,2025-04-10,Grocery,North,1,240.16,0.3,0,166.97,168.112,1.141999999999996
2408,2025-12-17,Clothing,East,1,145.59,0.05,0,67.35,138.3105,70.9605
2409,2025-10-06,Electronics,North,2,223.98,0.15,0,179.19,380.76599999999996,22.385999999999967
2410,2025-06-18,Home,East,5,55.31,0.3,0,39.36,193.585,-3.2150000000000034
2411,2025-11-02,Home,North,5,29.13,0.0,0,17.25,145.65,59.400000000000006
2412,2025-05-25,Electronics,South,3,98.64,0.15,0,65.96,251.532,53.652000000000015
2413,2025-05-12,Clothing,West,4,230.17,0.15,0,180.98,782.578,58.658000000000015
2414,2025-02-18,Electronics,West,5,222.98,0.15,0,150.93,947.6649999999998,193.01499999999976
2415,2025-12-19,Grocery,South,1,212.55,0.05,0,172.79,201.9225,29.13250000000002
2416,2025-01-12,Home,North,2,172.04,0.0,0,142.17,344.08,59.74000000000001
2417,2025-11-25,Electronics,East,4,211.91,0.0,0,157.52,847.64,217.55999999999995
2418,2025-01-23,Home,South,3,156.72,0.0,0,85.1,470.15999999999997,214.85999999999999
2419,2025-05-23,Grocery,East,5,20.84,0.0,0,9.84,104.2,55.0
2420,2025-05-07,Clothing,South,4,81.62,0.05,0,41.25,310.156,145.156
2421,2025-07-09,Clothing,East,4,145.25,0.15,1,104.21,0.0,0.0
2422,2025-01-26,Home,North,3,184.96,0.05,0,86.72,527.136,266.976
2423,2025-03-03,Home,South,2,80.33,0.0,0,43.44,160.66,73.78
2424,2025-09-07,Electronics,North,5,50.25,0.0,1,30.49,0.0,0.0
2425,2025-02-22,Electronics,North,4,146.4,0.15,0,124.17,497.76,1.079999999999984
2426,2025-03-03,Clothing,South,5,82.28,0.15,0,60.0,349.69,49.69
2427,2025-12-16,Electronics,East,5,25.62,0.05,0,16.33,121.695,40.045
2428,2025-02-19,Home,West,3,145.16,0.15,0,121.9,370.158,4.45799999999997
2429,2025-04-08,Electronics,South,3,190.04,0.05,0,140.65,541.614,119.66399999999999
2430,2025-07-20,Grocery,West,4,121.69,0.15,0,95.42,413.746,32.065999999999974
2431,2025-03-23,Clothing,North,3,98.52,0.05,0,49.06,280.782,133.60199999999998
2432,2025-09-08,Electronics,North,2,84.1,0.3,0,54.82,117.73999999999998,8.09999999999998
2433,2025-03-18,Grocery,East,1,189.19,0.15,0,136.66,160.8115,24.1515
2434,2025-07-04,Electronics,South,2,195.78,0.0,1,107.3,0.0,0.0
2435,2025-06-30,Home,West,3,106.26,0.3,0,87.05,223.14600000000002,-38.00399999999996
2436,2025-04-16,Clothing,West,4,171.91,0.05,0,123.94,653.2579999999999,157.49799999999993
2437,2025-01-02,Electronics,West,1,151.71,0.05,0,102.08,144.1245,42.04450000000001
2438,2025-01-29,Home,West,4,189.42,0.05,0,94.22,719.7959999999999,342.91599999999994
2439,2025-01-11,Grocery,North,5,119.25,0.0,0,86.24,596.25,165.05
2440,2025-01-02,Clothing,South,1,100.26,0.3,0,81.91,70.182,-11.727999999999994
2441,2025-01-30,Grocery,North,2,26.75,0.3,0,21.27,37.449999999999996,-5.090000000000003
2442,2025-02-19,Home,East,2,54.12,0.0,0,38.79,108.24,30.659999999999997
2443,2025-03-27,Electronics,West,3,144.08,0.3,0,119.08,302.568,-54.672000000000025
2444,2025-11-30,Grocery,North,4,90.33,0.3,0,68.23,252.92399999999998,-19.996000000000038
2445,2025-02-23,Electronics,North,3,194.57,0.0,1,123.05,0.0,0.0
2446,2025-07-11,Home,West,1,88.55,0.0,0,62.5,88.55,26.049999999999997
2447,2025-06-30,Home,West,1,179.87,0.3,0,106.41,125.90899999999999,19.498999999999995
2448,2025-09-27,Grocery,North,4,15.77,0.15,0,11.56,53.617999999999995,7.377999999999993
2449,2025-12-03,Grocery,West,5,215.14,0.15,0,168.94,914.3449999999998,69.64499999999975
2450,2025-03-11,Grocery,North,5,123.68,0.0,0,68.41,618.4000000000001,276.35000000000014
2451,2025-11-10,Grocery,North,3,68.34,0.3,0,53.49,143.514,-16.95599999999999
2452,2025-04-28,Grocery,North,4,97.61,0.0,0,48.79,390.44,195.28
2453,2025-09-04,Clothing,South,4,241.07,0.15,1,126.32,0.0,0.0
2454,2025-09-09,Electronics,West,4,204.22,0.3,0,107.25,571.8159999999999,142.81599999999992
2455,2025-07-17,Electronics,South,1,140.13,0.05,0,114.53,133.12349999999998,18.593499999999977
2456,2025-04-30,Clothing,North,3,191.32,0.3,0,106.99,401.772,80.80200000000002
2457,2025-12-03,Electronics,East,2,144.71,0.3,0,98.68,202.594,5.2339999999999804
2458,2025-03-24,Clothing,East,2,46.86,0.15,0,32.62,79.66199999999999,14.421999999999997
2459,2025-11-01,Electronics,South,5,112.32,0.0,0,84.1,561.5999999999999,141.0999999999999
2460,2025-08-15,Electronics,South,2,102.15,0.05,0,52.99,194.085,88.105
2461,2025-03-14,Clothing,South,3,127.15,0.15,0,95.42,324.2325,37.972500000000025
2462,2025-01-27,Clothing,South,4,88.49,0.3,0,70.85,247.77199999999996,-35.628000000000014
2463,2025-09-01,Electronics,South,2,124.36,0.05,0,78.81,236.284,78.66399999999999
2464,2025-11-28,Home,North,5,148.0,0.05,0,100.23,703.0,201.84999999999997
2465,2025-08-05,Grocery,East,2,50.17,0.3,0,41.35,70.238,-12.462000000000003
2466,2025-04-11,Electronics,North,5,203.11,0.0,0,135.16,1015.5500000000001,339.7500000000001
2467,2025-01-13,Home,West,1,110.35,0.0,0,75.98,110.35,34.36999999999999
2468,2025-05-25,Grocery,North,1,63.32,0.0,0,37.52,63.32,25.799999999999997
2469,2025-08-05,Home,West,5,237.09,0.15,0,174.27,1007.6325,136.28250000000003
2470,2025-08-04,Grocery,East,2,189.15,0.3,0,136.67,264.81,-8.529999999999973
2471,2025-07-22,Clothing,South,1,146.29,0.05,0,121.6,138.97549999999998,17.375499999999988
2472,2025-06-10,Electronics,South,2,67.29,0.3,0,42.82,94.206,8.566000000000003
2473,2025-12-11,Grocery,North,4,40.75,0.0,0,31.54,163.0,36.84
2474,2025-09-18,Home,South,5,226.46,0.0,0,131.73,1132.3,473.65
2475,2025-12-21,Grocery,North,3,94.41,0.05,0,42.74,269.06850000000003,140.84850000000003
2476,2025-05-17,Home,South,2,29.36,0.3,0,21.78,41.104,-2.456000000000003
2477,2025-08-21,Grocery,North,2,125.06,0.3,0,74.05,175.084,26.98400000000001
2478,2025-05-21,Electronics,North,3,35.85,0.3,0,21.9,75.285,9.585000000000008
2479,2025-02-08,Home,North,1,245.84,0.05,0,179.59,233.548,53.958
2480,2025-08-13,Electronics,North,5,229.19,0.15,1,126.76,0.0,0.0
2481,2025-04-11,Home,North,2,33.37,0.15,0,18.87,56.72899999999999,18.98899999999999
2482,2025-04-06,Grocery,East,4,210.05,0.0,0,107.75,840.2,409.20000000000005
2483,2025-07-15,Electronics,North,5,146.74,0.0,0,115.3,733.7,157.20000000000005
2484,2025-10-06,Home,East,3,119.34,0.15,0,85.81,304.31699999999995,46.886999999999944
2485,2025-10-18,Clothing,South,4,148.41,0.05,0,103.92,563.958,148.27799999999996
2486,2025-09-05,Clothing,East,5,209.37,0.3,0,113.33,732.7949999999998,166.14499999999987
2487,2025-01-13,Grocery,East,1,109.91,0.0,0,51.31,109.91,58.599999999999994
2488,2025-05-16,Grocery,West,3,220.84,0.0,0,166.83,662.52,162.02999999999997
2489,2025-10-25,Grocery,East,2,100.77,0.3,0,73.67,141.07799999999997,-6.262000000000029
2490,2025-12-02,Electronics,South,5,51.75,0.3,0,26.23,181.125,49.974999999999994
2491,2025-12-16,Clothing,West,5,69.87,0.15,1,43.98,0.0,0.0
2492,2025-04-06,Grocery,South,2,144.65,0.15,0,120.16,245.905,5.585000000000008
2493,2025-11-15,Home,West,5,91.19,0.0,0,70.91,455.95,101.40000000000003
2494,2025-07-09,Grocery,South,5,113.27,0.0,0,84.81,566.35,142.3
2495,2025-11-05,Grocery,South,1,130.52,0.05,0,106.41,123.994,17.584000000000003
2496,2025-08-23,Grocery,North,1,151.69,0.05,0,127.16,144.10549999999998,16.94549999999998
2497,2025-08-04,Home,North,1,16.1,0.05,0,8.45,15.295,6.845000000000001
2498,2025-10-18,Grocery,East,1,247.31,0.15,0,148.29,210.2135,61.92350000000002
2499,2025-05-18,Clothing,North,4,214.21,0.3,0,96.47,599.788,213.90800000000002
2500,2025-03-19,Clothing,North,4,44.49,0.0,0,37.32,177.96,28.680000000000007
2501,2025-07-17,Grocery,West,5,129.44,0.3,1,66.16,0.0,0.0
2502,2025-04-05,Clothing,East,3,114.9,0.05,0,54.76,327.46500000000003,163.18500000000003
2503,2025-06-02,Home,East,3,123.71,0.3,0,63.56,259.791,69.11099999999999
2504,2025-10-01,Home,West,4,150.55,0.05,0,82.18,572.09,243.37
2505,2025-08-03,Home,North,4,191.16,0.3,0,89.35,535.2479999999999,177.84799999999996
2506,2025-05-14,Grocery,South,4,141.39,0.15,0,81.6,480.72599999999994,154.32599999999996
2507,2025-03-12,Home,North,5,179.48,0.15,0,85.83,762.79,333.64
2508,2025-02-28,Home,East,4,100.57,0.05,0,75.58,382.16599999999994,79.84599999999995
2509,2025-05-12,Electronics,West,4,169.32,0.0,0,90.92,677.28,313.59999999999997
2510,2025-03-10,Grocery,West,4,20.76,0.05,0,16.77,78.888,11.808000000000007
2511,2025-03-03,Grocery,South,5,249.26,0.15,0,183.53,1059.355,141.70500000000004
2512,2025-11-29,Electronics,North,4,116.77,0.15,0,97.61,397.018,6.5779999999999745
2513,2025-12-22,Grocery,East,5,225.49,0.15,0,179.71,958.3325,59.782499999999914
2514,2025-02-01,Home,East,4,221.33,0.05,0,178.25,841.054,128.05399999999997
2515,2025-06-04,Home,North,4,33.98,0.15,0,23.78,115.53199999999998,20.411999999999978
2516,2025-11-15,Electronics,East,2,125.14,0.3,0,103.93,175.196,-32.664000000000016
2517,2025-12-08,Electronics,South,4,128.15,0.15,0,64.52,435.71,177.63
2518,2025-03-03,Grocery,North,2,86.51,0.3,0,41.95,121.114,37.214
2519,2025-11-30,Grocery,North,5,129.71,0.3,0,76.67,453.985,70.63499999999999
2520,2025-09-18,Electronics,South,5,239.18,0.15,0,123.82,1016.5150000000001,397.4150000000002
2521,2025-12-13,Clothing,West,2,159.52,0.05,0,74.16,303.088,154.76800000000003
2522,2025-07-20,Clothing,North,4,39.97,0.15,0,26.59,135.898,29.537999999999997
2523,2025-04-05,Home,East,3,163.1,0.05,0,97.11,464.8349999999999,173.50499999999994
2524,2025-05-08,Clothing,South,1,24.77,0.3,0,11.32,17.339,6.018999999999998
2525,2025-09-29,Home,North,5,186.85,0.0,0,115.66,934.25,355.95000000000005
2526,2025-04-15,Electronics,East,1,138.37,0.0,0,101.04,138.37,37.33
2527,2025-01-30,Clothing,North,1,200.74,0.0,0,111.39,200.74,89.35000000000001
2528,2025-02-13,Grocery,South,1,85.39,0.15,0,42.59,72.5815,29.991500000000002
2529,2025-12-01,Electronics,East,1,108.68,0.3,0,88.66,76.076,-12.584000000000003
2530,2025-01-11,Grocery,South,2,234.4,0.05,0,174.46,445.36,96.44
2531,2025-01-06,Electronics,North,4,20.66,0.15,0,15.62,70.244,7.764000000000003
2532,2025-07-30,Grocery,North,5,151.3,0.0,0,79.7,756.5,358.0
2533,2025-11-20,Clothing,West,3,215.42,0.05,0,121.97,613.947,248.03700000000003
2534,2025-03-15,Grocery,North,1,229.2,0.3,0,152.16,160.43999999999997,8.279999999999973
2535,2025-01-03,Clothing,East,2,236.97,0.15,0,201.2,402.849,0.4490000000000123
2536,2025-06-09,Clothing,East,5,138.45,0.3,0,93.96,484.575,14.775000000000034
2537,2025-05-09,Grocery,North,1,165.18,0.15,1,81.54,0.0,0.0
2538,2025-04-23,Electronics,South,3,163.39,0.15,0,138.53,416.64449999999994,1.054499999999905
2539,2025-03-09,Electronics,North,1,234.09,0.0,0,106.11,234.09,127.98
2540,2025-08-31,Clothing,South,4,161.6,0.05,0,96.47,614.0799999999999,228.19999999999993
2541,2025-02-20,Grocery,East,2,228.23,0.15,0,176.79,387.991,34.411
2542,2025-02-03,Home,West,1,136.98,0.0,0,81.59,136.98,55.389999999999986
2543,2025-11-12,Clothing,South,2,165.39,0.05,0,111.75,314.241,90.74099999999999
2544,2025-02-01,Home,South,5,179.95,0.15,0,120.55,764.7875,162.03750000000002
2545,2025-06-20,Clothing,North,3,49.12,0.3,0,22.23,103.15199999999999,36.46199999999999
2546,2025-11-25,Home,West,4,16.94,0.15,0,10.58,57.596000000000004,15.276000000000003
2547,2025-04-09,Electronics,North,2,155.15,0.15,0,129.52,263.755,4.714999999999975
2548,2025-06-14,Grocery,South,1,243.68,0.0,0,111.28,243.68,132.4
2549,2025-09-06,Home,East,5,236.66,0.3,0,112.52,828.31,265.7099999999999
2550,2025-12-20,Home,East,5,243.03,0.15,0,119.52,1032.8775,435.27750000000003
2551,2025-07-24,Clothing,East,3,103.24,0.3,0,68.6,216.80399999999997,11.00399999999999
2552,2025-09-30,Grocery,West,4,188.65,0.3,0,90.94,528.22,164.46000000000004
2553,2025-02-10,Electronics,South,2,75.61,0.0,0,55.42,151.22,40.379999999999995
2554,2025-02-07,Home,South,1,114.41,0.3,0,91.55,80.08699999999999,-11.463000000000008
2555,2025-09-26,Clothing,East,1,48.93,0.0,1,38.84,0.0,0.0
2556,2025-08-21,Electronics,North,5,72.51,0.0,0,51.56,362.55,104.75
2557,2025-08-16,Grocery,South,1,246.13,0.05,0,138.47,233.8235,95.3535
2558,2025-06-05,Electronics,South,4,54.24,0.0,0,32.56,216.96,86.72
2559,2025-12-23,Electronics,East,3,149.97,0.05,0,95.44,427.4145,141.09449999999998
2560,2025-05-05,Home,South,3,146.37,0.3,0,100.39,307.377,6.206999999999994
2561,2025-02-10,Home,West,3,92.35,0.3,0,52.07,193.93499999999995,37.72499999999994
2562,2025-04-07,Home,South,4,103.97,0.0,0,53.07,415.88,203.6
2563,2025-04-17,Electronics,North,2,249.85,0.3,0,157.86,349.78999999999996,34.069999999999936
2564,2025-01-07,Home,South,3,175.71,0.3,0,99.26,368.991,71.21099999999996
2565,2025-12-06,Home,East,5,111.85,0.0,0,93.99,559.25,89.30000000000001
2566,2025-11-13,Clothing,West,3,79.26,0.3,0,66.68,166.446,-33.59400000000002
2567,2025-09-06,Electronics,West,3,222.41,0.05,0,107.51,633.8685,311.3385
2568,2025-06-15,Grocery,South,5,247.33,0.0,0,163.23,1236.65,420.5000000000001
2569,2025-01-10,Clothing,North,3,38.68,0.05,0,21.29,110.23799999999999,46.36799999999999
2570,2025-10-26,Electronics,North,4,38.67,0.15,0,19.46,131.478,53.638000000000005
2571,2025-07-19,Clothing,South,1,155.08,0.15,0,109.78,131.818,22.03800000000001
2572,2025-03-26,Grocery,West,2,65.05,0.3,0,51.18,91.07,-11.290000000000006
2573,2025-11-05,Clothing,East,4,200.38,0.3,0,112.1,561.064,112.66399999999999
2574,2025-04-29,Electronics,North,5,115.41,0.3,0,81.99,403.93499999999995,-6.015000000000043
2575,2025-11-03,Grocery,North,3,241.27,0.3,0,142.96,506.66700000000003,77.78700000000003
2576,2025-08-01,Home,East,4,245.41,0.0,0,169.19,981.64,304.88
2577,2025-06-10,Grocery,East,4,146.23,0.3,0,75.03,409.44399999999996,109.32399999999996
2578,2025-06-09,Home,North,5,232.75,0.3,1,149.05,0.0,0.0
2579,2025-03-13,Clothing,West,5,90.61,0.15,0,63.81,385.0925,66.04249999999996
2580,2025-08-04,Home,West,1,76.08,0.15,1,38.31,0.0,0.0
2581,2025-09-06,Electronics,West,4,144.91,0.15,0,122.93,492.69399999999996,0.9739999999999327
2582,2025-10-19,Grocery,North,2,165.74,0.3,0,89.62,232.036,52.79599999999999
2583,2025-02-07,Grocery,North,1,71.57,0.05,0,51.92,67.99149999999999,16.071499999999986
2584,2025-08-23,Grocery,West,1,169.79,0.0,1,142.57,0.0,0.0
2585,2025-11-01,Clothing,North,5,201.95,0.05,0,164.46,959.2624999999999,136.96249999999986
2586,2025-03-24,Electronics,East,5,41.03,0.15,0,19.74,174.3775,75.67750000000001
2587,2025-01-13,Electronics,West,4,192.47,0.15,0,88.9,654.398,298.798
2588,2025-07-09,Electronics,West,4,68.95,0.15,0,53.53,234.43,20.310000000000002
2589,2025-09-07,Electronics,North,3,158.37,0.3,0,104.3,332.577,19.67700000000002
2590,2025-03-13,Home,North,5,63.21,0.3,0,51.06,221.23499999999999,-34.065000000000026
2591,2025-02-07,Electronics,South,3,36.66,0.15,0,23.17,93.48299999999999,23.972999999999985
2592,2025-10-29,Electronics,North,2,80.79,0.0,0,66.76,161.58,28.060000000000002
2593,2025-02-10,Home,North,2,187.04,0.3,0,111.67,261.856,38.51599999999999
2594,2025-12-30,Clothing,North,5,218.26,0.15,0,132.58,927.6049999999999,264.7049999999998
2595,2025-02-27,Clothing,West,1,204.41,0.0,0,148.17,204.41,56.24000000000001
2596,2025-05-02,Clothing,West,2,237.77,0.3,0,197.55,332.878,-62.22200000000004
2597,2025-05-15,Clothing,North,3,204.1,0.05,0,121.29,581.685,217.81499999999994
2598,2025-01-30,Electronics,West,3,170.26,0.0,0,105.46,510.78,194.39999999999998
2599,2025-06-06,Electronics,South,2,207.74,0.05,0,143.43,394.706,107.846
2600,2025-07-10,Grocery,West,4,242.9,0.05,0,167.42,923.02,253.34000000000003
2601,2025-03-14,Electronics,South,1,127.66,0.05,0,98.56,121.27699999999999,22.716999999999985
2602,2025-12-12,Home,West,3,113.26,0.3,0,63.84,237.846,46.32599999999999
2603,2025-09-05,Electronics,North,2,83.32,0.3,0,59.57,116.64799999999998,-2.4920000000000186
2604,2025-05-19,Grocery,West,1,178.27,0.05,0,99.69,169.3565,69.66650000000001
2605,2025-08-08,Electronics,North,1,69.51,0.3,0,41.06,48.657000000000004,7.597000000000001
2606,2025-08-01,Clothing,North,3,18.47,0.15,0,14.5,47.098499999999994,3.5984999999999943
2607,2025-05-14,Clothing,East,3,83.51,0.0,0,60.15,250.53000000000003,70.08000000000004
2608,2025-07-02,Electronics,North,2,180.02,0.3,0,132.13,252.028,-12.232
2609,2025-03-26,Home,West,3,68.74,0.0,0,54.0,206.21999999999997,44.21999999999997
2610,2025-05-28,Electronics,South,4,37.4,0.15,0,30.17,127.16,6.47999999999999
2611,2025-04-24,Home,West,3,234.54,0.3,0,140.14,492.534,72.11400000000003
2612,2025-05-29,Home,West,5,154.76,0.3,0,95.16,541.66,65.86000000000001
2613,2025-09-21,Clothing,West,5,164.89,0.15,0,98.66,700.7824999999999,207.48249999999996
2614,2025-07-07,Home,East,4,41.58,0.0,0,23.06,166.32,74.08
2615,2025-06-17,Electronics,North,3,69.21,0.0,1,46.54,0.0,0.0
2616,2025-03-03,Grocery,South,2,138.87,0.3,0,103.19,194.418,-11.961999999999989
2617,2025-11-29,Grocery,West,1,79.23,0.15,0,37.9,67.3455,29.445500000000003
2618,2025-05-27,Grocery,South,3,120.19,0.3,1,86.05,0.0,0.0
2619,2025-01-03,Electronics,South,2,66.05,0.05,0,54.01,125.49499999999999,17.474999999999994
2620,2025-02-09,Clothing,South,1,29.3,0.15,0,21.3,24.905,3.6050000000000004
2621,2025-05-12,Grocery,East,1,92.37,0.15,1,41.75,0.0,0.0
2622,2025-10-17,Grocery,West,4,38.83,0.05,0,28.97,147.55399999999997,31.673999999999978
2623,2025-05-30,Electronics,West,1,128.51,0.0,0,59.97,128.51,68.53999999999999
2624,2025-07-22,Grocery,East,2,89.59,0.3,0,53.26,125.426,18.906000000000006
2625,2025-03-20,Grocery,North,4,242.42,0.0,0,201.45,969.68,163.88
2626,2025-03-15,Electronics,North,5,245.92,0.3,0,194.14,860.7199999999999,-109.98000000000002
2627,2025-04-02,Home,South,2,68.19,0.0,0,30.83,136.38,74.72
2628,2025-01-28,Home,East,2,110.2,0.05,0,61.49,209.38,86.39999999999999
2629,2025-03-09,Home,West,4,166.15,0.15,0,111.94,564.91,117.14999999999998
2630,2025-04-23,Grocery,East,3,172.63,0.0,0,82.01,517.89,271.85999999999996
2631,2025-09-10,Home,East,1,55.05,0.05,0,28.58,52.29749999999999,23.717499999999994
2632,2025-06-03,Electronics,East,2,244.23,0.15,0,118.97,415.191,177.25099999999998
2633,2025-04-09,Home,West,2,202.94,0.15,0,119.37,344.998,106.25799999999998
2634,2025-09-28,Electronics,North,4,78.89,0.15,0,65.71,268.226,5.386000000000024
2635,2025-12-26,Grocery,South,2,179.85,0.0,0,107.46,359.7,144.78
2636,2025-06-21,Clothing,East,1,211.14,0.15,1,138.1,0.0,0.0
2637,2025-10-10,Clothing,North,5,106.4,0.05,0,56.84,505.4,221.19999999999993
2638,2025-12-10,Grocery,East,1,83.17,0.3,0,69.4,58.218999999999994,-11.181000000000012
2639,2025-05-09,Home,West,3,190.79,0.0,0,94.13,572.37,289.98
2640,2025-11-16,Grocery,South,3,60.04,0.15,0,46.52,153.102,13.542000000000002
2641,2025-11-21,Grocery,West,4,125.89,0.15,0,77.47,428.026,118.14600000000002
2642,2025-07-26,Home,South,1,215.83,0.15,0,157.63,183.4555,25.825500000000005
2643,2025-10-22,Electronics,West,4,195.19,0.0,1,160.53,0.0,0.0
2644,2025-10-08,Clothing,East,3,61.5,0.3,0,27.79,129.15,45.78
2645,2025-12-18,Grocery,West,2,234.53,0.05,0,115.8,445.60699999999997,214.00699999999998
2646,2025-08-02,Grocery,West,4,124.59,0.3,0,83.73,348.852,13.93199999999996
2647,2025-03-14,Home,East,1,145.02,0.15,0,102.62,123.26700000000001,20.647000000000006
2648,2025-10-13,Clothing,South,2,225.78,0.15,0,123.26,383.82599999999996,137.30599999999995
2649,2025-07-30,Electronics,East,5,241.1,0.15,0,196.6,1024.675,41.674999999999955
2650,2025-08-12,Clothing,East,4,93.55,0.0,0,45.0,374.2,194.2
2651,2025-03-17,Grocery,North,5,245.77,0.0,0,198.63,1228.8500000000001,235.70000000000016
2652,2025-03-19,Electronics,West,2,222.6,0.0,0,179.75,445.2,85.69999999999999
2653,2025-11-03,Grocery,East,5,38.4,0.3,0,29.97,134.39999999999998,-15.450000000000017
2654,2025-07-01,Home,East,3,18.65,0.15,0,14.95,47.5575,2.707500000000003
2655,2025-03-20,Home,South,5,160.5,0.0,0,113.65,802.5,234.25
2656,2025-09-15,Grocery,South,5,247.82,0.0,0,204.84,1239.1,214.89999999999986
2657,2025-06-16,Grocery,North,5,173.78,0.05,0,110.0,825.4549999999999,275.4549999999999
2658,2025-11-17,Grocery,North,3,121.63,0.3,0,66.53,255.42299999999997,55.83299999999997
2659,2025-08-30,Home,West,5,50.85,0.3,1,27.45,0.0,0.0
2660,2025-07-19,Home,West,1,53.67,0.0,0,35.91,53.67,17.760000000000005
2661,2025-12-12,Clothing,West,2,24.91,0.15,0,19.28,42.347,3.786999999999999
2662,2025-05-29,Home,North,5,145.88,0.0,0,118.39,729.4,137.44999999999993
2663,2025-08-21,Grocery,East,3,185.36,0.15,0,157.05,472.668,1.5179999999999723
2664,2025-01-13,Grocery,South,4,25.38,0.3,0,16.54,71.064,4.903999999999996
2665,2025-02-13,Home,East,2,83.77,0.3,0,56.77,117.27799999999999,3.7379999999999853
2666,2025-07-26,Grocery,South,5,76.2,0.05,0,55.29,361.95,85.5
2667,2025-10-03,Electronics,West,5,122.81,0.3,0,72.16,429.8349999999999,69.03499999999997
2668,2025-04-27,Clothing,North,4,97.61,0.0,0,66.62,390.44,123.95999999999998
2669,2025-09-06,Grocery,North,4,185.55,0.3,0,124.57,519.54,21.25999999999999
2670,2025-12-30,Electronics,East,3,90.18,0.0,0,54.02,270.54,108.48000000000002
2671,2025-01-28,Electronics,South,4,73.15,0.3,0,38.99,204.82,48.859999999999985
2672,2025-07-30,Clothing,South,2,33.42,0.15,0,28.13,56.814,0.554000000000002
2673,2025-06-07,Electronics,South,4,169.51,0.05,0,109.1,644.1379999999999,207.73799999999994
2674,2025-01-03,Clothing,North,1,246.74,0.3,0,118.87,172.718,53.847999999999985
2675,2025-02-07,Grocery,North,3,85.13,0.0,0,69.55,255.39,46.74000000000001
2676,2025-07-22,Clothing,South,5,235.13,0.15,0,169.5,999.3025,151.8025
2677,2025-07-20,Grocery,North,4,215.29,0.3,0,169.9,602.8119999999999,-76.78800000000012
2678,2025-11-14,Grocery,South,2,25.26,0.3,0,14.39,35.364,6.583999999999996
2679,2025-10-15,Electronics,South,5,43.73,0.05,0,24.75,207.71749999999997,83.96749999999997
2680,2025-11-21,Clothing,West,2,217.49,0.3,0,157.5,304.486,-10.51400000000001
2681,2025-08-08,Electronics,South,2,145.76,0.0,0,91.06,291.52,109.39999999999998
2682,2025-06-20,Electronics,North,1,109.99,0.0,0,51.86,109.99,58.129999999999995
2683,2025-02-04,Home,South,4,168.44,0.0,0,135.5,673.76,131.76
2684,2025-10-21,Clothing,West,3,223.06,0.0,0,117.64,669.1800000000001,316.26000000000005
2685,2025-03-28,Home,East,2,175.55,0.0,1,92.03,0.0,0.0
2686,2025-09-27,Home,South,1,166.88,0.15,0,125.96,141.84799999999998,15.887999999999991
2687,2025-03-24,Grocery,South,2,113.76,0.15,0,59.83,193.392,73.732
2688,2025-03-12,Clothing,North,1,76.02,0.3,0,60.06,53.21399999999999,-6.846000000000011
2689,2025-01-11,Grocery,East,5,65.9,0.15,1,36.92,0.0,0.0
2690,2025-02-24,Electronics,South,2,17.38,0.3,0,9.3,24.331999999999997,5.731999999999996
2691,2025-05-17,Home,South,5,148.14,0.05,0,99.09,703.6649999999998,208.2149999999998
2692,2025-02-25,Electronics,East,3,59.43,0.05,0,48.96,169.3755,22.495499999999993
2693,2025-08-22,Clothing,East,1,99.38,0.05,0,63.25,94.41099999999999,31.160999999999987
2694,2025-02-16,Electronics,West,3,205.47,0.15,0,107.94,523.9485,200.12849999999997
2695,2025-10-31,Grocery,South,2,144.12,0.15,0,116.6,245.004,11.804000000000002
2696,2025-09-24,Electronics,West,3,222.27,0.0,0,153.14,666.8100000000001,207.3900000000001
2697,2025-12-14,Electronics,West,5,168.71,0.0,0,119.29,843.5500000000001,247.10000000000002
2698,2025-07-27,Grocery,West,3,42.66,0.3,0,22.82,89.58599999999998,21.125999999999976
2699,2025-06-07,Clothing,West,5,147.22,0.05,0,116.59,699.295,116.34499999999991
2700,2025-03-24,Electronics,West,2,229.79,0.3,0,113.45,321.70599999999996,94.80599999999995
2701,2025-12-04,Clothing,South,4,24.89,0.15,0,15.6,84.626,22.226000000000006
2702,2025-04-03,Home,South,5,20.26,0.15,0,11.54,86.105,28.40500000000001
2703,2025-03-25,Grocery,West,1,132.51,0.3,0,66.27,92.75699999999999,26.486999999999995
2704,2025-05-03,Electronics,North,1,124.56,0.0,0,75.95,124.56,48.61
2705,2025-09-27,Grocery,East,3,119.44,0.0,0,77.2,358.32,126.71999999999997
2706,2025-10-16,Electronics,West,1,108.38,0.05,0,67.5,102.96099999999998,35.460999999999984
2707,2025-08-09,Home,West,1,98.38,0.15,0,45.49,83.62299999999999,38.13299999999999
2708,2025-12-17,Grocery,East,3,139.11,0.0,0,113.51,417.33000000000004,76.80000000000001
2709,2025-01-09,Grocery,South,3,41.51,0.05,0,20.67,118.3035,56.293499999999995
2710,2025-09-02,Electronics,North,1,38.56,0.05,0,17.39,36.632,19.241999999999997
2711,2025-05-17,Grocery,North,2,19.25,0.0,0,11.11,38.5,16.28
2712,2025-10-10,Electronics,North,3,104.06,0.3,0,62.62,218.52599999999998,30.665999999999997
2713,2025-08-11,Electronics,North,4,78.45,0.05,1,54.45,0.0,0.0
2714,2025-06-23,Home,East,4,207.56,0.3,0,130.86,581.168,57.72799999999995
2715,2025-05-16,Grocery,East,3,147.42,0.3,0,70.15,309.582,99.13199999999998
2716,2025-11-24,Clothing,North,3,21.2,0.3,0,14.69,44.519999999999996,0.44999999999999574
2717,2025-07-08,Home,North,4,146.46,0.0,0,113.75,585.84,130.84000000000003
2718,2025-01-17,Home,North,1,195.35,0.15,0,151.86,166.04749999999999,14.187499999999972
2719,2025-12-02,Home,West,2,25.74,0.05,1,19.82,0.0,0.0
2720,2025-06-15,Grocery,West,4,191.92,0.15,0,117.81,652.5279999999999,181.2879999999999
2721,2025-12-10,Clothing,East,5,66.72,0.0,0,55.72,333.6,55.0
2722,2025-03-13,Home,North,5,51.25,0.3,0,41.58,179.375,-28.524999999999977
2723,2025-08-25,Home,South,1,185.63,0.05,0,90.64,176.3485,85.7085
2724,2025-10-31,Clothing,East,5,191.79,0.15,0,99.47,815.1075,317.75749999999994
2725,2025-03-14,Clothing,East,1,125.03,0.05,0,58.37,118.7785,60.4085
2726,2025-11-25,Home,East,2,151.11,0.05,0,74.95,287.10900000000004,137.20900000000003
2727,2025-06-21,Electronics,South,4,135.16,0.0,0,90.78,540.64,177.51999999999998
2728,2025-04-13,Grocery,North,1,193.85,0.05,0,138.99,184.1575,45.16749999999999
2729,2025-07-22,Clothing,East,2,134.06,0.3,0,64.72,187.684,58.244
2730,2025-02-15,Electronics,East,3,150.15,0.0,0,86.92,450.45000000000005,189.69000000000005
2731,2025-04-18,Grocery,South,5,214.19,0.05,0,112.24,1017.4025,456.2025000000001
2732,2025-10-05,Home,North,4,133.24,0.15,0,105.35,453.016,31.616000000000042
2733,2025-10-27,Electronics,West,3,177.01,0.0,0,123.95,531.03,159.17999999999995
2734,2025-04-23,Clothing,South,3,24.24,0.3,0,20.16,50.903999999999996,-9.576000000000008
2735,2025-07-02,Electronics,South,3,212.76,0.05,0,152.56,606.366,148.68599999999998
2736,2025-07-07,Electronics,North,5,21.89,0.05,0,13.95,103.97749999999999,34.22749999999999
2737,2025-07-20,Electronics,West,5,221.2,0.3,0,180.01,774.1999999999999,-125.85000000000002
2738,2025-05-30,Clothing,North,5,35.03,0.15,0,17.66,148.8775,60.5775
2739,2025-03-31,Electronics,North,5,145.42,0.05,0,76.81,690.7449999999999,306.6949999999999
2740,2025-08-31,Grocery,West,1,81.31,0.0,0,38.9,81.31,42.410000000000004
2741,2025-01-29,Grocery,East,4,160.61,0.05,0,101.49,610.318,204.358
2742,2025-07-10,Grocery,South,1,216.03,0.3,0,157.35,151.221,-6.128999999999991
2743,2025-11-11,Clothing,South,3,84.73,0.15,0,43.8,216.0615,84.66150000000002
2744,2025-08-10,Home,South,4,42.26,0.3,0,21.57,118.32799999999999,32.04799999999999
2745,2025-09-01,Grocery,North,3,123.47,0.15,0,104.84,314.84849999999994,0.3284999999999627
2746,2025-12-16,Grocery,South,2,94.87,0.3,0,67.96,132.818,-3.1019999999999754
2747,2025-05-16,Electronics,North,3,179.07,0.15,0,105.38,456.62850000000003,140.48850000000004
2748,2025-11-01,Home,South,2,37.77,0.05,0,31.78,71.763,8.203000000000003
2749,2025-02-26,Home,North,1,69.29,0.0,0,36.54,69.29,32.75000000000001
2750,2025-01-12,Electronics,South,1,78.88,0.3,0,54.48,55.215999999999994,0.7359999999999971
2751,2025-03-02,Electronics,North,2,111.15,0.05,0,52.11,211.185,106.965
2752,2025-07-29,Grocery,West,3,125.65,0.05,0,102.49,358.1025,50.63250000000005
2753,2025-02-17,Home,South,2,90.84,0.15,0,42.6,154.428,69.228
2754,2025-07-22,Electronics,West,4,133.04,0.3,0,94.06,372.51199999999994,-3.7280000000000655
2755,2025-12-13,Electronics,West,3,64.32,0.05,0,48.77,183.31199999999998,37.00199999999998
2756,2025-11-04,Grocery,West,1,111.3,0.15,0,54.41,94.60499999999999,40.19499999999999
2757,2025-11-16,Home,North,4,106.75,0.3,0,88.58,298.9,-55.420000000000016
2758,2025-12-13,Clothing,East,3,83.89,0.0,0,61.91,251.67000000000002,65.94000000000003
2759,2025-11-15,Clothing,East,2,19.82,0.3,0,14.55,27.747999999999998,-1.3520000000000039
2760,2025-01-10,Clothing,South,3,136.44,0.05,1,87.91,0.0,0.0
2761,2025-07-16,Grocery,South,1,56.45,0.3,0,32.52,39.515,6.994999999999997
2762,2025-07-10,Grocery,North,4,48.03,0.05,0,31.54,182.51399999999998,56.353999999999985
2763,2025-01-17,Electronics,North,2,115.21,0.05,0,51.88,218.89899999999997,115.13899999999997
2764,2025-02-25,Home,South,2,24.02,0.0,0,13.37,48.04,21.3
2765,2025-04-01,Electronics,West,3,105.01,0.05,0,86.7,299.2785,39.178499999999985
2766,2025-08-20,Home,North,5,35.42,0.05,0,26.91,168.245,33.69499999999999
2767,2025-07-21,Grocery,South,3,99.64,0.3,0,45.59,209.244,72.47399999999999
2768,2025-01-16,Grocery,West,2,164.58,0.3,1,84.51,0.0,0.0
2769,2025-08-20,Electronics,South,5,99.43,0.0,0,54.91,497.15000000000003,222.60000000000008
2770,2025-05-23,Electronics,East,1,105.38,0.3,0,66.89,73.76599999999999,6.875999999999991
2771,2025-04-27,Grocery,East,3,110.67,0.15,0,69.33,282.20849999999996,74.21849999999995
2772,2025-08-01,Electronics,North,3,147.1,0.0,0,106.37,441.29999999999995,122.18999999999994
2773,2025-07-16,Clothing,East,3,38.31,0.05,0,19.72,109.1835,50.0235
2774,2025-04-10,Clothing,North,2,96.22,0.05,0,57.4,182.81799999999998,68.01799999999999
2775,2025-08-13,Home,West,1,78.81,0.0,0,47.87,78.81,30.940000000000005
2776,2025-04-18,Electronics,East,4,63.23,0.3,0,38.93,177.04399999999998,21.323999999999984
2777,2025-06-13,Clothing,South,1,36.01,0.15,0,18.22,30.608499999999996,12.388499999999997
2778,2025-02-04,Grocery,North,1,85.47,0.05,0,52.49,81.1965,28.7065
2779,2025-06-02,Clothing,West,3,44.33,0.15,0,25.43,113.0415,36.75150000000001
2780,2025-06-02,Home,West,3,46.68,0.0,0,21.82,140.04,74.57999999999998
2781,2025-04-18,Clothing,North,1,232.4,0.0,0,168.11,232.4,64.28999999999999
2782,2025-02-19,Electronics,West,3,169.68,0.15,0,107.65,432.684,109.73399999999998
2783,2025-01-12,Clothing,North,2,29.73,0.3,0,24.85,41.622,-8.078000000000003
2784,2025-09-18,Clothing,South,3,192.72,0.15,0,131.79,491.436,96.06599999999997
2785,2025-02-12,Electronics,East,1,56.54,0.3,1,30.8,0.0,0.0
2786,2025-01-26,Home,North,4,84.26,0.0,0,62.67,337.04,86.36000000000001
2787,2025-06-20,Clothing,South,2,51.52,0.0,0,26.48,103.04,50.080000000000005
2788,2025-01-07,Electronics,East,4,228.86,0.05,0,183.77,869.668,134.58799999999997
2789,2025-03-30,Electronics,West,1,21.94,0.05,0,18.46,20.843,2.382999999999999
2790,2025-07-18,Electronics,South,2,60.88,0.3,0,51.33,85.232,-17.427999999999997
2791,2025-03-17,Clothing,West,3,134.11,0.15,0,97.62,341.9805,49.12049999999999
2792,2025-03-02,Electronics,North,2,69.87,0.05,0,38.62,132.75300000000001,55.51300000000002
2793,2025-07-21,Clothing,West,5,55.35,0.3,0,41.27,193.725,-12.625000000000028
2794,2025-01-04,Electronics,South,1,90.18,0.3,0,48.36,63.126,14.765999999999998
2795,2025-01-18,Electronics,South,3,154.41,0.05,0,123.66,440.0685,69.08849999999995
2796,2025-02-18,Clothing,East,2,40.61,0.0,0,26.74,81.22,27.740000000000002
2797,2025-10-06,Electronics,South,4,194.22,0.15,0,115.95,660.348,196.54799999999994
2798,2025-01-25,Clothing,East,5,215.7,0.05,0,172.67,1024.575,161.22500000000014
2799,2025-12-18,Grocery,North,2,232.33,0.0,0,104.78,464.66,255.10000000000002
2800,2025-12-12,Clothing,South,2,245.42,0.05,0,113.03,466.29799999999994,240.23799999999994
2801,2025-07-03,Grocery,North,3,202.55,0.3,0,109.36,425.355,97.27500000000003
2802,2025-06-30,Electronics,South,3,133.25,0.3,0,75.11,279.825,54.495000000000005
2803,2025-03-09,Clothing,South,3,74.26,0.15,0,39.42,189.36300000000003,71.10300000000002
2804,2025-05-13,Grocery,North,3,41.7,0.0,0,23.59,125.10000000000001,54.33000000000001
2805,2025-10-04,Clothing,East,5,33.89,0.15,0,24.69,144.0325,20.582499999999996
2806,2025-10-31,Grocery,East,5,65.67,0.0,0,41.6,328.35,120.35000000000002
2807,2025-10-07,Electronics,South,2,27.27,0.15,0,17.89,46.358999999999995,10.578999999999994
2808,2025-12-28,Clothing,West,1,20.93,0.05,0,13.4,19.883499999999998,6.483499999999998
2809,2025-04-16,Grocery,West,3,181.5,0.0,0,97.43,544.5,252.20999999999998
2810,2025-10-30,Grocery,East,3,99.15,0.3,0,66.65,208.21500000000003,8.265000000000015
2811,2025-08-31,Home,North,2,169.72,0.0,0,128.84,339.44,81.75999999999999
2812,2025-12-20,Electronics,East,2,163.47,0.3,0,109.55,228.85799999999998,9.757999999999981
2813,2025-04-07,Clothing,North,3,158.7,0.15,0,122.15,404.68499999999995,38.2349999999999
2814,2025-10-11,Electronics,West,1,237.51,0.3,0,136.71,166.25699999999998,29.54699999999997
2815,2025-11-06,Electronics,West,3,84.21,0.0,0,44.09,252.63,120.35999999999999
2816,2025-05-02,Clothing,North,2,195.26,0.3,0,95.4,273.364,82.56399999999996
2817,2025-08-28,Clothing,East,5,179.18,0.3,0,111.98,627.13,67.23000000000002
2818,2025-02-16,Electronics,West,5,104.71,0.3,0,49.95,366.48499999999996,116.73499999999996
2819,2025-02-26,Grocery,North,2,63.43,0.0,0,43.48,126.86,39.900000000000006
2820,2025-06-25,Clothing,South,1,230.11,0.3,0,189.91,161.077,-28.833
2821,2025-11-27,Electronics,East,2,117.97,0.15,0,73.55,200.549,53.44900000000001
2822,2025-11-19,Grocery,North,4,40.08,0.0,0,25.17,160.32,59.639999999999986
2823,2025-08-08,Electronics,North,1,216.58,0.15,0,123.05,184.09300000000002,61.04300000000002
2824,2025-02-28,Electronics,West,5,228.95,0.3,1,151.59,0.0,0.0
2825,2025-05-10,Grocery,East,2,66.67,0.0,0,56.21,133.34,20.92
2826,2025-09-25,Home,North,4,173.7,0.05,1,82.72,0.0,0.0
2827,2025-06-07,Home,East,4,194.16,0.3,0,108.63,543.6479999999999,109.12799999999993
2828,2025-10-07,Clothing,West,3,159.29,0.0,0,93.31,477.87,197.94
2829,2025-08-15,Grocery,East,5,184.6,0.15,1,93.24,0.0,0.0
2830,2025-05-08,Clothing,South,2,96.05,0.15,0,80.96,163.285,1.365000000000009
2831,2025-08-02,Electronics,East,1,237.79,0.15,1,111.89,0.0,0.0
2832,2025-07-23,Grocery,West,5,90.34,0.15,0,50.93,383.94500000000005,129.29500000000004
2833,2025-09-18,Home,South,5,77.8,0.3,0,35.06,272.29999999999995,96.99999999999994
2834,2025-04-12,Home,South,3,149.56,0.0,0,96.71,448.68,158.55
2835,2025-06-27,Home,North,5,73.29,0.15,0,45.13,311.4825,85.83250000000001
2836,2025-12-14,Grocery,South,1,175.87,0.3,1,98.23,0.0,0.0
2837,2025-01-14,Electronics,South,2,156.49,0.3,0,109.83,219.086,-0.5739999999999839
2838,2025-03-27,Clothing,North,1,121.43,0.05,0,66.06,115.3585,49.298500000000004
2839,2025-07-02,Clothing,East,3,63.55,0.3,0,36.49,133.45499999999998,23.984999999999985
2840,2025-09-29,Grocery,East,5,37.57,0.3,0,22.52,131.49499999999998,18.894999999999982
2841,2025-04-15,Grocery,North,3,43.73,0.05,0,31.31,124.6305,30.700500000000005
2842,2025-05-05,Grocery,North,5,213.48,0.15,0,150.83,907.2899999999998,153.13999999999976
2843,2025-04-12,Grocery,South,5,81.61,0.3,0,45.1,285.635,60.13499999999999
2844,2025-01-25,Home,South,1,236.28,0.0,0,141.07,236.28,95.21000000000001
2845,2025-08-07,Electronics,South,1,214.08,0.0,0,135.36,214.08,78.72
2846,2025-02-08,Electronics,West,3,149.92,0.3,0,113.02,314.832,-24.22800000000001
2847,2025-03-31,Grocery,North,5,96.85,0.15,0,50.7,411.6125,158.1125
2848,2025-04-20,Clothing,East,3,68.67,0.15,0,33.91,175.1085,73.3785
2849,2025-11-16,Clothing,West,2,195.87,0.3,0,101.88,274.21799999999996,70.45799999999997
2850,2025-10-22,Home,East,1,221.89,0.0,0,148.38,221.89,73.50999999999999
2851,2025-09-04,Grocery,South,2,122.01,0.0,1,57.33,0.0,0.0
2852,2025-10-10,Grocery,East,2,185.82,0.3,0,124.52,260.14799999999997,11.107999999999976
2853,2025-09-04,Grocery,West,1,233.06,0.3,0,168.58,163.142,-5.438000000000017
2854,2025-04-28,Electronics,South,4,47.83,0.0,0,34.74,191.32,52.359999999999985
2855,2025-10-18,Grocery,South,1,63.56,0.15,1,53.86,0.0,0.0
2856,2025-05-06,Clothing,East,2,100.64,0.0,0,51.69,201.28,97.9
2857,2025-07-29,Electronics,South,2,181.22,0.3,0,90.28,253.70799999999997,73.14799999999997
2858,2025-07-11,Electronics,South,2,70.36,0.05,0,47.72,133.684,38.244
2859,2025-09-12,Electronics,North,4,173.72,0.05,0,102.6,660.136,249.736
2860,2025-11-22,Clothing,South,3,48.37,0.3,0,27.38,101.57699999999998,19.436999999999983
2861,2025-01-25,Electronics,North,3,65.44,0.05,1,32.69,0.0,0.0
2862,2025-10-14,Grocery,East,5,203.89,0.05,0,158.61,968.4774999999998,175.42749999999978
2863,2025-12-06,Home,South,5,85.79,0.0,0,47.68,428.95000000000005,190.55000000000004
2864,2025-08-24,Electronics,East,5,130.26,0.05,0,63.21,618.7349999999999,302.6849999999999
2865,2025-07-21,Grocery,East,4,191.67,0.0,0,100.79,766.68,363.5199999999999
2866,2025-08-17,Grocery,West,3,84.72,0.05,0,67.25,241.452,39.702
2867,2025-07-13,Clothing,South,2,211.99,0.3,0,144.42,296.786,7.946000000000026
2868,2025-10-11,Electronics,East,2,211.51,0.0,0,168.38,423.02,86.25999999999999
2869,2025-06-30,Grocery,East,4,34.24,0.0,0,22.28,136.96,47.84
2870,2025-05-27,Home,East,2,186.05,0.05,0,89.62,353.495,174.255
2871,2025-09-23,Grocery,South,4,88.01,0.0,0,61.79,352.04,104.88000000000002
2872,2025-09-27,Grocery,West,2,245.96,0.05,0,155.83,467.324,155.664
2873,2025-09-28,Electronics,East,3,216.42,0.05,0,118.55,616.7969999999999,261.14699999999993
2874,2025-03-02,Electronics,North,3,95.93,0.0,1,49.5,0.0,0.0
2875,2025-06-29,Home,North,3,194.98,0.0,0,161.03,584.9399999999999,101.84999999999991
2876,2025-03-10,Electronics,West,1,30.05,0.15,1,22.91,0.0,0.0
2877,2025-05-06,Home,South,5,19.65,0.3,0,10.24,68.77499999999999,17.57499999999999
2878,2025-05-12,Grocery,North,2,241.0,0.05,0,176.49,457.9,104.91999999999996
2879,2025-07-20,Grocery,South,5,70.14,0.05,0,34.25,333.16499999999996,161.91499999999996
2880,2025-09-18,Home,West,1,121.24,0.15,0,102.37,103.05399999999999,0.6839999999999833
2881,2025-03-25,Electronics,East,1,225.7,0.15,0,160.98,191.845,30.86500000000001
2882,2025-10-27,Electronics,East,2,102.07,0.05,0,79.18,193.93299999999996,35.57299999999995
2883,2025-06-27,Clothing,West,3,107.66,0.3,0,54.95,226.08599999999998,61.23599999999996
2884,2025-06-06,Home,South,1,64.49,0.05,0,47.63,61.26549999999999,13.635499999999986
2885,2025-02-10,Electronics,North,1,111.86,0.05,0,73.0,106.267,33.266999999999996
2886,2025-12-02,Electronics,South,5,65.04,0.0,0,33.65,325.20000000000005,156.95000000000005
2887,2025-08-08,Electronics,South,5,220.62,0.15,0,133.09,937.6349999999999,272.18499999999983
2888,2025-12-20,Clothing,South,4,82.7,0.05,0,46.78,314.26,127.13999999999999
2889,2025-10-12,Electronics,South,4,18.21,0.15,0,9.43,61.914,24.194000000000003
2890,2025-07-04,Home,East,4,220.11,0.15,0,183.0,748.374,16.374000000000024
2891,2025-09-15,Electronics,South,4,15.65,0.3,0,8.78,43.82,8.700000000000003
2892,2025-06-07,Clothing,West,4,185.18,0.05,0,98.84,703.684,308.32399999999996
2893,2025-01-07,Home,North,3,99.49,0.05,0,83.52,283.5465,32.98649999999998
2894,2025-11-01,Electronics,East,2,141.75,0.0,0,72.0,283.5,139.5
2895,2025-07-31,Home,East,3,192.62,0.3,1,159.47,0.0,0.0
2896,2025-02-25,Clothing,South,2,113.89,0.15,0,52.65,193.613,88.313
2897,2025-06-17,Electronics,North,4,87.67,0.3,0,52.08,245.476,37.156000000000006
2898,2025-01-05,Home,West,2,144.42,0.15,0,83.07,245.51399999999998,79.374
2899,2025-01-26,Home,East,2,29.75,0.15,0,21.32,50.574999999999996,7.934999999999995
2900,2025-05-09,Electronics,East,2,23.26,0.3,0,15.78,32.564,1.0040000000000013
2901,2025-07-14,Electronics,West,2,160.89,0.3,1,80.79,0.0,0.0
2902,2025-07-26,Home,South,5,211.91,0.0,0,141.5,1059.55,352.04999999999995
2903,2025-09-26,Grocery,South,1,152.51,0.0,0,70.57,152.51,81.94
2904,2025-02-22,Clothing,North,1,172.04,0.3,0,127.83,120.42799999999998,-7.402000000000015
2905,2025-05-30,Home,North,5,150.42,0.3,0,91.48,526.4699999999999,69.06999999999988
2906,2025-09-11,Clothing,West,3,66.93,0.0,0,31.69,200.79000000000002,105.72000000000001
2907,2025-04-26,Clothing,West,4,103.23,0.05,1,52.98,0.0,0.0
2908,2025-02-27,Grocery,West,2,41.72,0.0,0,20.61,83.44,42.22
2909,2025-06-02,Home,South,4,89.7,0.05,0,65.85,340.86,77.46000000000004
2910,2025-05-11,Grocery,South,2,175.23,0.0,0,128.79,350.46,92.88
2911,2025-04-12,Electronics,East,3,117.22,0.15,0,72.82,298.91099999999994,80.45099999999996
2912,2025-09-08,Clothing,West,4,161.96,0.0,0,100.25,647.84,246.84000000000003
2913,2025-04-19,Grocery,North,1,74.91,0.05,1,53.55,0.0,0.0
2914,2025-08-16,Clothing,East,3,191.53,0.3,0,154.44,402.213,-61.10699999999997
2915,2025-06-18,Electronics,North,1,119.1,0.3,0,83.18,83.36999999999999,0.18999999999998352
2916,2025-07-07,Clothing,North,2,127.04,0.0,0,72.09,254.08,109.9
2917,2025-02-13,Clothing,West,4,23.82,0.15,0,17.46,80.988,11.147999999999996
2918,2025-11-27,Electronics,South,5,155.59,0.05,0,88.74,739.0525,295.3525
2919,2025-11-06,Clothing,West,2,48.09,0.05,0,29.28,91.371,32.81099999999999
2920,2025-12-20,Grocery,West,3,42.93,0.0,0,21.29,128.79,64.91999999999999
2921,2025-05-23,Grocery,East,2,58.03,0.0,0,31.29,116.06,53.480000000000004
2922,2025-06-05,Grocery,South,2,148.96,0.0,0,71.92,297.92,154.08
2923,2025-11-18,Electronics,West,3,116.88,0.3,0,87.62,245.44799999999998,-17.412000000000035
2924,2025-09-22,Clothing,North,1,96.72,0.3,0,57.32,67.704,10.383999999999993
2925,2025-07-07,Clothing,West,3,42.18,0.05,0,30.43,120.213,28.923000000000002
2926,2025-09-29,Electronics,East,2,231.92,0.05,0,163.12,440.64799999999997,114.40799999999996
2927,2025-03-10,Grocery,East,4,88.24,0.3,0,61.45,247.07199999999997,1.271999999999963
2928,2025-07-27,Clothing,North,2,109.19,0.05,0,66.65,207.46099999999998,74.16099999999997
2929,2025-04-18,Home,East,5,57.44,0.15,0,31.37,244.11999999999998,87.26999999999998
2930,2025-10-30,Grocery,North,1,89.62,0.15,0,52.24,76.177,23.937000000000005
2931,2025-08-06,Grocery,West,2,108.79,0.15,0,55.69,184.943,73.56300000000002
2932,2025-03-06,Grocery,West,5,232.52,0.3,0,176.34,813.82,-67.88
2933,2025-11-10,Home,East,2,109.86,0.0,0,82.12,219.72,55.47999999999999
2934,2025-10-05,Clothing,South,1,202.24,0.0,0,117.91,202.24,84.33000000000001
2935,2025-12-07,Home,South,2,184.67,0.0,0,88.88,369.34,191.57999999999998
2936,2025-10-25,Electronics,West,2,238.32,0.3,0,111.54,333.64799999999997,110.56799999999996
2937,2025-06-26,Electronics,East,3,20.85,0.3,0,12.84,43.785000000000004,5.265000000000008
2938,2025-05-17,Home,West,3,189.85,0.0,0,93.28,569.55,289.7099999999999
2939,2025-04-29,Clothing,North,5,30.2,0.15,0,24.38,128.35,6.450000000000003
2940,2025-09-02,Electronics,West,5,173.23,0.15,0,136.05,736.2275,55.977499999999964
2941,2025-10-11,Clothing,South,5,227.47,0.15,0,154.5,966.7475,194.24749999999995
2942,2025-09-21,Home,South,5,143.47,0.0,0,80.32,717.35,315.75000000000006
2943,2025-05-26,Electronics,South,1,166.78,0.05,0,139.88,158.441,18.561000000000007
2944,2025-04-27,Electronics,North,4,120.58,0.3,0,79.76,337.62399999999997,18.583999999999946
2945,2025-01-12,Clothing,North,5,98.81,0.15,1,77.5,0.0,0.0
2946,2025-02-03,Clothing,West,3,104.44,0.05,0,57.2,297.654,126.05399999999997
2947,2025-11-07,Home,North,1,43.75,0.15,0,27.0,37.1875,10.1875
2948,2025-10-31,Electronics,West,1,200.61,0.3,0,166.06,140.427,-25.63300000000001
2949,2025-07-01,Electronics,South,4,171.79,0.0,0,98.77,687.16,292.08
2950,2025-04-07,Home,South,3,107.21,0.0,0,89.73,321.63,52.44
2951,2025-03-08,Grocery,South,3,186.88,0.15,0,147.16,476.544,35.063999999999965
2952,2025-11-15,Grocery,North,5,207.94,0.15,1,140.94,0.0,0.0
2953,2025-05-03,Clothing,North,3,173.02,0.0,0,102.28,519.0600000000001,212.22000000000003
2954,2025-06-06,Grocery,West,2,19.63,0.3,0,15.79,27.481999999999996,-4.0980000000000025
2955,2025-10-18,Electronics,North,1,190.37,0.3,0,112.33,133.259,20.928999999999988
2956,2025-03-03,Clothing,South,4,181.18,0.0,0,103.09,724.72,312.36
2957,2025-12-11,Electronics,West,1,127.88,0.05,0,88.58,121.48599999999999,32.90599999999999
2958,2025-01-30,Home,West,3,63.13,0.0,0,50.71,189.39000000000001,37.26000000000002
2959,2025-04-08,Clothing,North,1,164.92,0.0,1,122.91,0.0,0.0
2960,2025-03-30,Grocery,West,5,129.28,0.15,0,94.93,549.4399999999999,74.7899999999999
2961,2025-04-06,Electronics,North,2,195.47,0.0,0,92.71,390.94,205.52
2962,2025-04-14,Electronics,West,2,101.41,0.3,0,57.09,141.974,27.793999999999983
2963,2025-03-24,Home,East,2,20.26,0.05,0,13.55,38.494,11.393999999999998
2964,2025-11-27,Home,East,4,61.65,0.15,0,38.93,209.60999999999999,53.889999999999986
2965,2025-08-15,Grocery,South,3,233.78,0.0,1,113.16,0.0,0.0
2966,2025-08-19,Grocery,East,5,19.64,0.3,0,11.63,68.74,10.58999999999999
2967,2025-11-08,Home,East,3,140.79,0.3,0,100.58,295.659,-6.081000000000017
2968,2025-06-11,Clothing,North,2,136.96,0.05,0,82.16,260.224,95.904
2969,2025-06-02,Grocery,West,3,128.98,0.15,0,97.16,328.89899999999994,37.418999999999926
2970,2025-12-16,Home,West,5,179.84,0.0,0,142.94,899.2,184.5
2971,2025-04-10,Clothing,North,5,24.72,0.3,0,17.23,86.52,0.36999999999999034
2972,2025-03-05,Home,North,4,129.22,0.0,0,68.94,516.88,241.12
2973,2025-05-12,Home,East,2,186.44,0.3,0,88.67,261.01599999999996,83.67599999999996
2974,2025-02-21,Grocery,East,3,205.23,0.15,0,118.0,523.3364999999999,169.3364999999999
2975,2025-01-19,Grocery,West,2,41.72,0.15,1,21.12,0.0,0.0
2976,2025-01-12,Grocery,South,2,35.96,0.05,0,23.13,68.324,22.064
2977,2025-05-03,Grocery,East,1,164.37,0.15,0,95.95,139.7145,43.764499999999984
2978,2025-02-06,Clothing,South,4,241.18,0.15,0,157.41,820.0120000000001,190.37200000000007
2979,2025-09-18,Electronics,East,2,27.78,0.05,0,17.19,52.782,18.401999999999994
2980,2025-01-10,Grocery,South,1,145.41,0.15,0,107.06,123.59849999999999,16.538499999999985
2981,2025-12-03,Grocery,West,4,63.25,0.0,0,52.7,253.0,42.19999999999999
2982,2025-02-24,Electronics,West,2,138.11,0.3,0,85.32,193.354,22.714000000000027
2983,2025-08-24,Grocery,West,3,82.03,0.0,0,43.83,246.09,114.6
2984,2025-09-04,Grocery,West,5,158.66,0.05,0,85.26,753.6349999999999,327.33499999999987
2985,2025-04-04,Grocery,West,5,170.22,0.3,0,140.61,595.77,-107.28000000000009
2986,2025-08-15,Clothing,North,1,52.0,0.3,0,30.79,36.4,5.609999999999999
2987,2025-08-24,Electronics,West,3,130.33,0.0,0,92.99,390.99,112.02000000000004
2988,2025-07-04,Electronics,North,1,153.0,0.0,0,107.71,153.0,45.290000000000006
2989,2025-02-08,Grocery,East,4,230.54,0.0,0,187.52,922.16,172.07999999999993
2990,2025-03-25,Grocery,East,2,171.95,0.3,0,107.1,240.72999999999996,26.529999999999973
2991,2025-10-29,Grocery,East,1,195.3,0.05,1,150.92,0.0,0.0
2992,2025-05-02,Electronics,South,3,208.31,0.0,0,149.3,624.9300000000001,177.03000000000003
2993,2025-10-28,Clothing,West,5,124.82,0.0,0,72.56,624.0999999999999,261.2999999999999
2994,2025-03-16,Clothing,South,1,89.2,0.0,0,41.2,89.2,48.0
2995,2025-09-09,Clothing,South,3,164.67,0.0,0,134.45,494.01,90.66000000000003
2996,2025-06-23,Electronics,East,5,97.6,0.05,0,61.84,463.59999999999997,154.39999999999992
2997,2025-12-23,Grocery,South,5,225.94,0.05,0,133.72,1073.215,404.6149999999999
2998,2025-04-24,Clothing,East,4,69.52,0.0,0,39.91,278.08,118.44
2999,2025-10-25,Grocery,South,1,90.57,0.15,1,58.53,0.0,0.0
3000,2025-06-16,Home,East,2,95.22,0.3,0,56.9,133.308,19.507999999999996
3001,2025-08-08,Grocery,East,2,187.4,0.05,0,151.15,356.06,53.75999999999999
3002,2025-04-28,Clothing,West,4,57.14,0.15,0,30.64,194.276,71.71600000000001
3003,2025-05-28,Clothing,East,4,119.0,0.0,0,100.02,476.0,75.92000000000002
3004,2025-03-02,Home,South,3,247.67,0.0,0,125.33,743.01,367.02
3005,2025-12-09,Grocery,North,1,95.18,0.15,0,51.56,80.903,29.343000000000004
3006,2025-10-07,Electronics,East,2,146.25,0.3,0,100.89,204.75,2.969999999999999
3007,2025-02-12,Grocery,West,1,76.11,0.0,0,59.36,76.11,16.75
3008,2025-04-04,Electronics,North,4,105.97,0.15,0,62.21,360.298,111.458
3009,2025-07-19,Clothing,East,2,165.44,0.05,0,80.55,314.33599999999996,153.23599999999996
3010,2025-07-03,Grocery,South,3,77.64,0.05,0,49.84,221.274,71.75399999999999
3011,2025-08-05,Clothing,South,4,68.49,0.05,0,51.28,260.26199999999994,55.14199999999994
3012,2025-04-07,Electronics,East,5,107.48,0.0,1,49.81,0.0,0.0
3013,2025-08-04,Clothing,South,2,126.75,0.05,0,102.31,240.825,36.204999999999984
3014,2025-07-09,Clothing,East,5,50.39,0.3,0,34.72,176.36499999999998,2.7649999999999864
3015,2025-10-04,Home,South,1,21.3,0.3,0,11.33,14.91,3.58
3016,2025-04-30,Home,West,2,208.06,0.05,0,141.79,395.31399999999996,111.73399999999998
3017,2025-09-02,Grocery,South,2,143.93,0.05,0,110.33,273.467,52.80699999999999
3018,2025-06-02,Grocery,South,5,207.9,0.15,0,154.42,883.5749999999999,111.47500000000002
3019,2025-01-15,Home,South,3,134.52,0.3,0,76.89,282.492,51.822
3020,2025-12-18,Electronics,South,4,175.07,0.0,0,82.64,700.28,369.71999999999997
3021,2025-01-07,Clothing,North,5,141.02,0.3,0,105.27,493.57,-32.78000000000003
3022,2025-10-01,Electronics,North,1,86.18,0.3,1,51.44,0.0,0.0
3023,2025-01-19,Grocery,South,1,170.09,0.3,0,133.99,119.06299999999999,-14.927000000000021
3024,2025-11-23,Electronics,South,5,93.82,0.3,1,47.24,0.0,0.0
3025,2025-06-24,Grocery,South,4,203.45,0.15,0,94.34,691.7299999999999,314.3699999999999
3026,2025-09-30,Home,West,2,170.38,0.05,0,87.37,323.722,148.98199999999997
3027,2025-04-24,Electronics,South,4,31.19,0.0,0,21.02,124.76,40.68000000000001
3028,2025-11-01,Home,South,2,55.77,0.3,0,26.28,78.078,25.518
3029,2025-09-26,Grocery,North,2,219.96,0.0,0,111.82,439.92,216.28000000000003
3030,2025-09-24,Electronics,East,1,28.73,0.05,0,19.38,27.293499999999998,7.913499999999999
3031,2025-04-28,Electronics,North,1,38.05,0.15,0,29.12,32.342499999999994,3.222499999999993
3032,2025-10-30,Home,North,5,88.53,0.15,0,61.25,376.2525,70.0025
3033,2025-02-11,Clothing,South,3,35.19,0.15,0,17.76,89.7345,36.454499999999996
3034,2025-10-27,Clothing,East,1,190.12,0.05,0,97.54,180.614,83.074
3035,2025-03-08,Grocery,North,4,249.74,0.05,0,175.75,949.012,246.01199999999994
3036,2025-08-17,Electronics,South,4,46.75,0.05,0,34.96,177.65,37.81
3037,2025-06-21,Clothing,East,1,201.73,0.15,0,111.24,171.4705,60.23049999999999
3038,2025-08-12,Electronics,East,5,122.0,0.15,0,95.97,518.5,38.64999999999998
3039,2025-09-28,Electronics,West,2,225.44,0.15,0,150.96,383.248,81.32799999999997
3040,2025-06-23,Grocery,North,4,220.99,0.05,0,114.03,839.762,383.64199999999994
3041,2025-08-04,Home,East,3,107.63,0.3,0,57.84,226.02299999999997,52.50299999999996
3042,2025-01-09,Grocery,West,4,106.63,0.0,0,49.87,426.52,227.04
3043,2025-01-31,Grocery,North,1,172.18,0.3,0,86.3,120.526,34.226
3044,2025-11-20,Grocery,East,2,191.87,0.3,0,137.24,268.618,-5.862000000000023
3045,2025-04-09,Electronics,South,1,149.27,0.0,0,82.97,149.27,66.30000000000001
3046,2025-12-29,Clothing,North,3,155.16,0.15,0,114.89,395.658,50.988
3047,2025-10-12,Electronics,West,2,169.22,0.0,0,128.06,338.44,82.32
3048,2025-07-03,Home,North,1,242.74,0.0,0,188.52,242.74,54.22
3049,2025-04-10,Home,East,4,106.31,0.15,0,58.38,361.454,127.934
3050,2025-01-04,Clothing,South,3,205.78,0.05,0,118.03,586.473,232.38299999999992
3051,2025-08-08,Clothing,North,5,211.8,0.15,0,153.23,900.15,134.0
3052,2025-03-26,Clothing,East,4,219.13,0.15,0,174.47,745.0419999999999,47.16199999999992
3053,2025-03-17,Clothing,North,5,132.17,0.3,0,91.85,462.5949999999999,3.3449999999999136
3054,2025-04-07,Grocery,North,1,20.67,0.15,0,16.07,17.5695,1.4995000000000012
3055,2025-12-06,Grocery,West,4,186.76,0.0,1,92.03,0.0,0.0
3056,2025-08-20,Grocery,West,1,193.63,0.05,0,161.67,183.9485,22.278500000000008
3057,2025-08-13,Clothing,East,1,201.48,0.05,0,112.31,191.40599999999998,79.09599999999998
3058,2025-01-21,Home,East,1,175.46,0.15,0,131.34,149.141,17.800999999999988
3059,2025-08-01,Grocery,North,4,172.56,0.15,0,118.72,586.704,111.82399999999996
3060,2025-07-30,Grocery,South,1,60.82,0.15,0,45.19,51.696999999999996,6.506999999999998
3061,2025-06-06,Home,East,3,32.63,0.0,1,17.9,0.0,0.0
3062,2025-09-07,Home,West,1,128.7,0.0,0,102.66,128.7,26.039999999999992
3063,2025-02-24,Electronics,East,3,214.69,0.15,0,177.41,547.4594999999999,15.229499999999916
3064,2025-06-12,Grocery,East,2,128.35,0.05,0,76.26,243.86499999999998,91.34499999999997
3065,2025-06-13,Home,North,4,27.48,0.0,0,23.23,109.92,17.0
3066,2025-12-26,Grocery,West,2,177.85,0.15,0,111.61,302.34499999999997,79.12499999999997
3067,2025-11-27,Electronics,East,4,53.13,0.15,0,28.44,180.642,66.88199999999999
3068,2025-07-02,Electronics,East,3,153.11,0.15,0,126.02,390.43050000000005,12.37050000000005
3069,2025-09-25,Clothing,South,5,177.65,0.05,0,90.69,843.8375,390.3875
3070,2025-08-14,Electronics,North,5,70.28,0.15,0,40.63,298.69,95.53999999999999
3071,2025-07-18,Clothing,South,2,210.51,0.0,0,153.95,421.02,113.12
3072,2025-09-19,Electronics,West,3,210.02,0.15,0,175.12,535.551,10.191000000000031
3073,2025-07-16,Home,West,3,234.49,0.0,0,114.98,703.47,358.53000000000003
3074,2025-11-29,Electronics,South,1,50.65,0.0,0,28.82,50.65,21.83
3075,2025-02-21,Home,South,1,78.19,0.15,0,51.62,66.4615,14.841500000000003
3076,2025-02-25,Grocery,South,3,229.29,0.05,0,159.37,653.4765,175.36649999999997
3077,2025-05-28,Home,North,2,220.57,0.15,0,161.76,374.969,51.44900000000001
3078,2025-12-20,Home,North,4,176.11,0.15,0,82.0,598.774,270.774
3079,2025-10-19,Electronics,West,3,66.16,0.05,1,45.22,0.0,0.0
3080,2025-07-20,Clothing,West,3,222.59,0.05,0,159.03,634.3815,157.29149999999993
3081,2025-11-20,Grocery,North,3,133.45,0.05,0,96.06,380.3324999999999,92.15249999999992
3082,2025-04-05,Electronics,West,2,231.54,0.0,0,177.35,463.08,108.38
3083,2025-12-23,Home,East,5,225.7,0.05,1,185.15,0.0,0.0
3084,2025-09-17,Home,North,3,28.58,0.0,0,22.15,85.74,19.290000000000006
3085,2025-12-03,Electronics,West,4,129.6,0.3,0,93.13,362.87999999999994,-9.640000000000043
3086,2025-03-23,Home,East,5,124.19,0.05,0,75.35,589.9025,213.15250000000003
3087,2025-06-07,Grocery,West,2,103.17,0.15,0,70.87,175.389,33.649
3088,2025-01-23,Grocery,North,2,82.54,0.15,0,63.47,140.318,13.378000000000014
3089,2025-08-26,Clothing,East,5,174.07,0.3,0,111.88,609.2449999999999,49.844999999999914
3090,2025-05-29,Electronics,West,1,198.67,0.05,0,138.17,188.73649999999998,50.56649999999999
3091,2025-04-15,Clothing,North,2,196.46,0.05,1,118.7,0.0,0.0
3092,2025-05-28,Electronics,South,1,207.45,0.05,0,158.37,197.0775,38.70749999999998
3093,2025-04-09,Electronics,North,5,101.42,0.0,1,85.92,0.0,0.0
3094,2025-05-19,Clothing,North,4,166.88,0.15,0,110.02,567.3919999999999,127.31199999999995
3095,2025-01-31,Electronics,South,3,104.17,0.15,0,80.61,265.63349999999997,23.803499999999985
3096,2025-06-19,Electronics,East,2,169.47,0.15,0,96.65,288.099,94.79899999999998
3097,2025-10-16,Electronics,West,5,109.88,0.0,0,50.64,549.4,296.2
3098,2025-05-16,Grocery,West,5,206.39,0.3,0,157.29,722.3649999999998,-64.08500000000015
3099,2025-08-06,Home,West,2,129.82,0.3,1,92.57,0.0,0.0
3100,2025-03-26,Grocery,North,4,182.44,0.3,0,95.51,510.83199999999994,128.79199999999992
3101,2025-09-22,Electronics,East,4,148.39,0.05,0,95.39,563.882,182.32199999999995
3102,2025-04-06,Home,North,2,112.16,0.3,0,50.53,157.02399999999997,55.96399999999997
3103,2025-09-06,Home,South,5,105.61,0.15,0,89.49,448.8425,1.392499999999984
3104,2025-09-29,Home,South,1,27.27,0.15,0,17.81,23.179499999999997,5.369499999999999
3105,2025-05-07,Home,East,4,76.05,0.15,0,64.43,258.57,0.8499999999999659
3106,2025-09-01,Clothing,North,1,162.78,0.05,0,118.3,154.641,36.340999999999994
3107,2025-12-08,Home,West,5,197.32,0.0,0,122.74,986.5999999999999,372.9
3108,2025-04-10,Grocery,East,2,249.32,0.3,0,208.14,349.04799999999994,-67.23200000000003
3109,2025-03-13,Electronics,West,4,186.19,0.3,1,157.25,0.0,0.0
3110,2025-03-01,Grocery,North,3,28.35,0.15,0,22.46,72.2925,4.9125000000000085
3111,2025-01-27,Grocery,North,5,46.6,0.3,0,22.33,163.1,51.45
3112,2025-07-30,Clothing,North,2,17.94,0.0,0,13.51,35.88,8.860000000000003
3113,2025-11-12,Electronics,East,4,168.0,0.0,0,115.54,672.0,209.83999999999997
3114,2025-12-01,Clothing,East,2,154.51,0.0,0,107.59,309.02,93.83999999999997
3115,2025-06-03,Clothing,East,5,70.88,0.3,0,54.97,248.07999999999996,-26.770000000000067
3116,2025-07-11,Electronics,East,1,16.11,0.05,0,9.26,15.304499999999999,6.044499999999999
3117,2025-10-24,Grocery,East,4,48.52,0.15,0,23.98,164.96800000000002,69.04800000000002
3118,2025-04-08,Home,East,3,39.79,0.0,0,32.31,119.37,22.439999999999998
3119,2025-10-02,Grocery,North,4,236.01,0.05,0,109.76,896.838,457.79799999999994
3120,2025-08-13,Clothing,North,2,36.38,0.05,0,22.65,69.122,23.822000000000003
3121,2025-12-25,Grocery,East,5,39.77,0.3,1,29.08,0.0,0.0
3122,2025-08-10,Home,West,4,25.53,0.3,0,14.83,71.484,12.163999999999994
3123,2025-02-04,Grocery,South,5,143.28,0.05,0,94.53,680.5799999999999,207.92999999999995
3124,2025-08-20,Home,North,4,213.86,0.15,0,152.72,727.124,116.24400000000003
3125,2025-03-02,Home,West,1,40.27,0.3,1,30.01,0.0,0.0
3126,2025-03-04,Clothing,South,3,202.73,0.0,0,168.21,608.1899999999999,103.55999999999995
3127,2025-10-06,Electronics,North,4,61.7,0.0,0,46.69,246.8,60.04000000000002
3128,2025-04-18,Grocery,North,5,82.2,0.0,0,39.41,411.0,213.95000000000002
3129,2025-07-18,Home,West,1,50.46,0.15,0,34.39,42.891,8.500999999999998
3130,2025-07-26,Grocery,East,4,84.21,0.3,0,62.49,235.78799999999995,-14.172000000000054
3131,2025-01-07,Clothing,West,3,202.95,0.3,1,114.72,0.0,0.0
3132,2025-03-01,Clothing,South,2,183.74,0.05,0,139.08,349.106,70.94599999999997
3133,2025-12-10,Grocery,North,1,211.83,0.15,0,176.5,180.0555,3.555499999999995
3134,2025-05-29,Grocery,North,2,25.06,0.05,0,11.43,47.614,24.753999999999998
3135,2025-11-24,Home,South,5,190.52,0.3,0,143.05,666.8199999999999,-48.430000000000064
3136,2025-01-08,Clothing,North,4,93.82,0.05,0,55.05,356.51599999999996,136.31599999999997
3137,2025-04-30,Grocery,South,2,31.23,0.15,0,22.46,53.091,8.171
3138,2025-01-18,Home,South,3,247.44,0.0,0,151.31,742.3199999999999,288.38999999999993
3139,2025-05-08,Electronics,East,5,33.01,0.0,0,21.22,165.04999999999998,58.94999999999999
3140,2025-12-08,Electronics,West,2,130.0,0.15,0,86.18,221.0,48.639999999999986
3141,2025-09-01,Home,East,3,205.46,0.05,0,137.21,585.5609999999999,173.93099999999993
3142,2025-12-21,Grocery,South,3,66.05,0.05,0,31.32,188.24249999999998,94.28249999999997
3143,2025-01-29,Home,North,2,141.95,0.15,0,100.48,241.31499999999997,40.35499999999996
3144,2025-07-06,Home,North,2,98.61,0.15,0,63.09,167.637,41.456999999999994
3145,2025-09-23,Grocery,East,5,132.09,0.0,0,99.66,660.45,162.1500000000001
3146,2025-09-08,Clothing,North,2,185.99,0.05,0,91.0,353.38100000000003,171.38100000000003
3147,2025-03-06,Home,West,2,130.85,0.15,0,98.53,222.445,25.38499999999999
3148,2025-06-14,Home,South,2,155.72,0.0,0,122.5,311.44,66.44
3149,2025-04-25,Electronics,East,5,71.74,0.05,0,48.6,340.765,97.76499999999999
3150,2025-06-21,Grocery,North,5,78.86,0.3,0,37.02,276.01,90.90999999999997
3151,2025-09-14,Clothing,North,4,97.21,0.0,0,46.36,388.84,203.39999999999998
3152,2025-12-26,Electronics,South,4,102.48,0.0,0,68.23,409.92,137.0
3153,2025-07-24,Grocery,East,2,231.81,0.3,0,187.43,324.534,-50.32600000000002
3154,2025-03-15,Home,South,5,100.79,0.15,0,82.78,428.3575,14.457500000000039
3155,2025-09-11,Grocery,West,3,126.34,0.3,0,100.24,265.31399999999996,-35.406000000000006
3156,2025-06-29,Clothing,North,3,110.52,0.15,0,59.94,281.826,102.00600000000003
3157,2025-07-29,Clothing,West,1,111.81,0.0,0,75.31,111.81,36.5
3158,2025-03-07,Grocery,South,2,217.86,0.3,0,107.47,305.004,90.06400000000002
3159,2025-04-12,Clothing,East,3,68.77,0.3,0,52.8,144.417,-13.982999999999976
3160,2025-12-17,Clothing,North,1,192.01,0.3,0,142.1,134.40699999999998,-7.693000000000012
3161,2025-11-02,Electronics,East,5,213.53,0.3,0,105.36,747.355,220.55500000000006
3162,2025-03-11,Electronics,East,3,191.96,0.3,0,118.54,403.116,47.49599999999998
3163,2025-08-14,Grocery,West,5,107.68,0.3,0,57.12,376.88000000000005,91.28000000000009
3164,2025-10-17,Home,South,3,88.42,0.15,1,50.02,0.0,0.0
3165,2025-11-03,Electronics,West,3,247.0,0.3,1,139.23,0.0,0.0
3166,2025-04-03,Clothing,South,4,171.9,0.3,0,126.36,481.32,-24.120000000000005
3167,2025-11-24,Grocery,South,3,102.21,0.15,0,86.62,260.6355,0.7754999999999654
3168,2025-06-30,Grocery,North,5,145.9,0.0,0,108.03,729.5,189.35000000000002
3169,2025-08-29,Electronics,North,3,229.3,0.05,0,193.61,653.5050000000001,72.67500000000007
3170,2025-12-01,Home,North,5,65.13,0.05,0,55.32,309.36749999999995,32.76749999999993
3171,2025-11-08,Grocery,North,1,135.31,0.15,0,72.3,115.0135,42.713499999999996
3172,2025-05-01,Home,West,2,193.26,0.05,0,151.35,367.19399999999996,64.49399999999997
3173,2025-12-20,Electronics,South,1,79.78,0.3,0,51.75,55.846,4.0959999999999965
3174,2025-07-16,Home,East,3,65.07,0.3,0,33.86,136.64699999999996,35.066999999999965
3175,2025-10-11,Clothing,West,1,99.86,0.3,0,65.91,69.902,3.9920000000000044
3176,2025-03-24,Electronics,East,4,147.76,0.0,0,110.17,591.04,150.35999999999996
3177,2025-01-21,Home,North,4,71.26,0.05,0,36.29,270.788,125.62800000000001
3178,2025-08-09,Grocery,North,3,150.64,0.05,0,94.2,429.32399999999996,146.72399999999993
3179,2025-11-15,Home,East,5,76.06,0.15,0,49.45,323.255,76.005
3180,2025-06-09,Electronics,West,4,181.01,0.0,0,145.21,724.04,143.19999999999993
3181,2025-11-15,Home,West,3,152.04,0.3,0,90.78,319.284,46.94399999999996
3182,2025-07-15,Grocery,South,5,184.79,0.15,0,121.61,785.3575,177.3075
3183,2025-06-27,Home,South,4,118.23,0.0,0,57.97,472.92,241.04000000000002
3184,2025-02-14,Grocery,East,3,174.88,0.0,0,86.38,524.64,265.5
3185,2025-01-31,Home,West,5,230.48,0.0,0,152.54,1152.3999999999999,389.69999999999993
3186,2025-08-26,Grocery,East,3,188.98,0.3,0,130.17,396.85799999999995,6.347999999999956
3187,2025-02-10,Grocery,West,3,54.88,0.05,0,38.36,156.40800000000002,41.32800000000002
3188,2025-05-01,Clothing,North,4,26.52,0.3,0,22.2,74.256,-14.543999999999997
3189,2025-02-11,Electronics,East,2,169.92,0.3,0,138.89,237.88799999999998,-39.891999999999996
3190,2025-05-30,Electronics,West,4,145.94,0.3,0,116.16,408.63199999999995,-56.00800000000004
3191,2025-10-11,Grocery,East,5,148.7,0.05,0,84.22,706.3249999999999,285.2249999999999
3192,2025-04-23,Electronics,North,5,116.7,0.05,0,95.66,554.3249999999999,76.02499999999998
3193,2025-01-15,Clothing,West,5,138.19,0.05,0,115.45,656.4025,79.15250000000003
3194,2025-09-05,Clothing,East,2,146.01,0.05,0,77.51,277.419,122.39899999999997
3195,2025-01-02,Grocery,South,3,153.79,0.15,0,85.38,392.1645,136.0245
3196,2025-12-15,Electronics,West,5,208.81,0.0,0,154.43,1044.05,271.89999999999986
3197,2025-06-13,Clothing,South,2,225.38,0.05,0,147.64,428.222,132.942
3198,2025-09-23,Electronics,West,1,53.18,0.05,0,30.84,50.521,19.681
3199,2025-01-24,Grocery,South,4,90.48,0.3,0,75.26,253.344,-47.696000000000026
3200,2025-10-04,Grocery,West,2,206.29,0.15,1,142.79,0.0,0.0
3201,2025-09-23,Grocery,East,3,70.0,0.0,0,54.18,210.0,47.46000000000001
3202,2025-07-05,Clothing,South,5,209.7,0.0,0,104.92,1048.5,523.9
3203,2025-07-02,Home,North,2,94.58,0.3,0,72.2,132.41199999999998,-11.988000000000028
3204,2025-11-20,Clothing,West,3,247.18,0.3,0,131.41,519.078,124.84799999999996
3205,2025-05-04,Clothing,West,3,30.65,0.15,0,16.59,78.15749999999998,28.38749999999999
3206,2025-11-07,Grocery,East,5,20.86,0.3,1,16.28,0.0,0.0
3207,2025-05-07,Clothing,South,1,184.56,0.05,0,106.59,175.332,68.74199999999999
3208,2025-04-29,Grocery,West,3,39.81,0.05,0,24.98,113.4585,38.5185
3209,2025-10-24,Clothing,West,3,46.15,0.05,0,22.48,131.52749999999997,64.08749999999998
3210,2025-12-25,Electronics,East,1,208.95,0.3,0,121.05,146.265,25.21499999999999
3211,2025-11-22,Clothing,West,4,41.44,0.05,1,27.55,0.0,0.0
3212,2025-04-21,Home,North,4,212.68,0.15,0,173.84,723.112,27.751999999999953
3213,2025-09-06,Home,South,2,223.61,0.05,0,127.21,424.859,170.439
3214,2025-07-19,Grocery,East,3,70.56,0.05,0,37.36,201.096,89.016
3215,2025-01-09,Clothing,East,3,35.43,0.15,0,16.03,90.34649999999999,42.25649999999999
3216,2025-07-14,Grocery,West,4,82.4,0.05,0,46.12,313.12,128.64000000000001
3217,2025-10-28,Home,South,5,230.31,0.3,0,139.45,806.0849999999999,108.83499999999992
3218,2025-12-04,Home,South,5,98.33,0.0,0,63.49,491.65,174.2
3219,2025-01-29,Electronics,South,4,76.13,0.15,0,44.18,258.842,82.12199999999999
3220,2025-03-01,Home,South,1,137.53,0.0,0,98.88,137.53,38.650000000000006
3221,2025-03-19,Clothing,East,4,91.86,0.0,0,71.96,367.44,79.60000000000002
3222,2025-10-02,Electronics,North,2,21.61,0.0,0,14.0,43.22,15.219999999999999
3223,2025-09-27,Clothing,South,3,239.26,0.15,0,202.57,610.1129999999999,2.4029999999999063
3224,2025-06-05,Home,North,4,78.35,0.0,1,56.33,0.0,0.0
3225,2025-12-24,Home,South,5,29.72,0.3,0,22.17,104.02,-6.8300000000000125
3226,2025-04-06,Home,North,3,54.49,0.0,0,37.49,163.47,51.0
3227,2025-08-01,Clothing,East,2,168.1,0.0,0,88.99,336.2,158.22
3228,2025-09-15,Electronics,East,1,151.9,0.0,0,82.17,151.9,69.73
3229,2025-04-09,Grocery,West,1,97.19,0.05,0,60.23,92.33049999999999,32.10049999999999
3230,2025-01-19,Clothing,West,1,133.04,0.0,0,83.5,133.04,49.53999999999999
3231,2025-08-14,Electronics,North,1,61.38,0.15,0,40.71,52.173,11.463000000000001
3232,2025-08-02,Electronics,South,4,209.89,0.0,0,173.2,839.56,146.76
3233,2025-12-03,Grocery,West,5,81.21,0.3,0,49.64,284.23499999999996,36.03499999999997
3234,2025-03-06,Grocery,West,1,197.84,0.15,0,160.84,168.164,7.323999999999984
3235,2025-03-20,Home,East,1,219.53,0.0,0,107.64,219.53,111.89
3236,2025-09-12,Grocery,North,3,15.03,0.0,0,8.35,45.089999999999996,20.04
3237,2025-01-29,Clothing,North,4,124.85,0.15,0,65.86,424.48999999999995,161.04999999999995
3238,2025-03-26,Clothing,South,1,52.72,0.05,0,44.15,50.083999999999996,5.9339999999999975
3239,2025-01-04,Home,South,2,54.0,0.05,0,44.53,102.6,13.539999999999992
3240,2025-03-25,Clothing,East,1,244.81,0.3,0,199.91,171.367,-28.543000000000006
3241,2025-03-24,Electronics,South,2,113.67,0.3,0,59.39,159.138,40.358000000000004
3242,2025-10-17,Clothing,South,5,177.57,0.05,0,121.7,843.4574999999999,234.95749999999987
3243,2025-12-12,Electronics,North,1,240.32,0.15,0,166.14,204.272,38.132000000000005
3244,2025-08-08,Electronics,South,5,82.4,0.15,0,53.5,350.2,82.69999999999999
3245,2025-05-08,Electronics,South,2,15.16,0.0,0,7.42,30.32,15.48
3246,2025-06-21,Electronics,North,1,218.41,0.15,0,101.94,185.64849999999998,83.70849999999999
3247,2025-09-09,Clothing,North,1,63.02,0.05,0,34.07,59.869,25.799
3248,2025-10-29,Home,West,3,160.2,0.3,0,73.72,336.41999999999996,115.25999999999996
3249,2025-06-28,Electronics,South,3,119.59,0.15,0,78.09,304.9545,70.68449999999999
3250,2025-01-25,Electronics,West,4,23.54,0.3,0,17.49,65.91199999999999,-4.048000000000002
3251,2025-12-23,Grocery,North,4,18.37,0.3,0,8.84,51.436,16.076
3252,2025-07-04,Electronics,South,5,237.56,0.3,0,172.92,831.4599999999999,-33.139999999999986
3253,2025-08-21,Electronics,South,1,108.6,0.3,0,64.43,76.02,11.58999999999999
3254,2025-02-17,Grocery,South,4,146.94,0.05,0,73.76,558.372,263.33199999999994
3255,2025-01-15,Grocery,East,2,125.35,0.15,0,85.9,213.095,41.29499999999999
3256,2025-07-14,Electronics,West,4,64.66,0.15,0,33.97,219.844,83.964
3257,2025-03-30,Grocery,North,2,159.67,0.3,0,124.86,223.53799999999998,-26.182000000000016
3258,2025-02-16,Grocery,South,1,80.96,0.15,0,41.76,68.81599999999999,27.05599999999999
3259,2025-08-21,Clothing,East,1,103.04,0.05,0,55.22,97.888,42.668000000000006
3260,2025-11-30,Home,West,4,148.33,0.3,0,99.67,415.324,16.644000000000005
3261,2025-10-01,Home,South,2,132.9,0.05,1,77.6,0.0,0.0
3262,2025-08-17,Grocery,East,1,234.75,0.3,0,144.58,164.325,19.744999999999976
3263,2025-04-07,Grocery,South,4,152.0,0.15,0,103.39,516.8,103.23999999999995
3264,2025-09-29,Home,South,4,128.44,0.0,0,72.85,513.76,222.36
3265,2025-10-12,Electronics,North,1,211.3,0.0,0,103.45,211.3,107.85000000000001
3266,2025-07-24,Home,West,1,26.35,0.15,0,22.05,22.3975,0.34750000000000014
3267,2025-12-01,Grocery,South,4,60.13,0.0,0,30.3,240.52,119.32000000000001
3268,2025-02-15,Clothing,West,3,168.89,0.15,0,122.75,430.66949999999997,62.41949999999997
3269,2025-06-11,Home,South,4,245.78,0.0,0,129.15,983.12,466.52
3270,2025-05-11,Home,East,4,187.99,0.3,0,89.13,526.372,169.85199999999998
3271,2025-08-16,Electronics,North,1,185.82,0.3,0,149.02,130.07399999999998,-18.946000000000026
3272,2025-03-22,Electronics,South,1,25.82,0.3,0,11.65,18.073999999999998,6.423999999999998
3273,2025-01-01,Electronics,West,4,105.18,0.3,0,74.59,294.504,-3.8559999999999945
3274,2025-05-30,Grocery,North,4,144.55,0.05,0,106.95,549.29,121.48999999999995
3275,2025-04-30,Clothing,East,3,137.71,0.15,0,102.95,351.1605,42.31049999999999
3276,2025-05-18,Electronics,South,5,89.47,0.05,0,41.07,424.9825,219.63250000000002
3277,2025-06-11,Grocery,North,4,181.86,0.0,0,136.32,727.44,182.16000000000008
3278,2025-03-16,Grocery,East,1,96.5,0.15,0,60.58,82.02499999999999,21.444999999999993
3279,2025-06-13,Home,North,5,225.76,0.05,0,102.99,1072.36,557.41
3280,2025-08-25,Clothing,West,4,135.99,0.15,0,67.71,462.36600000000004,191.52600000000007
3281,2025-07-16,Home,North,5,33.45,0.05,0,27.29,158.8875,22.4375
3282,2025-03-02,Grocery,West,2,97.5,0.0,0,55.82,195.0,83.36
3283,2025-10-24,Grocery,North,2,160.87,0.3,0,122.88,225.218,-20.542
3284,2025-01-05,Home,East,4,234.14,0.3,0,193.49,655.5919999999999,-118.36800000000017
3285,2025-05-15,Home,South,5,151.78,0.15,0,84.06,645.0649999999999,224.76499999999993
3286,2025-08-26,Electronics,South,5,69.3,0.3,0,52.68,242.54999999999998,-20.849999999999994
3287,2025-12-27,Grocery,West,3,169.42,0.0,0,84.94,508.26,253.44
3288,2025-02-09,Clothing,West,1,221.32,0.3,0,173.19,154.92399999999998,-18.26600000000002
3289,2025-11-28,Electronics,East,5,66.68,0.15,0,55.2,283.39000000000004,7.390000000000043
3290,2025-02-05,Clothing,West,1,28.3,0.3,0,21.32,19.81,-1.5100000000000016
3291,2025-12-11,Clothing,South,4,218.77,0.3,0,154.53,612.556,-5.5639999999999645
3292,2025-08-06,Home,South,2,173.39,0.05,0,146.03,329.441,37.38099999999997
3293,2025-12-31,Grocery,South,5,64.9,0.15,0,48.46,275.825,33.52499999999998
3294,2025-02-10,Grocery,South,3,221.57,0.0,0,144.32,664.71,231.75000000000006
3295,2025-08-31,Clothing,East,4,95.67,0.05,0,45.51,363.546,181.506
3296,2025-07-06,Electronics,East,4,139.75,0.15,0,104.45,475.15,57.349999999999966
3297,2025-06-25,Grocery,North,1,118.35,0.3,0,99.4,82.84499999999998,-16.55500000000002
3298,2025-06-06,Home,North,4,50.42,0.0,0,39.49,201.68,43.72
3299,2025-07-09,Clothing,South,1,151.67,0.0,0,128.72,151.67,22.94999999999999
3300,2025-06-02,Home,West,3,148.16,0.3,0,90.22,311.13599999999997,40.476
3301,2025-11-07,Clothing,North,5,103.91,0.0,0,59.91,519.55,220.0
3302,2025-08-20,Grocery,East,1,68.32,0.05,0,45.0,64.904,19.903999999999996
3303,2025-01-30,Electronics,East,2,21.34,0.05,1,13.49,0.0,0.0
3304,2025-05-31,Clothing,East,3,96.01,0.05,0,55.52,273.62850000000003,107.06850000000003
3305,2025-04-05,Clothing,North,1,158.56,0.15,1,94.96,0.0,0.0
3306,2025-02-25,Grocery,East,2,243.55,0.0,0,156.59,487.1,173.92000000000002
3307,2025-07-17,Clothing,North,2,159.85,0.3,1,80.93,0.0,0.0
3308,2025-04-29,Clothing,East,4,52.0,0.15,0,37.16,176.79999999999998,28.159999999999997
3309,2025-04-03,Clothing,South,1,212.71,0.05,1,135.03,0.0,0.0
3310,2025-10-17,Home,North,5,27.23,0.15,0,20.58,115.7275,12.827500000000015
3311,2025-05-25,Home,West,1,124.31,0.0,0,65.58,124.31,58.730000000000004
3312,2025-07-04,Grocery,East,4,59.09,0.15,0,44.92,200.906,21.226
3313,2025-01-25,Electronics,South,2,52.13,0.15,0,25.02,88.621,38.580999999999996
3314,2025-05-24,Clothing,West,5,157.72,0.0,0,118.75,788.6,194.85000000000002
3315,2025-01-14,Home,East,2,229.33,0.15,0,123.79,389.861,142.28099999999998
3316,2025-06-11,Electronics,North,4,50.6,0.05,0,42.17,192.28,23.599999999999994
3317,2025-04-04,Electronics,East,2,69.64,0.0,1,54.5,0.0,0.0
3318,2025-11-10,Clothing,North,1,178.67,0.0,0,139.4,178.67,39.26999999999998
3319,2025-10-23,Clothing,East,4,181.21,0.0,1,88.69,0.0,0.0
3320,2025-07-30,Grocery,South,3,45.26,0.15,0,32.83,115.413,16.923000000000002
3321,2025-01-04,Grocery,West,5,249.01,0.15,0,166.94,1058.2925,223.59249999999997
3322,2025-02-19,Home,North,2,32.72,0.3,0,15.19,45.80799999999999,15.427999999999994
3323,2025-01-27,Electronics,East,4,92.55,0.0,0,53.16,370.2,157.56
3324,2025-07-22,Home,North,3,203.57,0.3,0,93.48,427.497,147.05700000000002
3325,2025-01-30,Electronics,South,5,140.21,0.15,0,95.79,595.8925,116.9425
3326,2025-09-01,Home,North,3,91.89,0.15,1,49.23,0.0,0.0
3327,2025-02-07,Electronics,North,1,152.42,0.05,0,72.08,144.79899999999998,72.71899999999998
3328,2025-03-29,Electronics,North,5,189.61,0.0,0,124.14,948.0500000000001,327.35
3329,2025-06-19,Home,South,1,58.98,0.0,0,32.16,58.98,26.82
3330,2025-06-01,Home,South,5,76.63,0.05,0,54.77,363.99249999999995,90.14249999999993
3331,2025-03-09,Home,West,2,245.96,0.0,0,160.57,491.92,170.78000000000003
3332,2025-07-21,Home,West,5,57.92,0.05,0,38.85,275.12,80.87
3333,2025-03-04,Clothing,North,1,47.15,0.0,0,36.89,47.15,10.259999999999998
3334,2025-03-23,Grocery,North,4,234.46,0.15,0,122.31,797.164,307.924
3335,2025-12-28,Electronics,North,5,18.5,0.05,0,11.41,87.875,30.825000000000003
3336,2025-03-10,Electronics,South,4,142.45,0.05,0,115.23,541.31,80.38999999999993
3337,2025-10-02,Electronics,West,4,220.26,0.3,0,157.12,616.728,-11.752000000000066
3338,2025-06-04,Electronics,North,3,127.01,0.0,0,68.88,381.03000000000003,174.39000000000004
3339,2025-09-13,Clothing,West,2,122.76,0.3,0,55.83,171.864,60.20400000000001
3340,2025-07-12,Electronics,East,4,199.48,0.3,1,137.59,0.0,0.0
3341,2025-03-01,Grocery,North,5,80.38,0.15,0,41.52,341.61499999999995,134.01499999999993
3342,2025-03-30,Grocery,South,4,215.95,0.0,0,174.75,863.8,164.79999999999995
3343,2025-12-25,Grocery,South,3,73.75,0.0,1,40.63,0.0,0.0
3344,2025-07-17,Home,North,1,237.08,0.3,0,158.19,165.956,7.765999999999991
3345,2025-08-13,Home,North,4,152.41,0.0,0,127.99,609.64,97.68
3346,2025-12-30,Clothing,West,3,152.73,0.3,0,108.77,320.73299999999995,-5.577000000000055
3347,2025-07-08,Clothing,East,4,151.48,0.15,0,108.59,515.0319999999999,80.67199999999991
3348,2025-06-13,Home,East,2,157.72,0.0,1,89.83,0.0,0.0
3349,2025-12-13,Grocery,West,3,202.44,0.0,0,144.59,607.3199999999999,173.54999999999995
3350,2025-04-27,Clothing,South,3,117.9,0.3,0,61.09,247.59,64.32
3351,2025-03-22,Clothing,South,2,107.82,0.05,0,51.15,204.85799999999998,102.55799999999998
3352,2025-07-19,Home,East,2,217.01,0.05,0,182.5,412.31899999999996,47.31899999999996
3353,2025-08-17,Grocery,South,4,143.12,0.15,0,94.77,486.608,107.52800000000002
3354,2025-07-25,Grocery,North,5,187.41,0.0,0,143.38,937.05,220.14999999999998
3355,2025-01-30,Grocery,East,5,167.1,0.15,0,90.46,710.175,257.875
3356,2025-08-12,Clothing,North,3,203.69,0.15,0,96.63,519.4095,229.5195
3357,2025-03-18,Electronics,South,2,84.76,0.15,0,62.89,144.092,18.312000000000012
3358,2025-07-28,Clothing,West,2,159.45,0.0,0,74.81,318.9,169.27999999999997
3359,2025-07-17,Grocery,North,1,131.16,0.15,0,109.04,111.48599999999999,2.4459999999999837
3360,2025-12-08,Clothing,West,3,128.04,0.15,1,95.03,0.0,0.0
3361,2025-05-09,Home,East,1,15.9,0.3,0,10.47,11.129999999999999,0.6599999999999984
3362,2025-09-10,Grocery,West,2,171.24,0.05,0,140.21,325.356,44.93599999999998
3363,2025-01-05,Clothing,East,3,211.6,0.3,0,118.02,444.35999999999996,90.29999999999995
3364,2025-03-03,Home,East,2,25.21,0.05,0,11.88,47.899,24.139
3365,2025-05-05,Home,East,3,231.67,0.05,0,127.65,660.2595,277.30949999999996
3366,2025-09-14,Clothing,West,1,29.19,0.05,0,20.84,27.7305,6.890499999999999
3367,2025-05-06,Home,West,1,114.02,0.05,0,63.15,108.31899999999999,45.16899999999999
3368,2025-12-21,Grocery,West,4,35.96,0.05,0,26.84,136.648,29.287999999999997
3369,2025-08-31,Electronics,North,3,84.09,0.15,0,44.19,214.4295,81.8595
3370,2025-05-22,Grocery,North,1,191.14,0.3,0,116.7,133.79799999999997,17.09799999999997
3371,2025-11-26,Electronics,East,1,181.08,0.05,0,95.97,172.026,76.05600000000001
3372,2025-05-21,Grocery,West,2,139.25,0.0,0,67.47,278.5,143.56
3373,2025-12-04,Clothing,East,3,228.29,0.3,0,190.81,479.409,-93.02100000000007
3374,2025-11-11,Electronics,West,1,80.22,0.0,0,49.35,80.22,30.869999999999997
3375,2025-10-23,Grocery,West,4,124.22,0.15,0,76.45,422.348,116.548
3376,2025-08-24,Electronics,North,5,61.2,0.0,0,34.17,306.0,135.14999999999998
3377,2025-06-19,Home,East,4,119.57,0.3,0,80.34,334.79599999999994,13.435999999999922
3378,2025-10-31,Clothing,North,4,147.13,0.15,0,118.27,500.24199999999996,27.161999999999978
3379,2025-06-29,Clothing,East,5,223.37,0.05,0,137.37,1061.0075,374.1574999999999
3380,2025-10-01,Home,West,4,22.9,0.15,0,13.68,77.86,23.14
3381,2025-09-18,Clothing,South,4,90.27,0.15,0,54.72,306.918,88.03800000000001
3382,2025-09-04,Electronics,South,3,128.81,0.05,0,91.69,367.1085,92.0385
3383,2025-09-06,Electronics,South,2,72.23,0.05,0,41.54,137.237,54.157
3384,2025-12-29,Home,South,5,63.84,0.05,0,37.31,303.24,116.69
3385,2025-05-23,Electronics,South,2,228.13,0.0,0,139.57,456.26,177.12
3386,2025-01-07,Clothing,North,4,25.27,0.15,0,17.29,85.91799999999999,16.757999999999996
3387,2025-01-05,Home,West,1,49.54,0.15,1,25.79,0.0,0.0
3388,2025-06-09,Grocery,East,4,236.15,0.0,0,155.12,944.6,324.12
3389,2025-12-15,Electronics,South,2,242.99,0.05,0,195.93,461.681,69.82099999999997
3390,2025-11-16,Clothing,South,3,28.37,0.05,1,23.35,0.0,0.0
3391,2025-04-20,Clothing,South,2,95.02,0.3,0,77.82,133.028,-22.611999999999995
3392,2025-01-30,Clothing,West,2,236.03,0.15,0,127.04,401.251,147.17099999999996
3393,2025-09-24,Electronics,West,2,83.26,0.05,0,38.45,158.194,81.29399999999998
3394,2025-04-09,Home,West,4,136.45,0.0,0,96.42,545.8,160.11999999999995
3395,2025-04-03,Electronics,East,5,231.06,0.3,0,172.39,808.7099999999999,-53.24000000000001
3396,2025-10-31,Grocery,East,4,153.58,0.05,0,105.72,583.604,160.72400000000005
3397,2025-07-26,Grocery,East,3,235.71,0.05,0,188.39,671.7735,106.60350000000005
3398,2025-02-11,Grocery,West,3,16.73,0.15,1,9.5,0.0,0.0
3399,2025-05-02,Grocery,East,4,155.65,0.15,0,81.44,529.21,203.45000000000005
3400,2025-08-02,Grocery,South,1,25.23,0.05,0,18.15,23.9685,5.8185
3401,2025-03-01,Electronics,North,5,110.97,0.0,0,94.13,554.85,84.20000000000005
3402,2025-09-28,Electronics,West,2,137.46,0.15,0,65.33,233.68200000000002,103.02200000000002
3403,2025-09-28,Grocery,West,5,208.04,0.15,0,171.01,884.17,29.120000000000005
3404,2025-10-08,Grocery,West,3,150.81,0.05,0,75.23,429.8085,204.11849999999998
3405,2025-11-23,Home,East,5,145.68,0.3,1,74.29,0.0,0.0
3406,2025-03-17,Electronics,North,3,206.24,0.05,0,123.92,587.784,216.024
3407,2025-03-10,Clothing,West,2,48.99,0.0,0,23.55,97.98,50.88
3408,2025-09-14,Electronics,North,1,50.13,0.15,0,42.19,42.6105,0.4205000000000041
3409,2025-11-25,Clothing,East,3,42.47,0.15,0,19.42,108.29849999999999,50.038499999999985
3410,2025-01-28,Electronics,North,3,128.26,0.05,0,63.33,365.54099999999994,175.55099999999993
3411,2025-10-08,Grocery,North,3,112.57,0.05,0,78.89,320.82449999999994,84.15449999999993
3412,2025-10-02,Home,West,1,136.25,0.15,0,85.25,115.8125,30.5625
3413,2025-06-12,Home,West,4,29.28,0.3,0,15.75,81.984,18.983999999999995
3414,2025-03-14,Electronics,North,3,178.02,0.05,0,111.53,507.357,172.767
3415,2025-03-11,Electronics,North,1,148.09,0.3,0,123.25,103.663,-19.587000000000003
3416,2025-06-25,Grocery,West,4,189.9,0.0,0,101.29,759.6,354.44
3417,2025-01-15,Electronics,East,3,20.97,0.15,1,15.62,0.0,0.0
3418,2025-09-24,Grocery,South,5,225.77,0.3,0,157.44,790.195,2.9950000000000045
3419,2025-02-26,Home,South,4,197.89,0.0,0,101.01,791.56,387.5199999999999
3420,2025-06-14,Grocery,West,4,131.64,0.0,0,94.0,526.56,150.55999999999995
3421,2025-07-03,Electronics,West,2,238.15,0.05,0,139.82,452.485,172.84500000000003
3422,2025-12-25,Electronics,South,3,55.98,0.3,0,29.73,117.55799999999999,28.367999999999995
3423,2025-07-02,Grocery,North,5,42.52,0.0,0,26.21,212.60000000000002,81.55000000000001
3424,2025-03-25,Home,East,2,76.06,0.05,0,58.33,144.514,27.854000000000013
3425,2025-11-10,Electronics,South,2,177.88,0.3,0,114.67,249.03199999999998,19.69199999999998
3426,2025-05-17,Home,South,5,124.85,0.15,0,86.44,530.6125,98.41249999999997
3427,2025-12-30,Home,North,4,38.29,0.05,0,25.36,145.50199999999998,44.06199999999998
3428,2025-10-20,Grocery,East,4,144.29,0.3,0,122.48,404.01199999999994,-85.90800000000007
3429,2025-10-21,Clothing,West,4,160.24,0.05,0,107.45,608.912,179.11200000000002
3430,2025-12-15,Grocery,North,1,82.26,0.3,0,52.75,57.582,4.832000000000001
3431,2025-11-14,Grocery,South,2,105.28,0.05,1,56.09,0.0,0.0
3432,2025-09-23,Home,South,3,181.06,0.0,0,132.48,543.1800000000001,145.74000000000012
3433,2025-06-29,Grocery,South,5,131.44,0.05,0,99.95,624.34,124.59000000000003
3434,2025-09-01,Clothing,South,1,43.54,0.0,0,36.85,43.54,6.689999999999998
3435,2025-02-16,Electronics,East,1,31.83,0.3,0,23.06,22.281,-0.7789999999999999
3436,2025-08-16,Home,West,2,201.57,0.05,0,164.17,382.98299999999995,54.64299999999997
3437,2025-09-25,Electronics,West,3,222.58,0.3,0,125.1,467.41799999999995,92.118
3438,2025-02-03,Clothing,West,3,165.52,0.0,0,136.97,496.56000000000006,85.65000000000009
3439,2025-06-21,Home,North,2,53.47,0.15,0,26.61,90.899,37.679
3440,2025-10-09,Electronics,West,3,232.69,0.0,0,169.46,698.0699999999999,189.68999999999994
3441,2025-10-05,Home,South,2,24.82,0.15,0,15.71,42.194,10.774000000000001
3442,2025-02-04,Home,East,1,221.6,0.05,0,107.46,210.51999999999998,103.05999999999999
3443,2025-08-19,Clothing,East,1,61.19,0.3,1,37.65,0.0,0.0
3444,2025-01-10,Electronics,North,3,74.9,0.3,0,45.89,157.29,19.619999999999976
3445,2025-02-14,Clothing,North,1,76.93,0.0,0,50.91,76.93,26.02000000000001
3446,2025-05-04,Clothing,South,2,112.93,0.0,0,88.17,225.86,49.52000000000001
3447,2025-11-07,Home,East,4,162.78,0.3,0,84.54,455.784,117.62399999999997
3448,2025-12-15,Home,West,5,240.3,0.3,0,161.95,841.05,31.299999999999955
3449,2025-08-27,Electronics,South,5,141.54,0.3,0,101.09,495.38999999999993,-10.060000000000116
3450,2025-06-28,Clothing,South,2,205.52,0.3,0,110.89,287.728,65.94800000000001
3451,2025-01-13,Electronics,East,1,101.71,0.15,0,75.67,86.45349999999999,10.78349999999999
3452,2025-11-06,Home,West,5,37.7,0.3,0,17.5,131.95,44.44999999999999
3453,2025-01-06,Home,West,2,104.87,0.15,0,50.54,178.279,77.199
3454,2025-09-12,Home,North,1,136.63,0.15,0,74.29,116.1355,41.84549999999999
3455,2025-02-07,Grocery,North,1,29.12,0.0,0,21.41,29.12,7.710000000000001
3456,2025-04-11,Clothing,South,1,26.8,0.15,0,12.18,22.78,10.600000000000001
3457,2025-11-12,Clothing,West,5,47.99,0.05,0,31.97,227.95250000000001,68.10250000000002
3458,2025-03-20,Electronics,East,2,57.52,0.05,0,44.38,109.288,20.52799999999999
3459,2025-04-16,Clothing,East,2,81.52,0.15,0,56.91,138.584,24.76400000000001
3460,2025-10-16,Electronics,West,2,205.56,0.3,1,153.21,0.0,0.0
3461,2025-08-26,Electronics,North,4,49.64,0.05,0,33.12,188.632,56.152000000000015
3462,2025-04-17,Clothing,West,3,214.69,0.0,1,148.76,0.0,0.0
3463,2025-08-23,Electronics,East,2,30.05,0.3,0,18.06,42.07,5.950000000000003
3464,2025-09-16,Home,South,4,186.65,0.05,0,94.62,709.27,330.78999999999996
3465,2025-07-02,Clothing,West,3,186.48,0.0,0,134.17,559.4399999999999,156.92999999999995
3466,2025-07-16,Clothing,North,1,24.96,0.3,0,12.67,17.471999999999998,4.801999999999998
3467,2025-09-20,Grocery,West,3,242.72,0.3,0,142.31,509.71199999999993,82.78199999999993
3468,2025-02-04,Clothing,North,1,19.36,0.05,0,11.45,18.392,6.942
3469,2025-04-12,Home,West,4,68.41,0.05,0,44.57,259.95799999999997,81.67799999999997
3470,2025-02-07,Grocery,East,5,209.62,0.15,1,164.8,0.0,0.0
3471,2025-09-14,Electronics,West,1,96.52,0.15,0,80.67,82.04199999999999,1.3719999999999857
3472,2025-08-28,Electronics,South,1,191.41,0.15,0,154.04,162.6985,8.658500000000004
3473,2025-07-18,Electronics,West,1,193.68,0.15,0,89.69,164.62800000000001,74.93800000000002
3474,2025-09-17,Electronics,West,4,215.51,0.0,0,163.26,862.04,209.0
3475,2025-09-29,Electronics,North,1,178.17,0.0,1,143.89,0.0,0.0
3476,2025-09-16,Grocery,South,4,67.6,0.3,0,31.15,189.27999999999997,64.67999999999998
3477,2025-06-25,Grocery,North,4,67.93,0.15,0,55.09,230.96200000000002,10.602000000000004
3478,2025-06-17,Electronics,East,5,18.35,0.15,0,13.8,77.9875,8.987499999999997
3479,2025-08-26,Clothing,East,3,226.75,0.05,0,106.32,646.2375,327.2775
3480,2025-04-19,Electronics,East,4,89.43,0.05,0,47.91,339.834,148.19400000000002
3481,2025-11-30,Clothing,North,5,165.92,0.0,0,93.95,829.5999999999999,359.8499999999999
3482,2025-01-03,Grocery,North,4,220.23,0.0,0,153.09,880.92,268.55999999999995
3483,2025-07-07,Grocery,North,3,83.85,0.3,0,61.57,176.08499999999998,-8.625000000000028
3484,2025-10-26,Electronics,North,1,239.67,0.3,0,140.41,167.76899999999998,27.35899999999998
3485,2025-09-04,Home,West,3,119.16,0.3,0,100.51,250.236,-51.29400000000004
3486,2025-02-27,Home,East,4,204.54,0.0,0,169.5,818.16,140.15999999999997
3487,2025-06-27,Clothing,West,5,59.07,0.15,0,32.12,251.0475,90.44750000000002
3488,2025-05-08,Electronics,East,3,77.35,0.3,0,54.49,162.43499999999997,-1.035000000000025
3489,2025-05-21,Electronics,North,1,125.52,0.3,0,61.22,87.86399999999999,26.64399999999999
3490,2025-12-18,Clothing,South,1,131.49,0.05,0,79.71,124.91550000000001,45.205500000000015
3491,2025-06-08,Grocery,East,5,26.99,0.0,0,14.38,134.95,63.04999999999998
3492,2025-03-23,Clothing,South,5,171.94,0.3,0,95.33,601.79,125.13999999999999
3493,2025-11-05,Electronics,North,4,48.3,0.0,1,41.01,0.0,0.0
3494,2025-07-10,Electronics,South,4,47.65,0.3,0,39.23,133.42,-23.5
3495,2025-08-22,Clothing,North,3,220.13,0.0,0,132.26,660.39,263.61
3496,2025-08-25,Home,East,3,216.25,0.05,0,107.34,616.3125,294.2925
3497,2025-05-16,Home,East,3,131.87,0.15,0,106.87,336.2685,15.658500000000004
3498,2025-02-04,Grocery,North,1,246.93,0.15,0,157.18,209.8905,52.710499999999996
3499,2025-02-19,Home,West,2,183.76,0.3,0,117.78,257.26399999999995,21.70399999999995
3500,2025-08-08,Electronics,East,4,55.64,0.0,1,34.33,0.0,0.0
3501,2025-12-19,Home,South,5,57.42,0.15,0,35.0,244.03500000000003,69.03500000000003
3502,2025-02-19,Clothing,North,1,130.94,0.15,0,105.27,111.29899999999999,6.028999999999996
3503,2025-01-19,Electronics,West,2,73.94,0.0,0,44.33,147.88,59.22
3504,2025-10-17,Grocery,West,1,30.8,0.15,0,24.4,26.18,1.7800000000000011
3505,2025-07-06,Grocery,West,2,123.33,0.05,0,67.78,234.327,98.767
3506,2025-07-17,Electronics,West,4,237.05,0.0,0,175.05,948.2,248.0
3507,2025-05-08,Electronics,East,2,18.67,0.3,0,15.18,26.138,-4.221999999999998
3508,2025-10-09,Clothing,North,3,190.09,0.3,0,104.97,399.18899999999996,84.279
3509,2025-05-10,Grocery,South,2,239.18,0.15,0,154.42,406.606,97.76600000000002
3510,2025-08-10,Electronics,East,2,80.36,0.15,0,43.65,136.612,49.312
3511,2025-03-05,Home,East,4,227.71,0.3,0,164.47,637.588,-20.29200000000003
3512,2025-08-25,Grocery,South,5,232.3,0.15,0,155.89,987.275,207.82500000000005
3513,2025-02-20,Home,South,5,122.22,0.3,0,60.22,427.77,126.66999999999996
3514,2025-03-25,Electronics,North,5,85.1,0.05,1,57.0,0.0,0.0
3515,2025-02-11,Electronics,East,4,129.04,0.05,0,108.93,490.3519999999999,54.63199999999989
3516,2025-08-14,Grocery,West,3,110.19,0.05,0,91.66,314.0415,39.06149999999997
3517,2025-11-23,Clothing,West,5,15.83,0.0,0,11.81,79.15,20.1
3518,2025-08-07,Home,South,5,26.51,0.15,0,20.67,112.6675,9.317499999999995
3519,2025-06-01,Home,North,5,102.94,0.15,0,75.8,437.495,58.495000000000005
3520,2025-10-12,Electronics,South,1,133.31,0.0,0,67.27,133.31,66.04
3521,2025-07-13,Clothing,West,1,195.9,0.05,0,145.51,186.105,40.595
3522,2025-06-08,Home,West,1,74.29,0.0,0,50.05,74.29,24.24000000000001
3523,2025-07-13,Electronics,East,5,243.07,0.15,0,194.64,1033.0475,59.84749999999997
3524,2025-12-21,Clothing,West,1,120.23,0.15,0,60.89,102.1955,41.305499999999995
3525,2025-11-25,Electronics,East,5,30.94,0.0,0,16.87,154.70000000000002,70.35000000000001
3526,2025-10-30,Clothing,East,2,102.38,0.0,0,69.51,204.76,65.73999999999998
3527,2025-12-12,Clothing,North,1,63.32,0.15,0,35.56,53.821999999999996,18.261999999999993
3528,2025-07-26,Electronics,West,1,132.49,0.3,0,72.88,92.743,19.863
3529,2025-05-26,Electronics,East,1,54.64,0.3,0,40.47,38.248,-2.2220000000000013
3530,2025-11-08,Clothing,West,5,189.68,0.3,0,95.44,663.88,186.68
3531,2025-02-22,Clothing,West,4,126.73,0.0,0,74.83,506.92,207.60000000000002
3532,2025-03-08,Home,South,3,73.98,0.15,0,52.14,188.649,32.228999999999985
3533,2025-03-23,Clothing,West,2,179.67,0.0,0,103.1,359.34,153.14
3534,2025-06-07,Electronics,West,3,165.71,0.0,0,131.24,497.13,103.40999999999997
3535,2025-04-14,Grocery,South,1,147.04,0.15,0,98.88,124.984,26.104
3536,2025-12-11,Home,South,5,185.7,0.3,0,119.32,649.9499999999999,53.35000000000002
3537,2025-09-20,Electronics,South,5,131.73,0.3,0,59.8,461.05499999999995,162.05499999999995
3538,2025-08-26,Clothing,South,2,123.44,0.3,0,100.8,172.81599999999997,-28.78400000000002
3539,2025-05-13,Home,North,2,121.9,0.15,0,59.86,207.23000000000002,87.51000000000002
3540,2025-06-04,Grocery,East,5,65.5,0.0,0,31.02,327.5,172.4
3541,2025-12-15,Grocery,East,5,219.29,0.3,0,116.47,767.515,185.16499999999996
3542,2025-07-07,Home,South,1,68.71,0.3,0,32.78,48.096999999999994,15.316999999999993
3543,2025-01-21,Home,South,4,176.65,0.05,0,149.8,671.27,72.06999999999994
3544,2025-03-14,Electronics,West,2,228.64,0.15,0,166.63,388.688,55.428
3545,2025-02-03,Clothing,South,1,176.09,0.3,0,131.21,123.26299999999999,-7.947000000000017
3546,2025-02-25,Home,South,4,243.28,0.0,0,132.15,973.12,444.52
3547,2025-11-09,Home,East,5,143.38,0.0,0,113.15,716.9,151.14999999999998
3548,2025-07-09,Grocery,South,5,247.29,0.15,0,203.49,1050.9825,33.53250000000003
3549,2025-05-03,Home,North,4,36.56,0.3,0,30.89,102.368,-21.192000000000007
3550,2025-08-01,Electronics,North,3,233.13,0.0,0,128.21,699.39,314.76
3551,2025-09-15,Electronics,North,3,119.68,0.3,1,93.83,0.0,0.0
3552,2025-01-20,Electronics,East,3,94.12,0.15,0,78.79,240.006,3.6359999999999957
3553,2025-06-08,Grocery,East,5,101.42,0.05,0,64.63,481.745,158.59500000000003
3554,2025-06-22,Clothing,West,3,61.11,0.05,0,40.32,174.16349999999997,53.20349999999996
3555,2025-05-26,Grocery,West,1,19.32,0.05,0,8.87,18.354,9.484
3556,2025-06-24,Clothing,West,1,148.37,0.3,0,103.73,103.859,0.12899999999999068
3557,2025-07-25,Grocery,West,1,249.54,0.0,0,174.9,249.54,74.63999999999999
3558,2025-07-13,Home,West,3,117.67,0.0,0,94.46,353.01,69.63
3559,2025-02-07,Grocery,West,1,68.0,0.05,0,52.63,64.6,11.969999999999992
3560,2025-10-20,Clothing,East,2,133.59,0.05,0,77.87,253.821,98.08099999999999
3561,2025-10-21,Grocery,South,5,193.59,0.0,0,104.66,967.95,444.6500000000001
3562,2025-12-14,Electronics,South,5,111.75,0.0,0,64.5,558.75,236.25
3563,2025-01-01,Clothing,North,1,137.5,0.05,0,66.37,130.625,64.255
3564,2025-01-17,Home,East,5,91.73,0.0,0,67.4,458.65000000000003,121.65000000000003
3565,2025-07-28,Grocery,South,1,77.2,0.0,0,50.36,77.2,26.840000000000003
3566,2025-11-22,Electronics,East,3,133.55,0.0,0,95.43,400.65000000000003,114.36000000000001
3567,2025-12-16,Electronics,North,1,202.8,0.3,0,168.01,141.96,-26.049999999999983
3568,2025-02-25,Home,South,1,92.97,0.3,0,67.11,65.079,-2.031000000000006
3569,2025-11-26,Grocery,South,3,238.86,0.05,0,175.61,680.751,153.92099999999994
3570,2025-05-26,Clothing,East,1,188.58,0.3,0,92.91,132.006,39.096000000000004
3571,2025-12-18,Home,North,5,99.3,0.15,0,72.2,422.025,61.02499999999998
3572,2025-11-25,Electronics,East,1,124.86,0.3,1,100.87,0.0,0.0
3573,2025-05-22,Electronics,South,2,180.35,0.15,0,121.17,306.59499999999997,64.25499999999997
3574,2025-04-10,Electronics,South,1,228.7,0.05,0,141.19,217.265,76.07499999999999
3575,2025-03-27,Grocery,West,2,109.97,0.0,0,88.23,219.94,43.47999999999999
3576,2025-04-09,Electronics,West,1,143.92,0.3,0,101.85,100.74399999999999,-1.1060000000000088
3577,2025-02-03,Grocery,North,4,165.64,0.3,0,77.64,463.7919999999999,153.2319999999999
3578,2025-10-02,Grocery,West,4,172.56,0.15,0,124.93,586.704,86.98399999999992
3579,2025-01-09,Grocery,South,2,243.97,0.3,0,114.67,341.558,112.21799999999999
3580,2025-08-01,Clothing,South,4,228.78,0.15,0,120.51,777.852,295.81199999999995
3581,2025-06-25,Electronics,South,5,88.54,0.05,0,39.9,420.565,221.065
3582,2025-06-05,Clothing,East,1,82.75,0.0,0,46.92,82.75,35.83
3583,2025-10-10,Clothing,North,3,129.9,0.3,0,72.46,272.79,55.410000000000025
3584,2025-02-21,Grocery,North,2,165.62,0.15,0,134.97,281.554,11.613999999999976
3585,2025-05-25,Home,North,5,196.1,0.0,0,89.78,980.5,531.6
3586,2025-03-08,Electronics,East,4,80.12,0.05,0,66.12,304.456,39.976
3587,2025-12-24,Electronics,North,5,32.5,0.3,0,22.15,113.74999999999999,2.999999999999986
3588,2025-01-22,Grocery,North,1,151.13,0.3,0,76.09,105.791,29.700999999999993
3589,2025-03-28,Clothing,East,5,83.28,0.0,0,49.41,416.4,169.35
3590,2025-06-06,Home,West,4,83.32,0.3,0,53.24,233.29599999999996,20.335999999999956
3591,2025-03-24,Grocery,East,3,45.19,0.15,0,23.58,115.2345,44.4945
3592,2025-12-05,Clothing,East,5,207.28,0.15,0,175.17,880.94,5.0900000000001455
3593,2025-01-28,Clothing,South,3,82.54,0.15,0,53.2,210.477,50.87699999999998
3594,2025-09-08,Clothing,West,5,65.7,0.15,1,45.04,0.0,0.0
3595,2025-08-16,Clothing,East,3,165.99,0.3,0,131.19,348.579,-44.990999999999985
3596,2025-07-07,Clothing,South,2,162.73,0.0,0,119.24,325.46,86.97999999999999
3597,2025-11-16,Clothing,North,5,106.48,0.15,0,85.0,452.53999999999996,27.539999999999964
3598,2025-12-05,Clothing,East,3,48.9,0.3,0,28.22,102.68999999999998,18.029999999999987
3599,2025-05-28,Clothing,North,4,242.97,0.0,0,124.68,971.88,473.15999999999997
3600,2025-11-26,Electronics,West,5,216.18,0.05,0,105.12,1026.855,501.255
3601,2025-09-03,Electronics,North,4,28.73,0.3,0,21.98,80.444,-7.475999999999999
3602,2025-02-10,Clothing,North,5,79.04,0.3,0,40.57,276.64,73.78999999999999
3603,2025-08-10,Grocery,South,5,84.91,0.0,0,71.03,424.54999999999995,69.39999999999998
3604,2025-02-06,Electronics,North,4,217.88,0.3,0,120.24,610.064,129.10399999999998
3605,2025-03-08,Clothing,East,4,50.65,0.15,0,38.21,172.20999999999998,19.369999999999976
3606,2025-07-21,Electronics,South,2,140.74,0.15,0,106.17,239.258,26.918000000000006
3607,2025-11-29,Home,West,2,20.92,0.3,0,16.86,29.288,-4.431999999999999
3608,2025-02-10,Home,South,1,240.33,0.3,1,162.57,0.0,0.0
3609,2025-11-24,Grocery,East,3,167.21,0.05,0,84.1,476.5485,224.2485
3610,2025-01-18,Grocery,West,1,164.41,0.3,0,98.55,115.08699999999999,16.536999999999992
3611,2025-11-27,Clothing,South,3,52.93,0.3,0,23.83,111.15299999999999,39.663
3612,2025-10-06,Clothing,East,5,177.86,0.0,0,106.55,889.3000000000001,356.55000000000007
3613,2025-05-02,Electronics,East,3,212.84,0.05,0,107.31,606.5939999999999,284.66399999999993
3614,2025-01-07,Home,South,3,184.87,0.3,0,152.2,388.227,-68.37299999999999
3615,2025-06-26,Clothing,North,1,200.71,0.05,1,127.84,0.0,0.0
3616,2025-11-16,Home,North,1,98.42,0.15,0,54.4,83.657,29.256999999999998
3617,2025-11-07,Grocery,West,5,82.24,0.05,0,57.98,390.64,100.74000000000001
3618,2025-10-24,Clothing,West,3,46.1,0.0,1,28.47,0.0,0.0
3619,2025-08-02,Grocery,West,2,220.96,0.0,0,118.01,441.92,205.9
3620,2025-03-28,Home,North,4,164.97,0.15,0,92.52,560.898,190.81800000000004
3621,2025-07-10,Clothing,South,3,163.47,0.15,0,74.73,416.84849999999994,192.65849999999995
3622,2025-03-31,Clothing,North,4,214.78,0.0,0,173.13,859.12,166.60000000000002
3623,2025-06-06,Grocery,North,1,39.29,0.0,0,27.79,39.29,11.5
3624,2025-01-17,Clothing,North,1,40.04,0.15,0,25.32,34.034,8.713999999999999
3625,2025-04-19,Grocery,North,3,82.19,0.3,0,47.32,172.599,30.63899999999998
3626,2025-06-24,Electronics,West,2,135.57,0.3,0,79.82,189.79799999999997,30.157999999999987
3627,2025-07-04,Clothing,East,4,116.72,0.05,0,63.61,443.536,189.096
3628,2025-07-24,Grocery,South,2,122.16,0.0,0,102.39,244.32,39.53999999999999
3629,2025-12-28,Clothing,North,5,199.18,0.0,0,111.7,995.9000000000001,437.4000000000001
3630,2025-01-29,Grocery,East,4,139.81,0.3,0,99.28,391.46799999999996,-5.652000000000044
3631,2025-09-01,Grocery,West,5,131.51,0.0,0,95.05,657.55,182.29999999999995
3632,2025-07-07,Electronics,West,2,218.64,0.3,0,133.92,306.09599999999995,38.25599999999997
3633,2025-12-16,Clothing,North,5,90.26,0.3,0,75.51,315.90999999999997,-61.64000000000004
3634,2025-01-31,Home,West,2,103.65,0.05,1,57.56,0.0,0.0
3635,2025-07-26,Grocery,North,2,206.82,0.15,0,128.79,351.594,94.01400000000001
3636,2025-05-11,Home,North,2,127.38,0.3,0,70.52,178.332,37.292
3637,2025-07-14,Electronics,East,2,31.86,0.0,0,22.18,63.72,19.36
3638,2025-09-10,Home,South,4,91.1,0.05,0,49.97,346.17999999999995,146.29999999999995
3639,2025-03-27,Electronics,West,2,64.91,0.15,0,30.62,110.347,49.10699999999999
3640,2025-06-13,Grocery,South,4,156.18,0.15,1,88.42,0.0,0.0
3641,2025-01-08,Clothing,South,4,61.53,0.15,0,49.02,209.202,13.121999999999986
3642,2025-07-06,Grocery,East,4,234.17,0.0,0,160.85,936.68,293.28
3643,2025-08-09,Home,West,2,199.16,0.15,0,143.21,338.572,52.15199999999999
3644,2025-10-30,Home,South,4,157.58,0.05,0,97.53,598.804,208.68399999999997
3645,2025-08-11,Electronics,South,4,213.2,0.3,0,175.16,596.9599999999999,-103.68000000000006
3646,2025-03-28,Clothing,South,5,67.01,0.0,0,38.72,335.05,141.45000000000002
3647,2025-12-12,Grocery,South,5,190.15,0.0,0,129.37,950.75,303.9
3648,2025-07-19,Clothing,East,4,76.42,0.0,0,48.94,305.68,109.92000000000002
3649,2025-02-02,Electronics,East,2,150.43,0.3,0,97.79,210.602,15.021999999999991
3650,2025-10-21,Clothing,East,5,204.72,0.3,0,105.17,716.52,190.66999999999996
3651,2025-04-24,Electronics,East,4,202.56,0.05,0,125.36,769.728,268.28799999999995
3652,2025-02-22,Clothing,East,5,93.23,0.05,0,74.47,442.84250000000003,70.4925
3653,2025-10-28,Electronics,West,5,70.98,0.0,0,44.08,354.90000000000003,134.50000000000006
3654,2025-12-29,Grocery,North,1,23.87,0.15,0,10.96,20.2895,9.3295
3655,2025-06-20,Clothing,North,3,77.83,0.15,0,61.71,198.4665,13.336500000000001
3656,2025-06-18,Electronics,West,1,121.89,0.05,0,91.76,115.79549999999999,24.035499999999985
3657,2025-10-28,Home,South,4,239.65,0.05,0,155.29,910.67,289.51
3658,2025-03-21,Grocery,South,4,24.06,0.15,0,16.75,81.80399999999999,14.803999999999988
3659,2025-01-01,Electronics,South,1,79.41,0.0,0,62.64,79.41,16.769999999999996
3660,2025-02-07,Grocery,North,4,218.78,0.0,0,125.74,875.12,372.16
3661,2025-05-04,Clothing,East,4,93.06,0.0,0,51.87,372.24,164.76000000000002
3662,2025-03-23,Electronics,North,4,64.17,0.0,0,54.32,256.68,39.400000000000006
3663,2025-12-02,Grocery,North,2,199.19,0.0,0,92.17,398.38,214.04
3664,2025-02-12,Clothing,East,2,15.11,0.05,0,9.51,28.708999999999996,9.688999999999997
3665,2025-05-12,Clothing,West,2,51.89,0.0,0,28.64,103.78,46.5
3666,2025-03-24,Electronics,North,3,162.34,0.0,0,131.24,487.02,93.29999999999995
3667,2025-11-10,Electronics,South,2,25.36,0.15,0,11.66,43.111999999999995,19.791999999999994
3668,2025-01-22,Home,North,5,16.49,0.3,0,12.78,57.71499999999999,-6.185000000000009
3669,2025-03-04,Electronics,South,2,76.43,0.05,0,62.93,145.217,19.357000000000014
3670,2025-02-13,Electronics,East,2,96.14,0.15,0,46.53,163.438,70.37799999999999
3671,2025-07-03,Home,South,1,209.57,0.15,0,148.99,178.1345,29.144499999999994
3672,2025-11-14,Electronics,North,5,137.94,0.15,0,68.85,586.245,241.995
3673,2025-02-04,Grocery,East,3,67.43,0.15,0,32.33,171.94650000000001,74.95650000000002
3674,2025-03-03,Clothing,South,5,86.95,0.05,0,72.25,413.0125,51.76249999999999
3675,2025-07-05,Grocery,North,3,163.9,0.15,0,113.67,417.94500000000005,76.93500000000006
3676,2025-01-13,Grocery,West,1,162.95,0.0,0,82.97,162.95,79.97999999999999
3677,2025-03-14,Electronics,East,2,176.79,0.15,0,83.88,300.543,132.78300000000002
3678,2025-02-05,Home,East,3,36.77,0.3,0,23.58,77.217,6.477000000000004
3679,2025-04-15,Home,South,2,106.34,0.0,0,90.01,212.68,32.66
3680,2025-08-17,Clothing,North,1,143.6,0.15,0,73.25,122.05999999999999,48.80999999999999
3681,2025-03-24,Clothing,West,5,98.25,0.05,0,59.63,466.6875,168.53749999999997
3682,2025-05-04,Electronics,North,2,100.16,0.05,0,67.03,190.30399999999997,56.24399999999997
3683,2025-08-16,Grocery,North,3,22.04,0.0,0,13.44,66.12,25.800000000000004
3684,2025-01-27,Clothing,South,5,125.2,0.15,0,57.86,532.1,242.8
3685,2025-04-26,Electronics,West,4,123.77,0.3,0,62.13,346.556,98.03599999999997
3686,2025-05-04,Clothing,South,1,93.33,0.15,1,52.38,0.0,0.0
3687,2025-02-19,Electronics,West,4,181.41,0.15,0,116.92,616.794,149.11399999999998
3688,2025-01-17,Home,South,3,116.42,0.3,0,79.49,244.48199999999997,6.0120000000000005
3689,2025-09-18,Electronics,South,3,234.92,0.3,0,128.92,493.33199999999994,106.57199999999995
3690,2025-12-19,Clothing,West,5,51.75,0.3,0,36.62,181.125,-1.9749999999999943
3691,2025-08-02,Clothing,West,5,202.41,0.05,0,150.66,961.4474999999999,208.14749999999992
3692,2025-12-24,Grocery,East,2,79.67,0.05,0,45.23,151.373,60.913
3693,2025-12-30,Grocery,East,4,53.79,0.05,0,37.78,204.402,53.28199999999998
3694,2025-07-08,Clothing,West,5,79.7,0.15,0,57.52,338.72499999999997,51.12499999999994
3695,2025-12-05,Home,North,1,22.89,0.0,0,19.27,22.89,3.620000000000001
3696,2025-10-30,Clothing,West,5,240.92,0.05,0,155.05,1144.37,369.1199999999999
3697,2025-10-28,Clothing,East,3,188.6,0.15,0,87.92,480.92999999999995,217.16999999999996
3698,2025-02-16,Electronics,North,2,73.37,0.0,0,40.84,146.74,65.06
3699,2025-02-20,Home,South,1,192.4,0.15,0,126.57,163.54,36.97
3700,2025-02-01,Clothing,South,4,83.48,0.3,0,42.17,233.744,65.064
3701,2025-04-05,Home,North,1,174.58,0.0,0,108.31,174.58,66.27000000000001
3702,2025-10-05,Electronics,West,5,218.81,0.05,0,105.76,1039.3474999999999,510.5474999999998
3703,2025-10-09,Electronics,North,2,205.59,0.3,1,131.64,0.0,0.0
3704,2025-09-05,Home,North,5,227.11,0.3,0,172.39,794.8850000000001,-67.06499999999983
3705,2025-08-28,Grocery,North,2,171.19,0.05,0,141.79,325.26099999999997,41.68099999999998
3706,2025-03-23,Grocery,West,4,88.12,0.15,0,70.18,299.608,18.887999999999977
3707,2025-05-16,Electronics,East,5,207.54,0.0,0,139.56,1037.7,339.9000000000001
3708,2025-05-30,Grocery,East,5,223.53,0.15,0,100.61,950.0025,446.95250000000004
3709,2025-07-29,Electronics,West,1,86.65,0.3,0,61.06,60.655,-0.40500000000000114
3710,2025-01-05,Home,South,5,176.7,0.05,0,96.41,839.3249999999999,357.275
3711,2025-01-09,Home,North,2,146.91,0.0,0,110.9,293.82,72.01999999999998
3712,2025-03-20,Home,East,5,181.18,0.05,0,124.67,860.605,237.255
3713,2025-11-11,Clothing,West,4,116.15,0.05,0,97.51,441.37,51.329999999999984
3714,2025-08-26,Grocery,East,1,36.16,0.05,0,16.99,34.352,17.362
3715,2025-09-24,Clothing,South,3,101.4,0.0,0,65.88,304.20000000000005,106.56000000000006
3716,2025-03-07,Clothing,East,1,210.34,0.0,0,178.29,210.34,32.05000000000001
3717,2025-04-21,Clothing,South,3,189.3,0.05,0,118.99,539.5050000000001,182.53500000000014
3718,2025-11-12,Electronics,North,3,201.89,0.05,0,154.0,575.3865,113.38649999999996
3719,2025-01-07,Home,West,3,18.53,0.0,0,8.39,55.59,30.42
3720,2025-04-06,Grocery,East,4,229.56,0.05,0,107.59,872.328,441.96799999999996
3721,2025-08-15,Home,East,2,104.14,0.0,0,49.36,208.28,109.56
3722,2025-11-27,Electronics,West,2,49.26,0.05,0,22.28,93.594,49.03399999999999
3723,2025-07-05,Home,East,2,195.72,0.3,0,94.89,274.008,84.22799999999998
3724,2025-07-07,Electronics,East,1,235.74,0.15,0,193.76,200.379,6.619
3725,2025-01-21,Grocery,South,5,49.7,0.0,0,24.65,248.5,125.25
3726,2025-01-11,Grocery,East,2,84.82,0.15,0,51.14,144.194,41.91399999999999
3727,2025-05-25,Grocery,South,4,208.29,0.3,0,123.18,583.212,90.49199999999996
3728,2025-12-24,Grocery,West,5,65.27,0.05,0,55.03,310.03249999999997,34.88249999999999
3729,2025-10-19,Grocery,South,4,159.77,0.3,0,81.99,447.356,119.39600000000002
3730,2025-01-24,Home,East,1,185.22,0.0,0,94.81,185.22,90.41
3731,2025-10-12,Grocery,South,1,59.47,0.0,0,28.55,59.47,30.919999999999998
3732,2025-06-03,Grocery,West,5,44.53,0.3,0,27.25,155.855,19.60499999999999
3733,2025-11-14,Home,West,1,232.22,0.05,0,141.7,220.60899999999998,78.90899999999999
3734,2025-07-03,Electronics,East,2,165.09,0.05,0,128.56,313.671,56.55099999999999
3735,2025-01-08,Clothing,North,5,175.54,0.0,0,139.82,877.6999999999999,178.60000000000002
3736,2025-07-03,Electronics,East,3,246.34,0.3,0,148.9,517.314,70.61399999999992
3737,2025-08-22,Electronics,East,3,100.64,0.0,0,65.15,301.92,106.47
3738,2025-01-17,Electronics,North,5,137.55,0.15,0,65.58,584.5875,256.6875
3739,2025-02-15,Home,West,3,130.9,0.15,0,101.55,333.795,29.14500000000004
3740,2025-09-01,Electronics,East,5,207.11,0.3,0,165.38,724.8850000000001,-102.01499999999987
3741,2025-02-27,Home,West,4,80.8,0.0,1,60.25,0.0,0.0
3742,2025-05-24,Electronics,South,5,110.98,0.15,0,73.86,471.66499999999996,102.36499999999995
3743,2025-07-13,Clothing,North,3,90.74,0.15,1,65.76,0.0,0.0
3744,2025-02-24,Home,North,1,102.27,0.05,0,53.22,97.1565,43.936499999999995
3745,2025-06-30,Home,South,1,57.71,0.15,0,36.1,49.0535,12.953499999999998
3746,2025-02-12,Home,North,2,205.09,0.0,0,169.51,410.18,71.16000000000003
3747,2025-08-28,Clothing,West,4,73.23,0.0,0,46.1,292.92,108.52000000000001
3748,2025-03-01,Clothing,West,2,80.85,0.3,0,57.96,113.18999999999998,-2.730000000000018
3749,2025-10-09,Home,South,4,47.94,0.3,0,28.95,134.232,18.432000000000002
3750,2025-12-08,Electronics,North,2,47.21,0.15,0,35.94,80.257,8.37700000000001
3751,2025-10-29,Grocery,East,3,161.66,0.3,0,94.69,339.486,55.416
3752,2025-04-25,Electronics,South,2,168.08,0.0,0,99.34,336.16,137.48000000000002
3753,2025-11-21,Grocery,East,4,50.98,0.05,0,37.59,193.724,43.363999999999976
3754,2025-04-08,Clothing,West,4,100.4,0.15,0,48.82,341.36,146.08
3755,2025-12-07,Electronics,East,2,206.61,0.05,1,168.48,0.0,0.0
3756,2025-05-11,Grocery,West,3,174.14,0.3,0,94.21,365.69399999999996,83.06399999999996
3757,2025-07-06,Clothing,East,4,151.87,0.15,0,86.65,516.358,169.75799999999992
3758,2025-04-15,Grocery,East,5,97.9,0.3,0,82.63,342.65,-70.5
3759,2025-12-14,Electronics,North,5,46.95,0.05,0,28.17,223.0125,82.16249999999997
3760,2025-03-04,Clothing,East,1,179.15,0.05,0,131.35,170.1925,38.8425
3761,2025-02-11,Grocery,North,3,164.38,0.3,0,123.58,345.198,-25.54200000000003
3762,2025-07-19,Clothing,East,1,154.77,0.3,0,103.37,108.339,4.968999999999994
3763,2025-01-13,Electronics,North,5,113.55,0.0,0,93.53,567.75,100.10000000000002
3764,2025-07-14,Clothing,South,4,38.89,0.0,0,26.35,155.56,50.16
3765,2025-08-24,Home,East,3,83.21,0.05,0,68.02,237.14849999999998,33.08849999999998
3766,2025-09-20,Clothing,North,4,96.76,0.0,0,53.25,387.04,174.04000000000002
3767,2025-12-18,Electronics,South,5,231.02,0.05,0,113.09,1097.345,531.895
3768,2025-08-04,Home,West,1,137.91,0.05,0,95.68,131.0145,35.33449999999999
3769,2025-10-22,Grocery,West,5,15.2,0.05,0,10.78,72.2,18.300000000000004
3770,2025-01-09,Grocery,East,1,106.58,0.3,0,58.82,74.606,15.785999999999994
3771,2025-05-17,Clothing,North,5,127.91,0.15,0,101.44,543.6175,36.41749999999996
3772,2025-08-04,Clothing,North,2,163.28,0.0,0,115.73,326.56,95.1
3773,2025-11-24,Grocery,South,2,157.5,0.05,0,133.27,299.25,32.70999999999998
3774,2025-04-07,Home,North,1,172.88,0.0,0,84.31,172.88,88.57
3775,2025-07-25,Home,West,3,101.44,0.0,0,86.09,304.32,46.05000000000001
3776,2025-12-23,Electronics,East,1,204.42,0.3,0,170.26,143.094,-27.165999999999997
3777,2025-12-13,Home,West,2,16.48,0.0,0,9.94,32.96,13.080000000000002
3778,2025-08-07,Clothing,South,5,247.14,0.3,0,173.65,864.9899999999998,-3.2600000000002183
3779,2025-12-29,Grocery,South,4,244.53,0.3,0,170.1,684.684,4.283999999999992
3780,2025-05-16,Clothing,West,5,154.68,0.15,1,124.75,0.0,0.0
3781,2025-04-24,Grocery,West,2,249.88,0.05,1,149.76,0.0,0.0
3782,2025-04-11,Clothing,West,1,183.73,0.3,0,146.37,128.611,-17.759000000000015
3783,2025-02-28,Grocery,East,4,211.96,0.15,0,169.59,720.664,42.303999999999974
3784,2025-12-29,Clothing,West,2,142.64,0.05,0,110.99,271.01599999999996,49.03599999999997
3785,2025-03-19,Electronics,South,2,33.27,0.15,0,16.54,56.559000000000005,23.479000000000006
3786,2025-07-07,Clothing,North,1,244.93,0.0,0,202.76,244.93,42.170000000000016
3787,2025-12-26,Grocery,West,1,131.65,0.3,0,67.23,92.155,24.924999999999997
3788,2025-10-02,Grocery,South,2,157.88,0.0,0,83.65,315.76,148.45999999999998
3789,2025-03-10,Clothing,North,4,164.19,0.05,1,138.03,0.0,0.0
3790,2025-01-20,Grocery,West,3,232.56,0.05,0,190.65,662.796,90.846
3791,2025-03-17,Clothing,East,2,212.27,0.15,0,167.37,360.859,26.11899999999997
3792,2025-11-14,Grocery,West,2,96.56,0.15,0,58.62,164.152,46.91199999999999
3793,2025-06-11,Electronics,South,1,131.75,0.05,0,82.69,125.1625,42.4725
3794,2025-09-01,Clothing,North,2,156.54,0.0,0,86.71,313.08,139.66
3795,2025-09-07,Clothing,South,2,97.22,0.3,1,59.12,0.0,0.0
3796,2025-10-04,Electronics,East,4,243.28,0.3,0,182.69,681.184,-49.57600000000002
3797,2025-08-03,Home,West,2,49.28,0.3,0,41.72,68.99199999999999,-14.448000000000008
3798,2025-02-22,Home,South,1,156.72,0.0,0,128.74,156.72,27.97999999999999
3799,2025-06-25,Home,North,4,195.59,0.15,0,120.08,665.006,184.68599999999998
3800,2025-11-09,Grocery,West,5,223.68,0.15,0,172.66,950.6400000000001,87.34000000000015
3801,2025-12-31,Grocery,North,4,96.56,0.15,0,51.75,328.304,121.30399999999997
3802,2025-03-24,Clothing,East,4,63.73,0.0,0,45.24,254.92,73.95999999999998
3803,2025-09-29,Home,West,2,117.11,0.15,0,57.43,199.087,84.22699999999999
3804,2025-01-20,Grocery,North,5,227.07,0.3,0,170.83,794.7449999999999,-59.4050000000002
3805,2025-07-31,Grocery,South,5,140.24,0.15,0,106.16,596.02,65.22000000000003
3806,2025-05-05,Grocery,North,1,238.77,0.3,0,150.05,167.139,17.089
3807,2025-06-23,Clothing,North,1,31.8,0.0,0,19.97,31.8,11.830000000000002
3808,2025-05-08,Grocery,East,2,107.24,0.3,0,59.56,150.136,31.01599999999999
3809,2025-03-05,Home,East,5,148.21,0.3,0,90.3,518.735,67.23500000000001
3810,2025-12-23,Electronics,South,1,94.91,0.15,0,76.33,80.67349999999999,4.343499999999992
3811,2025-10-01,Electronics,North,5,190.53,0.15,0,133.18,809.7524999999999,143.85249999999985
3812,2025-03-20,Home,East,1,32.92,0.3,0,18.37,23.044,4.6739999999999995
3813,2025-04-13,Home,South,5,160.84,0.3,0,134.75,562.9399999999999,-110.81000000000006
3814,2025-11-13,Grocery,North,1,238.44,0.15,0,195.29,202.674,7.3840000000000146
3815,2025-07-28,Clothing,West,2,53.16,0.0,0,33.42,106.32,39.47999999999999
3816,2025-08-23,Home,East,1,209.89,0.05,0,167.05,199.39549999999997,32.34549999999996
3817,2025-11-12,Grocery,West,1,198.74,0.3,0,98.87,139.118,40.24799999999999
3818,2025-04-02,Grocery,East,3,64.43,0.0,0,49.37,193.29000000000002,45.180000000000035
3819,2025-07-23,Grocery,South,1,90.06,0.0,0,69.23,90.06,20.83
3820,2025-12-18,Electronics,West,1,66.49,0.05,0,39.5,63.165499999999994,23.665499999999994
3821,2025-07-11,Home,West,5,52.05,0.3,0,35.39,182.17499999999998,5.224999999999994
3822,2025-08-10,Electronics,East,4,127.69,0.0,0,91.52,510.76,144.68
3823,2025-01-16,Home,South,3,44.48,0.15,0,27.6,113.42399999999999,30.62399999999998
3824,2025-09-12,Electronics,South,3,28.39,0.3,0,14.11,59.619,17.289
3825,2025-05-25,Home,West,1,249.72,0.15,0,135.95,212.262,76.31200000000001
3826,2025-11-30,Grocery,East,2,62.51,0.05,0,28.97,118.76899999999999,60.82899999999999
3827,2025-11-29,Clothing,East,1,43.07,0.05,0,28.4,40.9165,12.5165
3828,2025-07-09,Clothing,West,2,148.33,0.3,0,101.76,207.662,4.141999999999996
3829,2025-02-17,Electronics,West,1,135.06,0.15,0,85.81,114.801,28.991
3830,2025-01-22,Home,East,4,220.47,0.0,1,147.65,0.0,0.0
3831,2025-03-29,Grocery,West,1,73.83,0.05,0,51.25,70.1385,18.888499999999993
3832,2025-01-06,Grocery,West,5,136.5,0.05,0,67.29,648.375,311.92499999999995
3833,2025-10-30,Electronics,East,5,56.67,0.15,0,26.39,240.84750000000003,108.89750000000004
3834,2025-05-09,Clothing,East,2,43.53,0.3,0,35.49,60.942,-10.038000000000004
3835,2025-01-17,Clothing,West,4,62.52,0.15,0,51.67,212.568,5.888000000000005
3836,2025-01-22,Grocery,West,5,124.3,0.05,0,83.36,590.425,173.62499999999994
3837,2025-04-21,Clothing,North,3,179.31,0.15,0,103.79,457.24050000000005,145.87050000000005
3838,2025-02-13,Grocery,West,5,221.91,0.0,0,109.86,1109.55,560.25
3839,2025-11-11,Electronics,South,3,129.94,0.3,0,75.0,272.87399999999997,47.87399999999997
3840,2025-07-23,Electronics,South,5,65.49,0.0,0,30.39,327.45,175.5
3841,2025-05-12,Clothing,West,5,219.18,0.3,1,123.19,0.0,0.0
3842,2025-06-01,Clothing,East,4,84.24,0.05,0,66.95,320.11199999999997,52.311999999999955
3843,2025-12-25,Clothing,South,4,170.61,0.15,0,123.53,580.0740000000001,85.95400000000006
3844,2025-12-06,Grocery,West,5,76.53,0.05,0,41.81,363.5175,154.46749999999997
3845,2025-10-11,Home,East,5,135.23,0.0,0,109.93,676.15,126.49999999999989
3846,2025-02-17,Home,South,2,130.26,0.05,0,65.7,247.49399999999997,116.09399999999997
3847,2025-01-10,Grocery,East,2,187.25,0.05,1,117.75,0.0,0.0
3848,2025-09-21,Clothing,West,5,160.25,0.0,0,116.98,801.25,216.35000000000002
3849,2025-11-07,Home,North,2,172.33,0.3,1,108.72,0.0,0.0
3850,2025-04-14,Grocery,South,5,66.94,0.15,0,33.91,284.495,114.94500000000002
3851,2025-06-22,Grocery,East,5,240.7,0.3,0,143.83,842.4499999999999,123.29999999999984
3852,2025-09-01,Home,West,2,94.43,0.0,0,54.07,188.86,80.72000000000001
3853,2025-07-30,Grocery,East,5,61.88,0.3,0,30.69,216.58,63.129999999999995
3854,2025-03-04,Grocery,South,1,160.11,0.3,0,109.94,112.077,2.1370000000000005
3855,2025-05-28,Grocery,West,3,60.64,0.05,0,31.64,172.824,77.90400000000001
3856,2025-07-09,Clothing,North,3,221.95,0.0,0,121.08,665.8499999999999,302.6099999999999
3857,2025-08-20,Grocery,West,3,142.6,0.0,0,103.55,427.79999999999995,117.14999999999998
3858,2025-05-06,Home,East,3,210.12,0.05,0,149.43,598.842,150.55199999999996
3859,2025-08-17,Clothing,West,1,60.12,0.15,1,42.61,0.0,0.0
3860,2025-10-19,Clothing,West,2,159.55,0.0,0,120.72,319.1,77.66000000000003
3861,2025-04-02,Electronics,North,3,184.12,0.0,1,115.71,0.0,0.0
3862,2025-09-12,Home,South,1,24.5,0.05,0,15.89,23.275,7.384999999999998
3863,2025-06-14,Electronics,East,3,239.57,0.15,0,176.0,610.9035,82.90350000000001
3864,2025-01-20,Electronics,East,5,206.08,0.3,0,114.6,721.28,148.27999999999997
3865,2025-07-14,Electronics,West,4,19.87,0.15,0,11.87,67.558,20.07800000000001
3866,2025-06-18,Electronics,East,2,38.9,0.3,0,26.75,54.459999999999994,0.9599999999999937
3867,2025-02-18,Clothing,South,3,39.45,0.3,0,19.74,82.845,23.625
3868,2025-02-10,Clothing,North,1,216.52,0.05,0,104.47,205.694,101.22399999999999
3869,2025-03-17,Electronics,West,3,115.85,0.0,0,85.76,347.54999999999995,90.26999999999992
3870,2025-08-11,Home,South,4,95.0,0.3,1,43.07,0.0,0.0
3871,2025-07-30,Electronics,North,5,145.3,0.0,0,91.49,726.5,269.05
3872,2025-10-24,Grocery,West,4,136.91,0.15,0,73.02,465.49399999999997,173.414
3873,2025-09-23,Home,South,5,233.83,0.05,0,182.3,1110.6925,199.1925000000001
3874,2025-08-13,Home,South,3,232.35,0.15,0,132.1,592.4925,196.1925
3875,2025-07-29,Electronics,West,5,79.77,0.3,0,64.76,279.19499999999994,-44.605000000000075
3876,2025-07-08,Clothing,North,5,30.77,0.3,0,20.71,107.695,4.144999999999982
3877,2025-06-14,Electronics,North,2,43.95,0.05,0,26.97,83.505,29.564999999999998
3878,2025-10-31,Home,East,2,81.47,0.3,0,37.53,114.05799999999999,38.99799999999999
3879,2025-02-15,Electronics,North,5,139.55,0.3,0,117.27,488.42499999999995,-97.92500000000007
3880,2025-01-17,Grocery,South,3,248.32,0.15,0,120.09,633.216,272.946
3881,2025-06-08,Electronics,South,4,206.84,0.3,0,119.07,579.1519999999999,102.87199999999996
3882,2025-08-10,Clothing,South,4,193.45,0.15,0,101.93,657.7299999999999,250.00999999999988
3883,2025-01-11,Electronics,South,1,111.1,0.3,0,87.79,77.77,-10.02000000000001
3884,2025-04-28,Home,East,5,215.93,0.05,0,143.16,1025.6675,309.86750000000006
3885,2025-07-15,Grocery,West,3,229.95,0.15,1,187.86,0.0,0.0
3886,2025-11-28,Electronics,North,2,157.58,0.15,0,132.3,267.886,3.2860000000000014
3887,2025-04-05,Electronics,North,2,240.72,0.05,0,121.29,457.368,214.78799999999998
3888,2025-03-10,Electronics,South,4,159.48,0.3,0,102.26,446.5439999999999,37.503999999999905
3889,2025-05-12,Clothing,North,5,73.57,0.15,0,46.58,312.67249999999996,79.77249999999998
3890,2025-03-19,Clothing,North,2,38.45,0.0,0,28.96,76.9,18.980000000000004
3891,2025-12-18,Electronics,North,3,25.53,0.3,0,16.1,53.613,5.312999999999995
3892,2025-07-26,Clothing,East,4,23.47,0.15,0,14.8,79.79799999999999,20.597999999999985
3893,2025-03-11,Grocery,North,2,223.54,0.3,0,175.76,312.95599999999996,-38.56400000000002
3894,2025-09-09,Electronics,North,4,245.93,0.15,0,111.78,836.162,389.04200000000003
3895,2025-09-18,Home,West,3,221.32,0.0,0,119.22,663.96,306.30000000000007
3896,2025-11-13,Electronics,West,5,25.19,0.3,0,15.41,88.16499999999999,11.114999999999995
3897,2025-07-25,Clothing,East,4,101.9,0.05,0,78.95,387.22,71.42000000000002
3898,2025-05-19,Grocery,North,4,18.47,0.0,0,9.23,73.88,36.959999999999994
3899,2025-05-14,Electronics,East,2,168.56,0.3,0,143.04,235.98399999999998,-50.096000000000004
3900,2025-02-19,Grocery,West,1,46.83,0.05,0,23.64,44.488499999999995,20.848499999999994
3901,2025-06-14,Clothing,East,4,81.33,0.05,0,58.35,309.054,75.65399999999997
3902,2025-03-11,Grocery,South,3,85.54,0.0,0,57.62,256.62,83.76000000000002
3903,2025-08-01,Electronics,South,5,88.41,0.15,0,60.66,375.74249999999995,72.4425
3904,2025-10-16,Clothing,East,3,160.99,0.3,0,79.69,338.079,99.00900000000001
3905,2025-04-01,Grocery,East,3,104.7,0.0,0,49.4,314.1,165.90000000000003
3906,2025-02-11,Electronics,South,4,136.57,0.0,0,77.52,546.28,236.2
3907,2025-11-19,Home,East,2,167.6,0.05,0,124.33,318.44,69.78
3908,2025-09-23,Electronics,North,2,116.7,0.05,0,67.96,221.73,85.81
3909,2025-03-01,Grocery,West,4,192.86,0.15,0,132.61,655.724,125.28399999999999
3910,2025-02-23,Grocery,North,2,169.35,0.3,1,97.0,0.0,0.0
3911,2025-07-12,Home,North,5,170.85,0.05,0,144.35,811.5374999999999,89.78749999999991
3912,2025-12-16,Home,West,4,179.21,0.0,0,129.05,716.84,200.64
3913,2025-04-20,Grocery,North,1,70.36,0.0,0,32.64,70.36,37.72
3914,2025-12-05,Home,North,3,207.39,0.15,0,94.13,528.8444999999999,246.45449999999994
3915,2025-01-08,Clothing,West,3,234.08,0.05,0,150.35,667.1279999999999,216.07799999999997
3916,2025-06-28,Electronics,West,1,63.94,0.15,0,52.62,54.349,1.7289999999999992
3917,2025-12-09,Electronics,North,4,24.94,0.0,0,20.09,99.76,19.400000000000006
3918,2025-03-16,Electronics,West,2,60.87,0.0,0,33.59,121.74,54.55999999999999
3919,2025-06-19,Home,North,1,166.38,0.3,0,107.57,116.466,8.896
3920,2025-11-27,Electronics,South,5,230.26,0.05,1,145.15,0.0,0.0
3921,2025-03-31,Home,North,3,108.0,0.3,0,83.92,226.79999999999998,-24.960000000000008
3922,2025-08-19,Electronics,East,3,203.72,0.3,0,120.91,427.81199999999995,65.08199999999994
3923,2025-10-19,Electronics,West,4,188.88,0.15,0,156.54,642.192,16.03200000000004
3924,2025-07-01,Clothing,South,2,44.67,0.15,0,33.1,75.93900000000001,9.739000000000004
3925,2025-04-29,Clothing,South,3,52.78,0.15,0,40.7,134.589,12.48899999999999
3926,2025-10-04,Home,East,5,47.27,0.15,0,26.18,200.8975,69.9975
3927,2025-12-01,Electronics,East,5,18.48,0.3,0,13.43,64.68,-2.469999999999999
3928,2025-12-24,Grocery,East,1,179.71,0.05,0,138.85,170.7245,31.874500000000012
3929,2025-12-01,Clothing,South,3,213.2,0.05,0,127.61,607.6199999999999,224.7899999999999
3930,2025-07-14,Electronics,South,4,170.21,0.05,0,84.79,646.798,307.638
3931,2025-04-01,Electronics,South,1,68.22,0.15,0,39.48,57.986999999999995,18.506999999999998
3932,2025-01-17,Home,North,4,108.49,0.0,0,75.46,433.96,132.12
3933,2025-03-20,Electronics,East,5,24.71,0.0,0,20.21,123.55000000000001,22.5
3934,2025-03-27,Home,East,2,58.2,0.0,0,32.2,116.4,52.0
3935,2025-04-02,Home,East,5,173.03,0.3,0,128.57,605.6049999999999,-37.245000000000005
3936,2025-04-02,Electronics,North,3,54.46,0.15,1,45.62,0.0,0.0
3937,2025-06-28,Home,North,5,225.28,0.05,0,170.01,1070.08,220.02999999999997
3938,2025-03-17,Grocery,North,3,143.85,0.0,0,81.93,431.54999999999995,185.75999999999993
3939,2025-10-11,Clothing,East,2,110.64,0.05,0,84.27,210.21599999999998,41.67599999999999
3940,2025-10-30,Electronics,East,2,119.03,0.15,0,97.88,202.351,6.591000000000008
3941,2025-07-28,Grocery,East,4,136.33,0.15,1,85.29,0.0,0.0
3942,2025-08-08,Grocery,East,4,164.39,0.15,0,103.43,558.9259999999999,145.2059999999999
3943,2025-07-20,Grocery,North,1,218.29,0.0,0,140.83,218.29,77.45999999999998
3944,2025-05-31,Grocery,East,3,125.84,0.15,0,68.48,320.892,115.452
3945,2025-09-16,Clothing,North,1,72.42,0.15,0,48.49,61.557,13.067
3946,2025-01-07,Clothing,North,2,36.61,0.0,0,19.53,73.22,34.16
3947,2025-03-04,Home,North,2,29.79,0.3,0,20.65,41.705999999999996,0.4059999999999988
3948,2025-08-31,Electronics,South,3,19.88,0.05,0,13.32,56.658,16.698
3949,2025-09-06,Grocery,North,3,81.33,0.3,0,65.25,170.793,-24.956999999999994
3950,2025-09-13,Grocery,East,2,116.43,0.3,0,59.33,163.002,44.34200000000001
3951,2025-09-24,Home,South,2,35.07,0.0,0,18.64,70.14,32.86
3952,2025-10-05,Electronics,East,5,138.67,0.15,0,85.83,589.3474999999999,160.19749999999988
3953,2025-05-24,Clothing,North,2,242.1,0.3,0,188.89,338.94,-38.839999999999975
3954,2025-07-13,Grocery,South,3,217.15,0.0,0,133.35,651.45,251.4000000000001
3955,2025-04-09,Grocery,South,4,166.39,0.3,0,80.19,465.89199999999994,145.13199999999995
3956,2025-09-20,Grocery,West,4,173.4,0.15,0,127.67,589.5600000000001,78.88000000000005
3957,2025-02-22,Home,East,4,194.95,0.05,0,110.36,740.81,299.36999999999995
3958,2025-11-13,Clothing,East,1,186.06,0.3,0,96.78,130.242,33.46199999999999
3959,2025-12-30,Electronics,West,2,115.73,0.0,0,94.97,231.46,41.52000000000001
3960,2025-04-28,Clothing,North,1,215.34,0.3,0,149.16,150.738,1.578000000000003
3961,2025-11-09,Grocery,West,5,40.18,0.15,0,29.24,170.765,24.564999999999998
3962,2025-06-10,Electronics,South,5,71.94,0.05,0,36.7,341.715,158.21499999999997
3963,2025-12-03,Electronics,West,2,67.48,0.05,0,36.74,128.212,54.731999999999985
3964,2025-06-23,Grocery,East,2,31.51,0.15,0,16.33,53.567,20.907000000000004
3965,2025-02-16,Grocery,North,3,52.92,0.0,0,34.84,158.76,54.23999999999998
3966,2025-11-01,Grocery,North,1,167.61,0.0,0,132.01,167.61,35.60000000000002
3967,2025-05-11,Clothing,East,4,118.53,0.3,0,72.0,331.88399999999996,43.88399999999996
3968,2025-02-18,Home,South,1,244.54,0.05,0,205.43,232.313,26.88299999999998
3969,2025-12-19,Electronics,West,3,76.66,0.3,0,39.03,160.986,43.89599999999999
3970,2025-04-17,Home,West,5,65.0,0.3,0,44.13,227.49999999999997,6.849999999999966
3971,2025-09-29,Clothing,South,1,104.38,0.0,0,48.46,104.38,55.919999999999995
3972,2025-10-05,Electronics,West,4,37.64,0.3,0,18.58,105.392,31.072000000000003
3973,2025-02-12,Electronics,North,4,182.2,0.0,0,96.15,728.8,344.19999999999993
3974,2025-07-10,Electronics,East,1,63.26,0.15,0,42.65,53.770999999999994,11.120999999999995
3975,2025-03-07,Clothing,North,4,118.49,0.05,0,81.45,450.26199999999994,124.46199999999993
3976,2025-02-23,Clothing,North,1,215.93,0.15,0,161.03,183.5405,22.510500000000008
3977,2025-10-15,Electronics,East,5,107.83,0.0,0,59.0,539.15,244.14999999999998
3978,2025-10-20,Home,West,4,226.19,0.0,0,134.8,904.76,365.55999999999995
3979,2025-07-07,Electronics,South,3,226.3,0.15,0,116.44,577.065,227.74500000000006
3980,2025-06-05,Electronics,North,4,178.04,0.15,0,145.99,605.336,21.375999999999976
3981,2025-06-11,Electronics,North,4,139.95,0.0,0,113.88,559.8,104.27999999999997
3982,2025-01-11,Clothing,East,5,125.99,0.15,0,84.56,535.4575,112.65749999999997
3983,2025-07-09,Grocery,South,1,81.17,0.3,0,44.13,56.818999999999996,12.688999999999993
3984,2025-03-10,Clothing,South,5,143.59,0.0,1,121.8,0.0,0.0
3985,2025-12-03,Clothing,South,4,142.2,0.3,0,114.31,398.15999999999997,-59.08000000000004
3986,2025-07-25,Home,North,2,102.24,0.15,0,57.09,173.808,59.627999999999986
3987,2025-11-04,Grocery,South,2,49.59,0.3,0,40.15,69.426,-10.873999999999995
3988,2025-03-27,Clothing,East,5,16.11,0.3,0,12.18,56.38499999999999,-4.515000000000008
3989,2025-03-06,Grocery,South,5,39.19,0.3,0,28.13,137.165,-3.4850000000000136
3990,2025-01-15,Clothing,South,3,78.32,0.05,0,47.03,223.21199999999996,82.12199999999996
3991,2025-07-26,Home,East,4,173.02,0.05,0,134.19,657.476,120.71600000000001
3992,2025-01-16,Home,East,2,26.06,0.15,1,14.19,0.0,0.0
3993,2025-02-09,Electronics,North,3,83.21,0.05,0,56.02,237.14849999999998,69.08849999999998
3994,2025-02-06,Grocery,West,3,185.66,0.0,1,139.38,0.0,0.0
3995,2025-05-17,Electronics,North,1,220.43,0.05,0,148.5,209.4085,60.908500000000004
3996,2025-03-04,Clothing,West,3,118.93,0.0,0,84.2,356.79,104.19
3997,2025-09-04,Home,West,5,21.95,0.15,0,10.25,93.2875,42.037499999999994
3998,2025-10-30,Grocery,North,1,217.92,0.3,0,154.24,152.54399999999998,-1.6960000000000264
3999,2025-05-28,Home,South,2,248.48,0.15,0,133.19,422.416,156.036
4000,2025-10-09,Grocery,East,2,65.59,0.3,0,35.5,91.826,20.825999999999993
4001,2025-07-29,Home,South,1,50.08,0.05,0,40.57,47.57599999999999,7.005999999999993
4002,2025-10-27,Grocery,West,5,68.63,0.0,1,35.88,0.0,0.0
4003,2025-01-23,Grocery,East,4,177.75,0.0,0,100.51,711.0,308.96
4004,2025-03-06,Grocery,North,4,112.38,0.3,0,90.15,314.664,-45.936000000000035
4005,2025-04-30,Home,South,2,203.6,0.3,0,117.86,285.03999999999996,49.319999999999965
4006,2025-11-24,Grocery,South,4,206.0,0.15,0,172.21,700.4,11.559999999999945
4007,2025-01-05,Electronics,West,1,153.16,0.0,0,108.21,153.16,44.95
4008,2025-05-31,Grocery,West,3,29.39,0.0,0,15.29,88.17,42.300000000000004
4009,2025-11-11,Electronics,North,3,182.37,0.3,0,85.09,382.977,127.70699999999997
4010,2025-09-16,Electronics,East,2,179.87,0.05,0,130.73,341.753,80.293
4011,2025-08-05,Grocery,North,4,140.05,0.0,1,113.89,0.0,0.0
4012,2025-02-08,Home,East,3,214.5,0.3,0,143.64,450.45,19.53000000000003
4013,2025-10-05,Clothing,West,2,138.74,0.15,0,84.06,235.858,67.738
4014,2025-05-01,Electronics,West,5,132.83,0.15,0,87.94,564.5275,124.82750000000004
4015,2025-11-23,Home,North,3,192.66,0.05,0,159.29,549.081,71.21100000000001
4016,2025-05-26,Home,South,1,21.35,0.0,0,17.39,21.35,3.960000000000001
4017,2025-05-21,Clothing,West,5,245.77,0.05,0,190.33,1167.4075,215.75749999999994
4018,2025-02-17,Electronics,South,5,173.26,0.3,0,103.77,606.41,87.55999999999995
4019,2025-08-18,Clothing,South,2,111.89,0.3,0,63.31,156.646,30.025999999999982
4020,2025-03-26,Clothing,West,3,80.05,0.3,0,55.87,168.10499999999996,0.4949999999999761
4021,2025-01-30,Home,North,1,87.97,0.05,0,56.05,83.5715,27.521500000000003
4022,2025-04-18,Clothing,North,2,248.43,0.0,0,176.51,496.86,143.84000000000003
4023,2025-09-22,Home,West,4,215.17,0.15,0,116.77,731.578,264.498
4024,2025-12-12,Electronics,South,5,37.7,0.3,0,31.23,131.95,-24.200000000000017
4025,2025-04-06,Home,East,1,24.39,0.05,0,17.83,23.1705,5.340500000000002
4026,2025-12-28,Home,South,5,89.73,0.3,0,51.62,314.055,55.95500000000004
4027,2025-01-28,Grocery,South,2,97.41,0.0,0,51.9,194.82,91.02
4028,2025-10-06,Grocery,West,2,188.83,0.3,0,147.08,264.362,-29.798000000000002
4029,2025-12-06,Electronics,South,3,123.55,0.0,0,64.96,370.65,175.76999999999998
4030,2025-11-13,Grocery,East,5,60.53,0.05,0,37.3,287.5175,101.01749999999998
4031,2025-08-05,Electronics,North,5,58.92,0.05,0,31.01,279.87,124.82
4032,2025-11-15,Clothing,East,5,236.96,0.3,0,187.96,829.3599999999999,-110.44000000000017
4033,2025-07-10,Grocery,East,5,32.99,0.15,0,17.0,140.2075,55.20750000000001
4034,2025-10-01,Home,North,2,160.96,0.3,0,110.83,225.344,3.6839999999999975
4035,2025-02-05,Home,North,1,60.22,0.05,0,48.22,57.208999999999996,8.988999999999997
4036,2025-11-11,Home,North,2,182.32,0.3,0,93.48,255.24799999999996,68.28799999999995
4037,2025-02-07,Grocery,West,3,206.97,0.15,0,106.64,527.7735,207.8535
4038,2025-11-03,Home,South,2,210.25,0.15,0,155.27,357.425,46.88499999999999
4039,2025-02-06,Clothing,South,4,28.9,0.05,0,22.03,109.82,21.69999999999999
4040,2025-07-20,Grocery,East,5,160.11,0.05,0,77.94,760.5225,370.82250000000005
4041,2025-09-19,Home,North,5,237.53,0.05,0,178.15,1128.2675,237.51749999999993
4042,2025-07-19,Electronics,West,1,51.22,0.05,0,42.82,48.659,5.838999999999999
4043,2025-11-10,Electronics,East,2,241.01,0.15,0,149.64,409.717,110.43700000000001
4044,2025-04-24,Electronics,South,4,98.39,0.3,0,50.28,275.49199999999996,74.37199999999996
4045,2025-06-19,Clothing,West,3,75.12,0.0,0,51.62,225.36,70.50000000000003
4046,2025-09-04,Home,West,1,227.33,0.3,0,179.67,159.131,-20.538999999999987
4047,2025-02-26,Clothing,East,3,62.32,0.05,0,32.74,177.612,79.392
4048,2025-11-04,Electronics,East,4,128.75,0.05,0,105.22,489.25,68.37
4049,2025-05-15,Clothing,East,2,29.41,0.15,0,17.51,49.997,14.976999999999997
4050,2025-03-25,Home,South,5,199.0,0.3,1,150.21,0.0,0.0
4051,2025-02-15,Electronics,South,5,177.62,0.3,0,118.39,621.67,29.719999999999914
4052,2025-03-20,Grocery,West,3,31.69,0.0,0,23.1,95.07000000000001,25.769999999999996
4053,2025-07-23,Grocery,South,2,69.76,0.05,0,35.18,132.544,62.18400000000001
4054,2025-07-15,Home,South,1,224.45,0.3,0,162.1,157.11499999999998,-4.985000000000014
4055,2025-11-29,Grocery,South,2,33.06,0.15,0,20.89,56.202000000000005,14.422000000000004
4056,2025-05-05,Clothing,West,2,90.26,0.0,0,69.78,180.52,40.96000000000001
4057,2025-10-08,Clothing,North,5,46.38,0.3,0,22.2,162.32999999999998,51.329999999999984
4058,2025-11-12,Home,North,3,123.15,0.15,0,67.62,314.0325,111.17250000000001
4059,2025-06-03,Home,East,3,200.57,0.3,0,158.35,421.197,-53.85299999999995
4060,2025-10-31,Clothing,East,1,17.45,0.15,0,14.1,14.8325,0.7324999999999999
4061,2025-07-18,Home,East,4,94.82,0.0,0,62.47,379.28,129.39999999999998
4062,2025-11-19,Home,South,2,34.98,0.0,0,28.25,69.96,13.459999999999994
4063,2025-06-23,Grocery,North,4,115.11,0.3,0,87.76,322.308,-28.732000000000028
4064,2025-09-09,Electronics,South,4,19.46,0.0,0,11.64,77.84,31.28
4065,2025-08-11,Electronics,North,4,173.37,0.05,1,118.15,0.0,0.0
4066,2025-11-16,Home,West,2,182.62,0.3,0,104.11,255.66799999999998,47.44799999999998
4067,2025-03-29,Grocery,West,2,241.07,0.15,0,132.87,409.81899999999996,144.07899999999995
4068,2025-08-26,Electronics,South,1,116.32,0.15,1,58.88,0.0,0.0
4069,2025-06-25,Electronics,South,2,221.88,0.3,0,187.57,310.63199999999995,-64.50800000000004
4070,2025-06-08,Grocery,East,2,77.6,0.15,0,44.15,131.92,43.61999999999999
4071,2025-12-05,Grocery,East,1,55.26,0.3,0,30.63,38.681999999999995,8.051999999999996
4072,2025-08-11,Home,West,1,136.57,0.15,0,83.55,116.08449999999999,32.534499999999994
4073,2025-07-26,Home,East,5,209.16,0.0,1,126.34,0.0,0.0
4074,2025-01-08,Grocery,West,4,42.78,0.15,1,21.99,0.0,0.0
4075,2025-04-17,Clothing,North,1,169.79,0.0,0,92.52,169.79,77.27
4076,2025-04-26,Grocery,West,1,203.31,0.15,0,95.63,172.8135,77.18350000000001
4077,2025-09-13,Clothing,North,3,129.68,0.15,0,101.0,330.684,27.684000000000026
4078,2025-03-30,Clothing,North,2,22.6,0.0,1,15.85,0.0,0.0
4079,2025-01-29,Electronics,North,3,161.61,0.3,0,93.54,339.38100000000003,58.761000000000024
4080,2025-10-29,Clothing,North,2,145.89,0.0,0,116.34,291.78,59.099999999999966
4081,2025-09-26,Home,West,2,58.1,0.15,0,35.3,98.77,28.17
4082,2025-03-06,Home,East,3,196.12,0.0,0,109.73,588.36,259.17
4083,2025-06-22,Electronics,East,5,230.52,0.0,0,122.72,1152.6000000000001,539.0000000000001
4084,2025-09-22,Clothing,South,2,234.87,0.0,0,145.36,469.74,179.01999999999998
4085,2025-05-09,Home,North,5,242.13,0.15,0,169.4,1029.0525,182.0525
4086,2025-07-27,Electronics,West,4,61.32,0.15,0,51.0,208.488,4.4879999999999995
4087,2025-12-07,Electronics,South,5,197.81,0.0,0,156.73,989.05,205.39999999999998
4088,2025-09-12,Clothing,South,5,175.67,0.15,1,97.84,0.0,0.0
4089,2025-01-02,Electronics,East,3,185.46,0.05,0,128.0,528.5609999999999,144.56099999999992
4090,2025-12-12,Grocery,West,4,220.76,0.15,0,157.56,750.584,120.34399999999994
4091,2025-12-29,Home,South,2,224.84,0.0,0,168.83,449.68,112.01999999999998
4092,2025-04-05,Home,East,1,78.95,0.0,0,62.68,78.95,16.270000000000003
4093,2025-12-26,Electronics,North,1,122.65,0.3,1,98.41,0.0,0.0
4094,2025-07-11,Electronics,West,1,153.66,0.0,1,124.4,0.0,0.0
4095,2025-10-17,Home,North,3,143.95,0.05,0,91.43,410.25749999999994,135.96749999999992
4096,2025-06-21,Clothing,West,1,112.26,0.15,0,76.05,95.421,19.37100000000001
4097,2025-07-19,Electronics,West,3,145.05,0.05,0,85.75,413.39250000000004,156.14250000000004
4098,2025-07-11,Clothing,East,5,192.33,0.3,0,97.54,673.155,185.45499999999993
4099,2025-01-17,Electronics,North,4,228.07,0.0,0,171.69,912.28,225.51999999999998
4100,2025-11-17,Home,East,2,35.96,0.3,1,20.79,0.0,0.0
4101,2025-05-18,Home,North,3,156.67,0.05,0,72.44,446.50949999999995,229.18949999999995
4102,2025-10-19,Clothing,East,5,82.23,0.05,0,45.61,390.59250000000003,162.54250000000002
4103,2025-10-25,Clothing,East,4,64.35,0.15,0,31.1,218.78999999999996,94.38999999999996
4104,2025-05-17,Grocery,South,4,64.58,0.15,0,50.93,219.57199999999997,15.851999999999975
4105,2025-08-23,Clothing,West,1,59.81,0.3,0,39.03,41.867,2.836999999999996
4106,2025-06-27,Grocery,North,4,206.57,0.0,0,101.58,826.28,419.96
4107,2025-07-18,Clothing,West,1,246.58,0.05,0,170.85,234.251,63.40100000000001
4108,2025-09-06,Clothing,East,2,196.47,0.0,0,96.52,392.94,199.9
4109,2025-07-19,Clothing,South,2,204.41,0.0,0,124.2,408.82,160.42
4110,2025-08-01,Grocery,North,5,53.64,0.0,0,25.64,268.2,140.0
4111,2025-01-28,Electronics,North,5,17.97,0.15,0,9.02,76.37249999999999,31.272499999999994
4112,2025-05-23,Clothing,West,1,222.88,0.3,1,110.87,0.0,0.0
4113,2025-05-04,Clothing,East,1,216.74,0.05,0,119.85,205.903,86.053
4114,2025-10-09,Home,West,4,36.23,0.05,0,19.99,137.67399999999998,57.713999999999984
4115,2025-12-24,Clothing,North,3,142.5,0.15,0,74.38,363.375,140.235
4116,2025-03-24,Home,East,5,199.38,0.05,0,133.1,947.055,281.55499999999995
4117,2025-04-14,Electronics,East,4,192.48,0.0,0,97.77,769.92,378.84
4118,2025-08-08,Clothing,North,2,84.18,0.05,0,44.47,159.942,71.00200000000001
4119,2025-03-29,Grocery,North,2,242.92,0.05,0,203.16,461.54799999999994,55.22799999999995
4120,2025-04-22,Home,West,5,199.9,0.15,1,116.19,0.0,0.0
4121,2025-12-16,Electronics,West,1,99.67,0.0,0,51.39,99.67,48.28
4122,2025-10-26,Grocery,East,3,183.1,0.05,0,122.96,521.8349999999999,152.95499999999993
4123,2025-06-01,Clothing,East,5,44.09,0.0,0,22.91,220.45000000000002,105.90000000000002
4124,2025-06-12,Clothing,North,2,238.01,0.3,0,201.74,333.21399999999994,-70.26600000000008
4125,2025-09-21,Clothing,South,5,27.5,0.05,0,22.15,130.625,19.875
4126,2025-06-20,Clothing,South,4,108.0,0.0,0,61.13,432.0,187.48
4127,2025-04-04,Clothing,East,5,173.77,0.0,0,97.46,868.85,381.55000000000007
4128,2025-06-24,Home,North,5,133.06,0.0,0,107.96,665.3,125.5
4129,2025-12-17,Electronics,East,4,214.02,0.0,0,153.67,856.08,241.4000000000001
4130,2025-12-08,Home,South,3,49.17,0.3,0,23.94,103.25699999999999,31.436999999999983
4131,2025-03-12,Electronics,South,5,71.14,0.3,0,59.11,248.98999999999998,-46.56000000000003
4132,2025-12-10,Grocery,North,5,211.89,0.05,0,148.48,1006.4774999999997,264.07749999999976
4133,2025-08-12,Clothing,South,2,108.14,0.05,0,82.26,205.46599999999998,40.94599999999997
4134,2025-04-21,Home,West,1,52.18,0.0,0,34.38,52.18,17.799999999999997
4135,2025-10-03,Electronics,East,3,75.91,0.3,0,60.34,159.41099999999997,-21.609000000000037
4136,2025-04-03,Clothing,North,1,198.61,0.05,0,109.12,188.6795,79.55949999999999
4137,2025-10-03,Grocery,West,4,122.65,0.15,0,87.79,417.01,65.84999999999997
4138,2025-01-27,Electronics,East,5,54.54,0.05,0,41.54,259.065,51.36500000000001
4139,2025-12-10,Home,South,1,88.38,0.3,0,62.53,61.86599999999999,-0.6640000000000086
4140,2025-05-11,Electronics,North,1,153.82,0.3,0,103.79,107.67399999999999,3.883999999999986
4141,2025-08-28,Grocery,North,1,164.47,0.0,0,89.56,164.47,74.91
4142,2025-05-16,Electronics,West,5,66.31,0.0,0,40.84,331.55,127.35
4143,2025-08-29,Clothing,North,1,189.84,0.15,0,127.26,161.364,34.104
4144,2025-01-15,Clothing,North,4,71.26,0.05,0,57.86,270.788,39.34800000000001
4145,2025-03-08,Clothing,West,3,63.26,0.05,0,35.07,180.291,75.08099999999999
4146,2025-03-22,Clothing,South,3,35.23,0.15,0,24.72,89.8365,15.676500000000004
4147,2025-02-24,Clothing,North,1,57.63,0.0,0,47.03,57.63,10.600000000000001
4148,2025-12-07,Home,East,3,121.56,0.05,0,90.71,346.44599999999997,74.31599999999997
4149,2025-11-02,Home,East,5,142.68,0.05,0,86.55,677.73,244.98000000000002
4150,2025-09-17,Home,North,1,145.71,0.3,0,66.65,101.997,35.346999999999994
4151,2025-12-14,Grocery,East,4,218.8,0.05,0,155.72,831.44,208.56000000000006
4152,2025-08-29,Grocery,South,1,45.87,0.0,0,27.57,45.87,18.299999999999997
4153,2025-04-06,Home,South,4,90.14,0.0,0,42.45,360.56,190.76
4154,2025-06-03,Grocery,South,2,105.32,0.0,0,53.03,210.64,104.57999999999998
4155,2025-11-29,Grocery,West,3,79.96,0.15,0,62.07,203.898,17.687999999999988
4156,2025-03-11,Clothing,North,2,91.34,0.05,0,64.07,173.546,45.406000000000006
4157,2025-03-22,Electronics,West,2,157.65,0.3,0,129.35,220.71,-37.98999999999998
4158,2025-08-03,Home,East,1,44.18,0.05,0,31.86,41.971,10.110999999999997
4159,2025-09-04,Home,North,3,239.16,0.15,0,130.56,609.858,218.17799999999994
4160,2025-03-30,Grocery,East,5,196.52,0.15,0,131.26,835.21,178.91000000000008
4161,2025-12-06,Clothing,West,5,111.15,0.3,0,77.75,389.025,0.27499999999997726
4162,2025-12-11,Electronics,South,3,151.52,0.3,0,78.08,318.192,83.952
4163,2025-08-02,Electronics,West,1,85.77,0.3,0,65.58,60.038999999999994,-5.541000000000004
4164,2025-01-25,Electronics,North,5,191.06,0.0,0,96.55,955.3,472.54999999999995
4165,2025-04-20,Electronics,North,1,30.48,0.0,0,24.39,30.48,6.09
4166,2025-09-16,Grocery,East,4,237.56,0.15,0,188.06,807.704,55.46399999999994
4167,2025-11-26,Home,South,1,228.49,0.05,0,105.63,217.0655,111.43549999999999
4168,2025-08-26,Electronics,South,1,75.49,0.3,0,44.18,52.842999999999996,8.662999999999997
4169,2025-04-13,Electronics,North,5,21.66,0.0,0,15.14,108.3,32.599999999999994
4170,2025-03-07,Electronics,North,3,91.63,0.3,1,43.01,0.0,0.0
4171,2025-07-14,Clothing,North,4,235.38,0.05,0,151.97,894.444,286.56399999999996
4172,2025-06-23,Electronics,North,4,170.61,0.3,0,124.07,477.708,-18.571999999999946
4173,2025-01-17,Clothing,South,2,47.46,0.15,0,32.22,80.682,16.242000000000004
4174,2025-11-29,Electronics,East,4,127.6,0.05,0,74.92,484.87999999999994,185.19999999999993
4175,2025-08-26,Grocery,South,1,106.7,0.0,0,86.09,106.7,20.61
4176,2025-04-22,Grocery,East,1,20.14,0.0,0,11.08,20.14,9.06
4177,2025-08-08,Electronics,West,3,103.19,0.05,0,56.73,294.0915,123.9015
4178,2025-03-18,Home,East,4,116.71,0.15,0,87.66,396.81399999999996,46.17399999999998
4179,2025-05-16,Clothing,South,5,109.05,0.15,1,53.64,0.0,0.0
4180,2025-01-20,Electronics,East,5,203.18,0.3,0,138.84,711.13,16.92999999999995
4181,2025-07-27,Grocery,North,1,143.39,0.05,0,114.55,136.2205,21.67049999999999
4182,2025-08-01,Clothing,West,3,131.37,0.05,0,63.17,374.4045,184.8945
4183,2025-04-28,Clothing,South,2,64.45,0.15,0,29.19,109.565,51.184999999999995
4184,2025-10-31,Home,West,5,231.17,0.15,0,194.97,982.4724999999999,7.622499999999832
4185,2025-07-16,Grocery,West,4,91.44,0.15,0,74.31,310.89599999999996,13.655999999999949
4186,2025-11-14,Electronics,West,3,225.24,0.0,0,188.34,675.72,110.70000000000005
4187,2025-05-03,Grocery,West,1,113.1,0.3,0,65.08,79.16999999999999,14.08999999999999
4188,2025-06-24,Clothing,East,5,144.64,0.0,0,100.31,723.1999999999999,221.64999999999992
4189,2025-02-24,Clothing,East,5,72.42,0.3,0,44.18,253.47,32.56999999999999
4190,2025-07-20,Grocery,East,4,17.43,0.0,0,12.45,69.72,19.92
4191,2025-07-29,Grocery,East,5,57.19,0.05,0,33.1,271.6525,106.15249999999997
4192,2025-08-07,Electronics,West,5,215.17,0.0,0,158.6,1075.85,282.8499999999999
4193,2025-02-15,Home,North,5,235.05,0.15,0,161.07,998.9625,193.61250000000007
4194,2025-02-10,Home,East,1,51.54,0.0,0,29.13,51.54,22.41
4195,2025-08-29,Clothing,East,1,216.45,0.3,0,104.59,151.515,46.92499999999998
4196,2025-05-21,Clothing,West,1,155.68,0.3,0,102.51,108.976,6.465999999999994
4197,2025-02-23,Clothing,West,5,162.02,0.15,0,110.53,688.585,135.93500000000006
4198,2025-08-30,Home,West,3,64.14,0.05,0,32.36,182.799,85.71900000000001
4199,2025-09-11,Home,North,1,224.08,0.3,0,167.67,156.856,-10.813999999999993
4200,2025-05-23,Clothing,West,3,23.35,0.0,1,19.5,0.0,0.0
4201,2025-04-05,Clothing,East,2,146.34,0.15,0,117.0,248.778,14.777999999999992
4202,2025-09-19,Clothing,West,4,90.88,0.0,0,63.74,363.52,108.55999999999997
4203,2025-08-04,Home,South,2,51.99,0.15,0,37.95,88.383,12.48299999999999
4204,2025-05-12,Electronics,North,1,159.41,0.15,0,125.73,135.4985,9.768500000000003
4205,2025-06-03,Clothing,West,4,207.1,0.15,0,160.4,704.14,62.539999999999964
4206,2025-03-25,Grocery,East,5,195.49,0.05,0,144.77,928.5775,204.72749999999996
4207,2025-08-01,Clothing,East,4,84.91,0.15,0,58.94,288.69399999999996,52.93399999999997
4208,2025-12-16,Grocery,East,5,62.38,0.15,0,39.99,265.115,65.16499999999999
4209,2025-05-16,Clothing,West,1,86.46,0.15,0,39.26,73.491,34.231
4210,2025-05-21,Electronics,East,5,156.19,0.0,0,126.47,780.95,148.60000000000002
4211,2025-10-15,Electronics,West,1,162.14,0.0,0,91.24,162.14,70.89999999999999
4212,2025-11-29,Home,South,4,59.81,0.05,0,30.07,227.278,106.99799999999999
4213,2025-07-20,Home,East,3,170.64,0.15,0,117.25,435.13199999999995,83.38199999999995
4214,2025-09-18,Home,West,2,18.7,0.0,0,12.1,37.4,13.2
4215,2025-10-08,Electronics,East,5,198.44,0.0,0,123.85,992.2,372.95000000000005
4216,2025-02-28,Clothing,West,2,244.67,0.3,0,120.35,342.53799999999995,101.83799999999997
4217,2025-09-30,Grocery,East,5,235.9,0.3,0,174.24,825.65,-45.55000000000007
4218,2025-09-07,Clothing,West,4,38.35,0.0,1,29.42,0.0,0.0
4219,2025-11-03,Home,North,2,51.43,0.0,0,39.48,102.86,23.900000000000006
4220,2025-10-28,Clothing,East,1,128.36,0.0,0,82.01,128.36,46.35000000000001
4221,2025-02-15,Home,West,2,117.64,0.3,0,87.66,164.696,-10.623999999999995
4222,2025-01-11,Grocery,West,4,215.12,0.3,0,128.02,602.336,90.25599999999997
4223,2025-11-23,Home,North,4,148.22,0.0,0,125.71,592.88,90.04000000000002
4224,2025-03-20,Clothing,West,1,52.71,0.05,0,41.58,50.0745,8.494500000000002
4225,2025-03-03,Home,South,2,69.05,0.3,1,32.96,0.0,0.0
4226,2025-10-28,Electronics,North,2,87.22,0.3,0,61.56,122.10799999999999,-1.0120000000000147
4227,2025-11-03,Clothing,North,2,182.82,0.3,0,140.07,255.94799999999998,-24.192000000000007
4228,2025-10-23,Home,North,3,74.95,0.05,0,38.0,213.60750000000002,99.60750000000002
4229,2025-07-26,Home,North,2,102.37,0.3,0,82.94,143.31799999999998,-22.562000000000012
4230,2025-09-21,Clothing,South,2,196.63,0.0,0,101.04,393.26,191.17999999999998
4231,2025-12-11,Clothing,East,1,193.7,0.15,0,158.77,164.64499999999998,5.874999999999972
4232,2025-06-20,Clothing,East,4,90.12,0.0,0,49.85,360.48,161.08
4233,2025-11-23,Clothing,South,3,192.16,0.0,0,123.11,576.48,207.15000000000003
4234,2025-02-07,Clothing,West,5,210.52,0.0,0,119.24,1052.6000000000001,456.4000000000002
4235,2025-09-11,Home,South,4,230.86,0.15,0,192.25,784.924,15.923999999999978
4236,2025-12-31,Electronics,South,5,222.94,0.0,0,160.67,1114.7,311.35000000000014
4237,2025-03-03,Home,West,5,56.85,0.3,0,33.19,198.975,33.025000000000006
4238,2025-08-17,Home,South,4,181.52,0.3,0,142.3,508.256,-60.944000000000074
4239,2025-08-11,Clothing,East,1,80.28,0.05,0,61.1,76.26599999999999,15.16599999999999
4240,2025-01-11,Home,West,1,19.74,0.3,1,9.0,0.0,0.0
4241,2025-11-06,Home,East,2,129.07,0.05,0,59.66,245.23299999999998,125.91299999999998
4242,2025-09-16,Clothing,West,1,35.24,0.05,0,28.26,33.478,5.218
4243,2025-12-14,Grocery,North,4,240.88,0.3,0,169.49,674.4639999999999,-3.4960000000000946
4244,2025-10-27,Clothing,West,5,182.39,0.15,0,110.12,775.1574999999999,224.5574999999999
4245,2025-04-03,Home,West,5,194.18,0.3,0,100.46,679.63,177.33000000000004
4246,2025-03-06,Clothing,West,4,107.03,0.3,0,59.96,299.68399999999997,59.843999999999966
4247,2025-06-14,Home,East,5,98.16,0.15,1,60.75,0.0,0.0
4248,2025-01-31,Electronics,South,1,50.66,0.0,0,23.44,50.66,27.219999999999995
4249,2025-04-26,Home,West,4,154.08,0.0,0,74.7,616.32,317.52000000000004
4250,2025-08-27,Electronics,West,2,161.37,0.15,0,97.58,274.329,79.16900000000001
4251,2025-07-13,Home,East,4,50.34,0.15,0,37.35,171.156,21.756
4252,2025-09-24,Electronics,West,1,76.02,0.15,1,43.3,0.0,0.0
4253,2025-02-19,Clothing,South,2,27.66,0.15,0,12.85,47.022,21.322
4254,2025-06-23,Electronics,West,4,121.45,0.05,0,80.49,461.51,139.55
4255,2025-02-25,Grocery,West,5,132.89,0.0,0,101.48,664.4499999999999,157.0499999999999
4256,2025-11-09,Electronics,North,3,170.94,0.15,0,137.78,435.89699999999993,22.556999999999903
4257,2025-10-04,Clothing,West,3,94.33,0.05,0,45.94,268.8405,131.02050000000003
4258,2025-09-28,Grocery,North,4,75.1,0.0,0,34.41,300.4,162.76
4259,2025-12-24,Electronics,South,2,25.33,0.05,0,14.58,48.126999999999995,18.966999999999995
4260,2025-01-16,Home,East,4,62.65,0.3,0,31.32,175.42,50.139999999999986
4261,2025-06-20,Grocery,North,3,92.32,0.0,0,68.58,276.96,71.21999999999997
4262,2025-08-31,Home,East,1,158.18,0.3,0,71.47,110.726,39.256
4263,2025-02-03,Clothing,West,2,166.64,0.15,0,127.4,283.28799999999995,28.487999999999943
4264,2025-02-10,Clothing,North,1,179.17,0.15,0,151.5,152.2945,0.7944999999999993
4265,2025-06-26,Electronics,East,1,235.73,0.3,0,189.06,165.011,-24.049000000000007
4266,2025-08-31,Clothing,East,1,55.58,0.15,0,43.54,47.242999999999995,3.702999999999996
4267,2025-10-14,Electronics,East,2,111.06,0.15,0,89.89,188.802,9.021999999999991
4268,2025-05-29,Clothing,East,3,204.34,0.05,1,163.7,0.0,0.0
4269,2025-10-13,Clothing,South,3,50.65,0.3,1,31.29,0.0,0.0
4270,2025-05-15,Home,West,4,214.61,0.15,0,139.65,729.674,171.07399999999996
4271,2025-12-02,Electronics,North,4,125.98,0.0,0,86.94,503.92,156.16000000000003
4272,2025-12-14,Home,South,4,71.33,0.0,0,48.02,285.32,93.23999999999998
4273,2025-10-09,Home,East,5,67.86,0.0,0,34.56,339.3,166.5
4274,2025-10-07,Home,North,5,195.24,0.0,0,156.69,976.2,192.75
4275,2025-09-19,Grocery,West,5,202.28,0.05,0,145.77,960.8299999999999,231.9799999999999
4276,2025-02-10,Grocery,West,5,168.82,0.05,0,117.87,801.8949999999999,212.54499999999985
4277,2025-03-01,Electronics,South,1,86.46,0.0,0,70.13,86.46,16.33
4278,2025-04-26,Home,North,2,193.25,0.15,0,91.07,328.525,146.385
4279,2025-07-19,Grocery,East,2,35.12,0.3,0,25.41,49.16799999999999,-1.6520000000000081
4280,2025-04-24,Clothing,West,5,177.14,0.15,0,126.59,752.8449999999999,119.89499999999987
4281,2025-09-30,Clothing,South,2,115.45,0.0,0,83.58,230.9,63.74000000000001
4282,2025-01-08,Home,East,2,34.74,0.05,0,16.94,66.006,32.126
4283,2025-10-22,Clothing,West,1,90.65,0.0,0,53.8,90.65,36.85000000000001
4284,2025-05-02,Electronics,South,1,221.45,0.0,0,117.14,221.45,104.30999999999999
4285,2025-08-07,Electronics,West,4,243.98,0.15,0,141.2,829.5319999999999,264.73199999999997
4286,2025-12-11,Electronics,East,4,169.0,0.05,0,119.31,642.1999999999999,164.95999999999992
4287,2025-12-30,Grocery,West,5,43.56,0.3,0,29.45,152.46,5.210000000000008
4288,2025-07-04,Electronics,East,4,75.83,0.05,0,59.99,288.154,48.19399999999999
4289,2025-12-28,Clothing,North,2,184.96,0.3,0,90.15,258.944,78.644
4290,2025-11-19,Grocery,East,5,120.74,0.0,0,58.49,603.6999999999999,311.24999999999994
4291,2025-07-27,Clothing,North,3,143.24,0.15,0,107.7,365.262,42.16199999999998
4292,2025-03-20,Clothing,West,1,231.97,0.0,0,177.06,231.97,54.91
4293,2025-11-10,Electronics,East,2,133.79,0.05,0,90.21,254.20099999999996,73.78099999999998
4294,2025-11-26,Grocery,North,5,161.23,0.0,0,113.73,806.15,237.5
4295,2025-01-09,Electronics,West,1,228.6,0.0,0,149.14,228.6,79.46000000000001
4296,2025-10-23,Grocery,East,2,59.65,0.0,0,32.11,119.3,55.08
4297,2025-04-23,Electronics,West,3,64.75,0.0,0,45.77,194.25,56.94
4298,2025-10-27,Clothing,South,1,42.67,0.15,0,23.78,36.2695,12.4895
4299,2025-09-12,Grocery,North,2,46.41,0.05,0,35.88,88.17899999999999,16.418999999999983
4300,2025-07-16,Grocery,South,3,28.1,0.15,0,23.13,71.655,2.2650000000000006
4301,2025-04-11,Home,South,4,140.23,0.15,0,77.05,476.7819999999999,168.58199999999994
4302,2025-06-04,Clothing,East,3,160.12,0.15,0,92.8,408.306,129.906
4303,2025-05-09,Electronics,South,1,217.81,0.3,0,156.55,152.46699999999998,-4.083000000000027
4304,2025-08-26,Home,East,4,208.0,0.3,0,136.24,582.4,37.43999999999994
4305,2025-08-16,Clothing,North,1,89.38,0.3,0,73.16,62.565999999999995,-10.594000000000001
4306,2025-05-30,Grocery,North,3,230.98,0.05,0,151.11,658.2929999999999,204.96299999999985
4307,2025-09-10,Home,South,3,42.53,0.3,0,25.39,89.313,13.143
4308,2025-11-25,Home,South,3,115.41,0.0,0,96.4,346.23,57.02999999999997
4309,2025-02-04,Home,South,4,237.88,0.0,1,110.06,0.0,0.0
4310,2025-05-10,Electronics,West,2,18.53,0.0,0,11.84,37.06,13.380000000000003
4311,2025-09-13,Home,South,2,119.14,0.0,0,67.14,238.28,104.0
4312,2025-04-04,Home,East,1,52.5,0.05,0,31.04,49.875,18.835
4313,2025-08-12,Electronics,East,1,153.35,0.3,0,107.52,107.34499999999998,-0.17500000000001137
4314,2025-07-19,Home,South,3,213.05,0.3,0,119.79,447.40500000000003,88.03500000000003
4315,2025-02-12,Electronics,West,3,19.36,0.15,1,9.85,0.0,0.0
4316,2025-10-08,Clothing,East,4,102.82,0.0,0,73.14,411.28,118.71999999999997
4317,2025-07-11,Grocery,West,3,24.4,0.3,0,17.67,51.23999999999999,-1.7700000000000173
4318,2025-12-25,Home,North,5,143.83,0.0,0,104.78,719.1500000000001,195.2500000000001
4319,2025-09-26,Home,North,4,245.16,0.05,0,135.18,931.608,390.8879999999999
4320,2025-08-27,Clothing,North,3,60.59,0.0,0,49.74,181.77,32.55000000000001
4321,2025-08-24,Home,North,1,124.61,0.3,0,73.51,87.22699999999999,13.716999999999985
4322,2025-01-31,Electronics,North,5,143.82,0.05,0,94.21,683.1449999999999,212.0949999999999
4323,2025-08-27,Grocery,West,1,140.58,0.0,0,116.67,140.58,23.91000000000001
4324,2025-06-04,Grocery,West,4,43.73,0.05,0,21.67,166.17399999999998,79.49399999999997
4325,2025-06-02,Clothing,South,2,44.43,0.15,0,29.35,75.53099999999999,16.83099999999999
4326,2025-05-04,Clothing,North,5,147.21,0.3,0,84.8,515.235,91.23500000000001
4327,2025-03-24,Grocery,East,4,55.96,0.0,0,29.38,223.84,106.32000000000001
4328,2025-06-10,Clothing,West,3,40.48,0.05,0,30.89,115.368,22.697999999999993
4329,2025-05-10,Electronics,West,1,91.04,0.05,0,66.82,86.488,19.668000000000006
4330,2025-01-08,Electronics,North,3,233.36,0.0,0,178.69,700.08,164.0100000000001
4331,2025-11-22,Electronics,South,4,90.32,0.3,0,59.78,252.89599999999996,13.775999999999954
4332,2025-05-03,Home,North,3,126.6,0.15,0,82.65,322.8299999999999,74.87999999999991
4333,2025-05-03,Grocery,North,3,229.22,0.0,0,165.46,687.66,191.27999999999997
4334,2025-02-09,Electronics,West,3,196.92,0.15,0,129.78,502.14599999999996,112.80599999999993
4335,2025-05-02,Clothing,West,3,241.14,0.15,0,126.01,614.9069999999999,236.8769999999999
4336,2025-01-30,Electronics,South,1,123.95,0.3,1,82.94,0.0,0.0
4337,2025-03-10,Grocery,West,4,177.55,0.15,0,102.01,603.6700000000001,195.63000000000005
4338,2025-06-04,Grocery,North,3,180.84,0.3,0,140.16,379.76399999999995,-40.716000000000065
4339,2025-11-16,Electronics,East,4,100.72,0.15,0,65.36,342.448,81.00799999999998
4340,2025-12-15,Home,East,3,177.91,0.15,0,149.06,453.6705,6.490499999999997
4341,2025-11-02,Grocery,East,5,72.69,0.05,0,42.27,345.2775,133.92749999999995
4342,2025-07-13,Clothing,West,2,78.28,0.15,0,38.52,133.076,56.03599999999999
4343,2025-07-15,Electronics,East,4,208.93,0.3,0,99.05,585.004,188.80400000000003
4344,2025-04-28,Grocery,South,2,74.26,0.05,0,40.67,141.094,59.75399999999999
4345,2025-12-17,Home,South,5,241.83,0.15,0,109.67,1027.7775000000001,479.4275000000001
4346,2025-02-04,Clothing,West,4,133.2,0.05,1,77.64,0.0,0.0
4347,2025-10-25,Electronics,North,5,181.5,0.0,0,121.25,907.5,301.25
4348,2025-12-30,Electronics,North,1,123.57,0.05,1,93.77,0.0,0.0
4349,2025-04-17,Clothing,East,2,61.98,0.0,1,49.27,0.0,0.0
4350,2025-02-18,Clothing,North,4,202.34,0.0,0,138.43,809.36,255.64
4351,2025-06-17,Electronics,North,5,64.2,0.05,0,42.04,304.95,94.75
4352,2025-12-02,Clothing,East,5,223.49,0.3,0,116.86,782.215,197.91500000000008
4353,2025-11-18,Home,North,1,140.15,0.05,0,111.14,133.1425,22.002500000000012
4354,2025-12-28,Electronics,South,4,102.76,0.3,0,72.95,287.728,-4.072000000000003
4355,2025-09-30,Home,South,2,60.75,0.0,0,30.26,121.5,60.98
4356,2025-07-24,Clothing,East,5,186.24,0.05,0,117.37,884.64,297.78999999999996
4357,2025-06-11,Home,East,1,15.5,0.15,0,8.84,13.174999999999999,4.334999999999999
4358,2025-06-08,Grocery,North,5,35.75,0.0,0,17.36,178.75,91.95
4359,2025-06-04,Clothing,West,1,190.21,0.3,1,136.89,0.0,0.0
4360,2025-05-30,Electronics,East,4,231.89,0.15,0,135.47,788.4259999999999,246.54599999999994
4361,2025-12-03,Clothing,North,2,188.24,0.15,0,102.94,320.008,114.12799999999999
4362,2025-04-01,Clothing,East,3,231.73,0.0,1,132.36,0.0,0.0
4363,2025-02-28,Grocery,North,3,187.83,0.3,0,149.97,394.443,-55.466999999999985
4364,2025-09-23,Grocery,North,2,30.44,0.05,0,18.27,57.836,21.296
4365,2025-07-18,Electronics,South,1,114.06,0.05,0,80.79,108.357,27.566999999999993
4366,2025-04-29,Home,North,4,74.16,0.0,0,55.11,296.64,76.19999999999999
4367,2025-04-20,Clothing,West,3,208.39,0.0,0,153.3,625.17,165.26999999999992
4368,2025-06-10,Electronics,North,1,99.28,0.05,0,52.41,94.316,41.906000000000006
4369,2025-02-07,Home,East,5,147.86,0.15,0,86.83,628.4050000000001,194.2550000000001
4370,2025-09-09,Grocery,West,1,200.67,0.0,0,135.29,200.67,65.38
4371,2025-12-10,Clothing,West,1,123.75,0.3,0,79.07,86.625,7.555000000000007
4372,2025-04-06,Clothing,East,1,219.06,0.15,0,100.06,186.201,86.14099999999999
4373,2025-11-14,Grocery,East,4,51.7,0.05,0,36.96,196.46,48.620000000000005
4374,2025-03-26,Clothing,East,5,205.33,0.15,0,145.33,872.6525,146.00249999999994
4375,2025-10-17,Electronics,North,1,229.22,0.0,0,186.91,229.22,42.31
4376,2025-01-17,Grocery,East,3,100.95,0.15,0,57.38,257.4225,85.2825
4377,2025-09-29,Clothing,South,4,116.79,0.0,0,53.36,467.16,253.72000000000003
4378,2025-03-15,Clothing,North,4,163.06,0.0,0,135.66,652.24,109.60000000000002
4379,2025-11-07,Electronics,East,2,136.57,0.15,0,94.16,232.16899999999998,43.84899999999999
4380,2025-11-28,Grocery,South,1,183.12,0.3,0,112.53,128.184,15.653999999999996
4381,2025-04-28,Clothing,East,3,110.66,0.05,0,87.75,315.38100000000003,52.13100000000003
4382,2025-02-03,Clothing,West,3,136.97,0.05,0,103.04,390.36449999999996,81.24449999999996
4383,2025-01-17,Electronics,West,2,241.2,0.05,0,135.68,458.28,186.91999999999996
4384,2025-03-29,Clothing,East,1,142.66,0.15,0,69.4,121.261,51.86099999999999
4385,2025-11-13,Electronics,East,5,41.73,0.05,0,31.4,198.21749999999997,41.21749999999997
4386,2025-07-12,Electronics,West,2,113.5,0.15,0,65.45,192.95,62.04999999999998
4387,2025-12-23,Grocery,West,5,89.3,0.0,0,55.28,446.5,170.10000000000002
4388,2025-01-27,Home,North,5,170.24,0.3,0,133.19,595.84,-70.11000000000001
4389,2025-10-06,Clothing,South,2,213.98,0.05,0,149.16,406.56199999999995,108.24199999999996
4390,2025-08-03,Home,East,1,79.28,0.15,0,63.24,67.388,4.148000000000003
4391,2025-12-01,Grocery,North,5,130.94,0.15,0,66.96,556.495,221.69500000000005
4392,2025-10-28,Grocery,West,3,92.62,0.0,0,74.35,277.86,54.81000000000003
4393,2025-08-02,Electronics,East,1,66.24,0.05,1,43.16,0.0,0.0
4394,2025-01-11,Home,East,3,24.99,0.15,0,15.64,63.7245,16.804499999999997
4395,2025-12-28,Home,East,5,189.14,0.3,0,99.17,661.9899999999999,166.13999999999987
4396,2025-10-28,Home,West,2,114.36,0.05,0,82.11,217.284,53.06399999999999
4397,2025-03-01,Electronics,South,4,89.72,0.15,0,43.14,305.048,132.488
4398,2025-08-01,Grocery,South,5,206.26,0.3,0,158.75,721.91,-71.84000000000003
4399,2025-07-15,Clothing,South,3,98.08,0.0,0,58.86,294.24,117.66000000000003
4400,2025-06-28,Grocery,North,3,124.51,0.3,0,65.51,261.471,64.94099999999997
4401,2025-02-01,Home,West,4,136.08,0.15,0,91.47,462.672,96.79200000000003
4402,2025-05-02,Grocery,South,2,181.0,0.3,1,102.84,0.0,0.0
4403,2025-06-30,Home,North,4,60.49,0.15,0,44.85,205.666,26.26599999999999
4404,2025-08-06,Home,West,3,41.26,0.05,0,19.7,117.591,58.491
4405,2025-05-30,Electronics,South,2,55.05,0.15,0,28.84,93.585,35.904999999999994
4406,2025-09-08,Electronics,East,1,99.86,0.05,0,56.3,94.86699999999999,38.56699999999999
4407,2025-01-20,Grocery,South,4,89.12,0.05,0,72.88,338.656,47.136000000000024
4408,2025-09-01,Clothing,South,4,46.19,0.05,0,25.89,175.522,71.96199999999999
4409,2025-05-16,Home,West,1,158.1,0.05,0,104.3,150.195,45.894999999999996
4410,2025-11-20,Clothing,North,5,179.58,0.3,0,145.79,628.53,-100.41999999999996
4411,2025-12-29,Electronics,South,4,58.39,0.0,0,31.67,233.56,106.88
4412,2025-10-07,Electronics,West,5,232.33,0.05,0,176.67,1103.5675,220.2175000000002
4413,2025-05-15,Home,East,1,237.62,0.3,0,154.19,166.334,12.144000000000005
4414,2025-03-04,Home,South,1,220.02,0.05,0,102.52,209.019,106.49900000000001
4415,2025-09-30,Grocery,South,4,65.08,0.15,1,48.71,0.0,0.0
4416,2025-02-19,Home,West,2,84.39,0.3,0,56.47,118.14599999999999,5.205999999999989
4417,2025-07-27,Electronics,South,4,141.71,0.15,0,97.6,481.814,91.41400000000004
4418,2025-06-06,Clothing,North,3,130.67,0.0,0,107.91,392.01,68.27999999999997
4419,2025-10-22,Grocery,North,5,114.91,0.05,0,89.92,545.8224999999999,96.22249999999985
4420,2025-12-08,Electronics,West,1,51.14,0.15,1,28.1,0.0,0.0
4421,2025-09-24,Electronics,West,5,106.38,0.3,0,62.04,372.33,62.129999999999995
4422,2025-02-09,Home,South,2,144.86,0.0,0,105.36,289.72,79.00000000000003
4423,2025-05-18,Grocery,South,5,158.97,0.05,0,133.55,755.1075,87.35749999999996
4424,2025-06-06,Home,West,4,36.6,0.0,0,16.51,146.4,80.36
4425,2025-07-19,Electronics,South,3,233.65,0.3,0,153.59,490.665,29.89500000000004
4426,2025-09-17,Electronics,West,5,176.06,0.15,0,133.07,748.255,82.90500000000009
4427,2025-05-11,Clothing,South,2,146.65,0.05,0,105.41,278.635,67.815
4428,2025-06-29,Home,East,3,98.72,0.0,1,72.36,0.0,0.0
4429,2025-02-01,Clothing,West,3,156.94,0.15,0,72.49,400.197,182.72700000000003
4430,2025-03-15,Grocery,South,1,21.83,0.3,0,14.48,15.280999999999997,0.8009999999999966
4431,2025-04-10,Home,East,4,127.2,0.3,0,74.25,356.15999999999997,59.15999999999997
4432,2025-09-04,Home,West,3,104.2,0.0,0,59.76,312.6,133.32000000000002
4433,2025-03-30,Electronics,West,4,26.88,0.15,0,12.24,91.392,42.431999999999995
4434,2025-01-03,Clothing,West,2,225.88,0.15,1,119.03,0.0,0.0
4435,2025-05-01,Electronics,West,3,176.14,0.3,0,110.98,369.89399999999995,36.95399999999995
4436,2025-09-10,Home,West,4,113.59,0.15,0,75.3,386.206,85.00600000000003
4437,2025-04-07,Grocery,North,1,192.8,0.15,1,105.93,0.0,0.0
4438,2025-06-09,Grocery,West,4,74.36,0.3,0,40.23,208.208,47.28800000000001
4439,2025-07-18,Electronics,South,1,98.92,0.15,0,77.67,84.082,6.411999999999992
4440,2025-12-15,Grocery,East,1,78.44,0.3,0,63.55,54.907999999999994,-8.642000000000003
4441,2025-02-02,Home,South,3,230.78,0.15,0,156.24,588.489,119.769
4442,2025-03-06,Clothing,East,4,97.97,0.0,0,62.1,391.88,143.48
4443,2025-02-04,Clothing,South,1,238.36,0.05,0,165.53,226.442,60.912000000000006
4444,2025-04-03,Clothing,East,2,55.94,0.05,0,40.7,106.28599999999999,24.88599999999998
4445,2025-07-01,Grocery,West,2,31.64,0.05,0,17.83,60.116,24.456000000000003
4446,2025-10-11,Home,South,4,121.29,0.15,0,73.8,412.386,117.18600000000004
4447,2025-01-26,Grocery,South,5,155.69,0.0,0,94.94,778.45,303.75000000000006
4448,2025-11-07,Electronics,East,4,43.15,0.05,0,36.61,163.97,17.53
4449,2025-05-06,Home,West,1,97.71,0.0,0,59.29,97.71,38.419999999999995
4450,2025-05-25,Grocery,North,3,158.73,0.15,0,102.83,404.76149999999996,96.27149999999995
4451,2025-06-09,Electronics,South,2,137.49,0.15,0,102.76,233.733,28.212999999999994
4452,2025-09-11,Electronics,East,1,117.93,0.3,0,77.77,82.551,4.781000000000006
4453,2025-09-09,Home,North,4,20.86,0.3,0,15.53,58.407999999999994,-3.7120000000000033
4454,2025-03-22,Home,North,1,101.12,0.15,0,50.84,85.952,35.111999999999995
4455,2025-02-15,Clothing,East,5,202.07,0.3,0,103.59,707.2449999999999,189.29499999999985
4456,2025-06-22,Electronics,West,3,52.11,0.0,0,40.85,156.32999999999998,33.77999999999997
4457,2025-05-19,Clothing,West,5,91.14,0.0,0,41.46,455.7,248.39999999999998
4458,2025-06-04,Home,North,3,242.83,0.05,0,115.63,692.0654999999999,345.17549999999994
4459,2025-12-26,Grocery,East,2,29.76,0.3,0,16.05,41.664,9.564
4460,2025-07-06,Home,East,1,91.09,0.0,0,60.71,91.09,30.380000000000003
4461,2025-03-22,Grocery,East,4,46.75,0.15,0,29.19,158.95,42.18999999999998
4462,2025-10-07,Grocery,South,4,216.26,0.3,1,148.26,0.0,0.0
4463,2025-06-08,Grocery,East,3,136.71,0.3,0,89.21,287.09099999999995,19.460999999999956
4464,2025-09-22,Grocery,East,3,90.61,0.15,0,59.62,231.05549999999997,52.19549999999998
4465,2025-05-12,Electronics,West,5,240.21,0.0,0,146.46,1201.05,468.7499999999999
4466,2025-05-21,Clothing,West,5,113.29,0.05,0,86.58,538.1275,105.22750000000008
4467,2025-07-22,Electronics,North,2,198.22,0.05,1,151.06,0.0,0.0
4468,2025-07-18,Electronics,South,2,89.62,0.05,0,73.1,170.278,24.078000000000003
4469,2025-03-01,Home,West,1,234.92,0.3,0,134.88,164.444,29.563999999999993
4470,2025-10-10,Grocery,East,2,108.69,0.05,0,72.48,206.511,61.55099999999999
4471,2025-08-29,Clothing,East,1,68.04,0.0,0,52.23,68.04,15.81000000000001
4472,2025-04-20,Home,East,4,147.08,0.0,0,69.38,588.32,310.80000000000007
4473,2025-07-12,Grocery,West,2,127.65,0.0,0,90.23,255.3,74.84
4474,2025-04-05,Clothing,North,3,97.18,0.0,0,63.18,291.54,102.00000000000003
4475,2025-05-30,Electronics,North,3,162.67,0.05,0,131.51,463.60949999999997,69.0795
4476,2025-03-23,Home,South,3,93.09,0.05,0,42.31,265.30649999999997,138.37649999999996
4477,2025-04-26,Electronics,West,1,236.09,0.15,0,140.59,200.6765,60.0865
4478,2025-02-17,Clothing,West,2,222.72,0.05,0,120.49,423.168,182.18800000000002
4479,2025-04-22,Clothing,West,1,165.63,0.15,0,101.79,140.78549999999998,38.99549999999998
4480,2025-10-25,Grocery,East,4,200.38,0.3,1,130.64,0.0,0.0
4481,2025-01-18,Home,West,3,75.89,0.0,1,57.71,0.0,0.0
4482,2025-08-18,Electronics,South,3,183.68,0.0,0,148.52,551.04,105.4799999999999
4483,2025-01-04,Home,North,2,187.29,0.15,0,86.14,318.393,146.11299999999997
4484,2025-10-06,Grocery,South,2,37.21,0.3,0,19.55,52.094,12.994
4485,2025-09-09,Clothing,South,1,76.16,0.05,0,64.2,72.35199999999999,8.151999999999987
4486,2025-03-19,Clothing,East,2,59.26,0.15,1,31.32,0.0,0.0
4487,2025-03-23,Electronics,North,1,161.84,0.05,1,102.68,0.0,0.0
4488,2025-01-13,Clothing,South,1,54.24,0.05,0,36.59,51.528,14.937999999999995
4489,2025-07-17,Electronics,South,1,216.01,0.3,0,143.33,151.207,7.876999999999981
4490,2025-01-01,Grocery,West,1,106.39,0.0,0,89.42,106.39,16.97
4491,2025-03-12,Grocery,North,5,15.97,0.3,0,11.6,55.895,-2.104999999999997
4492,2025-06-08,Electronics,North,1,222.01,0.0,1,165.15,0.0,0.0
4493,2025-08-12,Clothing,West,4,73.35,0.0,0,47.9,293.4,101.79999999999998
4494,2025-10-01,Home,North,4,17.5,0.15,0,13.86,59.5,4.060000000000002
4495,2025-08-24,Electronics,East,4,180.01,0.15,0,138.82,612.034,56.75400000000002
4496,2025-03-23,Clothing,West,4,168.86,0.0,0,122.92,675.44,183.76000000000005
4497,2025-11-07,Electronics,West,2,82.15,0.0,0,67.45,164.3,29.400000000000006
4498,2025-12-14,Electronics,East,2,80.5,0.0,0,50.51,161.0,59.980000000000004
4499,2025-04-05,Home,East,2,209.67,0.3,0,150.83,293.53799999999995,-8.122000000000071
4500,2025-11-30,Home,South,1,169.29,0.05,0,98.3,160.82549999999998,62.52549999999998
4501,2025-10-10,Grocery,East,1,34.45,0.15,0,26.03,29.282500000000002,3.2525000000000013
4502,2025-04-05,Electronics,South,5,223.09,0.0,0,140.62,1115.45,412.35
4503,2025-06-21,Grocery,North,3,203.06,0.15,0,131.33,517.803,123.81299999999999
4504,2025-11-20,Clothing,East,4,175.9,0.15,0,89.15,598.0600000000001,241.46000000000004
4505,2025-03-23,Home,East,3,181.22,0.0,0,145.45,543.66,107.31
4506,2025-03-02,Home,West,4,163.71,0.05,0,119.73,622.098,143.17799999999994
4507,2025-02-24,Clothing,West,5,189.58,0.15,0,156.37,805.715,23.86500000000001
4508,2025-12-20,Grocery,West,3,103.64,0.3,0,80.57,217.644,-24.065999999999974
4509,2025-02-27,Electronics,East,1,248.14,0.0,0,203.88,248.14,44.25999999999999
4510,2025-11-24,Electronics,East,5,159.77,0.0,0,85.56,798.85,371.05
4511,2025-02-20,Home,North,3,193.73,0.05,0,141.67,552.1304999999999,127.12049999999988
4512,2025-03-20,Electronics,South,5,30.06,0.3,0,25.51,105.20999999999998,-22.340000000000032
4513,2025-01-28,Home,West,2,203.96,0.3,0,147.32,285.544,-9.096000000000004
4514,2025-05-27,Grocery,South,4,197.27,0.0,0,115.36,789.08,327.64000000000004
4515,2025-03-30,Grocery,South,3,84.68,0.05,0,55.81,241.33800000000002,73.90800000000002
4516,2025-10-29,Grocery,North,3,18.16,0.05,0,13.5,51.756,11.256
4517,2025-10-09,Grocery,North,1,184.92,0.15,0,120.97,157.182,36.21199999999999
4518,2025-03-01,Grocery,South,1,48.55,0.0,0,31.68,48.55,16.869999999999997
4519,2025-11-14,Grocery,East,5,185.34,0.3,0,150.23,648.6899999999999,-102.46000000000004
4520,2025-06-22,Home,South,2,165.6,0.15,0,123.88,281.52,33.75999999999999
4521,2025-04-29,Electronics,North,1,27.08,0.0,0,20.75,27.08,6.329999999999998
4522,2025-11-05,Home,South,2,82.83,0.05,0,65.12,157.37699999999998,27.136999999999972
4523,2025-06-27,Electronics,North,5,185.08,0.0,0,99.6,925.4000000000001,427.4000000000001
4524,2025-03-09,Grocery,North,2,70.23,0.0,0,51.75,140.46,36.96000000000001
4525,2025-01-12,Clothing,East,4,128.1,0.15,0,107.27,435.53999999999996,6.4599999999999795
4526,2025-09-17,Grocery,East,3,247.13,0.3,0,162.15,518.973,32.52299999999991
4527,2025-12-12,Clothing,North,3,167.19,0.3,0,111.09,351.099,17.829000000000008
4528,2025-02-07,Home,West,2,67.78,0.3,0,54.41,94.892,-13.927999999999997
4529,2025-11-25,Home,East,1,150.82,0.0,0,124.68,150.82,26.139999999999986
4530,2025-04-11,Grocery,West,3,214.59,0.15,0,120.66,547.2044999999999,185.22449999999992
4531,2025-08-24,Grocery,East,1,75.61,0.0,0,37.32,75.61,38.29
4532,2025-04-10,Clothing,North,4,247.99,0.05,0,199.59,942.362,144.00199999999995
4533,2025-05-13,Grocery,East,5,99.97,0.0,0,65.52,499.85,172.25000000000006
4534,2025-07-18,Electronics,East,4,202.92,0.3,1,112.57,0.0,0.0
4535,2025-05-19,Home,East,2,133.19,0.15,0,71.51,226.423,83.40299999999999
4536,2025-09-01,Electronics,South,1,104.29,0.15,0,48.58,88.6465,40.066500000000005
4537,2025-06-20,Home,West,2,216.54,0.05,0,160.48,411.426,90.46600000000001
4538,2025-08-06,Grocery,East,4,116.73,0.0,0,70.67,466.92,184.24
4539,2025-05-09,Home,East,5,192.8,0.05,0,122.85,915.8,301.54999999999995
4540,2025-12-23,Grocery,South,5,181.86,0.15,1,143.57,0.0,0.0
4541,2025-10-27,Clothing,South,5,234.04,0.15,0,107.63,994.67,456.52
4542,2025-05-09,Electronics,East,5,152.04,0.05,0,118.39,722.1899999999999,130.2399999999999
4543,2025-09-22,Electronics,East,3,232.35,0.0,0,182.1,697.05,150.75
4544,2025-05-24,Electronics,South,2,36.58,0.3,0,18.27,51.211999999999996,14.671999999999997
4545,2025-05-30,Electronics,West,5,73.91,0.0,0,48.08,369.54999999999995,129.14999999999998
4546,2025-08-15,Home,East,3,246.56,0.0,1,126.53,0.0,0.0
4547,2025-05-30,Grocery,East,1,118.47,0.15,0,54.72,100.6995,45.9795
4548,2025-09-28,Clothing,South,3,28.68,0.3,0,20.37,60.22799999999999,-0.8820000000000121
4549,2025-12-02,Home,South,4,140.2,0.0,0,104.88,560.8,141.27999999999997
4550,2025-09-05,Electronics,West,4,40.37,0.05,0,25.83,153.40599999999998,50.085999999999984
4551,2025-04-29,Home,East,1,76.53,0.05,0,46.05,72.70349999999999,26.653499999999994
4552,2025-06-28,Electronics,West,3,81.36,0.3,0,49.41,170.85599999999997,22.625999999999976
4553,2025-12-05,Grocery,East,4,120.46,0.05,0,97.37,457.74799999999993,68.26799999999992
4554,2025-10-14,Home,West,5,183.31,0.3,0,106.1,641.5849999999999,111.08499999999992
4555,2025-01-15,Home,West,3,86.05,0.15,0,65.36,219.42749999999998,23.347499999999997
4556,2025-08-28,Grocery,West,2,230.35,0.05,0,125.79,437.66499999999996,186.08499999999995
4557,2025-01-22,Electronics,West,3,79.39,0.15,0,37.99,202.4445,88.4745
4558,2025-03-26,Clothing,East,3,27.79,0.15,0,16.9,70.8645,20.16450000000001
4559,2025-01-24,Electronics,West,4,73.98,0.3,0,59.45,207.144,-30.656000000000006
4560,2025-03-20,Electronics,East,4,137.78,0.3,0,90.92,385.784,22.103999999999985
4561,2025-03-27,Clothing,South,3,98.47,0.3,1,54.38,0.0,0.0
4562,2025-01-22,Grocery,South,4,199.95,0.3,0,153.67,559.8599999999999,-54.82000000000005
4563,2025-06-30,Clothing,East,3,242.31,0.0,0,139.3,726.9300000000001,309.03000000000003
4564,2025-01-12,Clothing,West,1,198.88,0.15,0,136.12,169.048,32.928
4565,2025-02-14,Clothing,North,4,107.73,0.0,1,53.34,0.0,0.0
4566,2025-04-06,Electronics,North,4,226.04,0.3,0,105.61,632.9119999999999,210.47199999999992
4567,2025-12-26,Clothing,East,1,87.25,0.3,0,44.55,61.074999999999996,16.525
4568,2025-04-27,Grocery,North,5,104.31,0.15,0,52.01,443.31749999999994,183.26749999999993
4569,2025-06-14,Electronics,East,2,89.02,0.05,0,65.03,169.13799999999998,39.077999999999975
4570,2025-04-19,Grocery,East,2,179.48,0.3,0,130.28,251.27199999999996,-9.28800000000004
4571,2025-03-23,Clothing,South,1,129.23,0.0,0,103.93,129.23,25.299999999999983
4572,2025-03-20,Home,North,3,218.69,0.15,0,135.65,557.6595,150.70949999999993
4573,2025-10-28,Home,North,4,25.76,0.0,0,13.08,103.04,50.720000000000006
4574,2025-03-13,Grocery,South,2,175.26,0.15,0,117.0,297.94199999999995,63.94199999999995
4575,2025-08-06,Grocery,West,2,235.72,0.0,0,149.32,471.44,172.8
4576,2025-11-14,Electronics,North,1,198.45,0.05,0,142.73,188.52749999999997,45.797499999999985
4577,2025-07-03,Clothing,West,3,84.36,0.15,0,66.54,215.118,15.49799999999999
4578,2025-03-13,Home,South,4,63.62,0.15,0,34.87,216.308,76.828
4579,2025-02-25,Electronics,West,3,248.48,0.15,0,202.88,633.6239999999999,24.983999999999924
4580,2025-03-10,Electronics,North,2,171.8,0.05,0,127.43,326.42,71.56
4581,2025-08-23,Clothing,South,3,54.66,0.3,0,35.7,114.78599999999999,7.685999999999979
4582,2025-10-25,Clothing,North,1,125.04,0.05,0,57.9,118.788,60.888
4583,2025-07-06,Grocery,South,1,229.8,0.3,1,151.74,0.0,0.0
4584,2025-03-29,Clothing,East,4,184.23,0.05,0,89.07,700.074,343.794
4585,2025-09-21,Home,East,3,208.04,0.05,1,115.05,0.0,0.0
4586,2025-04-29,Electronics,South,2,41.21,0.0,0,28.7,82.42,25.020000000000003
4587,2025-04-01,Home,East,1,116.3,0.05,0,90.91,110.48499999999999,19.57499999999999
4588,2025-07-08,Electronics,East,5,132.35,0.3,0,75.53,463.22499999999997,85.57499999999999
4589,2025-11-30,Electronics,North,3,103.29,0.0,0,59.18,309.87,132.33
4590,2025-11-02,Electronics,West,3,70.93,0.3,0,35.37,148.953,42.84300000000002
4591,2025-09-04,Grocery,North,1,120.89,0.0,0,54.85,120.89,66.03999999999999
4592,2025-07-25,Clothing,North,1,223.52,0.05,0,119.24,212.344,93.104
4593,2025-01-23,Clothing,South,4,205.52,0.0,0,128.97,822.08,306.20000000000005
4594,2025-02-21,Clothing,South,2,21.39,0.3,1,17.42,0.0,0.0
4595,2025-10-07,Grocery,East,2,81.07,0.0,0,43.16,162.14,75.82
4596,2025-09-25,Home,North,2,185.9,0.15,0,112.65,316.03000000000003,90.73000000000002
4597,2025-11-20,Electronics,East,3,224.44,0.3,0,147.14,471.3239999999999,29.90399999999994
4598,2025-11-08,Clothing,South,3,73.35,0.15,0,38.6,187.0425,71.24249999999998
4599,2025-03-15,Grocery,North,3,157.85,0.05,0,132.14,449.87249999999995,53.452499999999986
4600,2025-08-30,Clothing,North,3,190.69,0.0,1,96.33,0.0,0.0
4601,2025-05-12,Home,West,1,188.03,0.0,0,131.85,188.03,56.18000000000001
4602,2025-01-27,Electronics,East,3,32.06,0.0,1,21.05,0.0,0.0
4603,2025-08-06,Home,South,2,90.65,0.15,0,65.21,154.10500000000002,23.68500000000003
4604,2025-08-20,Home,West,5,167.06,0.05,0,98.87,793.535,299.18499999999995
4605,2025-03-28,Home,North,1,61.38,0.0,0,29.94,61.38,31.44
4606,2025-07-20,Clothing,North,2,138.73,0.05,1,68.43,0.0,0.0
4607,2025-07-04,Clothing,South,3,125.75,0.15,0,103.65,320.66249999999997,9.71249999999992
4608,2025-11-16,Clothing,South,1,199.5,0.15,0,136.26,169.575,33.315
4609,2025-11-21,Home,East,1,244.73,0.3,0,190.12,171.31099999999998,-18.809000000000026
4610,2025-01-14,Electronics,West,4,90.91,0.3,1,72.3,0.0,0.0
4611,2025-02-23,Grocery,North,4,219.8,0.05,0,137.86,835.24,283.79999999999995
4612,2025-05-18,Grocery,South,5,107.32,0.0,0,78.07,536.5999999999999,146.24999999999994
4613,2025-01-10,Clothing,East,5,160.82,0.15,0,88.24,683.4849999999999,242.2849999999999
4614,2025-12-24,Grocery,East,4,132.57,0.0,0,59.83,530.28,290.96
4615,2025-10-14,Electronics,West,1,139.63,0.05,0,98.55,132.64849999999998,34.09849999999999
4616,2025-08-20,Home,North,2,47.96,0.15,0,22.22,81.532,37.092
4617,2025-12-20,Grocery,West,3,231.07,0.3,0,144.59,485.247,51.47700000000003
4618,2025-05-14,Grocery,West,1,231.6,0.3,0,189.38,162.11999999999998,-27.26000000000002
4619,2025-09-03,Grocery,East,2,181.68,0.05,0,92.48,345.192,160.232
4620,2025-09-20,Grocery,North,1,245.36,0.0,0,198.04,245.36,47.32000000000002
4621,2025-01-09,Grocery,North,4,75.41,0.15,1,62.7,0.0,0.0
4622,2025-08-24,Clothing,South,3,166.39,0.0,0,137.85,499.16999999999996,85.62
4623,2025-03-23,Electronics,South,1,246.25,0.3,0,154.99,172.375,17.38499999999999
4624,2025-07-23,Clothing,East,1,132.72,0.05,0,87.61,126.08399999999999,38.47399999999999
4625,2025-11-30,Clothing,East,4,81.25,0.0,1,66.26,0.0,0.0
4626,2025-03-03,Grocery,South,2,151.65,0.0,0,73.14,303.3,157.02
4627,2025-05-04,Home,East,1,149.58,0.05,0,92.03,142.101,50.071
4628,2025-04-14,Home,South,4,86.34,0.3,0,51.7,241.75199999999998,34.95199999999997
4629,2025-04-11,Clothing,East,3,25.8,0.0,0,16.81,77.4,26.970000000000013
4630,2025-10-06,Home,East,2,56.53,0.0,0,42.46,113.06,28.14
4631,2025-07-16,Electronics,South,2,103.51,0.0,0,78.98,207.02,49.06
4632,2025-04-30,Home,South,4,106.4,0.3,1,52.27,0.0,0.0
4633,2025-10-21,Grocery,South,3,113.83,0.0,0,59.93,341.49,161.70000000000002
4634,2025-10-17,Clothing,West,2,223.82,0.0,0,149.53,447.64,148.57999999999998
4635,2025-03-11,Electronics,East,5,130.32,0.05,0,68.5,619.0199999999999,276.51999999999987
4636,2025-08-18,Clothing,South,2,118.07,0.05,0,67.66,224.33299999999997,89.01299999999998
4637,2025-02-23,Clothing,West,3,151.74,0.05,0,108.16,432.459,107.97899999999998
4638,2025-03-23,Home,North,2,184.61,0.3,0,137.44,258.454,-16.425999999999988
4639,2025-05-04,Home,West,5,183.64,0.15,0,123.27,780.4699999999999,164.1199999999999
4640,2025-05-22,Electronics,East,5,188.68,0.05,0,114.98,896.23,321.33000000000004
4641,2025-03-05,Clothing,South,4,65.28,0.0,0,46.72,261.12,74.24000000000001
4642,2025-06-20,Clothing,East,1,64.5,0.15,0,47.39,54.824999999999996,7.434999999999995
4643,2025-08-13,Electronics,South,4,219.19,0.3,0,105.01,613.732,193.69199999999995
4644,2025-03-24,Clothing,North,2,52.21,0.3,0,37.23,73.094,-1.3659999999999997
4645,2025-09-23,Grocery,West,3,238.58,0.05,0,138.08,679.953,265.71299999999997
4646,2025-09-13,Electronics,South,3,111.56,0.15,0,61.65,284.478,99.52800000000002
4647,2025-09-21,Grocery,North,1,155.94,0.15,0,79.56,132.549,52.989000000000004
4648,2025-02-06,Grocery,West,5,36.19,0.15,0,30.51,153.80749999999998,1.2574999999999648
4649,2025-10-22,Home,West,3,115.86,0.3,0,57.05,243.30599999999998,72.156
4650,2025-11-03,Electronics,East,2,28.92,0.0,0,18.01,57.84,21.82
4651,2025-06-21,Clothing,West,2,77.63,0.15,0,62.62,131.97099999999998,6.73099999999998
4652,2025-07-08,Grocery,North,4,162.68,0.05,0,91.99,618.184,250.224
4653,2025-05-12,Home,West,1,171.25,0.15,0,81.94,145.5625,63.6225
4654,2025-11-07,Grocery,South,2,63.7,0.05,0,47.29,121.03,26.450000000000003
4655,2025-11-05,Grocery,East,5,135.89,0.15,0,108.33,577.5324999999999,35.882499999999936
4656,2025-12-10,Clothing,North,4,215.42,0.0,0,156.63,861.68,235.15999999999997
4657,2025-06-18,Home,East,2,23.04,0.3,0,13.55,32.256,5.155999999999999
4658,2025-05-28,Grocery,South,1,236.92,0.3,0,150.03,165.844,15.813999999999993
4659,2025-04-06,Grocery,West,5,78.26,0.15,0,59.75,332.605,33.85500000000002
4660,2025-01-23,Home,North,1,226.42,0.3,0,170.38,158.49399999999997,-11.886000000000024
4661,2025-11-02,Grocery,South,4,28.55,0.0,0,18.15,114.2,41.60000000000001
4662,2025-12-04,Home,West,5,200.75,0.05,0,116.08,953.5625,373.1625
4663,2025-12-12,Clothing,North,5,43.32,0.0,0,30.71,216.6,63.04999999999998
4664,2025-12-20,Electronics,West,3,176.62,0.3,0,119.15,370.902,13.451999999999941
4665,2025-05-18,Home,South,5,132.33,0.05,0,107.15,628.5675000000001,92.81750000000011
4666,2025-06-04,Electronics,South,4,71.27,0.3,0,52.83,199.55599999999998,-11.76400000000001
4667,2025-07-02,Electronics,East,4,35.78,0.3,0,29.22,100.184,-16.695999999999998
4668,2025-11-10,Clothing,South,1,208.02,0.3,0,146.73,145.614,-1.1159999999999854
4669,2025-03-17,Home,South,3,163.44,0.3,0,133.97,343.224,-58.68599999999998
4670,2025-06-12,Clothing,West,4,211.3,0.0,0,111.85,845.2,397.80000000000007
4671,2025-12-24,Grocery,East,3,56.34,0.0,0,40.25,169.02,48.27000000000001
4672,2025-10-25,Electronics,South,2,19.75,0.05,0,9.08,37.525,19.365
4673,2025-02-08,Clothing,North,3,92.16,0.15,0,63.97,235.008,43.09800000000001
4674,2025-12-02,Clothing,North,5,210.32,0.0,0,178.1,1051.6,161.0999999999999
4675,2025-12-08,Electronics,West,4,75.01,0.15,0,63.4,255.03400000000002,1.434000000000026
4676,2025-10-03,Grocery,South,5,147.3,0.0,0,97.18,736.5,250.59999999999997
4677,2025-04-20,Electronics,South,4,187.26,0.3,0,99.96,524.328,124.488
4678,2025-11-25,Home,West,3,211.02,0.0,0,131.73,633.0600000000001,237.87000000000012
4679,2025-03-01,Grocery,West,5,154.18,0.05,0,114.78,732.355,158.45500000000004
4680,2025-11-01,Clothing,South,5,114.52,0.15,0,77.67,486.71,98.35999999999996
4681,2025-11-03,Home,South,1,139.52,0.3,0,103.56,97.664,-5.896000000000001
4682,2025-04-29,Electronics,North,2,71.29,0.0,0,39.34,142.58,63.900000000000006
4683,2025-03-30,Clothing,North,3,140.67,0.05,0,101.46,400.9095,96.52949999999998
4684,2025-08-10,Electronics,North,1,85.48,0.0,0,39.62,85.48,45.86000000000001
4685,2025-03-28,Grocery,West,2,152.63,0.0,0,105.56,305.26,94.13999999999999
4686,2025-02-02,Electronics,South,2,177.24,0.3,0,138.21,248.136,-28.28400000000002
4687,2025-04-13,Grocery,North,5,148.73,0.3,0,124.41,520.555,-101.495
4688,2025-11-25,Clothing,West,5,197.44,0.0,0,113.3,987.2,420.70000000000005
4689,2025-01-18,Home,East,5,196.41,0.15,0,161.44,834.7425,27.542499999999905
4690,2025-07-04,Electronics,East,3,115.21,0.0,0,84.37,345.63,92.51999999999998
4691,2025-12-24,Electronics,West,2,120.85,0.05,0,76.56,229.61499999999998,76.49499999999998
4692,2025-09-23,Home,North,5,225.2,0.15,0,181.2,957.1,51.10000000000002
4693,2025-03-01,Home,South,4,200.93,0.05,0,100.63,763.534,361.014
4694,2025-05-30,Grocery,West,4,108.28,0.15,0,61.51,368.152,122.112
4695,2025-02-07,Electronics,East,5,36.62,0.05,0,21.02,173.945,68.845
4696,2025-11-06,Clothing,West,4,193.69,0.3,1,142.25,0.0,0.0
4697,2025-09-24,Home,South,2,89.74,0.15,0,47.97,152.558,56.617999999999995
4698,2025-09-08,Grocery,West,1,72.91,0.05,0,45.47,69.2645,23.7945
4699,2025-01-16,Electronics,East,2,225.93,0.15,0,133.47,384.081,117.14100000000002
4700,2025-11-01,Clothing,West,3,112.4,0.05,0,85.09,320.34000000000003,65.07000000000002
4701,2025-04-03,Grocery,South,3,24.74,0.0,1,15.85,0.0,0.0
4702,2025-09-03,Home,West,4,83.45,0.3,1,55.44,0.0,0.0
4703,2025-12-16,Home,East,5,170.38,0.05,0,83.04,809.305,394.1049999999999
4704,2025-02-04,Home,South,1,75.22,0.05,0,39.86,71.45899999999999,31.59899999999999
4705,2025-09-05,Grocery,South,3,107.68,0.05,0,73.16,306.888,87.40799999999999
4706,2025-09-05,Electronics,North,3,174.58,0.3,0,146.99,366.618,-74.35200000000003
4707,2025-08-15,Electronics,West,2,153.35,0.3,0,104.63,214.68999999999997,5.429999999999978
4708,2025-06-03,Grocery,East,4,29.98,0.05,0,13.6,113.92399999999999,59.523999999999994
4709,2025-07-01,Home,North,1,187.03,0.3,0,155.84,130.921,-24.91900000000001
4710,2025-10-25,Grocery,East,3,41.44,0.05,0,26.55,118.10399999999998,38.45399999999998
4711,2025-01-02,Electronics,North,1,131.42,0.3,0,106.99,91.99399999999999,-14.99600000000001
4712,2025-07-24,Grocery,North,4,152.32,0.15,0,109.92,517.8879999999999,78.20799999999991
4713,2025-05-30,Electronics,East,4,203.1,0.05,0,166.01,771.78,107.74000000000001
4714,2025-01-27,Electronics,South,4,73.94,0.3,0,42.82,207.03199999999998,35.75199999999998
4715,2025-04-28,Electronics,East,4,51.71,0.3,0,33.82,144.78799999999998,9.507999999999981
4716,2025-01-15,Grocery,East,2,60.65,0.0,0,32.29,121.3,56.72
4717,2025-08-11,Grocery,East,3,28.75,0.05,0,20.66,81.9375,19.957499999999996
4718,2025-09-06,Clothing,East,5,170.39,0.05,0,114.95,809.3524999999998,234.60249999999985
4719,2025-06-22,Electronics,East,2,205.2,0.3,0,131.0,287.28,25.279999999999973
4720,2025-09-08,Home,North,4,235.4,0.3,0,158.45,659.12,25.32000000000005
4721,2025-03-13,Grocery,North,4,46.47,0.15,0,31.27,157.998,32.91799999999999
4722,2025-05-09,Clothing,West,4,248.92,0.3,0,117.96,696.9759999999999,225.1359999999999
4723,2025-11-06,Grocery,West,2,189.28,0.15,0,148.35,321.776,25.076000000000022
4724,2025-07-28,Home,South,1,73.68,0.3,0,62.39,51.576,-10.814
4725,2025-02-11,Home,West,3,130.35,0.3,1,100.38,0.0,0.0
4726,2025-03-27,Electronics,North,5,56.66,0.05,0,46.35,269.13499999999993,37.384999999999934
4727,2025-05-02,Grocery,East,2,145.59,0.05,0,108.03,276.621,60.56099999999998
4728,2025-10-05,Home,South,1,115.94,0.3,0,85.44,81.15799999999999,-4.282000000000011
4729,2025-12-05,Grocery,South,4,114.95,0.0,0,56.2,459.8,235.0
4730,2025-04-08,Electronics,East,5,58.72,0.05,0,38.21,278.92,87.87
4731,2025-06-12,Grocery,North,4,162.94,0.15,0,80.77,553.996,230.916
4732,2025-08-17,Electronics,West,5,248.14,0.05,0,195.57,1178.6649999999997,200.81499999999983
4733,2025-02-12,Home,West,5,220.06,0.15,0,127.43,935.2549999999999,298.1049999999998
4734,2025-12-18,Grocery,North,3,232.47,0.0,0,123.66,697.41,326.42999999999995
4735,2025-06-01,Grocery,South,5,102.18,0.05,0,71.65,485.355,127.10500000000002
4736,2025-02-23,Clothing,North,5,76.69,0.15,0,35.39,325.9325,148.98250000000002
4737,2025-07-31,Electronics,South,4,93.79,0.15,0,54.06,318.886,102.64600000000002
4738,2025-12-31,Grocery,East,1,42.63,0.0,0,27.7,42.63,14.930000000000003
4739,2025-12-10,Clothing,East,5,32.06,0.3,0,17.35,112.21,25.459999999999994
4740,2025-05-22,Grocery,South,4,55.88,0.15,0,43.24,189.992,17.031999999999982
4741,2025-03-06,Clothing,West,2,196.16,0.3,0,124.75,274.62399999999997,25.123999999999967
4742,2025-07-04,Grocery,West,1,68.35,0.15,0,44.77,58.0975,13.327499999999993
4743,2025-01-27,Home,West,4,239.76,0.05,0,189.26,911.088,154.048
4744,2025-09-24,Home,North,1,191.3,0.05,0,136.67,181.735,45.065000000000026
4745,2025-08-03,Home,West,4,212.57,0.15,0,170.4,722.7379999999999,41.13799999999992
4746,2025-12-06,Clothing,North,1,245.07,0.3,0,147.14,171.54899999999998,24.408999999999992
4747,2025-07-22,Grocery,West,4,64.34,0.15,0,47.43,218.756,29.036
4748,2025-01-22,Home,West,3,46.98,0.3,0,38.79,98.65799999999999,-17.712000000000018
4749,2025-08-16,Electronics,South,5,220.23,0.05,0,170.1,1046.0924999999997,195.59249999999975
4750,2025-06-21,Electronics,South,1,28.25,0.15,0,13.42,24.0125,10.5925
4751,2025-08-09,Grocery,East,3,42.63,0.3,0,24.95,89.52300000000001,14.673000000000016
4752,2025-07-30,Clothing,West,1,193.49,0.15,1,92.99,0.0,0.0
4753,2025-09-11,Clothing,North,5,238.85,0.15,0,186.31,1015.1125,83.5625
4754,2025-08-29,Grocery,South,5,20.74,0.3,0,15.04,72.58999999999999,-2.6099999999999994
4755,2025-12-20,Clothing,South,1,44.64,0.05,0,32.68,42.408,9.728000000000002
4756,2025-06-26,Clothing,North,3,215.7,0.3,0,174.71,452.9699999999999,-71.16000000000008
4757,2025-07-19,Clothing,West,4,203.58,0.3,0,147.25,570.024,-18.976
4758,2025-10-19,Clothing,South,1,111.62,0.15,0,91.81,94.877,3.066999999999993
4759,2025-07-04,Home,North,4,189.84,0.0,0,95.09,759.36,379.0
4760,2025-10-08,Electronics,North,1,219.21,0.05,0,119.65,208.2495,88.5995
4761,2025-05-31,Home,East,4,245.42,0.05,0,160.68,932.5959999999999,289.87599999999986
4762,2025-10-30,Clothing,South,5,95.57,0.3,0,63.55,334.49499999999995,16.744999999999948
4763,2025-08-25,Grocery,South,5,142.27,0.0,0,104.34,711.35,189.64999999999998
4764,2025-07-01,Home,West,5,18.71,0.15,0,12.61,79.51750000000001,16.467500000000015
4765,2025-08-14,Grocery,East,5,225.71,0.05,0,167.64,1072.1225,233.9225
4766,2025-05-31,Clothing,South,2,193.98,0.0,0,111.51,387.96,164.93999999999997
4767,2025-01-19,Clothing,West,2,101.65,0.3,0,82.16,142.31,-22.00999999999999
4768,2025-07-10,Clothing,South,2,66.87,0.05,0,41.98,127.053,43.093
4769,2025-03-19,Grocery,North,4,236.74,0.05,0,157.97,899.612,267.73199999999997
4770,2025-01-27,Electronics,East,2,175.36,0.3,0,90.89,245.504,63.72399999999999
4771,2025-02-18,Grocery,West,2,46.01,0.3,0,32.04,64.41399999999999,0.333999999999989
4772,2025-09-07,Clothing,North,5,228.89,0.3,0,131.75,801.1149999999998,142.36499999999978
4773,2025-12-21,Grocery,North,3,77.48,0.05,0,63.43,220.81799999999998,30.52799999999999
4774,2025-07-01,Grocery,East,3,78.76,0.0,0,55.34,236.28000000000003,70.26000000000002
4775,2025-08-15,Electronics,North,4,143.14,0.05,0,98.15,543.9319999999999,151.33199999999988
4776,2025-11-14,Grocery,East,2,249.06,0.3,0,160.58,348.68399999999997,27.523999999999944
4777,2025-10-11,Electronics,South,4,203.12,0.3,0,166.68,568.736,-97.98400000000004
4778,2025-05-21,Home,North,1,99.53,0.3,0,62.49,69.67099999999999,7.18099999999999
4779,2025-12-17,Electronics,North,3,229.03,0.15,0,162.36,584.0265,96.94650000000001
4780,2025-12-29,Grocery,North,5,74.4,0.3,0,57.9,260.4,-29.100000000000023
4781,2025-03-26,Clothing,North,5,233.86,0.05,1,111.98,0.0,0.0
4782,2025-04-18,Home,North,4,136.62,0.0,0,83.2,546.48,213.68
4783,2025-08-13,Grocery,West,3,176.32,0.05,0,134.39,502.512,99.34200000000004
4784,2025-08-25,Clothing,North,3,156.98,0.05,0,74.94,447.3929999999999,222.57299999999992
4785,2025-05-09,Electronics,West,5,88.94,0.05,0,48.7,422.465,178.96499999999997
4786,2025-02-13,Home,North,2,157.12,0.3,0,117.02,219.968,-14.072000000000003
4787,2025-01-07,Electronics,East,5,67.14,0.05,0,42.63,318.91499999999996,105.76499999999996
4788,2025-10-20,Clothing,South,4,46.86,0.0,0,22.55,187.44,97.24
4789,2025-10-27,Electronics,East,4,131.17,0.3,0,76.73,367.27599999999995,60.35599999999994
4790,2025-01-30,Clothing,South,4,73.94,0.3,0,41.58,207.03199999999998,40.71199999999999
4791,2025-03-02,Electronics,South,2,158.96,0.15,0,89.44,270.232,91.35200000000003
4792,2025-04-11,Grocery,West,3,174.72,0.15,0,135.59,445.53599999999994,38.76599999999996
4793,2025-01-21,Electronics,West,5,36.42,0.3,0,22.52,127.47000000000001,14.870000000000019
4794,2025-02-01,Electronics,East,4,179.38,0.0,0,135.01,717.52,177.48000000000002
4795,2025-05-30,Electronics,East,1,189.19,0.3,0,107.33,132.433,25.102999999999994
4796,2025-06-14,Home,North,5,147.2,0.05,0,105.95,699.1999999999999,169.44999999999993
4797,2025-12-31,Home,North,3,143.47,0.05,0,65.82,408.88949999999994,211.42949999999996
4798,2025-05-28,Electronics,West,1,148.74,0.15,0,101.51,126.429,24.918999999999997
4799,2025-08-06,Grocery,South,1,88.92,0.15,0,46.16,75.582,29.421999999999997
4800,2025-01-27,Electronics,West,2,208.52,0.0,0,118.04,417.04,180.96
4801,2025-09-30,Home,West,3,67.72,0.15,0,50.62,172.68599999999998,20.825999999999993
4802,2025-04-15,Electronics,South,1,139.34,0.15,0,66.09,118.439,52.34899999999999
4803,2025-01-04,Home,North,1,68.89,0.15,0,50.28,58.5565,8.276499999999999
4804,2025-09-29,Home,South,1,142.87,0.05,1,117.87,0.0,0.0
4805,2025-06-22,Home,North,1,42.43,0.0,0,19.36,42.43,23.07
4806,2025-03-25,Electronics,South,4,104.01,0.3,0,56.1,291.228,66.828
4807,2025-03-02,Clothing,East,1,196.03,0.15,0,107.07,166.6255,59.555499999999995
4808,2025-11-23,Electronics,North,4,68.95,0.15,0,55.91,234.43,10.79000000000002
4809,2025-09-08,Clothing,South,2,246.46,0.15,0,170.0,418.982,78.98200000000003
4810,2025-12-14,Grocery,East,5,240.15,0.05,0,134.47,1140.7124999999999,468.36249999999984
4811,2025-10-17,Clothing,North,5,187.49,0.3,0,133.8,656.215,-12.784999999999968
4812,2025-07-25,Clothing,East,5,99.11,0.0,0,61.7,495.55,187.05
4813,2025-06-19,Home,East,3,95.6,0.0,0,46.09,286.79999999999995,148.52999999999994
4814,2025-09-12,Home,North,4,100.66,0.0,0,54.3,402.64,185.44
4815,2025-02-01,Electronics,West,1,233.76,0.3,0,136.02,163.63199999999998,27.611999999999966
4816,2025-07-01,Clothing,North,4,42.54,0.05,0,33.98,161.652,25.732
4817,2025-05-10,Home,East,1,39.8,0.15,0,17.93,33.83,15.899999999999999
4818,2025-03-09,Grocery,North,3,95.05,0.15,0,44.45,242.37749999999997,109.02749999999995
4819,2025-03-13,Clothing,North,1,201.15,0.0,1,154.07,0.0,0.0
4820,2025-03-07,Electronics,West,2,207.34,0.3,0,171.09,290.276,-51.903999999999996
4821,2025-09-03,Home,West,4,172.81,0.05,0,79.42,656.678,338.998
4822,2025-10-15,Clothing,North,2,90.78,0.15,0,71.55,154.326,11.225999999999999
4823,2025-02-01,Clothing,South,5,184.39,0.05,0,130.62,875.8524999999998,222.75249999999983
4824,2025-03-24,Clothing,South,1,39.45,0.0,0,18.9,39.45,20.550000000000004
4825,2025-06-01,Home,West,4,112.2,0.0,0,89.27,448.8,91.72000000000003
4826,2025-10-25,Electronics,West,2,171.78,0.15,0,121.32,292.026,49.386000000000024
4827,2025-11-25,Electronics,West,4,143.94,0.0,0,114.37,575.76,118.27999999999997
4828,2025-01-23,Electronics,East,1,249.69,0.0,0,184.65,249.69,65.03999999999999
4829,2025-09-22,Electronics,South,4,233.16,0.05,0,137.6,886.0079999999999,335.60799999999995
4830,2025-12-08,Electronics,East,5,17.54,0.15,0,10.27,74.54499999999999,23.194999999999993
4831,2025-09-24,Home,West,1,30.63,0.3,0,24.8,21.441,-3.3590000000000018
4832,2025-04-16,Clothing,East,5,241.5,0.05,0,168.34,1147.125,305.42499999999995
4833,2025-06-13,Electronics,North,5,106.62,0.05,0,77.58,506.445,118.54500000000002
4834,2025-02-04,Electronics,North,1,28.89,0.3,1,14.49,0.0,0.0
4835,2025-11-10,Home,West,1,193.85,0.0,0,158.2,193.85,35.650000000000006
4836,2025-02-02,Home,West,4,151.22,0.0,0,98.6,604.88,210.48000000000002
4837,2025-05-13,Electronics,North,1,120.22,0.0,0,60.75,120.22,59.47
4838,2025-11-20,Electronics,North,1,100.25,0.15,0,53.12,85.21249999999999,32.092499999999994
4839,2025-07-16,Clothing,West,4,72.87,0.15,0,56.87,247.758,20.27800000000002
4840,2025-06-10,Grocery,South,1,204.31,0.3,0,161.2,143.017,-18.182999999999993
4841,2025-07-03,Home,East,5,130.39,0.15,0,96.55,554.1574999999999,71.40749999999991
4842,2025-11-06,Grocery,North,1,159.95,0.3,0,78.1,111.96499999999999,33.864999999999995
4843,2025-12-12,Electronics,North,1,128.03,0.05,0,58.9,121.62849999999999,62.72849999999999
4844,2025-08-21,Electronics,West,2,56.91,0.3,0,30.55,79.67399999999999,18.57399999999999
4845,2025-07-06,Home,West,5,102.88,0.05,0,79.15,488.67999999999995,92.92999999999995
4846,2025-02-08,Grocery,East,3,201.52,0.15,1,100.31,0.0,0.0
4847,2025-09-15,Electronics,South,3,167.92,0.05,0,108.24,478.57199999999995,153.85199999999998
4848,2025-04-24,Home,South,3,69.34,0.15,0,54.83,176.817,12.326999999999998
4849,2025-02-15,Grocery,North,3,75.34,0.0,0,40.11,226.02,105.69000000000001
4850,2025-06-07,Clothing,East,4,213.16,0.05,0,111.93,810.0079999999999,362.2879999999999
4851,2025-05-25,Clothing,North,2,48.64,0.15,0,34.49,82.688,13.707999999999998
4852,2025-09-19,Grocery,West,1,141.36,0.15,0,83.77,120.156,36.38600000000001
4853,2025-04-19,Clothing,North,2,39.22,0.05,0,29.83,74.518,14.858000000000004
4854,2025-04-11,Home,South,2,96.46,0.3,0,56.46,135.04399999999998,22.12399999999998
4855,2025-11-23,Home,North,1,196.54,0.3,1,112.79,0.0,0.0
4856,2025-01-13,Grocery,West,1,34.52,0.15,0,21.34,29.342000000000002,8.002000000000002
4857,2025-10-31,Electronics,East,1,56.06,0.05,0,44.74,53.257,8.516999999999996
4858,2025-02-19,Home,East,4,102.22,0.15,1,78.6,0.0,0.0
4859,2025-10-11,Grocery,West,3,72.34,0.05,0,58.92,206.169,29.40900000000002
4860,2025-10-21,Electronics,North,1,46.76,0.15,0,39.34,39.745999999999995,0.4059999999999917
4861,2025-02-22,Clothing,North,3,92.73,0.3,0,77.13,194.73299999999998,-36.65700000000001
4862,2025-07-01,Clothing,South,2,215.77,0.3,0,131.48,302.078,39.117999999999995
4863,2025-04-25,Grocery,North,2,225.16,0.0,0,151.31,450.32,147.7
4864,2025-03-11,Grocery,South,4,241.85,0.15,0,143.95,822.29,246.49
4865,2025-01-24,Home,West,5,183.88,0.05,1,95.77,0.0,0.0
4866,2025-12-10,Clothing,East,1,33.42,0.0,0,20.56,33.42,12.860000000000003
4867,2025-10-29,Grocery,North,4,76.09,0.05,0,41.08,289.142,124.822
4868,2025-10-29,Clothing,West,4,186.06,0.3,0,126.62,520.968,14.487999999999943
4869,2025-01-17,Grocery,North,5,196.69,0.3,0,143.84,688.415,-30.785000000000082
4870,2025-01-08,Grocery,West,5,62.78,0.3,0,45.36,219.72999999999996,-7.07000000000005
4871,2025-03-12,Grocery,East,1,22.83,0.05,1,19.01,0.0,0.0
4872,2025-11-22,Home,South,1,230.82,0.0,0,152.72,230.82,78.1
4873,2025-09-18,Grocery,North,5,247.28,0.0,0,133.17,1236.4,570.5500000000002
4874,2025-06-01,Clothing,West,1,163.39,0.3,0,109.88,114.37299999999998,4.492999999999981
4875,2025-07-12,Home,East,2,16.02,0.05,0,7.56,30.438,15.318
4876,2025-12-30,Clothing,East,2,249.9,0.05,0,149.64,474.81,175.53000000000003
4877,2025-05-07,Home,North,3,149.69,0.15,0,70.56,381.7095,170.02949999999998
4878,2025-11-20,Electronics,West,3,246.36,0.05,0,207.02,702.126,81.06599999999992
4879,2025-05-03,Grocery,East,4,138.93,0.0,0,116.81,555.72,88.48000000000002
4880,2025-03-23,Clothing,East,2,132.93,0.15,0,109.67,225.981,6.640999999999991
4881,2025-06-24,Clothing,North,1,216.35,0.0,0,122.88,216.35,93.47
4882,2025-05-06,Electronics,East,3,206.17,0.3,0,153.79,432.957,-28.41300000000001
4883,2025-04-08,Home,East,3,32.39,0.3,0,23.03,68.01899999999999,-1.0710000000000122
4884,2025-03-26,Grocery,South,5,69.47,0.15,0,35.63,295.2475,117.0975
4885,2025-04-14,Electronics,North,5,178.7,0.15,0,119.52,759.475,161.875
4886,2025-03-01,Grocery,South,4,190.66,0.3,0,89.19,533.848,177.08799999999997
4887,2025-10-09,Electronics,East,4,214.05,0.3,0,180.78,599.34,-123.77999999999997
4888,2025-01-04,Grocery,East,4,177.48,0.3,0,82.77,496.94399999999996,165.86399999999998
4889,2025-09-24,Grocery,South,2,15.4,0.15,0,12.33,26.18,1.5199999999999996
4890,2025-12-08,Electronics,South,4,55.66,0.05,0,32.14,211.50799999999998,82.94799999999998
4891,2025-07-04,Electronics,East,2,143.41,0.3,0,71.92,200.77399999999997,56.93399999999997
4892,2025-07-14,Electronics,South,3,109.94,0.3,0,70.46,230.87399999999997,19.49399999999997
4893,2025-09-02,Clothing,East,1,243.96,0.0,0,191.52,243.96,52.44
4894,2025-03-05,Home,North,2,142.07,0.15,0,119.89,241.51899999999998,1.738999999999976
4895,2025-06-09,Grocery,South,2,169.63,0.0,0,133.21,339.26,72.83999999999997
4896,2025-08-26,Home,East,3,149.77,0.3,0,79.46,314.517,76.137
4897,2025-09-07,Electronics,West,3,114.01,0.05,0,75.85,324.9285,97.3785
4898,2025-10-09,Electronics,West,2,118.04,0.0,0,80.67,236.08,74.74000000000001
4899,2025-03-11,Electronics,South,2,146.96,0.15,0,93.61,249.832,62.611999999999995
4900,2025-09-29,Electronics,South,3,194.36,0.3,0,120.49,408.156,46.686000000000035
4901,2025-08-03,Electronics,West,4,43.44,0.15,0,33.08,147.696,15.376000000000005
4902,2025-06-10,Electronics,North,5,152.09,0.05,0,80.03,722.4275,322.27750000000003
4903,2025-05-24,Grocery,East,4,93.95,0.15,0,59.02,319.43,83.35
4904,2025-09-07,Electronics,South,5,24.56,0.05,0,16.25,116.66,35.41
4905,2025-09-27,Home,North,1,192.12,0.05,0,106.33,182.51399999999998,76.18399999999998
4906,2025-02-14,Home,South,1,209.55,0.3,0,107.5,146.685,39.185
4907,2025-07-08,Clothing,North,5,105.25,0.3,0,65.3,368.375,41.875
4908,2025-12-13,Grocery,West,1,62.23,0.15,0,46.17,52.8955,6.725499999999997
4909,2025-08-15,Clothing,North,1,206.1,0.15,0,140.09,175.185,35.095
4910,2025-12-09,Grocery,East,2,210.31,0.15,0,166.76,357.527,24.007000000000005
4911,2025-02-17,Electronics,North,5,141.16,0.3,0,102.38,494.05999999999995,-17.840000000000032
4912,2025-10-18,Electronics,South,1,115.26,0.0,0,95.35,115.26,19.91000000000001
4913,2025-10-28,Clothing,West,3,117.45,0.3,0,92.69,246.645,-31.424999999999983
4914,2025-10-07,Clothing,South,1,217.16,0.15,0,150.75,184.58599999999998,33.835999999999984
4915,2025-08-06,Clothing,East,4,29.42,0.3,0,14.15,82.376,25.776000000000003
4916,2025-01-22,Clothing,East,3,30.06,0.0,0,16.58,90.17999999999999,40.44
4917,2025-08-29,Home,South,4,196.15,0.05,0,127.66,745.37,234.73000000000002
4918,2025-07-24,Home,North,4,21.59,0.0,0,16.38,86.36,20.840000000000003
4919,2025-08-19,Home,East,2,26.05,0.05,0,12.1,49.495,25.294999999999998
4920,2025-09-10,Clothing,East,4,125.96,0.0,0,99.41,503.84,106.19999999999999
4921,2025-08-13,Home,North,1,140.28,0.3,0,96.71,98.196,1.4860000000000042
4922,2025-12-29,Grocery,East,4,144.78,0.05,0,107.64,550.164,119.60399999999998
4923,2025-04-15,Electronics,South,4,83.43,0.15,0,44.27,283.66200000000003,106.58200000000002
4924,2025-11-01,Grocery,East,4,16.12,0.0,0,12.12,64.48,16.000000000000007
4925,2025-03-16,Grocery,North,4,125.64,0.15,0,71.56,427.176,140.93599999999998
4926,2025-07-12,Home,South,5,20.36,0.0,0,14.13,101.8,31.14999999999999
4927,2025-09-24,Home,West,2,157.14,0.0,0,114.44,314.28,85.39999999999998
4928,2025-04-25,Electronics,South,1,125.37,0.0,0,92.71,125.37,32.66000000000001
4929,2025-05-15,Home,East,2,245.29,0.3,0,206.53,343.40599999999995,-69.65400000000005
4930,2025-06-02,Electronics,South,3,135.99,0.05,0,105.36,387.5715,71.49150000000003
4931,2025-10-05,Electronics,South,2,192.28,0.05,0,122.31,365.332,120.71199999999999
4932,2025-01-07,Clothing,East,1,182.48,0.05,0,128.47,173.356,44.885999999999996
4933,2025-07-23,Home,East,3,18.44,0.05,0,9.22,52.554,24.894
4934,2025-02-17,Clothing,East,2,198.3,0.15,0,164.95,337.11,7.210000000000036
4935,2025-09-29,Grocery,South,3,213.14,0.15,0,143.01,543.507,114.47699999999998
4936,2025-11-30,Grocery,East,1,163.38,0.0,0,122.81,163.38,40.56999999999999
4937,2025-04-12,Home,South,3,172.75,0.15,0,133.17,440.5125,41.0025
4938,2025-12-18,Electronics,East,3,39.24,0.0,0,20.17,117.72,57.209999999999994
4939,2025-05-24,Home,South,3,28.28,0.3,0,16.86,59.388,8.808
4940,2025-08-03,Electronics,North,5,86.25,0.0,0,60.94,431.25,126.55000000000001
4941,2025-02-15,Electronics,South,4,80.95,0.3,0,48.47,226.66,32.78
4942,2025-06-20,Home,East,2,226.78,0.3,0,145.16,317.49199999999996,27.17199999999997
4943,2025-11-07,Electronics,North,3,105.69,0.05,0,84.7,301.2165,47.116499999999974
4944,2025-05-30,Electronics,North,1,186.73,0.05,0,105.51,177.3935,71.88349999999998
4945,2025-08-06,Electronics,East,3,162.04,0.05,0,133.16,461.81399999999996,62.333999999999946
4946,2025-01-12,Clothing,West,1,209.41,0.0,0,168.12,209.41,41.28999999999999
4947,2025-02-27,Electronics,East,5,21.42,0.3,1,10.73,0.0,0.0
4948,2025-06-12,Home,South,3,136.79,0.05,0,88.43,389.8515,124.56149999999997
4949,2025-10-08,Electronics,East,2,197.99,0.0,0,91.73,395.98,212.52
4950,2025-09-16,Grocery,West,1,191.18,0.3,0,155.97,133.826,-22.144000000000005
4951,2025-04-21,Clothing,South,5,181.1,0.05,0,121.3,860.2249999999999,253.7249999999999
4952,2025-08-25,Grocery,East,3,16.9,0.0,0,8.19,50.699999999999996,26.129999999999995
4953,2025-04-11,Home,East,1,127.38,0.05,0,64.23,121.011,56.78099999999999
4954,2025-03-03,Clothing,South,1,108.61,0.3,0,60.64,76.027,15.387
4955,2025-12-13,Clothing,West,2,118.44,0.0,0,83.65,236.88,69.57999999999998
4956,2025-07-27,Grocery,West,5,87.35,0.3,0,62.0,305.72499999999997,-4.275000000000034
4957,2025-03-06,Home,South,1,120.18,0.0,0,66.38,120.18,53.80000000000001
4958,2025-07-09,Grocery,West,2,214.04,0.05,0,100.69,406.676,205.296
4959,2025-05-15,Electronics,East,1,44.04,0.0,0,36.83,44.04,7.210000000000001
4960,2025-03-23,Clothing,East,3,138.18,0.3,0,72.28,290.178,73.338
4961,2025-09-11,Home,East,4,15.12,0.15,0,8.55,51.407999999999994,17.20799999999999
4962,2025-10-31,Home,North,3,78.57,0.15,0,57.69,200.35349999999997,27.283499999999975
4963,2025-02-02,Electronics,West,3,73.24,0.3,0,49.1,153.80399999999997,6.503999999999962
4964,2025-01-11,Home,East,1,105.45,0.15,0,70.86,89.6325,18.772499999999994
4965,2025-02-27,Home,South,4,191.75,0.05,0,100.71,728.65,325.81
4966,2025-09-21,Home,West,2,182.69,0.0,0,135.52,365.38,94.33999999999997
4967,2025-06-10,Grocery,North,2,19.06,0.0,0,8.79,38.12,20.54
4968,2025-10-05,Clothing,East,4,100.99,0.3,0,80.51,282.772,-39.26800000000003
4969,2025-05-08,Home,West,1,22.56,0.3,0,15.56,15.791999999999998,0.23199999999999754
4970,2025-07-23,Electronics,West,4,182.58,0.05,0,99.5,693.804,295.804
4971,2025-10-25,Grocery,West,1,224.28,0.05,0,173.41,213.066,39.656000000000006
4972,2025-11-16,Clothing,East,1,168.81,0.3,0,141.38,118.16699999999999,-23.213000000000008
4973,2025-07-20,Clothing,North,2,118.43,0.0,0,93.68,236.86,49.5
4974,2025-12-02,Grocery,North,2,51.53,0.05,0,43.75,97.907,10.406999999999996
4975,2025-09-26,Grocery,West,1,88.58,0.0,0,61.39,88.58,27.189999999999998
4976,2025-09-20,Home,East,2,234.7,0.0,0,168.09,469.4,133.21999999999997
4977,2025-04-30,Home,East,2,151.46,0.0,0,79.79,302.92,143.34
4978,2025-02-07,Home,South,1,73.83,0.05,0,39.61,70.1385,30.528499999999994
4979,2025-03-14,Clothing,North,4,55.7,0.3,0,26.35,155.96,50.56
4980,2025-09-25,Electronics,West,5,182.04,0.3,0,104.09,637.1399999999999,116.68999999999983
4981,2025-07-22,Electronics,South,1,81.15,0.3,0,60.84,56.805,-4.035000000000004
4982,2025-10-17,Electronics,South,1,224.73,0.05,0,156.87,213.49349999999998,56.62349999999998
4983,2025-08-09,Clothing,South,2,74.68,0.15,0,54.18,126.956,18.596000000000004
4984,2025-05-25,Home,North,2,154.74,0.15,0,101.98,263.058,59.097999999999985
4985,2025-09-27,Clothing,West,4,221.39,0.05,0,109.17,841.2819999999999,404.6019999999999
4986,2025-08-10,Clothing,West,3,163.69,0.3,1,75.53,0.0,0.0
4987,2025-02-20,Home,West,1,151.04,0.0,0,105.51,151.04,45.52999999999999
4988,2025-07-22,Electronics,South,5,234.59,0.3,0,141.38,821.0649999999999,114.16499999999996
4989,2025-07-13,Grocery,West,1,221.92,0.0,0,184.61,221.92,37.309999999999974
4990,2025-05-06,Electronics,North,1,183.28,0.15,0,94.4,155.788,61.388000000000005
4991,2025-07-03,Home,West,1,212.63,0.15,0,147.03,180.7355,33.7055
4992,2025-07-05,Home,North,1,74.12,0.15,0,41.37,63.002,21.632000000000005
4993,2025-12-05,Electronics,North,1,195.67,0.3,0,102.53,136.969,34.43899999999999
4994,2025-05-12,Grocery,West,1,249.89,0.15,0,169.35,212.4065,43.0565
4995,2025-01-13,Home,South,5,210.51,0.05,0,104.73,999.9224999999999,476.2724999999999
4996,2025-10-12,Home,South,5,91.05,0.15,0,56.98,386.9625,102.0625
4997,2025-07-13,Home,West,4,72.95,0.05,0,49.18,277.21,80.48999999999998
4998,2025-11-02,Electronics,West,5,216.23,0.05,0,149.1,1027.0924999999997,281.59249999999975
4999,2025-02-05,Grocery,West,4,173.15,0.15,0,125.65,588.71,86.11000000000001
5000,2025-09-24,Electronics,South,4,48.49,0.05,0,33.33,184.262,50.94200000000001
5001,2025-03-31,Grocery,North,4,238.69,0.3,0,178.23,668.332,-44.587999999999965
5002,2025-04-29,Grocery,North,5,79.11,0.05,0,67.08,375.7725,40.3725
5003,2025-07-17,Clothing,North,5,180.84,0.0,0,123.94,904.2,284.5
5004,2025-05-28,Home,North,5,160.23,0.15,0,81.8,680.9775,271.97749999999996
5005,2025-03-18,Home,South,4,189.05,0.0,0,149.79,756.2,157.04000000000008
5006,2025-08-09,Home,East,2,176.36,0.3,0,127.61,246.904,-8.316000000000003
5007,2025-10-28,Electronics,North,2,65.37,0.0,0,52.81,130.74,25.120000000000005
5008,2025-03-03,Home,North,5,192.23,0.0,0,146.85,961.15,226.89999999999998
5009,2025-04-23,Grocery,South,4,18.04,0.15,0,9.49,61.336,23.375999999999998
5010,2025-07-30,Grocery,East,3,63.18,0.0,1,41.77,0.0,0.0
5011,2025-07-31,Electronics,South,4,56.38,0.3,0,41.28,157.864,-7.256
5012,2025-08-22,Home,West,5,71.75,0.05,0,54.26,340.8125,69.51249999999999
5013,2025-02-16,Electronics,East,2,184.75,0.05,0,106.07,351.025,138.885
5014,2025-12-04,Electronics,North,4,209.17,0.3,0,146.03,585.6759999999999,1.5559999999999263
5015,2025-10-21,Electronics,North,4,209.87,0.3,0,177.14,587.636,-120.92399999999998
5016,2025-10-13,Grocery,West,1,47.33,0.3,0,30.35,33.131,2.780999999999999
5017,2025-12-13,Grocery,East,5,168.04,0.0,0,93.14,840.1999999999999,374.49999999999994
5018,2025-09-08,Grocery,South,1,116.95,0.0,0,69.51,116.95,47.44
5019,2025-10-13,Clothing,West,1,225.5,0.0,0,123.15,225.5,102.35
5020,2025-01-16,Clothing,West,5,194.1,0.0,0,126.95,970.5,335.75
5021,2025-10-22,Electronics,West,3,168.0,0.15,1,81.0,0.0,0.0
5022,2025-02-06,Home,West,1,97.89,0.3,0,45.99,68.523,22.532999999999994
5023,2025-09-24,Grocery,West,4,181.97,0.3,0,117.82,509.51599999999996,38.23599999999999
5024,2025-11-19,Electronics,South,1,214.42,0.0,0,141.35,214.42,73.07
5025,2025-09-02,Electronics,West,3,216.34,0.0,1,151.79,0.0,0.0
5026,2025-01-13,Grocery,East,2,167.26,0.15,0,111.26,284.342,61.821999999999974
5027,2025-06-26,Grocery,West,1,134.25,0.0,1,62.96,0.0,0.0
5028,2025-05-01,Home,South,3,226.92,0.15,0,176.17,578.646,50.13599999999997
5029,2025-07-29,Electronics,East,4,143.9,0.3,0,84.24,402.92,65.96000000000004
5030,2025-10-19,Grocery,South,2,105.24,0.0,0,81.13,210.48,48.22
5031,2025-11-22,Electronics,West,1,96.54,0.05,0,67.45,91.71300000000001,24.263000000000005
5032,2025-04-19,Electronics,South,2,72.12,0.3,0,40.69,100.968,19.588000000000008
5033,2025-01-20,Home,West,2,64.99,0.15,0,49.55,110.48299999999999,11.382999999999996
5034,2025-02-03,Electronics,North,5,210.02,0.0,0,108.95,1050.1000000000001,505.35000000000014
5035,2025-02-03,Home,East,1,19.68,0.15,0,14.01,16.727999999999998,2.717999999999998
5036,2025-12-04,Grocery,East,5,110.77,0.15,0,63.79,470.7725,151.8225
5037,2025-06-17,Clothing,South,3,211.6,0.0,0,140.53,634.8,213.20999999999992
5038,2025-11-30,Grocery,South,3,153.45,0.0,0,114.64,460.34999999999997,116.42999999999995
5039,2025-12-27,Clothing,South,4,166.62,0.0,0,84.11,666.48,330.04
5040,2025-02-06,Clothing,South,3,138.82,0.3,0,115.25,291.522,-54.22800000000001
5041,2025-10-08,Clothing,East,5,211.76,0.05,0,175.45,1005.8599999999999,128.6099999999999
5042,2025-05-17,Clothing,East,4,27.9,0.0,0,13.8,111.6,56.39999999999999
5043,2025-09-19,Home,West,4,70.0,0.05,0,43.61,266.0,91.56
5044,2025-07-13,Grocery,East,5,143.62,0.15,0,79.48,610.385,212.98499999999996
5045,2025-03-25,Electronics,East,4,70.38,0.3,0,38.98,197.06399999999996,41.14399999999998
5046,2025-08-24,Home,West,5,79.7,0.05,0,57.72,378.575,89.97499999999997
5047,2025-01-22,Home,East,5,243.47,0.3,0,110.17,852.1449999999999,301.29499999999985
5048,2025-12-13,Home,North,5,132.28,0.0,0,102.46,661.4,149.10000000000002
5049,2025-04-21,Grocery,North,5,34.56,0.05,0,29.19,164.16,18.20999999999998
5050,2025-02-15,Grocery,South,5,69.82,0.15,0,50.33,296.73499999999996,45.08499999999998
5051,2025-10-08,Clothing,North,3,152.35,0.05,0,120.43,434.19749999999993,72.90749999999991
5052,2025-05-20,Electronics,East,2,27.95,0.15,0,22.53,47.515,2.4549999999999983
5053,2025-12-12,Grocery,East,1,21.97,0.3,0,11.6,15.378999999999998,3.778999999999998
5054,2025-04-12,Grocery,North,3,22.97,0.15,0,12.46,58.573499999999996,21.193499999999993
5055,2025-10-20,Clothing,North,3,187.16,0.15,0,132.0,477.258,81.25799999999998
5056,2025-07-07,Electronics,West,4,218.52,0.3,0,129.76,611.856,92.81600000000003
5057,2025-01-03,Clothing,North,2,202.0,0.0,0,109.47,404.0,185.06
5058,2025-12-04,Grocery,North,4,24.47,0.0,0,18.88,97.88,22.36
5059,2025-12-16,Electronics,East,1,171.69,0.3,0,126.72,120.18299999999999,-6.537000000000006
5060,2025-02-16,Grocery,North,2,116.22,0.05,0,97.03,220.81799999999998,26.75799999999998
5061,2025-08-08,Home,West,2,90.35,0.15,0,47.04,153.595,59.515
5062,2025-05-30,Clothing,East,5,208.42,0.0,0,97.31,1042.1,555.55
5063,2025-05-14,Electronics,East,2,23.61,0.05,0,17.5,44.858999999999995,9.858999999999995
5064,2025-05-23,Electronics,North,1,217.0,0.0,0,129.85,217.0,87.15
5065,2025-12-26,Home,West,1,81.65,0.05,0,65.05,77.5675,12.517499999999998
5066,2025-04-23,Clothing,East,5,201.71,0.0,0,159.69,1008.5500000000001,210.10000000000002
5067,2025-06-19,Grocery,East,3,95.13,0.0,0,65.11,285.39,90.06
5068,2025-12-22,Electronics,West,1,28.74,0.05,0,18.89,27.302999999999997,8.412999999999997
5069,2025-08-14,Grocery,East,3,122.57,0.0,0,101.37,367.71,63.599999999999966
5070,2025-05-18,Clothing,North,2,246.55,0.05,0,180.63,468.445,107.185
5071,2025-12-17,Grocery,North,5,175.0,0.15,0,137.73,743.75,55.10000000000002
5072,2025-06-14,Electronics,South,1,228.01,0.0,0,143.49,228.01,84.51999999999998
5073,2025-06-16,Clothing,South,5,160.0,0.3,0,73.59,560.0,192.04999999999995
5074,2025-06-23,Electronics,West,1,161.63,0.15,0,96.24,137.38549999999998,41.145499999999984
5075,2025-07-06,Grocery,South,4,244.52,0.05,0,160.6,929.176,286.77600000000007
5076,2025-03-13,Clothing,North,5,50.64,0.0,0,33.31,253.2,86.64999999999998
5077,2025-07-08,Electronics,East,2,167.87,0.05,0,126.56,318.953,65.83299999999997
5078,2025-03-20,Home,East,5,174.55,0.0,0,86.69,872.75,439.3
5079,2025-04-26,Clothing,North,2,111.11,0.15,0,81.11,188.887,26.667
5080,2025-11-25,Grocery,West,3,133.65,0.0,0,72.48,400.95000000000005,183.51000000000005
5081,2025-02-06,Home,North,4,227.98,0.05,0,119.32,866.324,389.044
5082,2025-04-14,Grocery,West,4,98.74,0.05,0,50.71,375.212,172.37199999999999
5083,2025-12-19,Electronics,North,1,88.49,0.0,0,50.51,88.49,37.98
5084,2025-11-28,Home,North,3,242.65,0.15,0,118.28,618.7575,263.9175
5085,2025-08-30,Home,East,1,55.21,0.15,1,44.52,0.0,0.0
5086,2025-08-12,Home,East,3,28.6,0.3,0,19.55,60.06,1.4099999999999966
5087,2025-10-29,Clothing,East,1,192.97,0.15,0,156.25,164.0245,7.774499999999989
5088,2025-11-12,Clothing,West,3,178.76,0.15,0,95.69,455.83799999999997,168.76799999999997
5089,2025-11-24,Clothing,East,1,106.94,0.15,0,58.06,90.899,32.839
5090,2025-02-17,Electronics,North,5,214.12,0.0,0,170.67,1070.6,217.25
5091,2025-01-03,Electronics,East,1,113.26,0.3,0,56.22,79.282,23.061999999999998
5092,2025-01-11,Grocery,North,3,106.86,0.0,0,59.89,320.58,140.90999999999997
5093,2025-05-15,Electronics,West,2,46.46,0.3,0,31.73,65.044,1.583999999999996
5094,2025-04-05,Home,West,4,74.43,0.05,0,52.36,282.834,73.394
5095,2025-02-21,Home,South,1,159.74,0.05,1,107.61,0.0,0.0
5096,2025-02-07,Home,South,2,221.33,0.15,0,115.11,376.261,146.04100000000003
5097,2025-08-07,Home,North,1,93.74,0.3,0,58.7,65.618,6.917999999999992
5098,2025-02-14,Clothing,West,1,90.29,0.05,1,73.55,0.0,0.0
5099,2025-12-17,Clothing,East,5,207.35,0.05,0,161.71,984.9124999999999,176.36249999999984
5100,2025-12-10,Home,West,3,216.26,0.15,0,98.84,551.463,254.94299999999998
5101,2025-03-12,Home,South,3,211.78,0.3,0,165.81,444.738,-52.69200000000001
5102,2025-09-28,Home,East,1,249.45,0.0,0,128.98,249.45,120.47
5103,2025-05-04,Home,North,2,156.13,0.15,0,98.23,265.421,68.96099999999998
5104,2025-10-12,Electronics,West,3,155.68,0.05,0,125.13,443.688,68.298
5105,2025-07-29,Electronics,North,4,50.15,0.0,0,40.57,200.6,38.31999999999999
5106,2025-10-02,Electronics,North,1,180.23,0.0,0,150.81,180.23,29.419999999999987
5107,2025-11-06,Clothing,South,2,184.22,0.0,1,138.0,0.0,0.0
5108,2025-11-12,Home,North,2,53.8,0.0,0,33.25,107.6,41.099999999999994
5109,2025-02-19,Clothing,South,5,142.68,0.15,0,100.77,606.3900000000001,102.54000000000013
5110,2025-01-28,Grocery,East,4,119.63,0.0,0,60.12,478.52,238.04
5111,2025-12-14,Home,East,1,55.82,0.05,0,35.14,53.028999999999996,17.888999999999996
5112,2025-08-27,Clothing,North,1,125.24,0.3,0,99.86,87.66799999999999,-12.192000000000007
5113,2025-10-29,Clothing,East,2,108.99,0.05,0,70.12,207.081,66.84099999999998
5114,2025-06-19,Electronics,East,4,133.55,0.15,0,101.31,454.07000000000005,48.83000000000004
5115,2025-10-02,Grocery,West,1,150.61,0.0,0,122.88,150.61,27.730000000000018
5116,2025-08-26,Grocery,West,2,63.74,0.3,0,29.42,89.236,30.396
5117,2025-02-22,Clothing,West,1,203.0,0.3,0,100.69,142.1,41.41
5118,2025-10-13,Home,South,5,177.07,0.0,0,86.78,885.3499999999999,451.44999999999993
5119,2025-02-11,Grocery,North,2,236.83,0.15,0,184.34,402.611,33.93099999999998
5120,2025-05-24,Grocery,South,1,234.46,0.3,0,134.04,164.12199999999999,30.081999999999994
5121,2025-11-19,Clothing,North,5,223.38,0.3,0,123.61,781.83,163.7800000000001
5122,2025-03-29,Clothing,South,2,65.9,0.15,0,47.11,112.03,17.810000000000002
5123,2025-05-02,Grocery,South,2,32.04,0.0,0,15.5,64.08,33.08
5124,2025-02-12,Electronics,West,3,232.35,0.15,0,155.51,592.4925,125.96249999999998
5125,2025-11-13,Grocery,West,3,148.04,0.3,0,90.51,310.88399999999996,39.35399999999993
5126,2025-10-06,Grocery,North,4,214.29,0.15,0,174.73,728.5859999999999,29.66599999999994
5127,2025-12-16,Grocery,North,3,46.96,0.15,0,22.25,119.74799999999999,52.99799999999999
5128,2025-10-14,Electronics,East,4,37.15,0.15,0,17.48,126.30999999999999,56.389999999999986
5129,2025-09-13,Home,East,4,34.63,0.0,0,17.5,138.52,68.52000000000001
5130,2025-09-23,Clothing,North,5,62.55,0.05,0,52.15,297.1125,36.36250000000001
5131,2025-05-08,Grocery,East,2,19.95,0.05,0,13.09,37.904999999999994,11.724999999999994
5132,2025-11-28,Electronics,West,1,114.58,0.0,0,84.44,114.58,30.14
5133,2025-06-23,Grocery,East,5,98.42,0.3,0,75.89,344.46999999999997,-34.98000000000002
5134,2025-09-04,Home,South,5,84.94,0.15,0,69.08,360.995,15.595000000000027
5135,2025-11-03,Grocery,North,3,99.62,0.05,0,69.72,283.917,74.75699999999998
5136,2025-09-18,Home,East,5,233.09,0.15,0,153.54,990.6325,222.93250000000012
5137,2025-12-10,Grocery,East,3,60.41,0.0,0,30.77,181.23,88.91999999999999
5138,2025-01-02,Clothing,East,3,44.97,0.3,0,38.14,94.437,-19.983000000000004
5139,2025-02-22,Home,South,2,249.64,0.15,0,128.6,424.388,167.188
5140,2025-10-02,Grocery,South,4,138.73,0.3,0,75.85,388.44399999999996,85.04399999999998
5141,2025-09-11,Electronics,East,2,131.36,0.3,0,82.38,183.904,19.144000000000005
5142,2025-12-15,Home,South,2,81.88,0.15,0,57.97,139.196,23.256
5143,2025-10-12,Grocery,West,4,220.89,0.3,0,101.24,618.492,213.53199999999998
5144,2025-10-06,Home,North,2,245.2,0.0,0,142.56,490.4,205.27999999999997
5145,2025-06-10,Clothing,West,1,43.33,0.0,0,20.7,43.33,22.63
5146,2025-01-23,Clothing,South,4,131.51,0.05,0,105.59,499.73799999999994,77.37799999999993
5147,2025-06-22,Clothing,South,2,156.89,0.05,0,126.3,298.09099999999995,45.49099999999996
5148,2025-12-12,Home,South,5,126.27,0.05,0,68.91,599.7825,255.23250000000007
5149,2025-11-15,Clothing,North,5,197.13,0.0,0,115.2,985.65,409.65
5150,2025-03-10,Grocery,West,1,175.61,0.3,0,135.22,122.927,-12.292999999999992
5151,2025-06-27,Home,East,1,227.99,0.05,1,142.6,0.0,0.0
5152,2025-12-06,Grocery,North,3,231.8,0.3,0,151.77,486.78000000000003,31.46999999999997
5153,2025-03-04,Electronics,East,1,84.92,0.05,0,45.28,80.67399999999999,35.39399999999999
5154,2025-04-06,Grocery,South,5,109.2,0.0,0,91.28,546.0,89.60000000000002
5155,2025-12-02,Clothing,West,5,50.91,0.05,0,31.83,241.82249999999996,82.67249999999999
5156,2025-07-08,Home,East,1,25.22,0.05,1,11.5,0.0,0.0
5157,2025-12-09,Electronics,South,3,90.78,0.15,0,66.98,231.48900000000003,30.549000000000035
5158,2025-03-07,Electronics,East,1,210.73,0.0,0,96.88,210.73,113.85
5159,2025-01-21,Clothing,West,2,101.91,0.05,0,77.99,193.629,37.649
5160,2025-12-28,Grocery,North,3,178.08,0.3,0,101.19,373.96799999999996,70.39799999999997
5161,2025-08-10,Home,West,5,205.44,0.0,0,156.17,1027.2,246.35000000000014
5162,2025-11-26,Grocery,East,1,43.9,0.3,0,30.9,30.729999999999997,-0.1700000000000017
5163,2025-03-11,Home,East,4,112.17,0.3,0,61.57,314.07599999999996,67.79599999999996
5164,2025-06-19,Electronics,East,2,137.91,0.05,0,87.81,262.029,86.40899999999999
5165,2025-11-28,Electronics,South,4,222.69,0.15,0,143.85,757.146,181.74599999999998
5166,2025-05-01,Grocery,West,3,76.67,0.0,0,58.94,230.01,53.19
5167,2025-07-25,Grocery,North,3,166.26,0.0,1,74.95,0.0,0.0
5168,2025-05-26,Grocery,South,3,108.1,0.05,0,84.05,308.0849999999999,55.934999999999945
5169,2025-04-17,Home,East,1,84.75,0.0,0,48.52,84.75,36.23
5170,2025-11-09,Home,North,1,153.96,0.05,0,121.62,146.262,24.641999999999996
5171,2025-11-23,Electronics,East,4,136.15,0.15,0,66.75,462.91,195.91000000000003
5172,2025-04-10,Clothing,East,5,20.22,0.3,0,15.28,70.77,-5.6299999999999955
5173,2025-01-30,Grocery,West,5,144.19,0.15,1,86.95,0.0,0.0
5174,2025-05-22,Electronics,East,5,198.69,0.3,0,154.66,695.415,-77.88499999999999
5175,2025-02-18,Electronics,North,1,137.78,0.0,0,93.15,137.78,44.629999999999995
5176,2025-10-13,Clothing,East,5,176.35,0.05,0,147.67,837.6624999999999,99.3125
5177,2025-10-30,Electronics,East,5,15.55,0.15,0,12.91,66.08749999999999,1.5374999999999943
5178,2025-02-19,Grocery,North,5,212.38,0.05,0,119.05,1008.8050000000001,413.55500000000006
5179,2025-01-07,Grocery,North,2,114.09,0.3,0,60.26,159.726,39.206
5180,2025-12-19,Home,South,5,66.76,0.3,0,42.08,233.66,23.26000000000002
5181,2025-05-16,Grocery,South,5,187.52,0.0,1,84.83,0.0,0.0
5182,2025-03-08,Electronics,East,5,108.75,0.15,0,84.62,462.1875,39.08749999999998
5183,2025-01-16,Home,West,5,115.3,0.0,0,96.01,576.5,96.44999999999999
5184,2025-01-14,Electronics,North,3,173.82,0.3,0,103.31,365.022,55.091999999999985
5185,2025-08-15,Grocery,North,5,124.29,0.05,0,58.31,590.3775,298.82750000000004
5186,2025-06-14,Home,North,2,74.44,0.15,0,62.16,126.54799999999999,2.2279999999999944
5187,2025-11-18,Home,South,4,64.46,0.05,0,30.2,244.94799999999995,124.14799999999995
5188,2025-11-14,Clothing,West,3,242.97,0.3,0,199.84,510.23699999999997,-89.28300000000002
5189,2025-02-13,Home,North,1,176.62,0.05,0,108.92,167.789,58.868999999999986
5190,2025-01-22,Home,East,1,41.51,0.0,0,26.87,41.51,14.639999999999997
5191,2025-04-15,Home,West,2,54.53,0.3,0,38.83,76.342,-1.3179999999999978
5192,2025-06-02,Electronics,West,4,189.1,0.0,0,144.0,756.4,180.39999999999998
5193,2025-05-25,Home,West,5,49.15,0.0,0,38.63,245.75,52.599999999999994
5194,2025-10-04,Grocery,East,4,226.66,0.3,0,159.38,634.6479999999999,-2.872000000000071
5195,2025-07-19,Home,North,4,220.38,0.0,0,165.81,881.52,218.27999999999997
5196,2025-09-23,Home,South,3,156.74,0.3,0,112.95,329.154,-9.696000000000026
5197,2025-03-21,Electronics,South,4,54.21,0.0,0,38.93,216.84,61.120000000000005
5198,2025-11-04,Grocery,South,2,40.4,0.15,0,31.36,68.67999999999999,5.959999999999994
5199,2025-04-24,Home,North,4,152.76,0.05,0,111.72,580.4879999999999,133.60799999999995
5200,2025-05-30,Home,West,4,225.02,0.05,0,184.49,855.076,117.11599999999999
5201,2025-03-06,Home,South,3,96.2,0.0,0,56.56,288.6,118.92000000000002
5202,2025-12-10,Clothing,South,5,22.97,0.05,0,17.94,109.10749999999999,19.407499999999985
5203,2025-05-12,Home,East,4,240.0,0.05,0,133.0,912.0,380.0
5204,2025-08-08,Home,East,4,102.28,0.05,0,56.09,388.664,164.30399999999997
5205,2025-12-10,Grocery,South,5,212.37,0.05,0,163.03,1008.7574999999998,193.60749999999985
5206,2025-09-11,Clothing,South,2,238.39,0.3,0,182.27,333.746,-30.79400000000004
5207,2025-01-04,Home,West,2,124.24,0.15,0,81.34,211.208,48.52799999999999
5208,2025-08-15,Clothing,West,3,68.53,0.05,0,31.74,195.3105,100.09049999999999
5209,2025-11-04,Home,South,4,159.0,0.15,0,114.74,540.6,81.64000000000004
5210,2025-03-01,Clothing,South,1,24.36,0.3,0,12.54,17.052,4.5120000000000005
5211,2025-01-02,Grocery,West,2,164.84,0.3,0,82.9,230.77599999999998,64.97599999999997
5212,2025-07-21,Electronics,West,1,199.27,0.15,0,107.53,169.3795,61.849500000000006
5213,2025-05-27,Grocery,North,3,98.96,0.3,0,77.09,207.81599999999997,-23.454000000000036
5214,2025-02-05,Electronics,South,2,220.7,0.0,0,143.59,441.4,154.21999999999997
5215,2025-06-16,Electronics,East,4,19.45,0.0,0,16.4,77.8,12.200000000000003
5216,2025-03-03,Grocery,North,1,196.94,0.05,0,120.54,187.093,66.55299999999998
5217,2025-12-22,Home,West,1,66.16,0.0,0,40.87,66.16,25.29
5218,2025-05-20,Clothing,North,2,248.39,0.0,0,179.82,496.78,137.14
5219,2025-05-06,Home,North,4,232.85,0.3,1,185.29,0.0,0.0
5220,2025-10-24,Home,South,3,65.95,0.0,0,50.78,197.85000000000002,45.51000000000002
5221,2025-10-09,Electronics,East,5,187.41,0.15,1,159.24,0.0,0.0
5222,2025-07-01,Electronics,East,2,167.68,0.0,0,114.88,335.36,105.60000000000002
5223,2025-02-04,Home,South,5,132.49,0.15,0,60.43,563.0825,260.9325
5224,2025-07-31,Electronics,West,3,95.28,0.0,0,48.91,285.84000000000003,139.11000000000004
5225,2025-03-25,Grocery,South,4,171.67,0.3,0,140.31,480.67599999999993,-80.56400000000008
5226,2025-10-24,Home,West,3,37.33,0.0,0,31.11,111.99,18.659999999999997
5227,2025-04-29,Electronics,South,3,33.7,0.05,0,28.39,96.045,10.875
5228,2025-06-30,Clothing,North,3,28.8,0.05,0,23.93,82.08,10.290000000000006
5229,2025-09-23,Electronics,South,5,72.05,0.3,0,57.7,252.17499999999998,-36.32500000000002
5230,2025-06-15,Home,South,1,232.24,0.0,0,184.28,232.24,47.96000000000001
5231,2025-03-18,Clothing,East,1,242.71,0.05,0,148.5,230.5745,82.0745
5232,2025-11-11,Electronics,South,4,47.04,0.3,0,34.78,131.712,-7.4080000000000155
5233,2025-12-29,Electronics,East,2,157.42,0.0,0,112.35,314.84,90.13999999999999
5234,2025-09-04,Home,South,4,160.35,0.3,0,95.9,448.97999999999996,65.37999999999994
5235,2025-11-02,Grocery,North,5,234.3,0.3,0,128.89,820.05,175.60000000000002
5236,2025-02-19,Grocery,East,1,133.72,0.15,0,74.74,113.66199999999999,38.922
5237,2025-10-21,Clothing,South,5,152.63,0.3,1,114.13,0.0,0.0
5238,2025-12-01,Grocery,South,2,104.47,0.15,0,70.76,177.599,36.07899999999998
5239,2025-01-15,Electronics,East,1,79.53,0.05,0,59.87,75.5535,15.683500000000002
5240,2025-05-24,Grocery,South,3,127.2,0.05,0,78.52,362.52,126.95999999999998
5241,2025-06-17,Home,West,2,97.45,0.3,0,53.22,136.43,29.99000000000001
5242,2025-07-29,Home,North,4,34.95,0.3,0,17.1,97.86,29.459999999999994
5243,2025-04-13,Home,South,1,43.7,0.0,0,23.91,43.7,19.790000000000003
5244,2025-11-05,Home,South,4,45.04,0.15,0,35.23,153.136,12.216000000000008
5245,2025-11-23,Home,East,1,15.11,0.0,0,10.06,15.11,5.049999999999999
5246,2025-10-14,Home,South,3,126.55,0.15,0,64.45,322.7025,129.35249999999996
5247,2025-09-17,Grocery,East,3,188.79,0.3,0,85.22,396.459,140.799
5248,2025-07-21,Grocery,East,1,76.28,0.15,1,56.53,0.0,0.0
5249,2025-07-14,Clothing,North,3,194.69,0.3,0,151.28,408.84899999999993,-44.9910000000001
5250,2025-06-26,Home,North,2,22.16,0.0,0,11.93,44.32,20.46
5251,2025-11-21,Grocery,North,2,36.04,0.3,0,25.16,50.455999999999996,0.13599999999999568
5252,2025-05-03,Grocery,East,3,207.5,0.3,0,119.11,435.75,78.42000000000002
5253,2025-09-01,Grocery,South,3,44.08,0.15,0,29.56,112.40400000000001,23.724000000000018
5254,2025-06-10,Clothing,West,3,79.43,0.3,0,65.32,166.803,-29.156999999999982
5255,2025-07-10,Clothing,North,1,27.68,0.15,1,13.75,0.0,0.0
5256,2025-06-04,Home,North,3,122.23,0.0,0,100.64,366.69,64.76999999999998
5257,2025-02-15,Home,East,3,24.36,0.05,0,13.9,69.426,27.726
5258,2025-07-09,Home,South,5,176.71,0.15,1,110.66,0.0,0.0
5259,2025-04-17,Home,East,1,50.01,0.3,0,24.62,35.007,10.386999999999997
5260,2025-11-20,Grocery,East,1,229.62,0.05,0,140.72,218.13899999999998,77.41899999999998
5261,2025-08-12,Clothing,South,2,67.08,0.05,0,45.91,127.45199999999998,35.63199999999999
5262,2025-09-28,Electronics,South,3,223.92,0.3,0,103.9,470.23199999999997,158.53199999999993
5263,2025-08-16,Home,West,2,116.41,0.15,1,65.85,0.0,0.0
5264,2025-01-20,Grocery,South,1,39.33,0.15,0,27.69,33.430499999999995,5.740499999999994
5265,2025-09-28,Home,North,2,107.4,0.15,0,78.87,182.58,24.840000000000003
5266,2025-05-15,Grocery,South,4,113.11,0.0,0,75.73,452.44,149.51999999999998
5267,2025-05-18,Home,South,2,68.86,0.05,0,47.84,130.834,35.153999999999996
5268,2025-01-04,Electronics,East,5,121.02,0.05,0,71.14,574.845,219.14500000000004
5269,2025-07-14,Electronics,East,5,96.54,0.3,0,75.97,337.89,-41.960000000000036
5270,2025-02-15,Home,North,3,178.21,0.15,0,150.59,454.4355,2.6655000000000086
5271,2025-08-27,Grocery,North,2,147.62,0.3,1,84.65,0.0,0.0
5272,2025-03-09,Home,North,5,115.0,0.0,0,80.34,575.0,173.29999999999995
5273,2025-08-03,Electronics,South,1,58.89,0.0,0,49.1,58.89,9.79
5274,2025-12-07,Electronics,East,5,89.42,0.15,0,75.86,380.035,0.7350000000000136
5275,2025-05-21,Clothing,South,5,81.37,0.3,0,47.16,284.795,48.99500000000003
5276,2025-07-21,Clothing,West,5,54.27,0.3,0,41.54,189.945,-17.754999999999995
5277,2025-04-18,Electronics,South,5,46.27,0.15,0,37.32,196.6475,10.047500000000014
5278,2025-08-16,Grocery,West,3,82.65,0.0,0,42.08,247.95000000000002,121.71000000000002
5279,2025-02-28,Electronics,South,1,83.05,0.05,0,64.26,78.8975,14.637499999999989
5280,2025-08-04,Home,East,4,249.89,0.0,0,165.02,999.56,339.4799999999999
5281,2025-01-03,Electronics,South,3,28.02,0.3,0,14.79,58.842,14.472000000000001
5282,2025-02-13,Electronics,East,3,82.72,0.15,0,37.91,210.93599999999998,97.20599999999999
5283,2025-07-23,Grocery,North,4,236.25,0.0,0,167.97,945.0,273.12
5284,2025-12-31,Clothing,East,5,32.01,0.05,0,15.42,152.04749999999999,74.94749999999999
5285,2025-02-14,Electronics,East,3,60.41,0.0,0,44.41,181.23,48.0
5286,2025-07-03,Clothing,North,2,159.26,0.0,0,130.89,318.52,56.74000000000001
5287,2025-06-17,Electronics,West,1,214.95,0.05,1,112.52,0.0,0.0
5288,2025-05-15,Grocery,South,5,76.55,0.3,0,50.2,267.925,16.92500000000001
5289,2025-09-07,Home,North,2,20.84,0.3,0,13.07,29.176,3.035999999999998
5290,2025-06-28,Electronics,South,1,68.3,0.3,0,37.9,47.809999999999995,9.909999999999997
5291,2025-12-16,Clothing,North,5,48.61,0.15,0,38.84,206.5925,12.392499999999984
5292,2025-08-03,Electronics,West,2,182.35,0.05,0,150.49,346.465,45.48499999999996
5293,2025-05-01,Home,West,4,108.7,0.05,0,71.09,413.06,128.7
5294,2025-07-28,Home,North,2,75.35,0.15,0,39.62,128.095,48.855000000000004
5295,2025-06-05,Clothing,South,3,196.58,0.0,0,94.3,589.74,306.84000000000003
5296,2025-04-21,Home,South,5,112.19,0.0,0,83.58,560.95,143.05000000000007
5297,2025-09-03,Grocery,West,2,176.75,0.3,0,86.4,247.45,74.64999999999998
5298,2025-12-19,Clothing,North,3,45.13,0.3,0,23.04,94.77300000000001,25.653000000000006
5299,2025-11-26,Grocery,East,2,78.21,0.05,0,37.7,148.599,73.19899999999998
5300,2025-10-03,Grocery,South,3,172.67,0.15,0,135.75,440.3085,33.05849999999998
5301,2025-02-07,Clothing,South,2,51.98,0.0,1,35.98,0.0,0.0
5302,2025-12-01,Electronics,East,3,77.43,0.0,0,51.8,232.29000000000002,76.89000000000004
5303,2025-08-14,Home,North,2,127.19,0.15,0,100.05,216.22299999999998,16.12299999999999
5304,2025-08-27,Electronics,West,4,235.43,0.15,0,199.91,800.462,0.8220000000000027
5305,2025-09-14,Grocery,South,3,25.06,0.15,0,11.57,63.90299999999999,29.19299999999999
5306,2025-10-11,Electronics,South,4,63.48,0.0,0,36.58,253.92,107.6
5307,2025-05-31,Electronics,East,4,231.83,0.15,0,120.9,788.222,304.62199999999996
5308,2025-02-16,Electronics,East,2,64.64,0.3,1,50.71,0.0,0.0
5309,2025-08-13,Grocery,South,1,57.47,0.0,0,44.06,57.47,13.409999999999997
5310,2025-02-06,Electronics,North,4,126.87,0.15,0,66.32,431.358,166.07800000000003
5311,2025-01-08,Electronics,South,2,190.57,0.05,0,99.11,362.08299999999997,163.86299999999997
5312,2025-12-29,Clothing,West,5,19.2,0.05,0,9.42,91.19999999999999,44.09999999999999
5313,2025-01-07,Electronics,East,5,18.11,0.0,0,14.99,90.55,15.599999999999994
5314,2025-12-06,Grocery,North,1,65.11,0.05,0,34.07,61.854499999999994,27.784499999999994
5315,2025-02-21,Grocery,North,3,184.51,0.15,0,106.41,470.5005,151.27049999999997
5316,2025-01-02,Home,East,1,52.17,0.3,0,43.29,36.519,-6.771000000000001
5317,2025-05-05,Grocery,West,2,180.12,0.05,0,135.41,342.228,71.40800000000002
5318,2025-01-28,Electronics,West,4,221.06,0.05,1,135.13,0.0,0.0
5319,2025-06-11,Home,West,1,169.92,0.05,0,133.35,161.42399999999998,28.073999999999984
5320,2025-06-28,Home,North,2,99.18,0.3,0,45.09,138.852,48.672
5321,2025-06-17,Grocery,North,4,27.92,0.05,0,23.59,106.096,11.736000000000004
5322,2025-03-19,Grocery,West,5,225.09,0.05,0,140.79,1069.1775,365.2275000000001
5323,2025-07-23,Grocery,East,2,50.72,0.0,0,37.39,101.44,26.659999999999997
5324,2025-08-27,Clothing,East,1,186.9,0.0,0,86.0,186.9,100.9
5325,2025-05-24,Clothing,North,1,220.94,0.15,0,137.23,187.799,50.56900000000002
5326,2025-04-19,Electronics,West,4,228.16,0.15,1,158.33,0.0,0.0
5327,2025-02-10,Electronics,East,5,52.25,0.0,0,39.68,261.25,62.849999999999994
5328,2025-01-02,Clothing,West,2,248.55,0.0,0,197.79,497.1,101.52000000000004
5329,2025-02-21,Home,North,1,111.84,0.05,0,57.49,106.248,48.758
5330,2025-11-25,Electronics,South,2,53.51,0.05,0,38.6,101.669,24.468999999999994
5331,2025-10-29,Grocery,West,4,148.51,0.3,0,68.78,415.828,140.70799999999997
5332,2025-06-09,Electronics,North,1,176.51,0.3,0,118.59,123.55699999999999,4.9669999999999845
5333,2025-01-01,Home,North,2,249.61,0.0,0,196.98,499.22,105.26000000000005
5334,2025-07-19,Grocery,West,4,203.59,0.0,0,139.03,814.36,258.24
5335,2025-12-11,Home,East,1,247.08,0.0,0,208.55,247.08,38.53
5336,2025-12-02,Clothing,South,2,249.7,0.3,0,146.36,349.58,56.85999999999996
5337,2025-01-22,Home,South,4,88.62,0.0,0,42.65,354.48,183.88000000000002
5338,2025-07-21,Clothing,North,4,119.49,0.0,0,81.31,477.96,152.71999999999997
5339,2025-05-15,Electronics,North,5,198.54,0.3,0,117.33,694.8899999999999,108.2399999999999
5340,2025-10-15,Clothing,West,4,53.48,0.0,0,27.29,213.92,104.75999999999999
5341,2025-09-23,Home,South,1,35.16,0.0,0,25.45,35.16,9.709999999999997
5342,2025-04-14,Electronics,West,4,154.81,0.3,0,106.05,433.46799999999996,9.267999999999972
5343,2025-11-11,Home,South,5,97.91,0.3,1,54.58,0.0,0.0
5344,2025-12-06,Electronics,North,2,158.51,0.0,0,132.94,317.02,51.139999999999986
5345,2025-07-26,Grocery,North,4,105.69,0.15,1,73.18,0.0,0.0
5346,2025-11-23,Clothing,East,5,217.72,0.15,0,110.88,925.31,370.90999999999997
5347,2025-02-02,Home,South,3,17.84,0.3,0,9.38,37.46399999999999,9.323999999999991
5348,2025-01-16,Home,West,1,227.53,0.15,0,110.99,193.4005,82.4105
5349,2025-06-03,Electronics,West,3,235.19,0.3,0,118.13,493.89899999999994,139.50899999999996
5350,2025-06-18,Grocery,South,5,93.9,0.05,0,69.07,446.025,100.67500000000001
5351,2025-07-25,Grocery,North,2,249.96,0.3,0,209.68,349.944,-69.416
5352,2025-04-28,Home,South,4,99.42,0.05,0,69.66,377.796,99.156
5353,2025-01-09,Clothing,North,5,119.9,0.3,0,85.89,419.65,-9.800000000000011
5354,2025-03-30,Home,South,3,200.49,0.05,0,123.86,571.3965,199.81649999999996
5355,2025-06-04,Clothing,South,5,202.49,0.0,0,119.61,1012.45,414.4000000000001
5356,2025-12-08,Electronics,East,3,103.56,0.3,0,56.27,217.476,48.666
5357,2025-03-25,Clothing,South,2,216.47,0.3,0,123.96,303.058,55.138000000000005
5358,2025-11-06,Home,West,2,95.06,0.05,0,75.49,180.614,29.634000000000015
5359,2025-01-06,Grocery,West,5,87.57,0.15,0,58.02,372.17249999999996,82.07249999999993
5360,2025-11-05,Clothing,East,5,134.42,0.05,0,93.08,638.4949999999999,173.0949999999999
5361,2025-10-01,Electronics,East,3,68.17,0.15,0,36.67,173.8335,63.82349999999998
5362,2025-11-06,Grocery,South,2,202.88,0.3,0,142.59,284.032,-1.1480000000000246
5363,2025-03-13,Electronics,East,2,176.63,0.05,1,148.07,0.0,0.0
5364,2025-02-09,Grocery,West,5,45.95,0.15,0,38.35,195.2875,3.5374999999999943
5365,2025-11-24,Clothing,East,3,173.69,0.15,0,131.8,442.9094999999999,47.50949999999989
5366,2025-05-29,Clothing,West,4,208.34,0.05,0,174.03,791.692,95.572
5367,2025-03-01,Clothing,South,3,223.99,0.05,0,120.79,638.3715,276.00149999999996
5368,2025-03-29,Electronics,East,4,27.7,0.05,0,18.56,105.25999999999999,31.019999999999996
5369,2025-05-14,Home,West,4,225.66,0.05,0,130.04,857.5079999999999,337.34799999999996
5370,2025-08-23,Clothing,South,3,46.29,0.05,0,21.23,131.9265,68.2365
5371,2025-01-28,Home,North,2,131.78,0.0,0,106.35,263.56,50.860000000000014
5372,2025-04-03,Clothing,East,3,16.84,0.05,0,8.35,47.99399999999999,22.943999999999996
5373,2025-05-11,Clothing,North,3,153.63,0.05,0,99.95,437.84549999999996,137.99549999999994
5374,2025-11-18,Clothing,East,4,223.5,0.0,0,170.03,894.0,213.88
5375,2025-02-02,Home,West,5,151.21,0.15,0,122.77,642.6425,28.792500000000018
5376,2025-09-07,Clothing,East,1,232.91,0.3,0,116.67,163.03699999999998,46.366999999999976
5377,2025-12-08,Clothing,North,5,219.77,0.05,0,107.05,1043.9075,508.6575
5378,2025-06-22,Clothing,South,4,142.2,0.0,0,115.65,568.8,106.19999999999993
5379,2025-04-04,Electronics,South,4,151.06,0.0,0,125.84,604.24,100.88
5380,2025-08-08,Home,South,5,161.58,0.3,0,104.08,565.53,45.129999999999995
5381,2025-11-15,Home,East,3,156.72,0.05,0,104.17,446.65199999999993,134.14199999999994
5382,2025-09-08,Clothing,North,2,101.11,0.05,0,81.73,192.10899999999998,28.648999999999972
5383,2025-09-01,Clothing,West,1,50.5,0.0,0,34.47,50.5,16.03
5384,2025-11-10,Grocery,North,1,100.84,0.15,0,48.61,85.714,37.104
5385,2025-03-05,Grocery,West,2,107.77,0.3,0,85.7,150.878,-20.52200000000002
5386,2025-02-25,Clothing,South,1,237.74,0.15,0,140.57,202.079,61.509000000000015
5387,2025-06-05,Electronics,North,3,102.17,0.0,0,64.74,306.51,112.29000000000002
5388,2025-08-13,Grocery,South,2,248.25,0.3,0,157.09,347.54999999999995,33.36999999999995
5389,2025-12-24,Home,West,2,162.74,0.0,0,93.14,325.48,139.20000000000002
5390,2025-08-16,Home,South,5,98.13,0.15,1,82.49,0.0,0.0
5391,2025-03-11,Clothing,East,3,36.58,0.0,0,24.1,109.74,37.43999999999998
5392,2025-05-09,Electronics,South,3,228.41,0.3,0,138.22,479.661,65.00100000000003
5393,2025-03-20,Electronics,West,1,28.06,0.0,0,21.43,28.06,6.629999999999999
5394,2025-07-02,Grocery,North,3,125.45,0.15,0,93.48,319.89750000000004,39.45750000000004
5395,2025-02-24,Clothing,East,5,69.15,0.05,0,45.71,328.4625,99.91249999999997
5396,2025-05-04,Electronics,North,5,220.01,0.3,0,108.11,770.035,229.485
5397,2025-11-08,Grocery,North,2,47.87,0.15,0,26.6,81.37899999999999,28.178999999999988
5398,2025-07-11,Grocery,West,5,196.98,0.0,0,140.69,984.9,281.44999999999993
5399,2025-07-29,Electronics,North,2,161.12,0.05,1,96.13,0.0,0.0
5400,2025-02-04,Electronics,South,4,238.77,0.0,0,150.73,955.08,352.1600000000001
5401,2025-07-21,Grocery,East,2,33.63,0.3,0,19.83,47.082,7.422000000000004
5402,2025-06-17,Electronics,North,3,48.6,0.3,0,26.85,102.06,21.50999999999999
5403,2025-09-23,Electronics,South,5,209.01,0.0,0,140.55,1045.05,342.29999999999995
5404,2025-02-09,Home,North,5,207.69,0.3,0,151.24,726.915,-29.285000000000082
5405,2025-07-17,Electronics,North,2,203.1,0.05,0,122.19,385.89,141.51
5406,2025-04-07,Clothing,West,1,29.73,0.3,0,18.16,20.811,2.651
5407,2025-11-22,Grocery,North,2,175.84,0.05,0,113.85,334.096,106.39600000000002
5408,2025-07-08,Home,North,5,183.78,0.3,0,82.83,643.2299999999999,229.07999999999993
5409,2025-05-20,Grocery,North,2,113.21,0.3,1,92.54,0.0,0.0
5410,2025-07-11,Grocery,East,3,38.91,0.3,0,29.61,81.71099999999998,-7.119000000000014
5411,2025-04-07,Home,East,1,133.69,0.0,0,89.54,133.69,44.14999999999999
5412,2025-03-14,Home,North,3,135.45,0.15,1,95.11,0.0,0.0
5413,2025-03-05,Electronics,North,4,79.44,0.05,0,63.19,301.87199999999996,49.111999999999966
5414,2025-10-18,Clothing,South,2,201.7,0.05,0,131.37,383.22999999999996,120.48999999999995
5415,2025-07-31,Grocery,East,2,66.51,0.3,0,48.93,93.114,-4.745999999999995
5416,2025-02-18,Electronics,East,1,56.28,0.05,0,29.56,53.466,23.906000000000002
5417,2025-05-14,Electronics,North,5,39.42,0.15,0,23.13,167.53500000000003,51.88500000000003
5418,2025-08-05,Grocery,West,3,120.43,0.15,0,60.75,307.0965,124.84649999999999
5419,2025-11-18,Home,West,3,218.9,0.0,0,162.29,656.7,169.83000000000004
5420,2025-06-24,Clothing,East,3,236.47,0.05,0,181.57,673.9395,129.22949999999992
5421,2025-11-22,Home,North,3,17.83,0.15,0,10.19,45.466499999999996,14.896499999999996
5422,2025-04-29,Grocery,North,4,19.63,0.0,0,11.78,78.52,31.4
5423,2025-08-17,Clothing,North,3,235.8,0.15,0,121.71,601.2900000000001,236.16000000000008
5424,2025-05-10,Home,South,2,32.42,0.3,0,17.04,45.388,11.308
5425,2025-08-22,Clothing,West,1,110.38,0.0,0,65.71,110.38,44.67
5426,2025-11-10,Home,West,3,122.91,0.3,0,88.06,258.111,-6.069000000000017
5427,2025-06-29,Grocery,South,2,152.35,0.3,0,76.13,213.29,61.03
5428,2025-06-13,Clothing,North,3,85.32,0.0,0,63.43,255.95999999999998,65.66999999999999
5429,2025-05-31,Home,East,3,59.69,0.05,0,44.96,170.11649999999997,35.23649999999998
5430,2025-02-05,Grocery,West,1,172.99,0.0,0,131.17,172.99,41.82000000000002
5431,2025-06-29,Home,North,2,63.61,0.3,0,30.8,89.05399999999999,27.453999999999986
5432,2025-09-20,Electronics,West,4,236.19,0.3,0,169.96,661.332,-18.508000000000038
5433,2025-05-26,Home,West,1,144.28,0.15,0,87.42,122.63799999999999,35.21799999999999
5434,2025-04-03,Electronics,North,5,118.73,0.3,0,58.65,415.55499999999995,122.30499999999995
5435,2025-12-08,Clothing,East,3,145.6,0.3,0,71.52,305.75999999999993,91.19999999999993
5436,2025-05-10,Clothing,South,2,63.05,0.0,0,47.36,126.1,31.379999999999995
5437,2025-01-11,Electronics,West,4,22.43,0.05,0,12.42,85.234,35.553999999999995
5438,2025-09-07,Grocery,East,1,109.95,0.0,0,82.78,109.95,27.17
5439,2025-11-26,Electronics,East,2,113.97,0.15,0,92.23,193.749,9.288999999999987
5440,2025-10-27,Home,East,1,137.41,0.15,0,65.29,116.79849999999999,51.508499999999984
5441,2025-05-05,Clothing,North,3,223.59,0.0,0,138.52,670.77,255.20999999999992
5442,2025-04-14,Home,South,3,222.69,0.3,0,139.74,467.64899999999994,48.42899999999992
5443,2025-09-09,Home,North,3,235.55,0.05,0,116.4,671.3175000000001,322.11750000000006
5444,2025-06-30,Electronics,North,3,120.73,0.0,0,93.56,362.19,81.50999999999999
5445,2025-09-24,Home,East,5,170.38,0.15,0,100.26,724.115,222.815
5446,2025-02-19,Electronics,East,5,188.68,0.15,0,97.27,801.8900000000001,315.54000000000013
5447,2025-08-20,Home,South,4,238.21,0.0,0,172.36,952.84,263.4
5448,2025-06-18,Electronics,East,2,147.42,0.15,0,74.85,250.61399999999998,100.91399999999999
5449,2025-08-02,Grocery,North,1,33.94,0.05,0,23.48,32.242999999999995,8.762999999999995
5450,2025-11-30,Clothing,South,1,29.92,0.05,0,20.01,28.424,8.413999999999998
5451,2025-02-24,Electronics,North,2,207.33,0.15,0,127.65,352.461,97.161
5452,2025-03-21,Grocery,North,1,80.48,0.3,0,39.26,56.336,17.076
5453,2025-02-25,Home,North,1,119.9,0.15,0,70.83,101.915,31.085000000000008
5454,2025-09-28,Clothing,North,3,72.35,0.3,0,57.05,151.93499999999997,-19.215000000000003
5455,2025-09-17,Electronics,South,5,52.72,0.0,0,39.72,263.6,65.00000000000003
5456,2025-03-13,Electronics,South,1,143.2,0.05,0,91.56,136.04,44.47999999999999
5457,2025-01-17,Electronics,West,1,236.22,0.05,0,161.65,224.409,62.758999999999986
5458,2025-09-15,Home,East,5,225.54,0.05,0,142.75,1071.315,357.56500000000005
5459,2025-02-07,Home,North,5,205.0,0.15,0,122.83,871.25,257.1
5460,2025-06-25,Grocery,West,4,142.14,0.0,0,119.03,568.56,92.43999999999994
5461,2025-06-12,Grocery,West,2,202.63,0.15,0,112.75,344.471,118.971
5462,2025-08-28,Grocery,West,5,222.87,0.05,0,123.7,1058.6325,440.13249999999994
5463,2025-10-08,Home,North,1,230.88,0.0,0,106.45,230.88,124.42999999999999
5464,2025-03-30,Electronics,West,5,26.06,0.15,0,11.96,110.75499999999998,50.95499999999998
5465,2025-03-26,Home,West,2,59.22,0.3,1,36.75,0.0,0.0
5466,2025-03-03,Grocery,East,2,178.64,0.15,0,146.54,303.688,10.608000000000004
5467,2025-11-26,Home,South,1,67.06,0.0,0,56.76,67.06,10.300000000000004
5468,2025-12-31,Home,South,2,193.55,0.0,0,135.4,387.1,116.30000000000001
5469,2025-09-13,Clothing,West,5,73.4,0.05,0,46.02,348.65,118.54999999999995
5470,2025-08-29,Clothing,North,1,19.4,0.3,1,11.67,0.0,0.0
5471,2025-05-22,Electronics,West,3,180.36,0.15,1,143.46,0.0,0.0
5472,2025-01-06,Electronics,West,5,176.36,0.3,0,132.4,617.26,-44.74000000000001
5473,2025-09-10,Home,East,2,70.65,0.15,0,37.22,120.105,45.665000000000006
5474,2025-12-09,Grocery,East,3,146.36,0.3,0,106.37,307.356,-11.754000000000019
5475,2025-11-16,Electronics,East,4,16.7,0.15,0,9.33,56.779999999999994,19.459999999999994
5476,2025-08-08,Clothing,East,1,80.52,0.15,1,64.55,0.0,0.0
5477,2025-07-20,Electronics,West,1,70.15,0.0,0,57.8,70.15,12.350000000000009
5478,2025-10-22,Home,East,2,132.11,0.3,1,68.01,0.0,0.0
5479,2025-07-23,Home,East,2,86.73,0.15,1,66.72,0.0,0.0
5480,2025-05-30,Clothing,West,3,28.12,0.3,0,17.05,59.05199999999999,7.901999999999987
5481,2025-10-21,Grocery,East,1,129.91,0.05,0,77.29,123.41449999999999,46.12449999999998
5482,2025-07-17,Home,South,5,16.9,0.15,0,11.1,71.825,16.325000000000003
5483,2025-01-28,Clothing,East,2,34.39,0.15,0,25.15,58.463,8.163000000000004
5484,2025-07-17,Grocery,West,1,53.01,0.3,0,26.55,37.107,10.556999999999999
5485,2025-11-17,Electronics,South,3,193.67,0.05,0,103.41,551.9594999999999,241.72949999999992
5486,2025-01-07,Clothing,West,4,86.28,0.05,0,42.92,327.864,156.18399999999997
5487,2025-06-14,Electronics,East,3,120.23,0.15,0,74.94,306.5865,81.76650000000001
5488,2025-06-23,Home,East,3,238.73,0.3,0,125.24,501.3329999999999,125.61299999999994
5489,2025-04-29,Clothing,South,3,187.45,0.15,0,98.72,477.9974999999999,181.83749999999992
5490,2025-05-10,Home,East,3,236.69,0.05,0,157.43,674.5664999999999,202.27649999999988
5491,2025-11-15,Clothing,East,2,165.43,0.15,0,93.51,281.231,94.21099999999998
5492,2025-09-07,Electronics,East,2,189.06,0.3,0,154.44,264.68399999999997,-44.196000000000026
5493,2025-10-22,Electronics,West,1,188.72,0.3,0,135.2,132.10399999999998,-3.0960000000000036
5494,2025-11-22,Electronics,West,3,27.26,0.05,0,12.56,77.691,40.011
5495,2025-11-15,Home,West,1,161.64,0.05,0,120.37,153.558,33.18799999999999
5496,2025-01-12,Grocery,East,3,122.32,0.0,0,97.88,366.96,73.32
5497,2025-06-11,Home,West,2,82.68,0.0,0,37.92,165.36,89.52000000000001
5498,2025-11-27,Clothing,South,1,74.9,0.3,0,58.45,52.43,-6.020000000000003
5499,2025-12-25,Grocery,West,5,103.91,0.15,0,70.29,441.61749999999995,90.1674999999999
5500,2025-02-25,Grocery,North,5,34.81,0.05,0,29.31,165.3475,18.797500000000014
5501,2025-11-20,Clothing,West,4,212.57,0.05,0,157.67,807.766,177.086
5502,2025-05-21,Grocery,South,3,237.77,0.3,0,136.29,499.317,90.447
5503,2025-08-22,Electronics,West,2,42.03,0.05,0,25.36,79.857,29.137
5504,2025-04-11,Electronics,South,3,242.78,0.3,0,165.75,509.83799999999997,12.587999999999965
5505,2025-09-28,Electronics,East,4,217.88,0.3,0,180.59,610.064,-112.29600000000005
5506,2025-08-15,Home,West,5,68.68,0.3,1,43.39,0.0,0.0
5507,2025-08-12,Grocery,West,5,246.67,0.3,0,178.94,863.3449999999999,-31.355000000000132
5508,2025-12-21,Clothing,South,4,176.99,0.3,0,128.21,495.572,-17.26800000000003
5509,2025-09-25,Grocery,East,4,130.24,0.15,0,99.65,442.81600000000003,44.21600000000001
5510,2025-09-05,Electronics,West,3,162.92,0.15,0,82.36,415.44599999999997,168.36599999999999
5511,2025-08-16,Electronics,West,3,98.52,0.0,0,71.92,295.56,79.80000000000001
5512,2025-12-09,Electronics,East,3,159.95,0.0,0,118.14,479.84999999999997,125.42999999999995
5513,2025-06-18,Home,West,1,198.86,0.3,0,115.14,139.202,24.061999999999998
5514,2025-02-15,Home,South,2,109.9,0.3,0,81.57,153.85999999999999,-9.280000000000001
5515,2025-04-18,Grocery,West,2,70.73,0.05,0,60.06,134.387,14.266999999999996
5516,2025-01-06,Home,West,1,124.3,0.15,0,85.19,105.655,20.465000000000003
5517,2025-06-26,Electronics,South,1,248.72,0.05,0,202.29,236.284,33.994
5518,2025-03-16,Home,West,4,158.61,0.05,0,95.28,602.7180000000001,221.59800000000007
5519,2025-02-23,Home,East,3,104.58,0.05,0,69.87,298.053,88.44299999999998
5520,2025-11-16,Clothing,West,2,139.3,0.15,0,67.29,236.81,102.22999999999999
5521,2025-07-22,Home,North,4,151.41,0.3,0,117.45,423.948,-45.85200000000003
5522,2025-05-01,Clothing,West,1,113.42,0.15,0,78.67,96.407,17.736999999999995
5523,2025-12-23,Grocery,North,5,224.99,0.05,0,163.64,1068.7025,250.50250000000017
5524,2025-04-24,Electronics,East,1,53.39,0.3,0,31.92,37.373,5.452999999999996
5525,2025-11-19,Electronics,South,3,182.13,0.0,0,114.66,546.39,202.40999999999997
5526,2025-03-23,Home,South,5,92.36,0.15,0,59.55,392.53,94.77999999999997
5527,2025-02-24,Home,East,3,163.45,0.3,0,114.65,343.24499999999995,-0.7050000000000978
5528,2025-12-21,Grocery,West,1,151.31,0.15,0,120.29,128.6135,8.323499999999981
5529,2025-06-13,Clothing,West,1,74.22,0.3,0,57.12,51.95399999999999,-5.166000000000004
5530,2025-12-13,Home,West,1,22.17,0.05,0,16.56,21.061500000000002,4.501500000000004
5531,2025-03-09,Electronics,North,1,180.22,0.0,0,132.06,180.22,48.16
5532,2025-06-21,Grocery,West,5,231.05,0.05,0,110.84,1097.4875,543.2874999999999
5533,2025-11-27,Electronics,North,5,193.54,0.3,0,158.95,677.3899999999999,-117.36000000000013
5534,2025-11-03,Grocery,West,2,224.12,0.15,0,108.03,381.004,164.94400000000002
5535,2025-02-12,Home,South,2,240.26,0.05,0,179.89,456.49399999999997,96.714
5536,2025-02-10,Grocery,West,4,151.62,0.0,0,123.09,606.48,114.12
5537,2025-12-06,Home,East,5,107.0,0.05,0,77.31,508.25,121.69999999999999
5538,2025-03-03,Clothing,West,2,54.34,0.3,1,41.03,0.0,0.0
5539,2025-01-01,Electronics,West,5,139.48,0.3,0,113.43,488.17999999999995,-78.97000000000014
5540,2025-12-30,Clothing,East,3,137.48,0.05,0,81.36,391.8179999999999,147.73799999999994
5541,2025-06-19,Grocery,South,4,102.06,0.15,0,85.37,347.004,5.524000000000001
5542,2025-03-25,Clothing,West,2,30.35,0.0,1,14.55,0.0,0.0
5543,2025-06-05,Clothing,East,3,94.89,0.15,0,51.54,241.9695,87.3495
5544,2025-03-05,Clothing,West,1,159.27,0.3,0,101.97,111.489,9.519000000000005
5545,2025-08-27,Clothing,North,4,183.55,0.15,0,111.75,624.07,177.07000000000005
5546,2025-01-30,Grocery,North,4,143.12,0.15,0,98.6,486.608,92.20800000000003
5547,2025-07-12,Electronics,South,3,42.79,0.3,0,21.96,89.859,23.979
5548,2025-12-19,Clothing,East,4,129.13,0.05,1,79.6,0.0,0.0
5549,2025-09-06,Electronics,East,5,156.45,0.15,0,111.88,664.9125,105.51250000000005
5550,2025-07-31,Clothing,East,3,144.96,0.15,0,118.41,369.64799999999997,14.41799999999995
5551,2025-08-03,Home,West,1,133.59,0.0,0,66.89,133.59,66.7
5552,2025-06-27,Clothing,South,3,38.24,0.15,0,22.38,97.512,30.372
5553,2025-12-11,Grocery,North,4,43.96,0.05,0,32.95,167.048,35.24799999999999
5554,2025-12-23,Electronics,West,5,16.11,0.05,0,10.49,76.5225,24.07249999999999
5555,2025-11-19,Home,South,5,41.47,0.0,0,26.15,207.35,76.6
5556,2025-03-27,Electronics,North,2,46.42,0.0,0,26.89,92.84,39.06
5557,2025-07-22,Electronics,East,2,31.32,0.3,0,23.98,43.848,-4.112000000000002
5558,2025-02-03,Grocery,West,3,57.83,0.3,0,36.23,121.443,12.753
5559,2025-07-12,Home,South,3,218.97,0.3,0,106.59,459.83699999999993,140.06699999999995
5560,2025-07-19,Electronics,West,1,231.96,0.0,1,104.57,0.0,0.0
5561,2025-11-13,Grocery,North,3,185.56,0.05,0,151.03,528.846,75.75599999999997
5562,2025-04-26,Home,North,2,22.43,0.3,0,13.65,31.401999999999997,4.101999999999997
5563,2025-11-19,Electronics,North,2,122.92,0.0,0,77.7,245.84,90.44
5564,2025-08-23,Home,East,5,79.49,0.15,0,67.09,337.8325,2.3824999999999363
5565,2025-04-19,Electronics,West,3,93.56,0.3,0,52.94,196.476,37.656000000000006
5566,2025-11-02,Grocery,South,3,221.08,0.05,0,134.82,630.078,225.618
5567,2025-08-16,Clothing,North,4,138.57,0.0,0,114.08,554.28,97.95999999999998
5568,2025-12-22,Grocery,West,5,90.44,0.0,0,52.28,452.2,190.8
5569,2025-05-03,Clothing,South,4,62.43,0.05,0,35.26,237.23399999999998,96.19399999999999
5570,2025-08-15,Electronics,East,1,246.17,0.05,0,199.53,233.86149999999998,34.33149999999998
5571,2025-09-09,Grocery,South,1,241.86,0.15,0,190.07,205.58100000000002,15.511000000000024
5572,2025-01-16,Electronics,West,5,123.95,0.15,0,68.87,526.7875,182.4375
5573,2025-02-23,Clothing,North,1,45.58,0.3,0,30.75,31.905999999999995,1.1559999999999953
5574,2025-07-06,Electronics,North,2,197.49,0.0,0,110.62,394.98,173.74
5575,2025-08-19,Home,South,1,162.87,0.3,0,113.21,114.009,0.7990000000000066
5576,2025-09-29,Clothing,East,4,222.88,0.0,0,145.73,891.52,308.6
5577,2025-07-14,Home,South,4,196.97,0.15,0,90.81,669.698,306.45799999999997
5578,2025-02-21,Clothing,West,2,65.39,0.15,0,53.42,111.163,4.322999999999993
5579,2025-04-18,Grocery,North,2,29.95,0.05,1,14.3,0.0,0.0
5580,2025-07-12,Grocery,East,1,244.04,0.15,0,199.08,207.434,8.353999999999985
5581,2025-12-03,Home,East,4,139.87,0.3,0,110.5,391.63599999999997,-50.36400000000003
5582,2025-11-26,Grocery,North,2,72.79,0.05,0,48.34,138.30100000000002,41.62100000000001
5583,2025-10-03,Home,West,2,216.86,0.0,0,150.13,433.72,133.46000000000004
5584,2025-01-24,Home,East,2,69.74,0.05,0,57.26,132.50599999999997,17.985999999999976
5585,2025-12-25,Electronics,East,3,173.6,0.15,0,132.97,442.67999999999995,43.76999999999998
5586,2025-08-15,Home,East,5,194.17,0.15,0,124.39,825.2224999999999,203.2724999999998
5587,2025-04-06,Home,South,2,21.73,0.0,0,14.36,43.46,14.740000000000002
5588,2025-03-31,Grocery,South,5,102.82,0.3,0,59.09,359.8699999999999,64.41999999999985
5589,2025-09-23,Grocery,West,2,90.51,0.05,0,68.9,171.969,34.16899999999998
5590,2025-10-12,Home,South,5,185.69,0.0,0,113.64,928.45,360.25
5591,2025-08-28,Home,South,5,175.53,0.0,0,131.39,877.65,220.70000000000005
5592,2025-01-05,Grocery,North,2,168.21,0.3,0,128.28,235.494,-21.066000000000003
5593,2025-10-17,Home,West,2,195.35,0.3,0,141.75,273.48999999999995,-10.010000000000048
5594,2025-08-31,Home,West,1,47.58,0.15,0,29.42,40.443,11.022999999999996
5595,2025-02-04,Grocery,South,1,176.74,0.15,0,137.04,150.229,13.189000000000021
5596,2025-09-15,Grocery,North,2,31.58,0.15,0,19.18,53.68599999999999,15.325999999999993
5597,2025-11-11,Grocery,North,2,203.14,0.05,0,145.03,385.96599999999995,95.90599999999995
5598,2025-10-19,Home,West,5,104.49,0.15,0,85.81,444.0824999999999,15.032499999999914
5599,2025-04-22,Home,North,5,34.83,0.3,0,20.81,121.90499999999997,17.854999999999976
5600,2025-09-07,Grocery,North,1,51.92,0.3,0,28.04,36.344,8.304000000000002
5601,2025-05-16,Electronics,South,2,112.74,0.0,0,59.4,225.48,106.67999999999999
5602,2025-12-17,Clothing,North,2,121.46,0.05,0,96.99,230.77399999999997,36.79399999999998
5603,2025-09-24,Electronics,North,4,220.94,0.05,0,177.21,839.572,130.73199999999997
5604,2025-10-29,Grocery,East,2,109.29,0.0,0,50.18,218.58,118.22000000000001
5605,2025-10-10,Home,North,5,101.52,0.0,0,62.13,507.59999999999997,196.94999999999993
5606,2025-10-17,Home,North,5,238.28,0.15,0,116.92,1012.69,428.09000000000003
5607,2025-06-22,Clothing,West,3,174.17,0.0,1,121.34,0.0,0.0
5608,2025-01-10,Electronics,South,1,88.74,0.15,0,65.89,75.42899999999999,9.538999999999987
5609,2025-08-29,Clothing,East,3,93.05,0.0,0,70.91,279.15,66.41999999999999
5610,2025-04-12,Grocery,East,4,85.39,0.15,0,49.46,290.326,92.48600000000002
5611,2025-05-30,Grocery,West,1,220.05,0.3,0,114.42,154.035,39.614999999999995
5612,2025-09-18,Home,South,3,167.2,0.0,0,136.75,501.59999999999997,91.34999999999997
5613,2025-08-06,Home,North,4,60.74,0.0,0,48.0,242.96,50.96000000000001
5614,2025-09-27,Grocery,North,2,73.75,0.15,0,59.5,125.375,6.375
5615,2025-08-09,Clothing,North,2,209.63,0.0,0,113.85,419.26,191.56
5616,2025-08-03,Home,West,2,39.82,0.0,0,23.64,79.64,32.36
5617,2025-10-21,Electronics,North,4,18.23,0.3,1,11.13,0.0,0.0
5618,2025-08-20,Electronics,North,5,204.16,0.0,0,146.45,1020.8,288.54999999999995
5619,2025-12-01,Clothing,West,5,242.29,0.05,0,118.96,1150.8775,556.0775000000001
5620,2025-04-01,Home,North,5,160.39,0.15,0,124.7,681.6574999999999,58.157499999999914
5621,2025-02-28,Grocery,East,2,27.23,0.15,0,14.89,46.291,16.510999999999996
5622,2025-03-03,Clothing,West,1,57.4,0.3,0,42.18,40.18,-2.0
5623,2025-12-31,Electronics,South,3,211.24,0.05,0,166.68,602.034,101.99399999999997
5624,2025-02-09,Grocery,East,5,54.35,0.15,0,38.78,230.98749999999998,37.08749999999998
5625,2025-03-14,Clothing,North,1,208.86,0.15,0,97.3,177.531,80.23100000000001
5626,2025-11-23,Grocery,West,5,96.19,0.15,0,44.91,408.8075,184.25750000000002
5627,2025-06-01,Home,East,5,67.77,0.15,0,31.4,288.0225,131.02249999999998
5628,2025-01-12,Grocery,East,1,86.03,0.05,0,58.88,81.7285,22.848499999999994
5629,2025-10-30,Grocery,East,3,51.91,0.3,0,32.15,109.01099999999998,12.560999999999993
5630,2025-08-14,Home,East,4,172.53,0.3,0,78.61,483.08399999999995,168.64399999999995
5631,2025-06-16,Clothing,East,4,48.5,0.3,0,34.66,135.79999999999998,-2.8400000000000034
5632,2025-04-11,Clothing,North,1,207.31,0.05,0,175.02,196.9445,21.924499999999995
5633,2025-03-19,Clothing,South,4,46.98,0.3,0,21.69,131.54399999999998,44.78399999999998
5634,2025-05-13,Electronics,South,1,117.75,0.05,0,61.15,111.8625,50.7125
5635,2025-11-19,Grocery,East,3,146.76,0.0,0,122.31,440.28,73.34999999999997
5636,2025-04-27,Grocery,West,1,89.18,0.15,0,72.46,75.803,3.3430000000000035
5637,2025-06-02,Grocery,West,3,233.09,0.0,0,116.76,699.27,348.98999999999995
5638,2025-01-24,Electronics,West,1,234.62,0.15,0,147.78,199.427,51.64699999999999
5639,2025-04-19,Electronics,South,3,32.23,0.3,0,18.62,67.68299999999999,11.822999999999993
5640,2025-07-19,Electronics,East,4,73.83,0.0,0,47.12,295.32,106.84
5641,2025-10-19,Clothing,West,3,186.77,0.3,0,95.88,392.21700000000004,104.57700000000006
5642,2025-10-26,Clothing,South,5,224.07,0.15,0,120.8,952.2974999999999,348.2974999999999
5643,2025-08-21,Electronics,North,3,121.36,0.0,0,89.4,364.08,95.87999999999994
5644,2025-10-20,Electronics,West,2,38.02,0.05,0,28.6,72.238,15.037999999999997
5645,2025-02-04,Home,East,1,191.47,0.15,0,110.58,162.74949999999998,52.169499999999985
5646,2025-12-14,Grocery,West,2,204.72,0.05,0,153.48,388.96799999999996,82.00799999999998
5647,2025-07-02,Grocery,South,1,141.0,0.3,0,118.13,98.69999999999999,-19.430000000000007
5648,2025-06-25,Home,West,2,244.64,0.0,0,169.42,489.28,150.44
5649,2025-04-05,Home,North,3,212.84,0.05,0,158.25,606.5939999999999,131.84399999999994
5650,2025-03-30,Home,North,3,78.04,0.0,0,41.63,234.12,109.22999999999999
5651,2025-01-20,Clothing,East,1,205.82,0.3,0,141.95,144.07399999999998,2.1239999999999952
5652,2025-03-23,Home,East,2,172.82,0.3,0,143.79,241.94799999999998,-45.632000000000005
5653,2025-02-14,Clothing,East,4,162.75,0.3,0,97.47,455.7,65.82
5654,2025-03-10,Electronics,West,4,101.43,0.3,0,80.13,284.004,-36.51599999999996
5655,2025-12-13,Home,East,2,150.53,0.05,0,77.13,286.007,131.747
5656,2025-08-13,Clothing,West,4,23.44,0.3,0,12.31,65.632,16.392000000000003
5657,2025-08-20,Clothing,North,2,51.63,0.0,0,29.18,103.26,44.900000000000006
5658,2025-10-31,Home,North,4,182.41,0.05,0,105.08,693.1579999999999,272.8379999999999
5659,2025-12-23,Home,North,4,234.43,0.15,0,188.3,797.062,43.861999999999966
5660,2025-06-21,Grocery,East,5,144.9,0.3,0,97.26,507.15,20.849999999999966
5661,2025-06-04,Clothing,East,2,208.09,0.05,0,139.0,395.371,117.37099999999998
5662,2025-04-10,Electronics,North,5,19.7,0.3,0,13.46,68.94999999999999,1.6499999999999773
5663,2025-10-06,Electronics,West,5,246.36,0.15,0,204.52,1047.0300000000002,24.430000000000177
5664,2025-03-11,Home,East,4,204.46,0.05,0,164.78,776.948,117.82799999999997
5665,2025-01-21,Home,West,1,171.52,0.15,0,112.51,145.792,33.282
5666,2025-07-29,Home,East,4,211.7,0.15,0,152.16,719.78,111.13999999999999
5667,2025-08-15,Clothing,South,5,19.66,0.0,0,10.74,98.3,44.599999999999994
5668,2025-08-27,Clothing,North,3,69.3,0.05,0,55.57,197.50499999999997,30.79499999999996
5669,2025-09-20,Electronics,North,3,20.65,0.0,0,13.3,61.949999999999996,22.04999999999999
5670,2025-02-16,Grocery,West,5,193.09,0.15,0,97.14,820.6325,334.93250000000006
5671,2025-11-12,Grocery,West,4,222.89,0.3,0,188.2,624.0919999999999,-128.70800000000008
5672,2025-01-05,Electronics,West,2,236.39,0.15,0,124.22,401.86299999999994,153.42299999999994
5673,2025-02-22,Grocery,West,5,165.32,0.15,0,85.89,702.6099999999999,273.1599999999999
5674,2025-09-12,Electronics,South,5,129.58,0.3,0,62.77,453.53000000000003,139.68
5675,2025-04-29,Electronics,West,2,172.96,0.0,0,129.48,345.92,86.96000000000004
5676,2025-07-24,Home,South,2,245.65,0.15,0,168.56,417.605,80.48500000000001
5677,2025-04-30,Electronics,West,1,95.07,0.0,0,54.47,95.07,40.599999999999994
5678,2025-06-25,Home,South,4,227.47,0.05,0,122.12,864.386,375.90599999999995
5679,2025-11-10,Home,South,3,16.07,0.15,1,10.58,0.0,0.0
5680,2025-01-05,Home,East,1,66.26,0.05,0,30.1,62.947,32.847
5681,2025-05-23,Grocery,North,2,42.37,0.15,0,27.85,72.029,16.328999999999994
5682,2025-02-01,Electronics,West,3,34.61,0.15,0,24.69,88.2555,14.18549999999999
5683,2025-08-08,Grocery,West,3,159.51,0.0,0,121.63,478.53,113.63999999999999
5684,2025-07-12,Clothing,South,5,242.01,0.05,0,177.75,1149.5475,260.7974999999999
5685,2025-09-17,Clothing,North,4,147.43,0.0,0,77.73,589.72,278.8
5686,2025-07-31,Clothing,West,5,221.03,0.0,0,156.68,1105.15,321.75
5687,2025-06-01,Electronics,South,2,211.19,0.15,0,168.85,359.02299999999997,21.32299999999998
5688,2025-01-17,Electronics,East,2,110.74,0.0,0,52.77,221.48,115.93999999999998
5689,2025-04-09,Electronics,South,1,48.81,0.15,0,32.17,41.4885,9.3185
5690,2025-08-06,Electronics,West,1,128.32,0.0,0,74.48,128.32,53.83999999999999
5691,2025-08-03,Electronics,South,2,114.48,0.0,0,75.41,228.96,78.14000000000001
5692,2025-05-28,Clothing,North,3,39.08,0.15,0,19.74,99.654,40.434
5693,2025-09-03,Electronics,South,2,244.67,0.0,0,165.13,489.34,159.07999999999998
5694,2025-10-04,Clothing,North,2,185.48,0.15,0,97.47,315.316,120.37599999999998
5695,2025-12-21,Clothing,North,2,137.63,0.3,0,108.67,192.682,-24.658000000000015
5696,2025-07-30,Grocery,North,1,63.66,0.05,0,50.31,60.477,10.166999999999994
5697,2025-11-11,Home,West,5,165.22,0.15,0,119.31,702.185,105.63499999999999
5698,2025-08-13,Home,East,4,223.66,0.15,0,119.98,760.444,280.52399999999994
5699,2025-04-01,Grocery,East,4,133.67,0.3,0,100.33,374.27599999999995,-27.04400000000004
5700,2025-08-10,Electronics,North,4,23.35,0.05,1,13.9,0.0,0.0
5701,2025-03-27,Clothing,North,3,39.44,0.3,0,26.94,82.82399999999998,2.0039999999999765
5702,2025-07-28,Home,East,1,153.33,0.05,1,91.89,0.0,0.0
5703,2025-05-29,Home,West,3,112.4,0.3,0,95.03,236.04000000000002,-49.05000000000001
5704,2025-08-25,Grocery,North,1,220.56,0.0,0,144.15,220.56,76.41
5705,2025-10-07,Grocery,North,2,137.18,0.0,0,79.45,274.36,115.46000000000001
5706,2025-03-26,Electronics,East,5,228.56,0.15,0,169.18,971.3799999999999,125.47999999999979
5707,2025-01-27,Electronics,North,5,181.21,0.15,0,128.93,770.1425,125.49249999999995
5708,2025-10-31,Grocery,South,4,235.9,0.3,0,141.7,660.52,93.72000000000003
5709,2025-07-30,Electronics,East,1,138.96,0.3,0,117.97,97.272,-20.697999999999993
5710,2025-09-05,Electronics,North,3,50.83,0.0,0,30.76,152.49,60.21000000000001
5711,2025-05-08,Clothing,North,5,151.83,0.3,1,122.17,0.0,0.0
5712,2025-04-04,Home,West,5,222.02,0.0,0,109.91,1110.1000000000001,560.5500000000002
5713,2025-09-20,Electronics,South,3,47.88,0.0,0,26.1,143.64000000000001,65.34
5714,2025-09-12,Electronics,North,3,48.44,0.0,0,37.26,145.32,33.53999999999999
5715,2025-04-14,Home,North,4,150.8,0.15,0,90.17,512.72,152.04000000000002
5716,2025-09-20,Grocery,South,5,121.78,0.05,0,82.44,578.4549999999999,166.25499999999994
5717,2025-08-16,Home,West,3,52.51,0.05,0,23.67,149.6535,78.6435
5718,2025-04-22,Clothing,East,1,91.26,0.0,0,48.13,91.26,43.13
5719,2025-01-13,Clothing,North,1,177.56,0.05,0,91.63,168.682,77.05199999999999
5720,2025-04-30,Grocery,North,5,230.68,0.0,0,164.74,1153.4,329.70000000000005
5721,2025-02-15,Grocery,East,5,215.57,0.05,0,112.51,1023.9574999999999,461.4074999999998
5722,2025-04-01,Clothing,North,4,217.2,0.0,0,124.17,868.8,372.11999999999995
5723,2025-06-27,Clothing,North,1,120.66,0.3,0,67.22,84.46199999999999,17.24199999999999
5724,2025-02-22,Electronics,West,5,92.5,0.15,0,56.16,393.125,112.32500000000005
5725,2025-06-21,Grocery,West,2,57.4,0.3,0,31.22,80.36,17.92
5726,2025-06-26,Grocery,West,2,185.17,0.15,0,149.61,314.789,15.56899999999996
5727,2025-10-10,Home,East,1,122.49,0.3,0,69.38,85.743,16.363
5728,2025-05-28,Electronics,East,5,211.83,0.05,0,176.79,1006.1925,122.24250000000006
5729,2025-04-11,Clothing,East,2,197.48,0.0,0,104.44,394.96,186.07999999999998
5730,2025-12-31,Home,South,3,196.23,0.3,1,102.67,0.0,0.0
5731,2025-05-12,Clothing,South,5,231.5,0.15,0,173.09,983.875,118.42499999999995
5732,2025-04-04,Home,North,5,142.95,0.3,0,73.52,500.325,132.72500000000002
5733,2025-12-29,Clothing,West,4,55.83,0.3,0,28.8,156.32399999999998,41.12399999999998
5734,2025-07-05,Grocery,East,4,158.39,0.05,0,117.26,601.882,132.84199999999993
5735,2025-12-24,Home,East,1,90.27,0.3,0,75.06,63.18899999999999,-11.87100000000001
5736,2025-01-07,Clothing,South,2,100.3,0.3,0,76.17,140.42,-11.920000000000016
5737,2025-04-24,Grocery,South,5,179.54,0.0,0,129.78,897.6999999999999,248.79999999999995
5738,2025-08-18,Clothing,East,1,232.47,0.15,0,113.35,197.5995,84.24950000000001
5739,2025-01-13,Home,North,5,27.04,0.3,0,16.4,94.63999999999999,12.639999999999986
5740,2025-05-04,Home,North,1,245.76,0.05,0,156.67,233.47199999999998,76.80199999999999
5741,2025-10-16,Grocery,South,2,199.45,0.3,1,165.27,0.0,0.0
5742,2025-08-25,Grocery,North,5,36.46,0.3,0,20.84,127.61,23.409999999999997
5743,2025-07-17,Grocery,South,3,129.9,0.3,0,108.11,272.79,-51.539999999999964
5744,2025-07-24,Grocery,West,3,33.23,0.15,0,26.37,84.73649999999999,5.626499999999993
5745,2025-03-20,Home,East,1,162.05,0.15,0,117.75,137.7425,19.992500000000007
5746,2025-04-12,Grocery,West,5,230.42,0.3,0,189.58,806.4699999999999,-141.43000000000018
5747,2025-07-18,Clothing,South,5,90.04,0.0,0,41.17,450.20000000000005,244.35000000000002
5748,2025-10-09,Clothing,East,1,163.84,0.15,0,96.86,139.264,42.40400000000001
5749,2025-01-05,Clothing,North,3,39.71,0.15,0,27.72,101.2605,18.100499999999997
5750,2025-08-24,Electronics,South,1,90.22,0.3,0,67.0,63.153999999999996,-3.8460000000000036
5751,2025-11-09,Home,South,1,200.53,0.05,0,147.4,190.5035,43.1035
5752,2025-09-11,Home,West,2,162.49,0.3,0,104.49,227.486,18.506
5753,2025-10-09,Grocery,South,4,150.61,0.05,0,102.36,572.318,162.878
5754,2025-01-13,Electronics,South,1,192.87,0.3,0,105.28,135.009,29.728999999999985
5755,2025-05-18,Clothing,North,4,190.82,0.0,0,96.31,763.28,378.03999999999996
5756,2025-07-09,Clothing,North,2,119.49,0.05,0,89.18,227.03099999999998,48.670999999999964
5757,2025-08-05,Grocery,West,1,40.98,0.05,0,24.52,38.931,14.410999999999998
5758,2025-05-22,Electronics,North,1,141.67,0.3,0,96.13,99.16899999999998,3.0389999999999873
5759,2025-11-21,Clothing,South,3,131.26,0.05,0,78.07,374.09099999999995,139.88099999999997
5760,2025-02-05,Grocery,East,2,166.75,0.3,0,98.72,233.45,36.00999999999999
5761,2025-06-30,Grocery,North,4,47.98,0.05,0,37.42,182.32399999999998,32.64399999999998
5762,2025-04-09,Clothing,North,2,33.3,0.0,0,26.6,66.6,13.399999999999991
5763,2025-12-18,Home,West,3,203.04,0.0,0,104.39,609.12,295.95
5764,2025-12-26,Home,West,4,187.14,0.05,0,144.82,711.132,131.85199999999998
5765,2025-11-09,Grocery,North,5,155.74,0.15,0,131.61,661.895,3.8449999999999136
5766,2025-07-21,Clothing,West,3,96.63,0.3,0,76.7,202.92299999999997,-27.17700000000005
5767,2025-06-05,Electronics,West,4,101.32,0.05,0,85.6,385.01599999999996,42.615999999999985
5768,2025-10-03,Home,East,1,192.36,0.05,0,161.88,182.742,20.861999999999995
5769,2025-06-23,Home,West,1,128.58,0.0,0,60.81,128.58,67.77000000000001
5770,2025-03-31,Home,North,4,199.59,0.3,0,109.85,558.852,119.452
5771,2025-11-03,Clothing,West,3,231.38,0.15,0,165.45,590.019,93.66900000000004
5772,2025-11-10,Grocery,East,1,47.46,0.05,1,33.19,0.0,0.0
5773,2025-08-31,Electronics,East,5,87.17,0.0,0,65.33,435.85,109.20000000000005
5774,2025-08-24,Electronics,North,1,187.92,0.05,0,136.81,178.52399999999997,41.71399999999997
5775,2025-03-01,Clothing,West,3,206.94,0.05,0,129.33,589.7789999999999,201.78899999999987
5776,2025-08-24,Electronics,North,1,42.12,0.05,0,31.46,40.013999999999996,8.553999999999995
5777,2025-07-27,Electronics,East,2,73.58,0.05,0,41.79,139.802,56.221999999999994
5778,2025-01-07,Home,East,3,171.18,0.0,0,84.55,513.54,259.89
5779,2025-09-14,Clothing,South,1,156.29,0.15,0,84.8,132.8465,48.046499999999995
5780,2025-09-14,Home,East,4,60.97,0.05,0,43.5,231.68599999999998,57.68599999999998
5781,2025-11-08,Electronics,East,1,163.87,0.05,0,110.84,155.6765,44.8365
5782,2025-04-05,Clothing,South,1,196.55,0.0,0,165.34,196.55,31.210000000000008
5783,2025-12-03,Grocery,West,3,201.84,0.15,0,101.28,514.692,210.85199999999998
5784,2025-05-21,Electronics,East,5,125.66,0.0,0,63.2,628.3,312.29999999999995
5785,2025-12-29,Grocery,South,4,58.99,0.0,0,35.78,235.96,92.84
5786,2025-10-07,Home,East,1,151.24,0.05,0,104.96,143.678,38.718
5787,2025-05-19,Clothing,East,4,63.34,0.05,0,36.93,240.692,92.97200000000001
5788,2025-08-28,Grocery,North,5,33.8,0.05,0,28.02,160.54999999999998,20.44999999999999
5789,2025-06-28,Grocery,North,1,203.44,0.15,0,166.47,172.924,6.454000000000008
5790,2025-02-14,Clothing,South,3,133.26,0.15,0,60.72,339.813,157.653
5791,2025-07-14,Home,South,4,30.02,0.15,0,22.59,102.068,11.707999999999998
5792,2025-07-26,Home,North,3,59.82,0.15,0,49.98,152.541,2.600999999999999
5793,2025-10-29,Clothing,South,4,87.29,0.05,1,43.39,0.0,0.0
5794,2025-01-23,Electronics,East,5,143.77,0.3,0,76.42,503.195,121.09499999999997
5795,2025-05-06,Home,South,2,122.44,0.0,0,74.07,244.88,96.74000000000001
5796,2025-09-13,Electronics,East,1,208.05,0.15,0,135.0,176.8425,41.8425
5797,2025-05-11,Home,North,2,145.17,0.05,0,122.96,275.823,29.90299999999999
5798,2025-06-23,Home,North,3,94.46,0.0,0,65.56,283.38,86.69999999999999
5799,2025-04-16,Clothing,East,5,48.71,0.15,0,25.57,207.0175,79.16750000000002
5800,2025-11-24,Clothing,West,4,196.83,0.3,0,142.36,551.124,-18.31600000000003
5801,2025-10-20,Clothing,North,2,18.58,0.3,1,12.6,0.0,0.0
5802,2025-03-17,Grocery,East,3,67.0,0.15,0,32.45,170.85,73.49999999999999
5803,2025-09-09,Grocery,South,5,141.71,0.15,0,96.5,602.2675,119.76750000000004
5804,2025-12-19,Clothing,North,4,217.25,0.0,0,171.32,869.0,183.72000000000003
5805,2025-02-10,Electronics,South,2,143.95,0.05,0,79.92,273.50499999999994,113.66499999999994
5806,2025-06-05,Clothing,North,1,75.77,0.15,0,56.75,64.4045,7.654499999999999
5807,2025-04-20,Electronics,South,4,225.16,0.05,0,101.68,855.608,448.8879999999999
5808,2025-09-25,Grocery,West,4,35.17,0.3,0,18.21,98.476,25.635999999999996
5809,2025-11-25,Clothing,West,4,71.87,0.05,0,51.16,273.106,68.46600000000001
5810,2025-11-05,Clothing,South,4,199.34,0.3,0,105.91,558.1519999999999,134.51199999999994
5811,2025-12-22,Electronics,West,2,242.52,0.15,0,128.37,412.284,155.54399999999998
5812,2025-05-26,Grocery,North,1,39.46,0.3,0,25.04,27.622,2.5820000000000007
5813,2025-08-04,Grocery,North,4,112.1,0.05,0,88.64,425.97999999999996,71.41999999999996
5814,2025-02-12,Clothing,North,3,90.0,0.05,0,64.93,256.5,61.70999999999998
5815,2025-02-24,Clothing,North,1,128.77,0.3,0,95.9,90.139,-5.76100000000001
5816,2025-01-19,Grocery,South,4,60.0,0.15,0,30.69,204.0,81.24
5817,2025-03-26,Clothing,West,1,231.32,0.3,0,151.56,161.92399999999998,10.363999999999976
5818,2025-09-22,Electronics,East,1,232.73,0.15,0,165.3,197.82049999999998,32.52049999999997
5819,2025-06-05,Clothing,West,5,22.77,0.15,0,15.82,96.7725,17.6725
5820,2025-04-02,Electronics,North,2,124.38,0.3,0,77.95,174.13199999999998,18.23199999999997
5821,2025-11-03,Grocery,North,2,154.68,0.3,0,101.91,216.552,12.732
5822,2025-04-28,Clothing,East,3,199.34,0.15,0,111.93,508.31699999999995,172.52699999999993
5823,2025-11-04,Electronics,West,2,144.66,0.0,0,81.64,289.32,126.03999999999999
5824,2025-05-22,Clothing,South,2,190.5,0.15,0,86.06,323.84999999999997,151.72999999999996
5825,2025-08-09,Clothing,North,4,218.11,0.0,0,167.09,872.44,204.08000000000004
5826,2025-06-10,Home,East,2,127.59,0.3,0,84.91,178.626,8.806000000000012
5827,2025-09-12,Electronics,West,1,44.64,0.3,0,35.64,31.247999999999998,-4.392000000000003
5828,2025-05-21,Clothing,West,3,213.55,0.05,1,117.47,0.0,0.0
5829,2025-09-12,Electronics,West,5,92.55,0.15,0,71.34,393.3375,36.63749999999993
5830,2025-05-10,Grocery,East,2,131.78,0.0,0,102.4,263.56,58.75999999999999
5831,2025-10-31,Grocery,East,4,120.0,0.05,0,92.01,456.0,87.95999999999998
5832,2025-01-15,Grocery,West,3,93.07,0.3,0,67.89,195.44699999999997,-8.223000000000042
5833,2025-02-10,Home,South,5,84.53,0.0,0,43.69,422.65,204.2
5834,2025-10-27,Grocery,North,2,51.69,0.15,0,31.45,87.87299999999999,24.972999999999992
5835,2025-03-06,Home,West,2,22.47,0.3,0,11.57,31.457999999999995,8.317999999999994
5836,2025-10-22,Home,North,2,248.33,0.15,0,173.7,422.161,74.76100000000002
5837,2025-01-10,Electronics,East,5,242.86,0.05,0,171.76,1153.585,294.7850000000001
5838,2025-08-06,Electronics,North,5,57.15,0.0,0,31.14,285.75,130.05
5839,2025-05-13,Grocery,East,5,131.16,0.0,0,93.94,655.8,186.09999999999997
5840,2025-11-19,Grocery,West,1,162.92,0.0,0,137.02,162.92,25.899999999999977
5841,2025-10-04,Clothing,North,4,245.86,0.05,0,173.66,934.268,239.62800000000004
5842,2025-04-13,Grocery,East,2,142.6,0.3,0,94.5,199.64,10.639999999999986
5843,2025-12-22,Clothing,South,5,123.63,0.0,0,104.38,618.15,96.25
5844,2025-01-20,Grocery,East,2,178.45,0.3,0,87.07,249.82999999999996,75.68999999999997
5845,2025-12-22,Home,North,5,124.76,0.15,0,61.29,530.23,223.78000000000003
5846,2025-01-15,Home,South,1,211.98,0.15,0,159.74,180.183,20.442999999999984
5847,2025-09-16,Electronics,West,3,46.21,0.0,0,25.78,138.63,61.28999999999999
5848,2025-11-18,Grocery,North,5,154.44,0.0,1,122.52,0.0,0.0
5849,2025-10-10,Clothing,North,4,150.41,0.0,0,122.19,601.64,112.88
5850,2025-11-19,Home,East,5,165.11,0.15,0,96.89,701.7175000000001,217.2675000000001
5851,2025-06-23,Clothing,North,5,93.94,0.15,1,50.57,0.0,0.0
5852,2025-12-19,Clothing,South,5,56.94,0.05,0,36.27,270.465,89.11499999999995
5853,2025-12-24,Clothing,West,5,177.17,0.05,0,89.98,841.5574999999999,391.65749999999986
5854,2025-07-08,Electronics,East,4,63.84,0.05,0,34.55,242.592,104.39200000000002
5855,2025-07-27,Home,East,5,146.54,0.05,0,94.84,696.0649999999999,221.8649999999999
5856,2025-08-20,Clothing,East,4,166.58,0.15,0,101.77,566.3720000000001,159.2920000000001
5857,2025-05-22,Home,East,2,32.5,0.05,0,17.81,61.75,26.130000000000003
5858,2025-01-14,Electronics,West,3,52.2,0.0,0,32.21,156.60000000000002,59.97000000000003
5859,2025-11-29,Grocery,South,5,85.32,0.05,0,50.0,405.2699999999999,155.26999999999992
5860,2025-04-24,Grocery,North,3,79.96,0.15,0,60.36,203.898,22.818000000000012
5861,2025-01-29,Home,North,5,128.57,0.0,0,85.71,642.8499999999999,214.29999999999995
5862,2025-02-20,Home,East,1,120.06,0.15,0,58.27,102.051,43.781
5863,2025-06-21,Electronics,East,2,214.33,0.15,0,128.03,364.361,108.30099999999999
5864,2025-07-06,Grocery,East,2,109.63,0.05,0,50.01,208.29699999999997,108.27699999999997
5865,2025-10-26,Home,West,4,229.08,0.3,0,125.53,641.424,139.30399999999997
5866,2025-10-28,Clothing,West,2,64.4,0.3,0,53.71,90.16,-17.260000000000005
5867,2025-02-10,Clothing,West,4,50.82,0.05,1,26.72,0.0,0.0
5868,2025-08-17,Electronics,West,2,169.05,0.05,0,79.64,321.195,161.915
5869,2025-04-30,Clothing,West,2,159.48,0.0,0,85.07,318.96,148.82
5870,2025-06-04,Grocery,East,3,18.63,0.3,0,11.72,39.123,3.962999999999994
5871,2025-08-30,Electronics,North,5,84.01,0.15,0,42.43,357.0425,144.8925
5872,2025-07-16,Grocery,West,2,117.9,0.15,0,70.88,200.43,58.670000000000016
5873,2025-10-26,Grocery,South,2,44.5,0.15,0,37.71,75.64999999999999,0.22999999999998977
5874,2025-10-11,Electronics,West,4,119.23,0.0,0,72.81,476.92,185.68
5875,2025-06-27,Electronics,West,1,145.76,0.3,0,99.15,102.03199999999998,2.8819999999999766
5876,2025-04-04,Home,South,3,22.28,0.05,0,15.9,63.498,15.797999999999995
5877,2025-12-23,Electronics,South,2,40.32,0.05,0,31.69,76.60799999999999,13.227999999999987
5878,2025-03-17,Clothing,South,3,230.52,0.05,0,132.98,656.982,258.04200000000003
5879,2025-02-12,Grocery,North,4,181.21,0.05,0,144.22,688.598,111.71799999999996
5880,2025-11-26,Electronics,North,4,245.76,0.05,0,154.53,933.8879999999999,315.7679999999999
5881,2025-09-20,Clothing,West,4,129.26,0.3,0,88.46,361.92799999999994,8.087999999999965
5882,2025-12-16,Clothing,North,5,165.26,0.15,0,127.56,702.3549999999999,64.55499999999995
5883,2025-11-17,Electronics,South,1,188.42,0.3,0,116.97,131.89399999999998,14.923999999999978
5884,2025-09-28,Home,South,1,104.65,0.05,0,79.39,99.4175,20.027500000000003
5885,2025-12-20,Grocery,East,2,199.68,0.15,0,131.7,339.456,76.05600000000004
5886,2025-11-22,Electronics,East,4,29.85,0.0,0,18.17,119.4,46.72
5887,2025-06-20,Grocery,North,3,222.45,0.15,0,155.92,567.2475,99.48749999999995
5888,2025-07-16,Clothing,West,5,133.14,0.15,0,94.92,565.8449999999999,91.24499999999989
5889,2025-01-12,Electronics,North,4,85.24,0.0,0,47.04,340.96,152.79999999999998
5890,2025-01-05,Clothing,East,2,225.22,0.0,0,121.66,450.44,207.12
5891,2025-04-28,Clothing,North,1,93.31,0.0,0,56.7,93.31,36.61
5892,2025-03-15,Clothing,East,2,177.62,0.3,0,94.34,248.66799999999998,59.98799999999997
5893,2025-12-12,Clothing,East,2,207.39,0.3,0,165.56,290.34599999999995,-40.77400000000006
5894,2025-03-15,Electronics,West,3,41.07,0.0,0,18.72,123.21000000000001,67.05000000000001
5895,2025-01-01,Grocery,South,4,110.55,0.15,0,52.25,375.87,166.87
5896,2025-06-17,Electronics,East,4,19.5,0.15,1,8.92,0.0,0.0
5897,2025-09-29,Home,West,5,158.96,0.15,0,90.74,675.58,221.88000000000005
5898,2025-06-27,Clothing,West,2,78.84,0.05,0,43.2,149.796,63.39599999999999
5899,2025-05-15,Electronics,West,1,218.93,0.0,0,157.61,218.93,61.31999999999999
5900,2025-02-08,Electronics,South,2,226.32,0.15,0,149.24,384.74399999999997,86.26399999999995
5901,2025-01-14,Clothing,West,2,197.78,0.05,0,132.18,375.782,111.42199999999997
5902,2025-09-22,Clothing,South,2,42.1,0.3,0,34.23,58.94,-9.519999999999996
5903,2025-06-24,Home,South,5,142.26,0.0,0,112.49,711.3,148.85000000000002
5904,2025-02-08,Clothing,East,2,130.99,0.3,0,67.25,183.386,48.885999999999996
5905,2025-04-27,Clothing,North,2,48.53,0.0,0,28.91,97.06,39.24
5906,2025-04-13,Electronics,North,2,39.19,0.15,0,23.62,66.62299999999999,19.38299999999999
5907,2025-02-19,Home,East,4,113.02,0.3,0,69.66,316.45599999999996,37.815999999999974
5908,2025-04-23,Home,East,5,100.55,0.3,0,57.85,351.92499999999995,62.674999999999955
5909,2025-01-30,Electronics,West,4,215.41,0.0,0,140.9,861.64,298.03999999999996
5910,2025-11-20,Clothing,North,4,95.4,0.15,0,73.32,324.36,31.08000000000004
5911,2025-06-21,Grocery,West,1,92.96,0.15,0,75.12,79.01599999999999,3.8959999999999866
5912,2025-02-03,Home,North,3,178.47,0.3,0,88.37,374.787,109.67699999999996
5913,2025-11-03,Clothing,North,5,234.58,0.0,1,139.62,0.0,0.0
5914,2025-05-28,Grocery,North,3,162.74,0.3,0,117.85,341.754,-11.795999999999935
5915,2025-10-10,Clothing,North,4,134.6,0.3,0,92.99,376.87999999999994,4.919999999999959
5916,2025-12-06,Electronics,West,5,232.84,0.05,0,136.27,1105.99,424.64
5917,2025-04-24,Home,East,3,172.05,0.0,0,113.68,516.1500000000001,175.11000000000007
5918,2025-07-07,Grocery,North,2,122.44,0.15,0,87.21,208.148,33.72800000000001
5919,2025-07-13,Electronics,South,3,64.22,0.05,0,36.89,183.027,72.35699999999999
5920,2025-11-05,Electronics,South,1,79.18,0.05,0,36.75,75.221,38.471000000000004
5921,2025-09-30,Home,West,5,76.81,0.3,1,38.7,0.0,0.0
5922,2025-02-08,Home,North,3,41.64,0.15,0,26.32,106.182,27.221999999999994
5923,2025-05-18,Electronics,West,2,214.45,0.3,0,181.25,300.22999999999996,-62.27000000000004
5924,2025-03-31,Home,South,4,156.04,0.0,0,86.5,624.16,278.15999999999997
5925,2025-11-08,Home,East,2,42.92,0.3,0,29.58,60.088,0.9280000000000044
5926,2025-11-22,Home,South,5,159.5,0.0,0,118.18,797.5,206.5999999999999
5927,2025-01-05,Electronics,West,3,180.19,0.05,0,119.52,513.5414999999999,154.98149999999993
5928,2025-05-16,Clothing,South,1,121.51,0.05,0,65.26,115.4345,50.174499999999995
5929,2025-04-23,Clothing,West,3,235.35,0.05,0,169.35,670.7475,162.6975
5930,2025-11-19,Home,East,5,188.72,0.15,0,109.34,802.06,255.3599999999999
5931,2025-01-24,Clothing,East,5,180.19,0.15,0,112.27,765.8075,204.45749999999998
5932,2025-05-11,Clothing,South,2,219.9,0.05,0,126.52,417.81,164.77
5933,2025-07-20,Home,South,4,48.15,0.0,0,22.92,192.6,100.91999999999999
5934,2025-11-23,Clothing,West,2,245.87,0.0,0,151.92,491.74,187.90000000000003
5935,2025-10-16,Clothing,East,5,84.38,0.0,0,43.22,421.9,205.79999999999998
5936,2025-10-20,Clothing,West,3,115.21,0.3,0,57.18,241.94099999999997,70.40099999999998
5937,2025-03-22,Electronics,East,5,153.76,0.15,0,75.2,653.4799999999999,277.4799999999999
5938,2025-02-17,Home,South,1,129.94,0.15,0,83.21,110.449,27.239000000000004
5939,2025-10-07,Home,East,5,178.44,0.3,0,100.47,624.54,122.18999999999994
5940,2025-08-29,Clothing,South,1,145.57,0.05,0,92.0,138.29149999999998,46.291499999999985
5941,2025-01-11,Clothing,East,1,136.79,0.3,0,68.3,95.75299999999999,27.45299999999999
5942,2025-05-28,Electronics,West,2,29.6,0.0,0,15.45,59.2,28.300000000000004
5943,2025-01-27,Electronics,North,5,147.33,0.0,0,84.13,736.6500000000001,316.0000000000001
5944,2025-03-13,Clothing,North,4,158.92,0.15,1,76.16,0.0,0.0
5945,2025-11-09,Home,East,3,154.11,0.3,0,86.25,323.63100000000003,64.88100000000003
5946,2025-12-22,Home,East,1,158.61,0.0,0,110.91,158.61,47.70000000000002
5947,2025-06-12,Home,East,2,159.35,0.3,0,114.26,223.08999999999997,-5.430000000000035
5948,2025-09-16,Home,North,1,90.85,0.15,0,71.59,77.2225,5.632499999999993
5949,2025-08-26,Electronics,East,4,153.27,0.15,0,127.05,521.118,12.918000000000063
5950,2025-11-19,Grocery,South,1,149.97,0.0,0,90.5,149.97,59.47
5951,2025-01-30,Grocery,East,4,38.03,0.05,0,24.33,144.514,47.19400000000002
5952,2025-07-18,Grocery,East,4,88.14,0.15,0,44.53,299.676,121.55599999999998
5953,2025-07-27,Electronics,North,5,131.24,0.05,0,82.01,623.39,213.33999999999997
5954,2025-03-22,Clothing,West,4,83.43,0.05,0,58.6,317.034,82.63399999999999
5955,2025-01-19,Grocery,North,4,231.97,0.3,0,144.21,649.516,72.67599999999993
5956,2025-08-19,Grocery,North,4,97.38,0.15,0,57.4,331.092,101.49199999999999
5957,2025-10-26,Grocery,West,5,137.74,0.05,0,95.61,654.265,176.21499999999997
5958,2025-08-30,Clothing,East,3,243.88,0.3,0,186.8,512.1479999999999,-48.25200000000018
5959,2025-04-06,Home,West,3,74.58,0.0,0,59.19,223.74,46.170000000000016
5960,2025-05-04,Home,South,4,19.88,0.05,0,10.62,75.544,33.064
5961,2025-01-19,Electronics,North,5,148.58,0.3,0,93.02,520.0300000000001,54.93000000000012
5962,2025-02-24,Home,North,5,223.26,0.3,0,119.94,781.41,181.70999999999992
5963,2025-05-02,Home,North,3,118.23,0.15,0,60.93,301.4865,118.69649999999999
5964,2025-01-31,Grocery,West,4,231.34,0.15,0,146.81,786.556,199.31600000000003
5965,2025-07-22,Electronics,North,2,206.32,0.0,0,95.46,412.64,221.72
5966,2025-02-26,Electronics,North,2,80.05,0.0,1,50.47,0.0,0.0
5967,2025-12-24,Electronics,North,4,196.47,0.05,0,163.82,746.586,91.30600000000004
5968,2025-11-09,Home,East,4,186.98,0.15,0,147.94,635.732,43.97199999999998
5969,2025-09-04,Clothing,North,3,211.48,0.3,0,177.79,444.10799999999995,-89.26200000000006
5970,2025-10-11,Grocery,South,4,65.51,0.05,0,41.49,248.93800000000002,82.97800000000001
5971,2025-04-29,Home,North,3,58.92,0.0,0,30.32,176.76,85.79999999999998
5972,2025-03-10,Clothing,East,1,76.85,0.05,0,49.04,73.0075,23.967499999999994
5973,2025-01-07,Clothing,East,1,38.34,0.15,0,30.24,32.589,2.349
5974,2025-11-25,Clothing,East,5,210.64,0.15,0,164.7,895.2199999999998,71.7199999999998
5975,2025-02-12,Clothing,East,3,215.26,0.3,0,157.81,452.04599999999994,-21.38400000000007
5976,2025-06-05,Home,East,5,31.5,0.15,1,25.13,0.0,0.0
5977,2025-06-25,Home,South,4,141.47,0.15,0,119.78,480.998,1.877999999999986
5978,2025-04-03,Grocery,East,2,245.49,0.0,0,165.56,490.98,159.86
5979,2025-06-12,Home,East,1,49.09,0.3,0,24.79,34.363,9.573
5980,2025-01-26,Grocery,East,4,165.39,0.05,0,139.04,628.482,72.322
5981,2025-12-20,Grocery,West,2,142.64,0.3,0,109.37,199.69599999999997,-19.04400000000004
5982,2025-07-07,Clothing,North,4,124.36,0.0,0,92.32,497.44,128.16000000000003
5983,2025-10-18,Electronics,East,1,64.0,0.0,0,49.96,64.0,14.04
5984,2025-11-12,Electronics,North,3,59.6,0.15,0,41.03,151.98000000000002,28.890000000000015
5985,2025-01-29,Clothing,North,3,129.43,0.15,0,72.44,330.0465,112.72649999999999
5986,2025-08-09,Home,West,3,233.99,0.05,0,133.45,666.8715,266.5215
5987,2025-04-21,Clothing,East,3,234.69,0.05,0,130.35,668.8664999999999,277.8164999999999
5988,2025-06-22,Clothing,East,2,206.89,0.15,0,127.77,351.71299999999997,96.17299999999997
5989,2025-01-28,Electronics,East,1,242.96,0.05,0,186.13,230.81199999999998,44.68199999999999
5990,2025-09-30,Clothing,West,3,145.14,0.0,0,69.98,435.41999999999996,225.47999999999996
5991,2025-11-22,Grocery,South,3,173.38,0.0,0,118.88,520.14,163.5
5992,2025-03-15,Home,West,1,74.44,0.3,0,52.19,52.108,-0.08200000000000074
5993,2025-09-08,Home,East,2,181.53,0.15,0,102.22,308.601,104.161
5994,2025-02-23,Grocery,South,1,181.8,0.3,1,88.07,0.0,0.0
5995,2025-06-11,Home,West,5,99.61,0.15,0,50.51,423.3425,170.7925
5996,2025-12-16,Grocery,East,3,202.83,0.0,0,144.45,608.49,175.14000000000004
5997,2025-01-03,Home,North,1,226.12,0.0,0,154.39,226.12,71.73000000000002
5998,2025-07-13,Clothing,South,2,234.73,0.3,0,164.57,328.62199999999996,-0.5180000000000291
5999,2025-08-28,Grocery,West,2,71.31,0.15,0,38.15,121.227,44.92700000000001
6000,2025-01-16,Clothing,South,3,115.01,0.0,0,86.76,345.03000000000003,84.75
