po_id,date,supplier,ordered_units,delivered_units,promised_days,actual_days,stock_units,daily_demand,otif,coverage_days,late_days
1,2025-09-29,Beacon,50,50,4,5,692,26,0,26.615384615384617,1
2,2025-10-09,Aster,94,94,14,13,258,50,1,5.16,0
3,2025-12-13,Beacon,168,168,3,3,78,36,1,2.1666666666666665,0
4,2025-03-13,Delta,94,94,12,12,208,32,1,6.5,0
5,2025-10-24,Beacon,187,187,15,17,375,56,0,6.696428571428571,2
6,2025-11-16,Delta,226,226,13,14,577,23,0,25.08695652173913,1
7,2025-12-09,Cedar,78,78,2,6,407,23,0,17.695652173913043,4
8,2025-07-07,Beacon,221,206,12,16,650,51,0,12.745098039215685,4
9,2025-06-21,Aster,87,82,2,5,527,57,0,9.24561403508772,3
10,2025-12-16,Beacon,141,136,3,6,176,11,0,16.0,3
11,2025-11-02,Aster,211,206,14,17,596,53,0,11.245283018867925,3
12,2025-06-29,Aster,223,223,3,1,687,24,1,28.625,0
13,2025-09-22,Delta,245,245,12,10,151,55,1,2.7454545454545456,0
14,2025-02-16,Delta,51,36,4,6,246,35,0,7.0285714285714285,2
15,2025-11-09,Beacon,105,90,4,2,280,31,0,9.03225806451613,0
16,2025-11-07,Cedar,126,126,15,16,551,50,0,11.02,1
17,2025-06-03,Aster,59,59,5,4,108,42,1,2.5714285714285716,0
18,2025-03-07,Cedar,183,178,14,16,437,39,0,11.205128205128204,2
19,2025-07-30,Beacon,139,139,15,19,301,36,0,8.36111111111111,4
20,2025-09-24,Delta,34,29,11,12,585,23,0,25.434782608695652,1
21,2025-01-30,Beacon,123,118,14,14,70,43,0,1.627906976744186,0
22,2025-05-24,Aster,92,77,4,8,180,36,0,5.0,4
23,2025-03-06,Delta,142,142,11,9,658,42,1,15.666666666666666,0
24,2025-08-18,Beacon,216,216,3,7,261,44,0,5.931818181818182,4
25,2025-11-24,Delta,149,144,14,17,655,45,0,14.555555555555555,3
26,2025-08-08,Delta,69,64,11,10,647,49,0,13.204081632653061,0
27,2025-12-16,Delta,97,92,10,11,369,53,0,6.962264150943396,1
28,2025-11-16,Beacon,216,216,7,10,389,19,0,20.473684210526315,3
29,2025-10-12,Cedar,134,129,15,17,640,12,0,53.333333333333336,2
30,2025-08-31,Cedar,210,205,15,18,437,63,0,6.936507936507937,3
31,2025-03-31,Aster,237,222,10,12,235,29,0,8.10344827586207,2
32,2025-03-31,Aster,134,129,3,3,656,14,0,46.857142857142854,0
33,2025-03-19,Cedar,207,207,14,14,31,35,1,0.8857142857142857,0
34,2025-02-11,Aster,31,16,12,12,143,51,0,2.803921568627451,0
35,2025-05-29,Aster,104,99,10,9,172,41,0,4.195121951219512,0
36,2025-07-10,Beacon,179,179,6,5,34,8,1,4.25,0
37,2025-07-30,Aster,102,102,5,4,502,25,1,20.08,0
38,2025-05-12,Cedar,67,62,14,14,387,35,0,11.057142857142857,0
39,2025-10-30,Beacon,229,229,10,8,216,26,1,8.307692307692308,0
40,2025-09-25,Beacon,151,136,6,5,616,41,0,15.024390243902438,0
41,2025-10-10,Aster,236,236,13,15,395,51,0,7.745098039215686,2
42,2025-07-26,Beacon,162,162,6,10,172,15,0,11.466666666666667,4
43,2025-01-09,Beacon,74,74,5,8,71,54,0,1.3148148148148149,3
44,2025-05-21,Aster,55,40,11,11,724,10,0,72.4,0
45,2025-10-04,Beacon,24,24,7,5,593,15,1,39.53333333333333,0
46,2025-05-01,Beacon,74,59,5,8,628,36,0,17.444444444444443,3
47,2025-05-15,Aster,149,149,6,7,594,62,0,9.580645161290322,1
48,2025-10-23,Cedar,33,33,10,13,645,39,0,16.53846153846154,3
49,2025-08-10,Cedar,27,27,8,12,738,34,0,21.705882352941178,4
50,2025-09-01,Beacon,128,128,5,6,234,48,0,4.875,1
51,2025-10-17,Aster,21,16,15,16,275,44,0,6.25,1
52,2025-04-17,Cedar,94,79,7,8,469,62,0,7.564516129032258,1
53,2025-02-03,Beacon,173,158,2,1,444,39,0,11.384615384615385,0
54,2025-05-28,Delta,25,25,11,9,700,18,1,38.888888888888886,0
55,2025-05-01,Cedar,140,140,14,16,193,29,0,6.655172413793103,2
56,2025-06-18,Aster,205,205,4,7,718,41,0,17.51219512195122,3
57,2025-11-09,Cedar,56,56,15,15,407,54,1,7.537037037037037,0
58,2025-12-06,Beacon,181,181,13,17,161,33,0,4.878787878787879,4
59,2025-02-13,Delta,178,178,9,9,238,11,1,21.636363636363637,0
60,2025-09-15,Cedar,79,79,13,17,197,31,0,6.354838709677419,4
61,2025-05-18,Cedar,52,52,11,11,336,41,1,8.195121951219512,0
62,2025-08-25,Beacon,164,159,12,12,413,48,0,8.604166666666666,0
63,2025-05-15,Cedar,215,210,4,7,528,21,0,25.142857142857142,3
64,2025-12-08,Delta,216,201,5,5,370,15,0,24.666666666666668,0
65,2025-04-10,Beacon,72,57,4,2,461,11,0,41.90909090909091,0
66,2025-06-20,Cedar,70,70,15,17,769,62,0,12.403225806451612,2
67,2025-12-04,Delta,55,40,12,15,106,7,0,15.142857142857142,3
68,2025-12-18,Cedar,214,214,15,15,512,7,1,73.14285714285714,0
69,2025-07-03,Beacon,28,28,9,11,49,55,0,0.8909090909090909,2
70,2025-11-13,Cedar,44,44,12,15,551,23,0,23.956521739130434,3
71,2025-08-13,Delta,32,27,5,7,11,36,0,0.3055555555555556,2
72,2025-10-28,Cedar,241,226,15,18,777,34,0,22.852941176470587,3
73,2025-02-26,Cedar,175,170,4,4,123,24,0,5.125,0
74,2025-04-18,Cedar,50,50,13,13,221,59,1,3.7457627118644066,0
75,2025-07-14,Aster,223,208,3,2,364,53,0,6.867924528301887,0
76,2025-09-01,Aster,93,93,6,8,710,25,0,28.4,2
77,2025-08-22,Delta,48,48,10,12,473,61,0,7.754098360655738,2
78,2025-05-10,Cedar,104,104,4,7,721,40,0,18.025,3
79,2025-03-02,Aster,191,191,10,9,566,45,1,12.577777777777778,0
80,2025-04-28,Delta,89,89,12,15,185,57,0,3.245614035087719,3
81,2025-08-19,Aster,152,152,6,6,498,32,1,15.5625,0
82,2025-08-11,Delta,211,211,9,12,104,21,0,4.9523809523809526,3
83,2025-07-29,Cedar,156,156,4,8,471,37,0,12.72972972972973,4
84,2025-01-01,Aster,123,108,12,10,497,58,0,8.568965517241379,0
85,2025-09-25,Aster,240,240,5,9,759,33,0,23.0,4
86,2025-10-13,Cedar,150,150,7,6,305,56,1,5.446428571428571,0
87,2025-07-16,Beacon,160,160,8,12,186,38,0,4.894736842105263,4
88,2025-06-26,Delta,164,149,8,12,404,25,0,16.16,4
89,2025-11-07,Cedar,35,35,14,16,718,17,0,42.23529411764706,2
90,2025-05-23,Delta,118,103,13,15,717,9,0,79.66666666666667,2
91,2025-06-04,Delta,69,69,3,4,409,16,0,25.5625,1
92,2025-01-12,Aster,67,62,3,4,539,15,0,35.93333333333333,1
93,2025-01-03,Aster,59,59,3,1,530,17,1,31.176470588235293,0
94,2025-01-22,Delta,172,172,8,9,232,58,0,4.0,1
95,2025-04-01,Beacon,191,191,3,5,783,43,0,18.209302325581394,2
96,2025-01-29,Delta,53,53,10,14,176,43,0,4.093023255813954,4
97,2025-10-19,Delta,219,204,13,15,766,40,0,19.15,2
98,2025-06-28,Beacon,119,119,9,9,406,51,1,7.96078431372549,0
99,2025-03-14,Delta,235,235,7,11,399,42,0,9.5,4
100,2025-07-22,Cedar,52,37,8,11,662,12,0,55.166666666666664,3
101,2025-02-07,Aster,143,138,13,14,704,44,0,16.0,1
102,2025-09-24,Cedar,199,199,9,7,420,40,1,10.5,0
103,2025-10-29,Aster,75,70,10,11,720,15,0,48.0,1
104,2025-10-20,Delta,103,88,8,6,620,48,0,12.916666666666666,0
105,2025-10-04,Delta,145,145,2,6,423,21,0,20.142857142857142,4
106,2025-03-08,Cedar,95,95,5,3,128,55,1,2.327272727272727,0
107,2025-02-05,Cedar,77,77,10,10,220,6,1,36.666666666666664,0
108,2025-06-17,Delta,43,38,11,9,764,25,0,30.56,0
109,2025-07-10,Cedar,242,227,11,12,484,8,0,60.5,1
110,2025-04-06,Delta,205,200,8,6,652,34,0,19.176470588235293,0
111,2025-12-07,Delta,110,110,13,15,453,33,0,13.727272727272727,2
112,2025-11-09,Aster,216,216,9,10,608,49,0,12.408163265306122,1
113,2025-08-02,Beacon,85,80,15,13,327,41,0,7.975609756097561,0
114,2025-03-06,Cedar,94,79,7,11,408,33,0,12.363636363636363,4
115,2025-08-29,Aster,229,214,6,6,723,29,0,24.93103448275862,0
116,2025-06-21,Cedar,44,44,12,15,398,25,0,15.92,3
117,2025-05-23,Delta,203,203,7,6,690,30,1,23.0,0
118,2025-10-08,Beacon,144,129,5,7,579,6,0,96.5,2
119,2025-04-21,Aster,112,112,13,13,47,5,1,9.4,0
120,2025-06-08,Beacon,187,172,14,15,574,11,0,52.18181818181818,1
121,2025-02-19,Delta,238,233,12,12,335,19,0,17.63157894736842,0
122,2025-08-12,Aster,22,22,5,5,271,32,1,8.46875,0
123,2025-09-30,Beacon,45,45,2,1,265,9,1,29.444444444444443,0
124,2025-09-19,Delta,29,29,5,8,513,12,0,42.75,3
125,2025-06-19,Beacon,102,102,10,9,275,23,1,11.956521739130435,0
126,2025-05-29,Cedar,79,79,4,7,236,36,0,6.555555555555555,3
127,2025-07-13,Aster,64,64,5,8,527,64,0,8.234375,3
128,2025-02-17,Delta,90,90,3,1,68,26,1,2.6153846153846154,0
129,2025-11-11,Aster,41,41,10,9,116,5,1,23.2,0
130,2025-08-04,Beacon,87,87,6,8,412,46,0,8.956521739130435,2
131,2025-08-22,Aster,84,69,6,9,72,55,0,1.309090909090909,3
132,2025-08-14,Cedar,95,95,7,7,63,31,1,2.032258064516129,0
133,2025-09-11,Cedar,51,51,4,4,392,60,1,6.533333333333333,0
134,2025-08-12,Delta,42,42,12,12,51,63,1,0.8095238095238095,0
135,2025-04-25,Cedar,227,212,7,5,409,38,0,10.763157894736842,0
136,2025-10-13,Cedar,182,182,7,11,47,38,0,1.236842105263158,4
137,2025-07-14,Delta,116,116,10,13,575,41,0,14.024390243902438,3
138,2025-08-15,Delta,225,225,8,6,661,60,1,11.016666666666667,0
139,2025-01-27,Cedar,68,53,11,10,33,57,0,0.5789473684210527,0
140,2025-10-30,Cedar,153,153,5,6,729,24,0,30.375,1
141,2025-10-13,Aster,105,105,6,7,336,19,0,17.68421052631579,1
142,2025-04-17,Cedar,132,132,2,2,331,57,1,5.807017543859649,0
143,2025-07-03,Beacon,161,146,12,16,339,22,0,15.409090909090908,4
144,2025-04-30,Delta,194,194,2,5,80,26,0,3.076923076923077,3
145,2025-12-22,Cedar,226,226,7,9,39,54,0,0.7222222222222222,2
146,2025-02-04,Aster,88,88,14,12,216,60,1,3.6,0
147,2025-05-24,Aster,92,87,13,13,751,56,0,13.410714285714286,0
148,2025-05-21,Cedar,38,38,5,8,274,11,0,24.90909090909091,3
149,2025-06-29,Beacon,42,27,2,5,54,31,0,1.7419354838709677,3
150,2025-09-18,Beacon,88,88,4,7,93,40,0,2.325,3
151,2025-08-20,Aster,191,191,12,15,197,35,0,5.628571428571429,3
152,2025-10-11,Cedar,71,71,7,8,559,5,0,111.8,1
153,2025-10-03,Delta,133,128,12,13,206,60,0,3.433333333333333,1
154,2025-10-21,Aster,230,230,3,7,507,49,0,10.346938775510203,4
155,2025-06-05,Delta,167,167,4,3,221,14,1,15.785714285714286,0
156,2025-06-29,Cedar,210,195,7,5,758,59,0,12.847457627118644,0
157,2025-03-04,Beacon,246,246,9,12,517,16,0,32.3125,3
158,2025-06-09,Delta,83,83,6,10,581,50,0,11.62,4
159,2025-09-02,Beacon,188,188,15,14,249,35,1,7.114285714285714,0
160,2025-08-07,Cedar,173,168,4,8,698,29,0,24.06896551724138,4
161,2025-10-18,Beacon,96,91,9,7,685,26,0,26.346153846153847,0
162,2025-07-25,Aster,71,71,7,9,505,41,0,12.317073170731707,2
163,2025-11-01,Aster,192,177,12,11,751,59,0,12.728813559322035,0
164,2025-07-22,Delta,87,82,6,6,703,17,0,41.35294117647059,0
165,2025-07-15,Cedar,152,152,5,8,431,44,0,9.795454545454545,3
166,2025-07-05,Beacon,65,60,8,10,114,25,0,4.56,2
167,2025-09-22,Aster,209,204,11,14,118,31,0,3.806451612903226,3
168,2025-06-27,Beacon,182,182,7,9,492,58,0,8.482758620689655,2
169,2025-03-27,Beacon,157,157,13,15,353,62,0,5.693548387096774,2
170,2025-07-16,Delta,113,113,15,17,634,17,0,37.294117647058826,2
171,2025-04-17,Beacon,131,131,2,2,478,55,1,8.690909090909091,0
172,2025-09-22,Delta,106,101,10,13,572,30,0,19.066666666666666,3
173,2025-08-22,Cedar,237,237,14,14,640,44,1,14.545454545454545,0
174,2025-11-24,Cedar,121,121,7,7,146,7,1,20.857142857142858,0
175,2025-02-14,Aster,192,187,14,16,427,63,0,6.777777777777778,2
176,2025-01-31,Delta,247,242,13,16,421,8,0,52.625,3
177,2025-12-16,Aster,175,160,2,1,287,63,0,4.555555555555555,0
178,2025-10-12,Beacon,169,169,13,12,347,31,1,11.193548387096774,0
179,2025-09-08,Delta,33,18,14,13,76,43,0,1.7674418604651163,0
180,2025-06-24,Beacon,28,23,9,13,296,38,0,7.7894736842105265,4
181,2025-12-21,Cedar,24,24,5,4,674,61,1,11.049180327868852,0
182,2025-04-08,Cedar,93,93,12,11,135,56,1,2.4107142857142856,0
183,2025-09-29,Cedar,230,230,3,1,117,60,1,1.95,0
184,2025-09-12,Delta,230,215,14,14,144,9,0,16.0,0
185,2025-08-13,Delta,153,153,2,6,276,48,0,5.75,4
186,2025-12-23,Cedar,232,232,4,7,569,24,0,23.708333333333332,3
187,2025-10-27,Beacon,179,164,8,12,582,25,0,23.28,4
188,2025-04-07,Aster,84,84,6,7,731,15,0,48.733333333333334,1
189,2025-01-05,Aster,95,90,14,15,125,21,0,5.9523809523809526,1
190,2025-07-23,Delta,147,147,12,14,780,5,0,156.0,2
191,2025-09-04,Beacon,25,10,15,14,297,21,0,14.142857142857142,0
192,2025-04-24,Delta,95,80,15,19,404,54,0,7.481481481481482,4
193,2025-11-29,Delta,225,210,4,8,256,22,0,11.636363636363637,4
194,2025-09-30,Beacon,121,121,14,18,58,36,0,1.6111111111111112,4
195,2025-10-18,Cedar,54,54,13,15,226,50,0,4.52,2
196,2025-03-11,Delta,131,126,5,4,85,56,0,1.5178571428571428,0
197,2025-12-10,Delta,92,77,8,10,92,29,0,3.1724137931034484,2
198,2025-07-18,Delta,123,123,14,13,50,41,1,1.2195121951219512,0
199,2025-11-26,Cedar,241,241,13,12,57,30,1,1.9,0
200,2025-11-21,Aster,208,208,13,16,598,22,0,27.181818181818183,3
201,2025-04-04,Beacon,52,37,7,7,313,32,0,9.78125,0
202,2025-07-12,Delta,182,182,10,12,318,20,0,15.9,2
203,2025-11-26,Cedar,192,192,2,3,566,39,0,14.512820512820513,1
204,2025-10-26,Aster,90,85,2,3,79,46,0,1.7173913043478262,1
205,2025-11-25,Cedar,181,181,5,6,704,57,0,12.350877192982455,1
206,2025-11-16,Aster,90,75,13,14,655,23,0,28.47826086956522,1
207,2025-09-27,Beacon,200,185,5,8,600,60,0,10.0,3
208,2025-09-05,Delta,185,185,3,3,697,32,1,21.78125,0
209,2025-06-28,Beacon,77,77,12,15,499,19,0,26.263157894736842,3
210,2025-02-13,Aster,149,144,5,3,383,59,0,6.491525423728813,0
211,2025-10-22,Beacon,158,158,5,6,321,24,0,13.375,1
212,2025-02-19,Delta,47,47,11,11,171,26,1,6.576923076923077,0
213,2025-10-15,Beacon,224,224,5,9,174,36,0,4.833333333333333,4
214,2025-09-11,Beacon,143,143,7,7,494,15,1,32.93333333333333,0
215,2025-02-18,Delta,96,96,7,6,201,50,1,4.02,0
216,2025-05-28,Cedar,92,92,3,6,621,28,0,22.178571428571427,3
217,2025-07-29,Cedar,192,177,12,12,424,20,0,21.2,0
218,2025-02-18,Cedar,140,140,14,13,270,38,1,7.105263157894737,0
219,2025-03-21,Delta,226,221,15,17,86,15,0,5.733333333333333,2
220,2025-12-19,Aster,42,42,6,9,107,56,0,1.9107142857142858,3
221,2025-08-19,Beacon,228,213,12,16,711,23,0,30.91304347826087,4
222,2025-03-08,Beacon,61,56,15,13,322,24,0,13.416666666666666,0
223,2025-09-05,Aster,197,197,9,13,397,17,0,23.352941176470587,4
224,2025-04-18,Cedar,111,106,5,3,176,31,0,5.67741935483871,0
225,2025-05-22,Aster,89,89,8,12,658,47,0,14.0,4
226,2025-11-27,Aster,78,78,2,1,693,21,1,33.0,0
227,2025-02-04,Delta,221,221,11,9,638,10,1,63.8,0
228,2025-05-04,Aster,57,52,4,5,139,49,0,2.836734693877551,1
229,2025-01-05,Cedar,199,199,8,12,411,17,0,24.176470588235293,4
230,2025-05-03,Cedar,238,233,11,14,235,5,0,47.0,3
231,2025-06-04,Cedar,243,243,14,13,303,31,1,9.774193548387096,0
232,2025-08-13,Delta,133,133,10,11,492,18,0,27.333333333333332,1
233,2025-01-30,Cedar,70,70,13,14,114,25,0,4.56,1
234,2025-04-10,Cedar,45,40,3,1,313,31,0,10.096774193548388,0
235,2025-02-08,Delta,132,127,10,8,77,18,0,4.277777777777778,0
236,2025-08-28,Beacon,91,91,14,16,590,56,0,10.535714285714286,2
237,2025-01-05,Cedar,184,179,3,2,545,6,0,90.83333333333333,0
238,2025-10-29,Delta,130,130,11,11,702,13,1,54.0,0
239,2025-07-13,Aster,171,171,3,6,479,58,0,8.258620689655173,3
240,2025-02-27,Beacon,71,71,4,6,209,61,0,3.4262295081967213,2
241,2025-05-21,Beacon,173,158,7,10,154,48,0,3.2083333333333335,3
242,2025-07-17,Delta,246,231,11,15,620,60,0,10.333333333333334,4
243,2025-10-19,Aster,54,54,15,18,507,13,0,39.0,3
244,2025-09-18,Beacon,81,76,6,9,279,38,0,7.342105263157895,3
245,2025-04-14,Delta,170,170,9,13,720,20,0,36.0,4
246,2025-01-29,Aster,35,20,11,10,61,11,0,5.545454545454546,0
247,2025-05-08,Beacon,47,47,14,17,352,19,0,18.526315789473685,3
248,2025-10-09,Aster,170,155,10,14,362,20,0,18.1,4
249,2025-02-13,Beacon,236,236,11,14,509,50,0,10.18,3
250,2025-08-26,Cedar,183,183,6,7,129,19,0,6.7894736842105265,1
251,2025-04-05,Cedar,99,84,3,6,372,29,0,12.827586206896552,3
252,2025-12-06,Delta,200,200,14,17,110,58,0,1.896551724137931,3
253,2025-05-16,Cedar,167,162,10,14,116,61,0,1.901639344262295,4
254,2025-09-24,Aster,243,228,6,7,265,8,0,33.125,1
255,2025-10-11,Delta,237,232,15,18,216,18,0,12.0,3
256,2025-07-05,Cedar,244,244,12,13,541,53,0,10.20754716981132,1
257,2025-01-24,Cedar,34,34,3,6,60,20,0,3.0,3
258,2025-08-08,Cedar,153,148,11,13,133,25,0,5.32,2
259,2025-02-20,Cedar,152,152,8,10,25,45,0,0.5555555555555556,2
260,2025-06-29,Beacon,136,121,5,3,186,39,0,4.769230769230769,0
261,2025-04-10,Cedar,199,199,13,11,453,52,1,8.711538461538462,0
262,2025-10-27,Delta,117,117,8,8,664,57,1,11.649122807017545,0
263,2025-02-23,Cedar,213,213,15,13,375,14,1,26.785714285714285,0
264,2025-07-26,Beacon,123,123,15,13,350,64,1,5.46875,0
265,2025-12-01,Beacon,157,142,11,9,97,21,0,4.619047619047619,0
266,2025-08-28,Delta,230,230,10,10,457,13,1,35.15384615384615,0
267,2025-05-28,Cedar,218,213,5,4,465,56,0,8.303571428571429,0
268,2025-05-06,Beacon,121,121,2,4,93,42,0,2.2142857142857144,2
269,2025-11-15,Beacon,191,191,4,4,235,51,1,4.607843137254902,0
270,2025-01-21,Delta,198,193,8,8,259,41,0,6.317073170731708,0
271,2025-02-12,Aster,120,105,3,6,392,50,0,7.84,3
272,2025-02-05,Beacon,60,60,7,10,570,22,0,25.90909090909091,3
273,2025-01-05,Beacon,75,75,3,4,13,15,0,0.8666666666666667,1
274,2025-12-24,Cedar,126,126,14,15,728,34,0,21.41176470588235,1
275,2025-04-18,Cedar,35,35,2,1,286,49,1,5.836734693877551,0
276,2025-01-28,Delta,245,245,6,6,96,15,1,6.4,0
277,2025-06-27,Cedar,191,176,6,10,487,17,0,28.647058823529413,4
278,2025-06-03,Delta,232,227,6,9,149,8,0,18.625,3
279,2025-07-12,Beacon,123,108,6,4,769,18,0,42.72222222222222,0
280,2025-05-05,Beacon,136,121,7,11,71,59,0,1.2033898305084745,4
281,2025-01-15,Delta,77,62,5,8,34,57,0,0.5964912280701754,3
282,2025-01-01,Delta,182,182,12,15,660,36,0,18.333333333333332,3
283,2025-07-26,Delta,56,56,6,8,707,50,0,14.14,2
284,2025-07-04,Delta,38,33,14,14,306,50,0,6.12,0
285,2025-12-10,Aster,228,228,9,7,205,31,1,6.612903225806452,0
286,2025-11-03,Cedar,119,119,15,19,743,34,0,21.852941176470587,4
287,2025-12-05,Cedar,41,36,3,6,156,10,0,15.6,3
288,2025-11-03,Aster,127,127,15,16,651,60,0,10.85,1
289,2025-05-26,Beacon,142,137,15,19,663,5,0,132.6,4
290,2025-01-12,Cedar,201,201,13,13,464,26,1,17.846153846153847,0
291,2025-02-03,Aster,35,20,10,8,654,12,0,54.5,0
292,2025-05-11,Beacon,67,52,2,3,205,35,0,5.857142857142857,1
293,2025-10-05,Cedar,64,49,5,9,555,58,0,9.568965517241379,4
294,2025-02-10,Cedar,61,46,4,8,398,64,0,6.21875,4
295,2025-07-29,Cedar,91,91,9,13,264,21,0,12.571428571428571,4
296,2025-01-13,Beacon,194,194,13,17,275,5,0,55.0,4
297,2025-11-29,Cedar,168,153,11,11,131,42,0,3.119047619047619,0
298,2025-12-08,Cedar,153,153,3,3,426,9,1,47.333333333333336,0
299,2025-03-20,Beacon,66,51,11,9,460,14,0,32.857142857142854,0
300,2025-06-01,Cedar,172,172,3,3,605,42,1,14.404761904761905,0
301,2025-10-13,Delta,205,200,11,13,252,28,0,9.0,2
302,2025-02-25,Cedar,173,173,13,16,526,41,0,12.829268292682928,3
303,2025-02-12,Aster,69,64,8,8,272,5,0,54.4,0
304,2025-02-17,Cedar,222,222,14,17,23,41,0,0.5609756097560976,3
305,2025-06-20,Beacon,197,197,6,9,139,64,0,2.171875,3
306,2025-07-02,Cedar,67,67,12,15,308,54,0,5.703703703703703,3
307,2025-02-06,Delta,143,143,13,12,619,63,1,9.825396825396826,0
308,2025-06-04,Aster,33,33,6,7,570,11,0,51.81818181818182,1
309,2025-07-14,Cedar,162,157,6,10,239,43,0,5.558139534883721,4
310,2025-12-22,Beacon,169,164,14,15,554,62,0,8.935483870967742,1
311,2025-05-30,Beacon,106,106,15,13,546,14,1,39.0,0
312,2025-01-13,Delta,225,210,8,7,411,36,0,11.416666666666666,0
313,2025-12-22,Delta,219,204,4,6,728,22,0,33.09090909090909,2
314,2025-05-20,Delta,62,47,15,16,99,48,0,2.0625,1
315,2025-08-16,Beacon,224,224,8,11,685,60,0,11.416666666666666,3
316,2025-10-02,Aster,113,108,9,12,730,36,0,20.27777777777778,3
317,2025-07-03,Aster,68,68,12,16,48,62,0,0.7741935483870968,4
318,2025-06-08,Cedar,41,26,7,11,147,39,0,3.769230769230769,4
319,2025-08-07,Delta,227,227,6,7,519,46,0,11.282608695652174,1
320,2025-12-03,Delta,64,64,3,6,524,56,0,9.357142857142858,3
321,2025-12-29,Aster,189,174,15,16,756,13,0,58.15384615384615,1
322,2025-05-09,Aster,176,176,3,5,534,28,0,19.071428571428573,2
323,2025-06-30,Delta,226,226,5,5,113,56,1,2.017857142857143,0
324,2025-10-12,Beacon,23,23,12,13,221,6,0,36.833333333333336,1
325,2025-07-17,Delta,249,234,10,13,679,38,0,17.86842105263158,3
326,2025-09-26,Cedar,198,198,9,7,122,46,1,2.652173913043478,0
327,2025-11-07,Delta,234,234,3,5,404,47,0,8.595744680851064,2
328,2025-01-23,Aster,233,233,2,3,287,31,0,9.258064516129032,1
329,2025-11-02,Aster,59,59,6,4,77,39,1,1.9743589743589745,0
330,2025-09-10,Beacon,39,34,13,13,129,56,0,2.3035714285714284,0
331,2025-02-21,Cedar,103,103,8,8,417,10,1,41.7,0
332,2025-02-12,Beacon,151,146,12,11,689,52,0,13.25,0
333,2025-05-07,Aster,75,70,14,12,573,39,0,14.692307692307692,0
334,2025-09-21,Delta,20,5,2,2,358,62,0,5.774193548387097,0
335,2025-02-21,Beacon,117,117,13,12,527,12,1,43.916666666666664,0
336,2025-11-11,Delta,152,152,8,12,671,45,0,14.911111111111111,4
337,2025-08-11,Beacon,125,110,3,6,270,15,0,18.0,3
338,2025-01-05,Beacon,135,135,4,8,469,59,0,7.9491525423728815,4
339,2025-02-11,Beacon,80,80,5,6,343,38,0,9.026315789473685,1
340,2025-02-02,Beacon,214,214,12,13,771,11,0,70.0909090909091,1
341,2025-09-25,Delta,59,59,5,5,575,13,1,44.23076923076923,0
342,2025-11-27,Aster,49,49,10,8,362,38,1,9.526315789473685,0
343,2025-08-05,Cedar,121,106,12,12,695,33,0,21.060606060606062,0
344,2025-10-02,Beacon,54,54,4,7,316,52,0,6.076923076923077,3
345,2025-04-11,Beacon,79,64,13,17,209,10,0,20.9,4
346,2025-02-04,Beacon,114,109,8,9,614,63,0,9.746031746031745,1
347,2025-11-10,Aster,108,93,6,6,768,53,0,14.49056603773585,0
348,2025-04-29,Aster,129,124,9,9,619,28,0,22.107142857142858,0
349,2025-02-01,Beacon,76,76,5,6,278,37,0,7.513513513513513,1
350,2025-05-11,Beacon,180,180,6,7,228,8,0,28.5,1
351,2025-06-07,Aster,202,187,11,13,220,53,0,4.150943396226415,2
352,2025-02-22,Beacon,198,198,15,16,762,46,0,16.565217391304348,1
353,2025-04-12,Aster,123,118,3,6,588,33,0,17.818181818181817,3
354,2025-03-05,Aster,148,148,15,14,794,16,1,49.625,0
355,2025-10-14,Beacon,42,42,4,6,369,25,0,14.76,2
356,2025-10-14,Aster,196,196,7,7,123,59,1,2.0847457627118646,0
357,2025-06-26,Beacon,185,180,13,13,84,47,0,1.7872340425531914,0
358,2025-01-22,Aster,120,120,2,1,38,20,1,1.9,0
359,2025-08-10,Delta,46,46,5,5,735,62,1,11.85483870967742,0
360,2025-10-20,Aster,138,123,6,4,377,62,0,6.080645161290323,0
361,2025-01-23,Aster,154,149,11,13,553,15,0,36.86666666666667,2
362,2025-09-03,Cedar,65,50,4,4,148,42,0,3.5238095238095237,0
363,2025-04-06,Cedar,152,152,10,12,649,17,0,38.1764705882353,2
364,2025-01-31,Cedar,66,61,6,9,91,15,0,6.066666666666666,3
365,2025-02-15,Aster,82,82,6,8,246,14,0,17.571428571428573,2
366,2025-05-15,Aster,78,63,5,8,428,34,0,12.588235294117647,3
367,2025-09-08,Cedar,101,96,8,9,64,17,0,3.764705882352941,1
368,2025-10-22,Beacon,210,210,14,14,401,35,1,11.457142857142857,0
369,2025-07-27,Beacon,150,145,5,7,676,54,0,12.518518518518519,2
370,2025-03-04,Delta,78,78,6,10,754,49,0,15.387755102040817,4
371,2025-11-17,Delta,87,87,10,11,631,15,0,42.06666666666667,1
372,2025-04-04,Cedar,28,23,14,18,630,37,0,17.027027027027028,4
373,2025-07-01,Aster,85,70,6,5,280,23,0,12.173913043478262,0
374,2025-06-22,Delta,136,131,11,10,291,19,0,15.31578947368421,0
375,2025-11-18,Delta,173,158,4,7,621,20,0,31.05,3
376,2025-04-30,Beacon,23,18,14,13,690,8,0,86.25,0
377,2025-09-01,Aster,62,62,2,5,739,32,0,23.09375,3
378,2025-01-15,Beacon,139,139,3,7,717,32,0,22.40625,4
379,2025-03-27,Aster,63,58,12,14,581,26,0,22.346153846153847,2
380,2025-07-15,Beacon,181,166,3,3,776,52,0,14.923076923076923,0
381,2025-04-24,Beacon,219,219,12,11,227,60,1,3.783333333333333,0
382,2025-07-24,Beacon,66,66,12,12,789,11,1,71.72727272727273,0
383,2025-09-14,Cedar,87,87,11,12,179,42,0,4.261904761904762,1
384,2025-10-09,Delta,72,72,4,6,303,51,0,5.9411764705882355,2
385,2025-07-26,Cedar,118,103,2,1,537,43,0,12.488372093023257,0
386,2025-03-11,Cedar,205,205,10,12,648,58,0,11.172413793103448,2
387,2025-12-23,Aster,151,146,13,17,467,64,0,7.296875,4
388,2025-11-18,Cedar,26,21,9,11,759,18,0,42.166666666666664,2
389,2025-11-07,Aster,28,23,11,15,631,34,0,18.558823529411764,4
390,2025-09-22,Delta,43,43,9,9,42,56,1,0.75,0
391,2025-08-29,Aster,35,35,9,11,383,51,0,7.509803921568627,2
392,2025-07-30,Aster,116,101,9,12,331,57,0,5.807017543859649,3
393,2025-12-25,Cedar,76,76,7,9,121,55,0,2.2,2
394,2025-12-16,Beacon,115,115,4,6,756,10,0,75.6,2
395,2025-11-22,Beacon,149,144,2,6,305,17,0,17.941176470588236,4
396,2025-12-11,Aster,242,227,5,7,14,15,0,0.9333333333333333,2
397,2025-02-18,Delta,125,125,13,14,700,30,0,23.333333333333332,1
398,2025-02-05,Cedar,98,83,2,4,445,23,0,19.347826086956523,2
399,2025-08-28,Cedar,129,124,10,14,88,61,0,1.4426229508196722,4
400,2025-03-23,Cedar,57,57,4,5,671,18,0,37.27777777777778,1
401,2025-03-04,Aster,113,98,14,18,627,63,0,9.952380952380953,4
402,2025-10-27,Beacon,145,130,4,4,32,19,0,1.6842105263157894,0
403,2025-11-04,Delta,122,122,14,18,331,26,0,12.73076923076923,4
404,2025-05-10,Delta,224,209,13,13,57,44,0,1.2954545454545454,0
405,2025-12-21,Delta,154,154,7,10,441,25,0,17.64,3
406,2025-12-08,Cedar,43,43,5,4,522,56,1,9.321428571428571,0
407,2025-05-10,Beacon,212,197,11,15,795,43,0,18.488372093023255,4
408,2025-02-20,Cedar,155,155,5,8,754,48,0,15.708333333333334,3
409,2025-02-16,Cedar,186,186,14,15,221,40,0,5.525,1
410,2025-12-14,Cedar,188,173,7,10,451,37,0,12.18918918918919,3
411,2025-02-11,Beacon,46,31,15,18,548,10,0,54.8,3
412,2025-08-30,Beacon,67,62,11,9,557,9,0,61.888888888888886,0
413,2025-01-23,Cedar,52,52,6,7,592,11,0,53.81818181818182,1
414,2025-03-02,Aster,73,58,14,13,437,7,0,62.42857142857143,0
415,2025-01-02,Aster,59,59,5,7,32,8,0,4.0,2
416,2025-11-30,Cedar,188,188,15,13,137,6,1,22.833333333333332,0
417,2025-05-27,Aster,109,109,12,13,64,55,0,1.1636363636363636,1
418,2025-06-10,Cedar,216,216,14,16,768,36,0,21.333333333333332,2
419,2025-11-12,Delta,113,108,12,16,223,47,0,4.74468085106383,4
420,2025-05-08,Delta,218,218,7,7,778,49,1,15.877551020408163,0
421,2025-06-02,Cedar,189,189,6,7,343,45,0,7.622222222222222,1
422,2025-02-23,Cedar,166,161,4,6,703,50,0,14.06,2
423,2025-07-30,Cedar,202,202,9,11,259,59,0,4.389830508474576,2
424,2025-03-24,Beacon,176,176,3,7,196,45,0,4.355555555555555,4
425,2025-09-07,Cedar,202,202,7,7,40,5,1,8.0,0
426,2025-10-07,Beacon,240,240,14,17,115,40,0,2.875,3
427,2025-02-15,Delta,76,76,7,10,81,5,0,16.2,3
428,2025-12-09,Delta,209,209,12,12,755,32,1,23.59375,0
429,2025-11-15,Aster,249,244,9,11,416,37,0,11.243243243243244,2
430,2025-04-12,Beacon,233,228,9,13,481,6,0,80.16666666666667,4
431,2025-02-20,Cedar,62,57,11,12,754,46,0,16.391304347826086,1
432,2025-09-12,Cedar,30,30,10,8,433,35,1,12.371428571428572,0
433,2025-10-01,Cedar,162,147,13,14,195,59,0,3.305084745762712,1
434,2025-07-19,Beacon,66,51,9,12,684,22,0,31.09090909090909,3
435,2025-01-21,Delta,94,79,7,11,189,15,0,12.6,4
436,2025-09-27,Beacon,146,131,13,17,330,63,0,5.238095238095238,4
437,2025-12-09,Beacon,148,148,7,9,16,55,0,0.2909090909090909,2
438,2025-12-01,Cedar,185,185,7,10,287,33,0,8.696969696969697,3
439,2025-12-08,Aster,222,222,8,11,757,27,0,28.037037037037038,3
440,2025-09-29,Aster,61,61,4,7,682,49,0,13.918367346938776,3
441,2025-03-13,Beacon,77,72,10,14,117,42,0,2.7857142857142856,4
442,2025-07-27,Delta,126,126,10,13,145,21,0,6.904761904761905,3
443,2025-06-30,Cedar,183,183,8,6,43,62,1,0.6935483870967742,0
444,2025-10-16,Cedar,243,228,13,12,456,48,0,9.5,0
445,2025-07-12,Delta,241,236,15,14,504,27,0,18.666666666666668,0
446,2025-12-09,Beacon,243,238,8,7,110,25,0,4.4,0
447,2025-02-11,Cedar,155,140,7,9,463,58,0,7.982758620689655,2
448,2025-06-21,Aster,168,168,14,18,363,60,0,6.05,4
449,2025-08-17,Aster,180,165,4,5,704,7,0,100.57142857142857,1
450,2025-09-27,Beacon,59,54,13,14,76,41,0,1.853658536585366,1
451,2025-12-06,Beacon,59,54,3,3,533,52,0,10.25,0
452,2025-07-07,Delta,92,87,6,8,328,30,0,10.933333333333334,2
453,2025-11-08,Cedar,209,209,12,15,113,42,0,2.6904761904761907,3
454,2025-11-11,Cedar,100,95,14,17,250,45,0,5.555555555555555,3
455,2025-08-22,Cedar,63,48,4,8,272,9,0,30.22222222222222,4
456,2025-01-30,Cedar,26,26,4,7,367,40,0,9.175,3
457,2025-02-08,Aster,238,223,8,12,556,55,0,10.10909090909091,4
458,2025-05-27,Cedar,58,53,15,18,330,48,0,6.875,3
459,2025-10-17,Cedar,216,201,10,13,37,41,0,0.9024390243902439,3
460,2025-04-15,Delta,63,63,3,7,635,27,0,23.51851851851852,4
461,2025-05-17,Beacon,168,168,14,14,656,60,1,10.933333333333334,0
462,2025-11-27,Aster,87,87,14,13,630,55,1,11.454545454545455,0
463,2025-11-25,Delta,216,211,15,13,447,56,0,7.982142857142857,0
464,2025-12-26,Delta,76,61,4,4,787,14,0,56.214285714285715,0
465,2025-09-30,Beacon,156,141,5,3,92,35,0,2.6285714285714286,0
466,2025-01-18,Cedar,244,244,12,15,411,7,0,58.714285714285715,3
467,2025-07-12,Aster,110,105,10,12,538,25,0,21.52,2
468,2025-03-27,Cedar,63,63,4,8,767,14,0,54.785714285714285,4
469,2025-07-03,Aster,72,72,14,18,114,14,0,8.142857142857142,4
470,2025-05-08,Delta,34,34,15,16,154,21,0,7.333333333333333,1
471,2025-01-01,Delta,212,197,9,11,87,48,0,1.8125,2
472,2025-05-11,Delta,77,72,7,9,27,49,0,0.5510204081632653,2
473,2025-08-25,Aster,118,118,14,18,70,61,0,1.1475409836065573,4
474,2025-06-08,Beacon,163,158,2,2,486,38,0,12.789473684210526,0
475,2025-11-02,Cedar,168,168,4,5,756,14,0,54.0,1
476,2025-04-20,Cedar,148,148,13,14,685,53,0,12.924528301886792,1
477,2025-12-31,Cedar,238,238,8,9,135,19,0,7.105263157894737,1
478,2025-12-18,Beacon,33,28,11,12,177,16,0,11.0625,1
479,2025-06-03,Delta,126,126,3,2,731,32,1,22.84375,0
480,2025-07-25,Aster,188,188,14,18,688,18,0,38.22222222222222,4
481,2025-05-28,Cedar,199,194,8,7,507,23,0,22.043478260869566,0
482,2025-02-23,Aster,122,122,12,12,296,36,1,8.222222222222221,0
483,2025-05-31,Cedar,150,135,9,12,302,41,0,7.365853658536586,3
484,2025-03-29,Aster,229,214,14,15,55,47,0,1.1702127659574468,1
485,2025-01-13,Beacon,168,168,13,11,465,35,1,13.285714285714286,0
486,2025-04-09,Aster,185,170,9,9,318,17,0,18.705882352941178,0
487,2025-01-14,Delta,27,27,5,9,713,42,0,16.976190476190474,4
488,2025-12-13,Delta,187,187,4,6,752,23,0,32.69565217391305,2
489,2025-11-02,Cedar,34,19,12,14,781,57,0,13.701754385964913,2
490,2025-05-23,Cedar,57,57,10,11,40,7,0,5.714285714285714,1
491,2025-12-04,Beacon,214,199,11,14,341,6,0,56.833333333333336,3
492,2025-06-09,Aster,98,83,3,1,420,18,0,23.333333333333332,0
493,2025-02-25,Aster,237,222,15,17,437,15,0,29.133333333333333,2
494,2025-04-03,Aster,155,155,13,15,105,54,0,1.9444444444444444,2
495,2025-07-04,Aster,200,200,3,7,99,50,0,1.98,4
496,2025-03-06,Delta,221,221,3,5,773,45,0,17.177777777777777,2
497,2025-10-30,Delta,48,33,2,5,575,45,0,12.777777777777779,3
498,2025-11-28,Beacon,240,240,4,4,603,44,1,13.704545454545455,0
499,2025-04-05,Aster,136,136,14,12,290,20,1,14.5,0
500,2025-11-30,Aster,46,46,2,1,763,19,1,40.1578947368421,0
501,2025-10-16,Delta,29,29,3,7,688,10,0,68.8,4
502,2025-08-07,Delta,66,66,11,10,177,42,1,4.214285714285714,0
503,2025-06-22,Cedar,112,112,7,11,290,56,0,5.178571428571429,4
504,2025-12-19,Beacon,225,210,4,5,290,27,0,10.74074074074074,1
505,2025-11-15,Aster,181,181,14,16,473,38,0,12.447368421052632,2
506,2025-05-07,Beacon,87,82,12,11,701,40,0,17.525,0
507,2025-01-25,Delta,233,233,11,9,600,46,1,13.043478260869565,0
508,2025-05-05,Cedar,245,240,4,6,217,9,0,24.11111111111111,2
509,2025-08-10,Aster,242,242,14,17,656,29,0,22.620689655172413,3
510,2025-02-02,Cedar,147,147,11,10,196,45,1,4.355555555555555,0
511,2025-10-09,Beacon,163,163,14,15,375,49,0,7.653061224489796,1
512,2025-01-02,Aster,165,150,12,13,203,22,0,9.227272727272727,1
513,2025-07-03,Aster,30,30,14,17,703,25,0,28.12,3
514,2025-07-01,Aster,217,212,9,9,242,11,0,22.0,0
515,2025-08-26,Aster,115,110,7,8,71,48,0,1.4791666666666667,1
516,2025-12-29,Beacon,177,177,6,10,250,12,0,20.833333333333332,4
517,2025-02-03,Delta,240,225,15,17,40,6,0,6.666666666666667,2
518,2025-12-07,Cedar,176,176,8,12,541,64,0,8.453125,4
519,2025-03-13,Delta,172,167,11,11,596,18,0,33.111111111111114,0
520,2025-11-13,Aster,183,183,2,4,121,48,0,2.5208333333333335,2
521,2025-08-05,Aster,177,177,3,3,319,26,1,12.26923076923077,0
522,2025-05-07,Cedar,145,145,8,12,139,55,0,2.5272727272727273,4
523,2025-11-12,Aster,102,102,6,6,638,9,1,70.88888888888889,0
524,2025-06-18,Aster,201,196,15,19,172,44,0,3.909090909090909,4
525,2025-10-10,Cedar,150,150,2,5,244,16,0,15.25,3
526,2025-08-18,Aster,222,222,5,4,16,57,1,0.2807017543859649,0
527,2025-07-31,Cedar,119,119,14,12,750,42,1,17.857142857142858,0
528,2025-08-21,Aster,111,106,15,16,42,11,0,3.8181818181818183,1
529,2025-10-04,Aster,231,226,7,10,711,23,0,30.91304347826087,3
530,2025-10-30,Delta,83,68,2,2,306,22,0,13.909090909090908,0
531,2025-07-03,Beacon,95,95,12,16,530,60,0,8.833333333333334,4
532,2025-08-19,Beacon,177,162,11,10,309,23,0,13.434782608695652,0
533,2025-09-09,Aster,74,69,3,3,241,28,0,8.607142857142858,0
534,2025-10-13,Beacon,247,247,14,12,542,24,1,22.583333333333332,0
535,2025-07-06,Beacon,62,57,13,13,488,20,0,24.4,0
536,2025-09-04,Aster,242,242,13,15,184,33,0,5.575757575757576,2
537,2025-03-21,Beacon,245,240,8,11,692,51,0,13.568627450980392,3
538,2025-04-04,Cedar,32,17,4,6,512,37,0,13.837837837837839,2
539,2025-04-16,Cedar,123,118,15,15,454,46,0,9.869565217391305,0
540,2025-09-11,Beacon,35,35,7,6,585,13,1,45.0,0
541,2025-04-10,Beacon,114,109,2,5,380,21,0,18.095238095238095,3
542,2025-09-24,Beacon,92,92,8,11,751,22,0,34.13636363636363,3
543,2025-03-04,Delta,120,120,15,19,727,30,0,24.233333333333334,4
544,2025-07-15,Delta,24,24,3,6,509,27,0,18.85185185185185,3
545,2025-06-26,Aster,200,200,9,9,56,20,1,2.8,0
546,2025-11-25,Cedar,122,117,10,14,213,38,0,5.605263157894737,4
547,2025-05-11,Beacon,150,145,10,13,667,45,0,14.822222222222223,3
548,2025-09-15,Aster,230,215,7,7,308,52,0,5.923076923076923,0
549,2025-08-04,Cedar,101,101,15,17,633,59,0,10.728813559322035,2
550,2025-06-15,Aster,183,183,15,14,271,29,1,9.344827586206897,0
551,2025-01-28,Aster,238,233,8,10,359,7,0,51.285714285714285,2
552,2025-11-07,Cedar,153,153,10,11,373,48,0,7.770833333333333,1
553,2025-06-17,Aster,133,118,3,3,433,29,0,14.931034482758621,0
554,2025-06-07,Aster,205,200,14,14,575,31,0,18.548387096774192,0
555,2025-03-06,Cedar,94,94,12,11,291,25,1,11.64,0
556,2025-08-24,Cedar,157,157,13,15,611,42,0,14.547619047619047,2
557,2025-02-11,Aster,179,174,12,12,517,6,0,86.16666666666667,0
558,2025-04-24,Aster,145,140,3,1,107,61,0,1.7540983606557377,0
559,2025-06-01,Delta,236,231,9,10,762,18,0,42.333333333333336,1
560,2025-05-06,Cedar,225,225,12,15,754,18,0,41.888888888888886,3
561,2025-06-04,Aster,217,202,15,17,784,13,0,60.30769230769231,2
562,2025-05-25,Delta,246,246,5,5,432,31,1,13.935483870967742,0
563,2025-10-04,Aster,160,145,11,14,602,38,0,15.842105263157896,3
564,2025-03-17,Beacon,135,130,8,7,527,42,0,12.547619047619047,0
565,2025-07-11,Aster,177,177,6,6,652,29,1,22.482758620689655,0
566,2025-07-01,Cedar,127,127,8,11,180,16,0,11.25,3
567,2025-07-15,Cedar,208,193,11,9,338,26,0,13.0,0
568,2025-08-28,Beacon,153,148,3,4,415,62,0,6.693548387096774,1
569,2025-01-15,Cedar,42,37,14,13,267,50,0,5.34,0
570,2025-07-31,Cedar,45,30,9,7,207,17,0,12.176470588235293,0
571,2025-12-07,Aster,92,92,12,14,284,48,0,5.916666666666667,2
572,2025-12-29,Delta,248,248,11,14,182,29,0,6.275862068965517,3
573,2025-01-24,Beacon,112,112,13,15,679,40,0,16.975,2
574,2025-09-27,Delta,212,197,2,3,381,56,0,6.803571428571429,1
575,2025-04-15,Aster,165,160,7,6,629,27,0,23.296296296296298,0
576,2025-02-15,Cedar,54,49,2,6,102,17,0,6.0,4
577,2025-05-19,Delta,78,78,13,13,32,41,1,0.7804878048780488,0
578,2025-11-21,Beacon,240,240,11,10,694,62,1,11.193548387096774,0
579,2025-12-13,Delta,240,240,14,17,634,15,0,42.266666666666666,3
580,2025-05-15,Beacon,50,45,12,15,680,15,0,45.333333333333336,3
581,2025-08-28,Beacon,28,13,8,8,175,54,0,3.240740740740741,0
582,2025-02-17,Aster,77,62,8,11,35,36,0,0.9722222222222222,3
583,2025-11-03,Beacon,130,115,13,17,352,34,0,10.352941176470589,4
584,2025-12-29,Aster,81,81,3,4,214,42,0,5.095238095238095,1
585,2025-02-13,Beacon,160,160,9,9,697,42,1,16.595238095238095,0
586,2025-03-27,Beacon,166,161,12,11,562,8,0,70.25,0
587,2025-10-09,Aster,169,164,13,16,402,15,0,26.8,3
588,2025-11-02,Beacon,38,38,8,9,286,22,0,13.0,1
589,2025-04-24,Beacon,42,42,5,7,695,60,0,11.583333333333334,2
590,2025-05-19,Delta,91,91,13,14,625,10,0,62.5,1
591,2025-08-27,Beacon,95,95,15,19,776,5,0,155.2,4
592,2025-01-24,Cedar,74,59,6,8,534,10,0,53.4,2
593,2025-03-23,Aster,130,130,6,5,76,27,1,2.814814814814815,0
594,2025-11-30,Delta,35,30,7,7,122,23,0,5.304347826086956,0
595,2025-09-15,Cedar,192,177,13,15,549,32,0,17.15625,2
596,2025-08-05,Beacon,23,8,2,4,511,27,0,18.925925925925927,2
597,2025-07-07,Cedar,90,90,15,16,544,28,0,19.428571428571427,1
598,2025-06-23,Delta,182,167,15,17,95,37,0,2.5675675675675675,2
599,2025-05-15,Beacon,87,82,15,14,350,34,0,10.294117647058824,0
600,2025-06-11,Aster,140,135,9,13,306,57,0,5.368421052631579,4
601,2025-03-05,Delta,96,96,5,7,92,29,0,3.1724137931034484,2
602,2025-09-16,Beacon,195,190,15,16,690,21,0,32.857142857142854,1
603,2025-02-09,Delta,119,114,10,14,430,15,0,28.666666666666668,4
604,2025-04-30,Beacon,106,91,8,10,79,57,0,1.3859649122807018,2
605,2025-03-18,Delta,51,51,12,11,135,10,1,13.5,0
606,2025-07-02,Beacon,195,195,15,17,15,38,0,0.39473684210526316,2
607,2025-11-28,Cedar,93,93,9,11,503,29,0,17.344827586206897,2
608,2025-10-09,Delta,203,188,13,15,784,5,0,156.8,2
609,2025-09-01,Beacon,134,134,15,16,51,37,0,1.3783783783783783,1
610,2025-09-16,Cedar,240,240,5,8,612,56,0,10.928571428571429,3
611,2025-12-11,Beacon,117,112,14,13,202,11,0,18.363636363636363,0
612,2025-03-19,Cedar,43,38,4,7,768,38,0,20.210526315789473,3
613,2025-12-22,Aster,194,189,13,16,737,46,0,16.02173913043478,3
614,2025-10-20,Beacon,104,99,2,1,360,7,0,51.42857142857143,0
615,2025-03-07,Delta,249,244,10,10,497,61,0,8.147540983606557,0
616,2025-11-29,Beacon,53,38,10,12,621,11,0,56.45454545454545,2
617,2025-03-02,Cedar,63,58,5,4,333,5,0,66.6,0
618,2025-04-29,Aster,163,163,9,8,198,40,1,4.95,0
619,2025-01-01,Delta,71,66,2,6,434,52,0,8.346153846153847,4
620,2025-01-09,Delta,199,199,12,11,685,62,1,11.048387096774194,0
621,2025-01-17,Aster,103,98,10,11,170,17,0,10.0,1
622,2025-08-21,Cedar,113,113,2,6,745,44,0,16.931818181818183,4
623,2025-11-23,Beacon,102,102,12,11,548,43,1,12.744186046511627,0
624,2025-02-07,Aster,112,107,7,10,162,48,0,3.375,3
625,2025-10-13,Aster,110,110,13,13,478,56,1,8.535714285714286,0
626,2025-06-16,Cedar,32,32,2,5,515,9,0,57.22222222222222,3
627,2025-02-19,Beacon,180,175,13,14,316,28,0,11.285714285714286,1
628,2025-06-08,Aster,178,178,2,2,356,44,1,8.090909090909092,0
629,2025-10-22,Beacon,141,141,5,8,568,14,0,40.57142857142857,3
630,2025-04-02,Beacon,161,146,15,18,410,51,0,8.03921568627451,3
631,2025-04-01,Beacon,221,216,11,10,403,9,0,44.77777777777778,0
632,2025-09-28,Delta,244,244,8,12,343,6,0,57.166666666666664,4
633,2025-02-17,Delta,239,234,12,13,105,34,0,3.088235294117647,1
634,2025-07-05,Beacon,189,189,10,9,246,49,1,5.020408163265306,0
635,2025-08-23,Delta,212,212,2,1,188,40,1,4.7,0
636,2025-11-13,Beacon,59,59,4,6,492,52,0,9.461538461538462,2
637,2025-09-20,Delta,150,135,7,8,434,47,0,9.23404255319149,1
638,2025-04-04,Beacon,35,35,11,13,537,45,0,11.933333333333334,2
639,2025-10-31,Cedar,91,76,6,10,88,63,0,1.3968253968253967,4
640,2025-06-28,Cedar,92,92,2,3,196,42,0,4.666666666666667,1
641,2025-05-13,Delta,163,158,8,11,308,11,0,28.0,3
642,2025-05-09,Beacon,112,112,14,16,706,30,0,23.533333333333335,2
643,2025-09-15,Beacon,152,137,9,9,540,17,0,31.764705882352942,0
644,2025-04-28,Aster,190,185,6,9,115,14,0,8.214285714285714,3
645,2025-06-08,Cedar,65,65,2,6,555,31,0,17.903225806451612,4
646,2025-07-19,Beacon,46,31,8,6,414,33,0,12.545454545454545,0
647,2025-05-14,Delta,207,202,11,10,476,36,0,13.222222222222221,0
648,2025-02-08,Aster,133,133,8,10,762,9,0,84.66666666666667,2
649,2025-07-10,Delta,148,148,7,5,549,63,1,8.714285714285714,0
650,2025-02-27,Cedar,146,146,14,14,189,5,1,37.8,0
651,2025-10-10,Cedar,212,212,14,17,225,41,0,5.487804878048781,3
652,2025-07-28,Delta,22,22,3,5,799,54,0,14.796296296296296,2
653,2025-03-27,Beacon,135,135,10,13,797,6,0,132.83333333333334,3
654,2025-06-22,Delta,158,158,9,7,391,58,1,6.741379310344827,0
655,2025-02-17,Aster,208,208,2,5,708,59,0,12.0,3
656,2025-10-28,Delta,66,66,2,1,506,27,1,18.74074074074074,0
657,2025-02-05,Delta,45,45,10,9,594,28,1,21.214285714285715,0
658,2025-12-08,Cedar,164,149,14,18,87,42,0,2.0714285714285716,4
659,2025-12-26,Aster,198,198,4,2,310,57,1,5.43859649122807,0
660,2025-07-09,Cedar,68,68,4,2,121,17,1,7.117647058823529,0
661,2025-09-18,Beacon,149,144,5,9,294,43,0,6.837209302325581,4
662,2025-03-08,Aster,155,155,15,17,417,42,0,9.928571428571429,2
663,2025-04-03,Cedar,240,240,12,15,765,52,0,14.711538461538462,3
664,2025-08-30,Beacon,97,97,14,16,415,48,0,8.645833333333334,2
665,2025-07-21,Cedar,196,196,2,6,102,62,0,1.6451612903225807,4
666,2025-08-22,Beacon,142,142,9,11,661,63,0,10.492063492063492,2
667,2025-08-21,Beacon,133,133,13,14,673,15,0,44.86666666666667,1
668,2025-01-12,Cedar,167,167,7,11,97,44,0,2.2045454545454546,4
669,2025-10-26,Cedar,42,37,10,12,608,24,0,25.333333333333332,2
670,2025-06-24,Delta,123,123,6,7,156,46,0,3.391304347826087,1
671,2025-05-25,Aster,148,143,12,13,37,30,0,1.2333333333333334,1
672,2025-11-15,Delta,46,41,6,5,753,17,0,44.294117647058826,0
673,2025-07-18,Beacon,134,134,10,11,420,63,0,6.666666666666667,1
674,2025-04-26,Delta,222,222,6,5,208,64,1,3.25,0
675,2025-07-11,Beacon,122,122,14,14,522,7,1,74.57142857142857,0
676,2025-04-22,Cedar,188,188,4,2,358,8,1,44.75,0
677,2025-04-28,Beacon,174,174,13,15,400,59,0,6.779661016949152,2
678,2025-01-04,Delta,129,114,3,6,781,61,0,12.80327868852459,3
679,2025-03-19,Aster,70,70,10,12,20,61,0,0.32786885245901637,2
680,2025-01-10,Delta,229,224,9,12,104,53,0,1.9622641509433962,3
681,2025-08-26,Cedar,203,188,5,7,651,22,0,29.59090909090909,2
682,2025-04-15,Cedar,133,133,6,7,118,18,0,6.555555555555555,1
683,2025-08-26,Aster,164,164,2,2,74,64,1,1.15625,0
684,2025-08-26,Beacon,91,76,9,8,373,34,0,10.970588235294118,0
685,2025-12-26,Delta,169,164,10,13,60,5,0,12.0,3
686,2025-12-20,Cedar,103,103,11,10,434,10,1,43.4,0
687,2025-10-27,Delta,148,143,15,13,422,28,0,15.071428571428571,0
688,2025-07-13,Aster,38,23,2,2,232,11,0,21.09090909090909,0
689,2025-02-09,Aster,208,208,6,5,59,7,1,8.428571428571429,0
690,2025-02-12,Delta,90,85,9,7,91,22,0,4.136363636363637,0
691,2025-06-12,Delta,165,150,14,16,663,12,0,55.25,2
692,2025-07-06,Cedar,236,236,4,5,532,46,0,11.565217391304348,1
693,2025-01-16,Aster,112,112,13,11,662,39,1,16.974358974358974,0
694,2025-09-21,Beacon,22,22,5,8,653,22,0,29.681818181818183,3
695,2025-04-03,Delta,228,228,13,14,510,30,0,17.0,1
696,2025-03-06,Beacon,225,225,14,12,427,21,1,20.333333333333332,0
697,2025-03-09,Aster,206,191,11,9,463,27,0,17.14814814814815,0
698,2025-02-06,Beacon,173,158,10,8,584,13,0,44.92307692307692,0
699,2025-08-06,Cedar,169,154,13,12,209,15,0,13.933333333333334,0
700,2025-01-09,Cedar,31,31,3,6,797,11,0,72.45454545454545,3
701,2025-02-25,Delta,106,101,6,9,135,11,0,12.272727272727273,3
702,2025-03-24,Cedar,223,223,15,18,71,63,0,1.126984126984127,3
703,2025-05-21,Beacon,160,160,12,16,178,34,0,5.235294117647059,4
704,2025-11-27,Delta,65,65,13,14,47,50,0,0.94,1
705,2025-08-06,Aster,97,97,7,9,380,7,0,54.285714285714285,2
706,2025-12-10,Cedar,223,223,7,8,218,11,0,19.818181818181817,1
707,2025-10-26,Delta,25,25,7,5,728,63,1,11.555555555555555,0
708,2025-05-07,Beacon,63,63,4,3,198,19,1,10.421052631578947,0
709,2025-09-28,Aster,60,45,14,18,256,30,0,8.533333333333333,4
710,2025-06-30,Aster,96,96,9,8,190,27,1,7.037037037037037,0
711,2025-09-27,Delta,184,184,11,13,539,22,0,24.5,2
712,2025-04-10,Delta,209,209,12,13,424,16,0,26.5,1
713,2025-08-13,Delta,236,236,2,6,799,55,0,14.527272727272727,4
714,2025-07-10,Cedar,190,185,6,5,636,18,0,35.333333333333336,0
715,2025-08-05,Aster,197,182,15,15,520,6,0,86.66666666666667,0
716,2025-03-13,Cedar,35,35,15,16,713,59,0,12.084745762711865,1
717,2025-11-15,Cedar,112,97,14,16,644,48,0,13.416666666666666,2
718,2025-04-11,Beacon,52,52,2,2,74,58,1,1.2758620689655173,0
719,2025-03-01,Beacon,171,171,3,6,324,47,0,6.8936170212765955,3
720,2025-04-25,Delta,96,81,14,18,783,50,0,15.66,4
721,2025-06-29,Delta,179,179,8,11,693,52,0,13.326923076923077,3
722,2025-01-09,Beacon,89,74,4,2,38,64,0,0.59375,0
723,2025-07-11,Beacon,35,30,6,10,436,27,0,16.14814814814815,4
724,2025-12-08,Aster,20,20,8,10,721,40,0,18.025,2
725,2025-05-26,Beacon,112,112,12,15,367,46,0,7.978260869565218,3
726,2025-02-10,Beacon,27,12,4,2,463,57,0,8.12280701754386,0
727,2025-10-02,Beacon,78,73,3,2,107,46,0,2.3260869565217392,0
728,2025-10-04,Cedar,128,128,11,15,21,10,0,2.1,4
729,2025-11-03,Cedar,225,225,13,12,745,23,1,32.391304347826086,0
730,2025-04-27,Delta,202,187,3,1,781,46,0,16.97826086956522,0
731,2025-10-27,Aster,59,59,13,13,470,7,1,67.14285714285714,0
732,2025-09-05,Delta,166,166,13,17,439,14,0,31.357142857142858,4
733,2025-08-16,Cedar,209,209,12,15,191,20,0,9.55,3
734,2025-10-08,Delta,22,17,4,6,148,29,0,5.103448275862069,2
735,2025-08-23,Aster,102,87,4,6,249,13,0,19.153846153846153,2
736,2025-08-15,Beacon,165,160,2,2,206,49,0,4.204081632653061,0
737,2025-05-27,Aster,21,6,2,4,211,12,0,17.583333333333332,2
738,2025-01-29,Beacon,122,107,11,14,746,24,0,31.083333333333332,3
739,2025-08-10,Beacon,78,78,5,6,545,20,0,27.25,1
740,2025-03-05,Delta,243,243,10,8,606,33,1,18.363636363636363,0
741,2025-01-23,Aster,65,50,8,8,149,40,0,3.725,0
742,2025-07-02,Delta,141,141,15,16,636,44,0,14.454545454545455,1
743,2025-05-29,Aster,200,195,9,9,153,48,0,3.1875,0
744,2025-10-08,Delta,82,82,3,5,248,17,0,14.588235294117647,2
745,2025-08-06,Cedar,20,20,2,5,345,51,0,6.764705882352941,3
746,2025-03-28,Cedar,77,77,5,3,186,20,1,9.3,0
747,2025-05-09,Delta,229,224,9,9,303,27,0,11.222222222222221,0
748,2025-09-10,Delta,142,142,5,9,480,27,0,17.77777777777778,4
749,2025-06-07,Delta,172,172,15,15,466,55,1,8.472727272727273,0
750,2025-09-04,Beacon,69,64,14,16,296,20,0,14.8,2
751,2025-02-15,Cedar,212,212,14,15,704,22,0,32.0,1
752,2025-01-08,Beacon,79,79,14,15,526,30,0,17.533333333333335,1
753,2025-12-03,Cedar,25,10,10,11,135,18,0,7.5,1
754,2025-08-06,Cedar,221,216,11,12,659,57,0,11.56140350877193,1
755,2025-04-08,Aster,107,107,12,13,56,38,0,1.4736842105263157,1
756,2025-07-31,Delta,148,148,7,10,681,16,0,42.5625,3
757,2025-09-18,Beacon,147,147,8,10,231,52,0,4.4423076923076925,2
758,2025-01-17,Beacon,53,38,15,13,737,27,0,27.296296296296298,0
759,2025-12-29,Cedar,157,157,10,8,392,8,1,49.0,0
760,2025-05-12,Aster,234,234,12,15,316,21,0,15.047619047619047,3
761,2025-06-22,Delta,224,224,7,6,193,35,1,5.514285714285714,0
762,2025-02-17,Cedar,186,186,4,3,358,48,1,7.458333333333333,0
763,2025-10-19,Beacon,96,96,15,17,779,44,0,17.704545454545453,2
764,2025-07-04,Aster,47,47,6,6,321,59,1,5.440677966101695,0
765,2025-06-28,Delta,118,118,15,14,56,55,1,1.018181818181818,0
766,2025-06-21,Aster,238,238,14,17,366,37,0,9.891891891891891,3
767,2025-04-15,Delta,237,237,6,4,145,55,1,2.6363636363636362,0
768,2025-11-24,Delta,46,46,8,6,614,33,1,18.606060606060606,0
769,2025-11-25,Cedar,112,97,7,9,526,24,0,21.916666666666668,2
770,2025-08-08,Cedar,54,54,4,7,42,35,0,1.2,3
771,2025-10-21,Beacon,53,53,12,11,724,16,1,45.25,0
772,2025-04-28,Delta,59,59,5,3,156,6,1,26.0,0
773,2025-08-20,Beacon,23,18,14,14,461,48,0,9.604166666666666,0
774,2025-02-01,Cedar,152,152,4,4,715,54,1,13.24074074074074,0
775,2025-02-02,Delta,41,41,3,7,612,47,0,13.02127659574468,4
776,2025-08-29,Cedar,22,22,6,10,508,58,0,8.758620689655173,4
777,2025-03-20,Aster,160,160,14,14,430,44,1,9.772727272727273,0
778,2025-07-31,Beacon,244,244,12,10,735,51,1,14.411764705882353,0
779,2025-12-08,Aster,238,238,2,5,766,53,0,14.452830188679245,3
780,2025-09-28,Beacon,45,45,7,6,159,58,1,2.7413793103448274,0
781,2025-03-21,Delta,104,104,3,1,568,63,1,9.015873015873016,0
782,2025-12-13,Delta,21,6,6,5,112,11,0,10.181818181818182,0
783,2025-04-09,Delta,51,51,9,8,277,34,1,8.147058823529411,0
784,2025-10-23,Delta,192,187,13,14,639,40,0,15.975,1
785,2025-08-07,Delta,242,242,7,5,395,28,1,14.107142857142858,0
786,2025-02-03,Cedar,218,213,10,13,780,13,0,60.0,3
787,2025-10-15,Cedar,40,40,6,10,638,7,0,91.14285714285714,4
788,2025-04-02,Aster,47,47,9,13,381,34,0,11.205882352941176,4
789,2025-04-04,Delta,140,140,13,17,114,29,0,3.9310344827586206,4
790,2025-11-02,Aster,227,222,15,16,241,33,0,7.303030303030303,1
791,2025-09-29,Cedar,90,90,10,11,618,37,0,16.7027027027027,1
792,2025-03-30,Delta,244,229,7,7,126,51,0,2.4705882352941178,0
793,2025-01-26,Aster,129,124,9,13,296,11,0,26.90909090909091,4
794,2025-11-06,Delta,26,26,12,11,635,17,1,37.35294117647059,0
795,2025-06-03,Aster,80,75,4,7,578,20,0,28.9,3
796,2025-07-20,Cedar,232,232,12,14,465,51,0,9.117647058823529,2
797,2025-02-11,Cedar,128,128,2,4,39,43,0,0.9069767441860465,2
798,2025-06-20,Delta,89,84,14,14,329,40,0,8.225,0
799,2025-04-05,Beacon,132,127,4,4,602,31,0,19.419354838709676,0
800,2025-03-10,Beacon,168,168,11,13,580,45,0,12.88888888888889,2
801,2025-05-19,Cedar,171,171,6,6,471,45,1,10.466666666666667,0
802,2025-09-19,Beacon,80,80,2,2,74,49,1,1.510204081632653,0
803,2025-05-22,Delta,26,26,14,14,684,23,1,29.73913043478261,0
804,2025-05-16,Cedar,137,122,9,9,54,29,0,1.8620689655172413,0
805,2025-08-24,Delta,23,18,6,9,392,47,0,8.340425531914894,3
806,2025-10-25,Cedar,186,186,8,9,510,9,0,56.666666666666664,1
807,2025-07-25,Beacon,88,88,7,10,534,26,0,20.53846153846154,3
808,2025-04-27,Delta,92,87,5,8,599,41,0,14.609756097560975,3
809,2025-06-24,Aster,242,242,5,8,234,37,0,6.324324324324325,3
810,2025-07-06,Aster,204,199,10,8,363,31,0,11.709677419354838,0
811,2025-02-21,Cedar,228,228,6,10,568,7,0,81.14285714285714,4
812,2025-05-27,Cedar,42,27,7,8,227,55,0,4.127272727272727,1
813,2025-02-01,Cedar,215,200,11,11,285,49,0,5.816326530612245,0
814,2025-07-24,Cedar,128,113,12,12,589,24,0,24.541666666666668,0
815,2025-05-26,Cedar,229,214,2,3,116,50,0,2.32,1
816,2025-03-19,Delta,91,91,2,5,230,6,0,38.333333333333336,3
817,2025-03-02,Beacon,163,148,10,14,515,57,0,9.035087719298245,4
818,2025-12-05,Cedar,80,80,11,12,719,18,0,39.94444444444444,1
819,2025-07-13,Delta,153,153,7,6,29,52,1,0.5576923076923077,0
820,2025-04-23,Beacon,200,200,11,13,375,9,0,41.666666666666664,2
821,2025-11-19,Cedar,98,98,10,13,166,21,0,7.904761904761905,3
822,2025-12-08,Delta,145,145,2,6,84,61,0,1.3770491803278688,4
823,2025-04-21,Cedar,60,60,4,5,188,17,0,11.058823529411764,1
824,2025-12-05,Delta,126,121,13,17,474,49,0,9.673469387755102,4
825,2025-06-30,Delta,159,154,9,9,412,55,0,7.490909090909091,0
826,2025-02-20,Aster,100,100,9,11,165,43,0,3.8372093023255816,2
827,2025-08-09,Aster,133,133,6,10,387,56,0,6.910714285714286,4
828,2025-09-11,Aster,192,177,15,18,39,10,0,3.9,3
829,2025-04-04,Cedar,177,177,11,11,23,53,1,0.4339622641509434,0
830,2025-02-14,Cedar,202,187,9,9,728,22,0,33.09090909090909,0
831,2025-11-03,Delta,150,150,6,4,500,17,1,29.41176470588235,0
832,2025-05-12,Beacon,195,195,2,3,10,41,0,0.24390243902439024,1
833,2025-10-20,Beacon,219,219,7,10,418,21,0,19.904761904761905,3
834,2025-04-20,Beacon,206,206,7,9,581,45,0,12.911111111111111,2
835,2025-07-14,Cedar,22,17,11,10,415,48,0,8.645833333333334,0
836,2025-02-03,Delta,47,32,3,4,110,12,0,9.166666666666666,1
837,2025-07-21,Cedar,53,53,15,14,726,58,1,12.517241379310345,0
838,2025-02-08,Aster,216,211,9,12,53,5,0,10.6,3
839,2025-08-29,Beacon,82,77,9,9,543,64,0,8.484375,0
840,2025-10-02,Aster,36,31,2,5,274,13,0,21.076923076923077,3
841,2025-11-09,Cedar,68,63,7,11,286,14,0,20.428571428571427,4
842,2025-06-14,Delta,214,209,8,7,301,40,0,7.525,0
843,2025-01-10,Cedar,173,173,5,5,29,52,1,0.5576923076923077,0
844,2025-04-02,Cedar,154,149,10,14,298,54,0,5.518518518518518,4
845,2025-01-20,Aster,135,130,8,6,588,37,0,15.891891891891891,0
846,2025-01-14,Beacon,192,187,9,9,25,11,0,2.272727272727273,0
847,2025-03-04,Aster,33,33,5,8,732,58,0,12.620689655172415,3
848,2025-12-11,Cedar,168,168,8,9,449,56,0,8.017857142857142,1
849,2025-01-30,Aster,82,82,13,11,567,49,1,11.571428571428571,0
850,2025-05-22,Beacon,178,173,11,15,666,16,0,41.625,4
851,2025-08-25,Cedar,144,144,11,13,299,36,0,8.305555555555555,2
852,2025-10-07,Aster,77,72,8,12,152,12,0,12.666666666666666,4
853,2025-07-13,Delta,62,62,4,6,633,32,0,19.78125,2
854,2025-06-19,Delta,193,193,8,7,350,64,1,5.46875,0
855,2025-07-25,Delta,48,48,10,13,137,45,0,3.0444444444444443,3
856,2025-08-22,Delta,174,174,14,14,633,31,1,20.419354838709676,0
857,2025-03-23,Beacon,170,170,8,9,298,49,0,6.081632653061225,1
858,2025-02-14,Beacon,204,199,9,12,519,24,0,21.625,3
859,2025-06-17,Cedar,69,64,12,14,698,28,0,24.928571428571427,2
860,2025-08-29,Delta,247,232,11,12,400,33,0,12.121212121212121,1
861,2025-10-31,Delta,42,42,5,8,148,43,0,3.441860465116279,3
862,2025-06-06,Aster,26,11,6,4,156,37,0,4.216216216216216,0
863,2025-10-07,Cedar,184,179,2,6,654,12,0,54.5,4
864,2025-05-30,Delta,197,197,3,2,641,56,1,11.446428571428571,0
865,2025-11-23,Aster,147,132,3,5,465,12,0,38.75,2
866,2025-12-17,Delta,67,67,5,9,176,43,0,4.093023255813954,4
867,2025-04-16,Aster,125,110,13,15,427,64,0,6.671875,2
868,2025-08-19,Delta,127,112,11,12,27,32,0,0.84375,1
869,2025-01-29,Delta,217,217,11,9,260,13,1,20.0,0
870,2025-12-24,Delta,106,91,4,2,59,41,0,1.4390243902439024,0
871,2025-12-06,Delta,229,229,15,16,357,19,0,18.789473684210527,1
872,2025-09-05,Delta,219,219,15,19,775,14,0,55.357142857142854,4
873,2025-04-04,Beacon,35,35,7,8,782,60,0,13.033333333333333,1
874,2025-06-23,Cedar,54,54,5,5,553,17,1,32.529411764705884,0
875,2025-05-16,Cedar,219,219,11,13,200,5,0,40.0,2
876,2025-09-02,Delta,162,162,3,7,542,42,0,12.904761904761905,4
877,2025-01-10,Beacon,104,104,8,11,168,22,0,7.636363636363637,3
878,2025-01-29,Cedar,183,178,13,12,606,7,0,86.57142857142857,0
879,2025-10-20,Cedar,31,31,5,6,80,28,0,2.857142857142857,1
880,2025-10-17,Delta,47,47,9,13,550,35,0,15.714285714285714,4
881,2025-01-14,Cedar,29,29,8,8,696,30,1,23.2,0
882,2025-02-23,Aster,133,128,11,9,436,20,0,21.8,0
883,2025-09-18,Cedar,133,118,8,8,256,6,0,42.666666666666664,0
884,2025-09-23,Beacon,40,25,3,1,497,13,0,38.23076923076923,0
885,2025-01-26,Beacon,189,189,7,11,107,60,0,1.7833333333333334,4
886,2025-07-31,Cedar,238,238,15,14,446,8,1,55.75,0
887,2025-02-13,Delta,98,83,9,13,741,40,0,18.525,4
888,2025-11-19,Cedar,220,220,14,12,511,50,1,10.22,0
889,2025-05-16,Cedar,184,184,9,10,751,31,0,24.225806451612904,1
890,2025-01-30,Beacon,184,179,8,6,247,14,0,17.642857142857142,0
891,2025-03-04,Delta,178,178,10,13,614,9,0,68.22222222222223,3
892,2025-06-15,Delta,167,167,3,6,621,47,0,13.212765957446809,3
893,2025-03-13,Beacon,164,149,5,9,712,52,0,13.692307692307692,4
894,2025-05-02,Beacon,49,49,12,16,17,10,0,1.7,4
895,2025-01-28,Beacon,53,48,6,8,766,48,0,15.958333333333334,2
896,2025-09-15,Beacon,219,219,5,5,670,18,1,37.22222222222222,0
897,2025-03-25,Delta,86,86,8,11,335,12,0,27.916666666666668,3
898,2025-05-17,Aster,198,198,8,11,661,12,0,55.083333333333336,3
899,2025-11-06,Beacon,226,221,12,15,236,34,0,6.9411764705882355,3
900,2025-10-07,Cedar,187,187,2,2,672,23,1,29.217391304347824,0
901,2025-11-29,Delta,140,125,6,4,414,62,0,6.67741935483871,0
902,2025-12-31,Beacon,110,110,15,13,680,64,1,10.625,0
903,2025-06-12,Aster,130,130,3,7,178,14,0,12.714285714285714,4
904,2025-08-16,Delta,176,171,8,11,599,38,0,15.763157894736842,3
905,2025-08-14,Aster,81,81,10,9,116,60,1,1.9333333333333333,0
906,2025-10-29,Beacon,237,237,5,4,516,17,1,30.352941176470587,0
907,2025-04-18,Beacon,161,156,10,13,634,48,0,13.208333333333334,3
908,2025-09-23,Aster,177,162,6,8,22,53,0,0.41509433962264153,2
909,2025-11-11,Delta,55,55,8,6,388,57,1,6.807017543859649,0
910,2025-05-21,Cedar,53,48,13,14,213,6,0,35.5,1
911,2025-08-03,Delta,23,18,4,5,241,5,0,48.2,1
912,2025-02-04,Cedar,122,107,13,11,728,6,0,121.33333333333333,0
913,2025-12-17,Cedar,140,140,6,5,653,25,1,26.12,0
914,2025-09-28,Aster,146,131,6,5,410,10,0,41.0,0
915,2025-08-26,Beacon,102,102,14,16,423,43,0,9.837209302325581,2
916,2025-06-03,Beacon,214,214,14,16,106,52,0,2.0384615384615383,2
917,2025-06-02,Cedar,64,64,6,5,484,61,1,7.934426229508197,0
918,2025-08-23,Beacon,175,175,4,5,757,42,0,18.023809523809526,1
919,2025-06-02,Cedar,26,26,7,5,339,10,1,33.9,0
920,2025-02-28,Beacon,85,70,8,7,415,5,0,83.0,0
921,2025-10-28,Aster,244,244,8,6,444,64,1,6.9375,0
922,2025-07-19,Aster,77,62,6,4,297,5,0,59.4,0
923,2025-07-20,Aster,191,191,4,3,354,17,1,20.823529411764707,0
924,2025-06-20,Delta,121,116,3,3,400,22,0,18.181818181818183,0
925,2025-06-18,Cedar,152,152,9,13,767,32,0,23.96875,4
926,2025-01-29,Beacon,93,93,7,5,232,26,1,8.923076923076923,0
927,2025-02-21,Cedar,119,119,11,13,38,32,0,1.1875,2
928,2025-04-18,Beacon,60,60,11,13,627,37,0,16.945945945945947,2
929,2025-03-29,Cedar,36,36,9,9,72,55,1,1.309090909090909,0
930,2025-01-15,Beacon,93,78,3,6,25,46,0,0.5434782608695652,3
931,2025-06-16,Delta,199,184,11,13,747,30,0,24.9,2
932,2025-03-01,Aster,228,228,12,11,382,40,1,9.55,0
933,2025-01-25,Aster,145,140,8,7,193,56,0,3.4464285714285716,0
934,2025-09-07,Delta,125,125,14,18,82,55,0,1.490909090909091,4
935,2025-05-02,Beacon,154,154,11,10,111,62,1,1.7903225806451613,0
936,2025-01-20,Aster,170,170,2,1,243,37,1,6.5675675675675675,0
937,2025-11-24,Cedar,122,122,15,19,286,40,0,7.15,4
938,2025-09-01,Beacon,218,218,15,17,774,7,0,110.57142857142857,2
939,2025-07-11,Aster,225,225,15,15,184,12,1,15.333333333333334,0
940,2025-06-19,Cedar,179,179,15,14,94,61,1,1.540983606557377,0
941,2025-11-02,Cedar,185,185,4,7,738,16,0,46.125,3
942,2025-04-04,Delta,111,111,3,5,706,6,0,117.66666666666667,2
943,2025-05-05,Beacon,130,130,8,9,133,55,0,2.418181818181818,1
944,2025-04-23,Delta,79,74,14,13,189,19,0,9.947368421052632,0
945,2025-12-26,Cedar,37,22,12,14,752,64,0,11.75,2
946,2025-01-22,Cedar,220,215,6,4,496,7,0,70.85714285714286,0
947,2025-07-29,Beacon,122,117,3,5,778,60,0,12.966666666666667,2
948,2025-01-11,Delta,88,73,4,4,513,39,0,13.153846153846153,0
949,2025-01-11,Aster,181,166,13,13,38,25,0,1.52,0
950,2025-05-16,Beacon,182,182,3,7,498,61,0,8.163934426229508,4
951,2025-09-03,Aster,169,154,8,9,104,56,0,1.8571428571428572,1
952,2025-09-27,Delta,74,59,14,16,516,47,0,10.97872340425532,2
953,2025-10-06,Beacon,227,227,12,10,44,45,1,0.9777777777777777,0
954,2025-06-11,Beacon,189,174,14,15,233,43,0,5.4186046511627906,1
955,2025-12-13,Aster,63,63,7,8,280,58,0,4.827586206896552,1
956,2025-03-04,Delta,197,197,11,12,331,26,0,12.73076923076923,1
957,2025-10-23,Beacon,94,89,6,4,725,13,0,55.76923076923077,0
958,2025-08-26,Beacon,100,100,4,7,677,43,0,15.744186046511627,3
959,2025-07-22,Delta,75,75,13,14,610,19,0,32.10526315789474,1
960,2025-02-21,Aster,126,126,12,10,337,8,1,42.125,0
961,2025-08-03,Cedar,227,222,11,11,546,46,0,11.869565217391305,0
962,2025-01-01,Aster,125,125,3,7,307,27,0,11.37037037037037,4
963,2025-08-11,Aster,215,215,11,9,389,5,1,77.8,0
964,2025-03-09,Delta,205,205,10,14,234,12,0,19.5,4
965,2025-12-18,Beacon,196,196,4,5,747,29,0,25.75862068965517,1
966,2025-06-27,Aster,22,22,9,11,459,12,0,38.25,2
967,2025-09-22,Cedar,130,125,15,14,421,55,0,7.654545454545454,0
968,2025-12-04,Beacon,83,83,14,17,195,21,0,9.285714285714286,3
969,2025-01-27,Beacon,198,198,7,5,608,54,1,11.25925925925926,0
970,2025-07-29,Cedar,203,198,7,8,455,47,0,9.680851063829786,1
971,2025-11-04,Aster,196,196,11,14,421,32,0,13.15625,3
972,2025-05-06,Delta,103,103,2,2,189,22,1,8.590909090909092,0
973,2025-01-12,Cedar,178,178,9,7,241,41,1,5.878048780487805,0
974,2025-09-22,Cedar,59,59,7,7,535,64,1,8.359375,0
975,2025-01-13,Aster,190,190,8,11,296,61,0,4.852459016393443,3
976,2025-03-04,Aster,140,135,13,14,336,26,0,12.923076923076923,1
977,2025-05-20,Beacon,45,45,4,4,394,45,1,8.755555555555556,0
978,2025-05-30,Aster,94,89,14,13,274,34,0,8.058823529411764,0
979,2025-07-10,Beacon,218,203,8,12,520,8,0,65.0,4
980,2025-05-22,Beacon,106,101,9,12,79,18,0,4.388888888888889,3
981,2025-05-29,Aster,91,91,7,8,379,14,0,27.071428571428573,1
982,2025-05-16,Beacon,146,146,7,7,419,42,1,9.976190476190476,0
983,2025-09-09,Beacon,85,85,9,10,556,61,0,9.114754098360656,1
984,2025-05-19,Beacon,33,18,14,13,78,6,0,13.0,0
985,2025-09-11,Beacon,67,52,14,12,252,7,0,36.0,0
986,2025-11-05,Aster,154,149,9,12,309,53,0,5.830188679245283,3
987,2025-05-04,Aster,85,85,9,10,206,57,0,3.6140350877192984,1
988,2025-09-20,Delta,117,117,8,8,461,45,1,10.244444444444444,0
989,2025-08-11,Beacon,197,182,6,7,381,22,0,17.318181818181817,1
990,2025-10-16,Delta,150,135,7,5,109,35,0,3.1142857142857143,0
991,2025-04-03,Delta,53,53,15,14,129,51,1,2.5294117647058822,0
992,2025-05-29,Aster,99,99,3,3,257,7,1,36.714285714285715,0
993,2025-10-28,Aster,234,234,13,12,581,6,1,96.83333333333333,0
994,2025-12-19,Aster,106,106,6,7,587,63,0,9.317460317460318,1
995,2025-12-14,Cedar,209,209,8,7,586,25,1,23.44,0
996,2025-07-13,Delta,79,79,5,9,382,6,0,63.666666666666664,4
997,2025-06-12,Aster,190,190,10,10,462,29,1,15.931034482758621,0
998,2025-08-27,Delta,79,79,7,6,351,40,1,8.775,0
999,2025-09-07,Cedar,172,172,9,9,67,62,1,1.0806451612903225,0
1000,2025-11-19,Aster,125,125,10,12,307,37,0,8.297297297297296,2
1001,2025-01-22,Cedar,217,217,2,5,110,46,0,2.391304347826087,3
1002,2025-03-06,Cedar,213,213,9,12,423,60,0,7.05,3
1003,2025-11-16,Delta,138,123,10,11,777,30,0,25.9,1
1004,2025-09-22,Cedar,51,51,4,2,478,45,1,10.622222222222222,0
1005,2025-08-23,Aster,227,212,10,9,506,43,0,11.767441860465116,0
1006,2025-09-01,Aster,201,186,11,13,242,48,0,5.041666666666667,2
1007,2025-09-08,Delta,78,78,5,6,496,32,0,15.5,1
1008,2025-02-10,Aster,81,81,5,4,125,27,1,4.62962962962963,0
1009,2025-05-06,Beacon,76,76,14,13,322,48,1,6.708333333333333,0
1010,2025-05-12,Aster,26,26,10,12,339,14,0,24.214285714285715,2
1011,2025-07-09,Delta,170,170,9,8,279,55,1,5.072727272727272,0
1012,2025-05-06,Delta,71,66,6,7,500,6,0,83.33333333333333,1
1013,2025-01-27,Aster,176,171,9,12,316,52,0,6.076923076923077,3
1014,2025-12-05,Delta,194,194,5,4,354,43,1,8.232558139534884,0
1015,2025-07-06,Beacon,168,168,13,16,77,56,0,1.375,3
1016,2025-04-04,Delta,102,102,9,8,305,17,1,17.941176470588236,0
1017,2025-09-27,Beacon,224,209,15,16,591,61,0,9.688524590163935,1
1018,2025-02-14,Beacon,63,58,5,4,577,50,0,11.54,0
1019,2025-12-27,Beacon,119,114,5,7,336,6,0,56.0,2
1020,2025-05-06,Cedar,157,157,9,13,686,20,0,34.3,4
1021,2025-04-16,Aster,160,160,10,12,315,6,0,52.5,2
1022,2025-11-02,Cedar,76,76,12,12,181,44,1,4.113636363636363,0
1023,2025-03-26,Beacon,33,33,11,11,400,50,1,8.0,0
1024,2025-09-20,Cedar,29,14,10,12,122,43,0,2.8372093023255816,2
1025,2025-02-09,Cedar,153,153,5,3,772,37,1,20.864864864864863,0
1026,2025-06-07,Beacon,190,190,8,12,20,32,0,0.625,4
1027,2025-11-07,Cedar,104,104,10,9,702,43,1,16.325581395348838,0
1028,2025-10-03,Beacon,109,109,11,10,182,22,1,8.272727272727273,0
1029,2025-07-04,Cedar,47,42,5,9,203,32,0,6.34375,4
1030,2025-12-03,Aster,86,81,8,8,98,18,0,5.444444444444445,0
1031,2025-03-16,Aster,137,137,8,6,551,17,1,32.411764705882355,0
1032,2025-02-09,Delta,112,107,8,6,647,11,0,58.81818181818182,0
1033,2025-10-06,Beacon,186,181,13,11,224,7,0,32.0,0
1034,2025-07-07,Delta,80,65,2,1,589,57,0,10.333333333333334,0
1035,2025-07-24,Delta,109,104,13,11,137,16,0,8.5625,0
1036,2025-05-26,Aster,131,126,6,10,432,49,0,8.816326530612244,4
1037,2025-10-20,Beacon,224,224,6,7,352,26,0,13.538461538461538,1
1038,2025-06-20,Aster,116,116,11,13,319,58,0,5.5,2
1039,2025-10-05,Delta,206,206,14,15,431,31,0,13.903225806451612,1
1040,2025-12-11,Aster,39,24,12,16,470,61,0,7.704918032786885,4
1041,2025-05-04,Delta,108,108,14,17,305,64,0,4.765625,3
1042,2025-12-21,Aster,153,148,4,6,242,9,0,26.88888888888889,2
1043,2025-01-03,Delta,45,30,11,13,312,13,0,24.0,2
1044,2025-06-26,Delta,20,15,6,5,162,60,0,2.7,0
1045,2025-01-04,Cedar,158,158,6,7,296,17,0,17.41176470588235,1
1046,2025-10-15,Delta,103,98,2,1,52,47,0,1.1063829787234043,0
1047,2025-03-20,Cedar,184,184,3,6,353,46,0,7.673913043478261,3
1048,2025-06-20,Aster,29,24,4,7,381,32,0,11.90625,3
1049,2025-10-19,Aster,200,185,3,2,629,23,0,27.347826086956523,0
1050,2025-02-01,Aster,22,22,12,14,467,58,0,8.051724137931034,2
1051,2025-11-20,Aster,52,47,13,17,93,18,0,5.166666666666667,4
1052,2025-03-19,Aster,72,67,9,12,558,10,0,55.8,3
1053,2025-07-17,Cedar,223,223,4,2,458,13,1,35.23076923076923,0
1054,2025-03-31,Beacon,208,208,4,4,262,23,1,11.391304347826088,0
1055,2025-08-08,Cedar,123,118,6,8,635,41,0,15.487804878048781,2
1056,2025-02-21,Delta,161,161,2,6,276,58,0,4.758620689655173,4
1057,2025-05-15,Delta,200,195,2,1,151,37,0,4.081081081081081,0
1058,2025-11-24,Delta,74,69,12,12,272,15,0,18.133333333333333,0
1059,2025-05-03,Delta,230,215,8,6,478,27,0,17.703703703703702,0
1060,2025-08-10,Cedar,40,40,10,12,625,49,0,12.755102040816327,2
1061,2025-04-04,Beacon,224,224,12,15,705,29,0,24.310344827586206,3
1062,2025-01-05,Delta,59,59,7,8,130,36,0,3.611111111111111,1
1063,2025-05-11,Aster,73,58,12,11,497,6,0,82.83333333333333,0
1064,2025-03-30,Cedar,36,36,4,4,604,12,1,50.333333333333336,0
1065,2025-04-22,Cedar,182,177,2,1,309,42,0,7.357142857142857,0
1066,2025-11-16,Aster,156,151,2,3,286,50,0,5.72,1
1067,2025-10-11,Beacon,182,177,8,11,60,51,0,1.1764705882352942,3
1068,2025-08-16,Cedar,237,237,6,6,781,53,1,14.735849056603774,0
1069,2025-09-03,Cedar,109,94,7,5,501,30,0,16.7,0
1070,2025-07-07,Aster,78,78,14,12,257,44,1,5.840909090909091,0
1071,2025-11-19,Cedar,225,220,8,10,247,45,0,5.488888888888889,2
1072,2025-06-08,Beacon,62,62,8,10,756,53,0,14.264150943396226,2
1073,2025-07-06,Cedar,205,190,9,12,473,40,0,11.825,3
1074,2025-07-19,Beacon,163,163,13,17,644,63,0,10.222222222222221,4
1075,2025-05-20,Cedar,119,119,13,11,517,62,1,8.338709677419354,0
1076,2025-05-31,Delta,23,23,14,15,409,36,0,11.36111111111111,1
1077,2025-08-10,Beacon,66,66,9,12,758,41,0,18.48780487804878,3
1078,2025-12-03,Cedar,88,83,5,5,754,38,0,19.842105263157894,0
1079,2025-03-08,Aster,102,87,14,18,368,12,0,30.666666666666668,4
1080,2025-03-17,Cedar,198,198,4,8,566,40,0,14.15,4
1081,2025-12-31,Aster,245,230,13,11,425,14,0,30.357142857142858,0
1082,2025-01-13,Delta,80,75,3,3,141,5,0,28.2,0
1083,2025-10-19,Delta,42,42,10,10,423,60,1,7.05,0
1084,2025-04-22,Delta,179,174,4,8,560,29,0,19.310344827586206,4
1085,2025-03-09,Beacon,107,107,11,9,373,64,1,5.828125,0
1086,2025-12-26,Beacon,31,26,15,13,114,38,0,3.0,0
1087,2025-08-10,Aster,229,229,13,13,216,54,1,4.0,0
1088,2025-03-18,Cedar,27,27,13,17,506,64,0,7.90625,4
1089,2025-11-22,Aster,152,152,3,6,287,33,0,8.696969696969697,3
1090,2025-12-09,Aster,132,127,4,7,761,17,0,44.76470588235294,3
1091,2025-12-26,Aster,246,246,2,3,265,42,0,6.309523809523809,1
1092,2025-07-07,Aster,29,24,14,12,525,58,0,9.051724137931034,0
1093,2025-09-19,Beacon,45,45,7,8,201,61,0,3.2950819672131146,1
1094,2025-01-17,Beacon,67,67,5,5,711,58,1,12.258620689655173,0
1095,2025-09-10,Delta,191,191,4,8,282,64,0,4.40625,4
1096,2025-12-15,Beacon,201,196,7,8,745,58,0,12.844827586206897,1
1097,2025-07-08,Cedar,56,51,13,17,434,31,0,14.0,4
1098,2025-08-21,Beacon,75,75,7,7,92,8,1,11.5,0
1099,2025-09-13,Cedar,217,202,2,1,169,17,0,9.941176470588236,0
1100,2025-10-04,Aster,226,221,12,10,602,44,0,13.681818181818182,0
1101,2025-10-28,Delta,115,115,3,5,17,45,0,0.37777777777777777,2
1102,2025-02-25,Delta,173,173,13,13,551,59,1,9.338983050847459,0
1103,2025-07-29,Aster,208,203,7,7,567,55,0,10.309090909090909,0
1104,2025-11-03,Aster,21,16,3,5,736,62,0,11.870967741935484,2
1105,2025-10-09,Delta,58,58,12,16,539,40,0,13.475,4
1106,2025-09-09,Aster,102,87,14,15,531,10,0,53.1,1
1107,2025-07-26,Cedar,37,32,12,11,591,49,0,12.061224489795919,0
1108,2025-03-13,Beacon,248,248,15,19,79,20,0,3.95,4
1109,2025-10-24,Delta,39,34,13,13,13,57,0,0.22807017543859648,0
1110,2025-07-20,Aster,127,127,14,16,223,56,0,3.982142857142857,2
1111,2025-02-12,Beacon,57,57,4,5,684,6,0,114.0,1
1112,2025-12-18,Delta,42,37,4,4,83,63,0,1.3174603174603174,0
1113,2025-05-13,Cedar,108,103,11,9,700,57,0,12.280701754385966,0
1114,2025-02-27,Beacon,71,56,7,9,332,18,0,18.444444444444443,2
1115,2025-05-18,Delta,153,148,7,11,658,49,0,13.428571428571429,4
1116,2025-02-15,Beacon,244,244,7,9,33,24,0,1.375,2
1117,2025-11-15,Aster,87,72,14,12,268,12,0,22.333333333333332,0
1118,2025-04-10,Aster,138,133,15,14,294,27,0,10.88888888888889,0
1119,2025-09-13,Delta,117,112,3,7,536,22,0,24.363636363636363,4
1120,2025-03-16,Cedar,96,96,14,12,539,45,1,11.977777777777778,0
1121,2025-09-20,Delta,84,69,10,8,176,23,0,7.6521739130434785,0
1122,2025-07-27,Aster,242,237,15,15,44,61,0,0.7213114754098361,0
1123,2025-10-06,Beacon,109,104,7,10,674,23,0,29.304347826086957,3
1124,2025-04-29,Delta,38,38,10,14,369,40,0,9.225,4
1125,2025-03-29,Cedar,147,147,11,14,504,63,0,8.0,3
1126,2025-05-25,Delta,168,168,4,3,401,7,1,57.285714285714285,0
1127,2025-06-29,Delta,130,115,4,3,175,46,0,3.8043478260869565,0
1128,2025-01-10,Beacon,43,28,5,9,381,11,0,34.63636363636363,4
1129,2025-07-08,Aster,61,61,14,17,762,44,0,17.318181818181817,3
1130,2025-03-08,Aster,107,92,3,2,384,43,0,8.930232558139535,0
1131,2025-02-28,Delta,203,203,8,9,661,62,0,10.661290322580646,1
1132,2025-11-17,Delta,94,79,14,14,53,13,0,4.076923076923077,0
1133,2025-12-29,Cedar,111,111,11,14,281,57,0,4.9298245614035086,3
1134,2025-11-08,Aster,218,218,5,7,84,36,0,2.3333333333333335,2
1135,2025-05-15,Delta,175,175,14,12,220,64,1,3.4375,0
1136,2025-10-15,Aster,238,238,8,6,117,10,1,11.7,0
1137,2025-03-21,Delta,149,134,12,15,290,47,0,6.170212765957447,3
1138,2025-07-30,Delta,240,225,14,15,583,7,0,83.28571428571429,1
1139,2025-10-09,Aster,117,117,6,6,586,44,1,13.318181818181818,0
1140,2025-09-30,Cedar,94,79,4,4,414,32,0,12.9375,0
1141,2025-10-06,Beacon,189,189,12,16,306,50,0,6.12,4
1142,2025-03-02,Cedar,177,172,8,10,343,62,0,5.532258064516129,2
1143,2025-12-10,Beacon,233,233,5,8,34,46,0,0.7391304347826086,3
1144,2025-03-27,Beacon,234,234,10,8,476,7,1,68.0,0
1145,2025-09-20,Beacon,249,234,3,6,295,31,0,9.516129032258064,3
1146,2025-11-24,Cedar,108,103,11,12,699,17,0,41.11764705882353,1
1147,2025-07-29,Beacon,68,53,5,4,228,47,0,4.851063829787234,0
1148,2025-05-20,Beacon,216,216,8,12,678,10,0,67.8,4
1149,2025-12-03,Beacon,158,158,5,3,706,24,1,29.416666666666668,0
1150,2025-08-14,Beacon,161,156,11,10,200,49,0,4.081632653061225,0
1151,2025-12-11,Aster,163,163,7,7,180,14,1,12.857142857142858,0
1152,2025-10-06,Cedar,242,227,12,15,139,14,0,9.928571428571429,3
1153,2025-02-26,Aster,53,53,7,11,529,24,0,22.041666666666668,4
1154,2025-02-05,Aster,145,145,13,17,685,38,0,18.026315789473685,4
1155,2025-01-23,Delta,110,110,5,5,426,31,1,13.741935483870968,0
1156,2025-08-17,Beacon,134,134,3,5,687,36,0,19.083333333333332,2
1157,2025-05-21,Delta,173,173,15,18,303,12,0,25.25,3
1158,2025-08-11,Beacon,24,19,14,13,533,58,0,9.189655172413794,0
1159,2025-08-19,Cedar,110,95,12,10,526,9,0,58.44444444444444,0
1160,2025-11-30,Aster,236,236,9,12,259,32,0,8.09375,3
1161,2025-03-07,Delta,26,26,15,13,741,29,1,25.551724137931036,0
1162,2025-03-04,Aster,158,153,10,12,330,48,0,6.875,2
1163,2025-11-30,Delta,230,215,12,16,650,37,0,17.56756756756757,4
1164,2025-07-31,Cedar,68,53,8,6,593,11,0,53.90909090909091,0
1165,2025-12-14,Beacon,90,90,6,7,538,46,0,11.695652173913043,1
1166,2025-03-09,Delta,209,204,13,12,137,26,0,5.269230769230769,0
1167,2025-08-17,Delta,48,33,4,7,671,38,0,17.657894736842106,3
1168,2025-02-13,Aster,141,126,14,15,339,17,0,19.941176470588236,1
1169,2025-08-03,Beacon,211,211,10,14,399,50,0,7.98,4
1170,2025-02-13,Delta,70,65,6,7,590,53,0,11.132075471698114,1
1171,2025-06-19,Beacon,193,193,8,8,343,17,1,20.176470588235293,0
1172,2025-12-06,Aster,72,72,11,15,541,34,0,15.911764705882353,4
1173,2025-02-21,Cedar,95,95,13,14,731,15,0,48.733333333333334,1
1174,2025-04-01,Beacon,64,64,5,7,71,56,0,1.2678571428571428,2
1175,2025-04-06,Beacon,103,103,10,12,30,30,0,1.0,2
1176,2025-07-26,Beacon,196,181,15,13,794,11,0,72.18181818181819,0
1177,2025-06-13,Cedar,224,224,7,9,134,29,0,4.620689655172414,2
1178,2025-08-06,Delta,187,187,3,2,87,29,1,3.0,0
1179,2025-07-07,Aster,88,73,10,8,706,42,0,16.80952380952381,0
1180,2025-01-28,Cedar,129,114,4,2,33,45,0,0.7333333333333333,0
1181,2025-09-11,Aster,197,182,2,4,726,58,0,12.517241379310345,2
1182,2025-01-12,Aster,93,78,7,10,467,29,0,16.103448275862068,3
1183,2025-03-13,Cedar,128,128,8,8,748,11,1,68.0,0
1184,2025-10-23,Aster,128,113,5,9,701,47,0,14.914893617021276,4
1185,2025-01-06,Delta,30,30,11,10,470,37,1,12.702702702702704,0
1186,2025-04-15,Cedar,93,93,5,8,261,17,0,15.352941176470589,3
1187,2025-08-28,Cedar,213,213,5,9,33,8,0,4.125,4
1188,2025-12-31,Aster,56,41,3,2,661,17,0,38.88235294117647,0
1189,2025-06-05,Beacon,221,216,2,6,263,46,0,5.717391304347826,4
1190,2025-08-12,Aster,155,155,9,8,546,48,1,11.375,0
1191,2025-02-28,Cedar,28,23,2,1,372,25,0,14.88,0
1192,2025-01-11,Beacon,203,203,8,9,616,17,0,36.23529411764706,1
1193,2025-09-06,Cedar,155,155,6,4,362,40,1,9.05,0
1194,2025-08-24,Delta,138,133,14,13,170,17,0,10.0,0
1195,2025-04-03,Beacon,72,72,3,5,201,46,0,4.369565217391305,2
1196,2025-09-16,Beacon,211,211,8,10,640,8,0,80.0,2
1197,2025-08-02,Beacon,218,218,2,1,586,30,1,19.533333333333335,0
1198,2025-12-07,Beacon,197,182,7,10,751,11,0,68.27272727272727,3
1199,2025-08-23,Aster,28,23,11,9,40,11,0,3.6363636363636362,0
1200,2025-04-22,Delta,44,29,9,13,298,50,0,5.96,4
1201,2025-08-04,Beacon,187,182,5,3,648,41,0,15.804878048780488,0
1202,2025-12-15,Beacon,186,171,8,6,105,50,0,2.1,0
1203,2025-10-19,Cedar,62,62,12,12,634,50,1,12.68,0
1204,2025-03-06,Beacon,84,69,11,11,402,36,0,11.166666666666666,0
1205,2025-10-12,Aster,212,197,2,3,224,50,0,4.48,1
1206,2025-02-24,Aster,31,31,4,7,94,61,0,1.540983606557377,3
1207,2025-06-10,Cedar,167,162,9,10,364,64,0,5.6875,1
1208,2025-06-15,Delta,153,148,12,10,435,19,0,22.894736842105264,0
1209,2025-06-21,Beacon,150,145,5,3,738,5,0,147.6,0
1210,2025-07-22,Cedar,201,201,2,5,785,21,0,37.38095238095238,3
1211,2025-08-19,Delta,152,147,10,8,97,63,0,1.5396825396825398,0
1212,2025-11-02,Beacon,87,87,11,10,466,64,1,7.28125,0
1213,2025-05-12,Cedar,34,29,11,10,31,38,0,0.8157894736842105,0
1214,2025-05-19,Beacon,236,236,6,4,387,11,1,35.18181818181818,0
1215,2025-06-23,Cedar,20,20,12,11,712,24,1,29.666666666666668,0
1216,2025-06-14,Beacon,222,222,9,13,619,17,0,36.411764705882355,4
1217,2025-04-13,Cedar,53,53,12,10,567,31,1,18.29032258064516,0
1218,2025-11-28,Aster,170,170,6,6,490,28,1,17.5,0
1219,2025-03-12,Aster,112,97,11,12,218,8,0,27.25,1
1220,2025-05-03,Cedar,247,247,11,14,740,20,0,37.0,3
1221,2025-05-05,Beacon,62,57,6,5,789,29,0,27.20689655172414,0
1222,2025-03-01,Beacon,227,212,4,8,119,49,0,2.4285714285714284,4
1223,2025-03-10,Cedar,154,149,14,16,432,51,0,8.470588235294118,2
1224,2025-08-28,Beacon,32,32,5,6,720,60,0,12.0,1
1225,2025-06-16,Aster,243,243,3,5,394,13,0,30.307692307692307,2
1226,2025-12-27,Cedar,29,14,5,8,131,42,0,3.119047619047619,3
1227,2025-04-27,Delta,67,67,2,3,420,29,0,14.482758620689655,1
1228,2025-10-12,Aster,87,72,6,4,307,23,0,13.347826086956522,0
1229,2025-04-29,Aster,90,75,7,9,728,49,0,14.857142857142858,2
1230,2025-07-29,Cedar,146,131,11,15,516,14,0,36.857142857142854,4
1231,2025-12-13,Cedar,169,164,4,6,262,43,0,6.093023255813954,2
1232,2025-07-17,Aster,59,44,8,6,135,53,0,2.547169811320755,0
1233,2025-06-25,Beacon,144,139,9,13,418,46,0,9.08695652173913,4
1234,2025-01-03,Beacon,22,17,8,8,19,32,0,0.59375,0
1235,2025-11-03,Delta,136,121,6,10,114,17,0,6.705882352941177,4
1236,2025-08-27,Aster,45,45,13,17,769,24,0,32.041666666666664,4
1237,2025-04-14,Beacon,50,45,12,14,461,6,0,76.83333333333333,2
1238,2025-10-30,Beacon,144,129,13,17,97,14,0,6.928571428571429,4
1239,2025-05-22,Cedar,192,187,14,13,158,36,0,4.388888888888889,0
1240,2025-09-16,Beacon,182,182,13,17,673,47,0,14.319148936170214,4
1241,2025-01-29,Beacon,230,225,14,15,373,11,0,33.90909090909091,1
1242,2025-03-19,Delta,40,40,2,5,437,58,0,7.5344827586206895,3
1243,2025-08-26,Beacon,216,216,7,6,15,61,1,0.2459016393442623,0
1244,2025-06-01,Cedar,220,205,3,5,663,62,0,10.693548387096774,2
1245,2025-06-28,Cedar,186,186,10,12,389,63,0,6.174603174603175,2
1246,2025-01-07,Cedar,68,68,15,15,173,30,1,5.766666666666667,0
1247,2025-01-26,Aster,231,216,10,10,58,16,0,3.625,0
1248,2025-01-04,Aster,116,116,11,9,339,19,1,17.842105263157894,0
1249,2025-12-07,Cedar,36,31,13,17,367,29,0,12.655172413793103,4
1250,2025-06-10,Aster,238,223,3,5,454,17,0,26.705882352941178,2
1251,2025-06-12,Aster,143,138,5,3,268,40,0,6.7,0
1252,2025-09-02,Aster,101,101,15,19,494,12,0,41.166666666666664,4
1253,2025-11-23,Cedar,171,171,12,10,601,26,1,23.115384615384617,0
1254,2025-03-06,Aster,23,23,7,5,466,18,1,25.88888888888889,0
1255,2025-03-28,Aster,73,73,15,16,420,29,0,14.482758620689655,1
1256,2025-12-21,Beacon,181,181,10,9,436,63,1,6.920634920634921,0
1257,2025-06-30,Aster,31,26,14,15,633,20,0,31.65,1
1258,2025-08-02,Aster,26,26,14,18,642,46,0,13.956521739130435,4
1259,2025-12-20,Aster,70,70,8,6,468,15,1,31.2,0
1260,2025-09-06,Cedar,149,149,12,10,689,10,1,68.9,0
1261,2025-01-06,Beacon,50,50,14,16,739,6,0,123.16666666666667,2
1262,2025-11-23,Delta,23,8,11,11,702,34,0,20.647058823529413,0
1263,2025-01-18,Delta,53,48,14,15,157,11,0,14.272727272727273,1
1264,2025-06-14,Aster,191,191,3,6,264,49,0,5.387755102040816,3
1265,2025-07-31,Delta,215,215,11,13,255,42,0,6.071428571428571,2
1266,2025-12-13,Beacon,182,182,10,8,563,58,1,9.706896551724139,0
1267,2025-07-16,Cedar,157,142,15,15,391,34,0,11.5,0
1268,2025-08-26,Cedar,149,134,4,2,717,62,0,11.564516129032258,0
1269,2025-09-01,Aster,218,218,3,7,154,43,0,3.5813953488372094,4
1270,2025-12-30,Beacon,186,171,12,12,616,12,0,51.333333333333336,0
1271,2025-09-17,Cedar,138,138,14,18,708,17,0,41.64705882352941,4
1272,2025-01-25,Beacon,225,225,2,1,785,54,1,14.537037037037036,0
1273,2025-10-22,Beacon,211,211,5,4,641,59,1,10.864406779661017,0
1274,2025-04-10,Beacon,202,197,9,9,728,48,0,15.166666666666666,0
1275,2025-09-02,Cedar,138,123,6,4,732,48,0,15.25,0
1276,2025-01-29,Cedar,189,189,9,9,76,13,1,5.846153846153846,0
1277,2025-05-22,Cedar,216,216,2,6,406,32,0,12.6875,4
1278,2025-10-29,Delta,35,35,10,8,391,41,1,9.536585365853659,0
1279,2025-07-16,Delta,76,76,11,14,155,29,0,5.344827586206897,3
1280,2025-10-27,Beacon,111,111,7,8,659,38,0,17.342105263157894,1
1281,2025-08-08,Beacon,240,240,13,11,599,61,1,9.819672131147541,0
1282,2025-04-23,Beacon,200,200,7,7,553,48,1,11.520833333333334,0
1283,2025-04-22,Cedar,159,159,12,10,772,19,1,40.63157894736842,0
1284,2025-01-13,Beacon,125,125,4,6,553,62,0,8.919354838709678,2
1285,2025-12-21,Delta,65,50,3,3,342,27,0,12.666666666666666,0
1286,2025-07-16,Beacon,148,148,14,12,760,57,1,13.333333333333334,0
1287,2025-11-21,Aster,37,32,10,12,360,25,0,14.4,2
1288,2025-10-22,Beacon,235,230,6,8,21,39,0,0.5384615384615384,2
1289,2025-04-07,Beacon,42,27,12,11,412,28,0,14.714285714285714,0
1290,2025-08-30,Cedar,121,106,2,1,487,54,0,9.018518518518519,0
1291,2025-10-07,Aster,138,138,2,4,602,11,0,54.72727272727273,2
1292,2025-02-06,Beacon,167,167,6,10,237,26,0,9.115384615384615,4
1293,2025-04-23,Beacon,220,220,7,5,570,12,1,47.5,0
1294,2025-10-03,Aster,52,37,11,13,473,16,0,29.5625,2
1295,2025-04-30,Delta,143,143,5,3,446,6,1,74.33333333333333,0
1296,2025-12-28,Delta,183,168,9,11,548,30,0,18.266666666666666,2
1297,2025-06-10,Beacon,49,49,4,5,302,50,0,6.04,1
1298,2025-07-01,Cedar,216,216,14,17,315,44,0,7.159090909090909,3
1299,2025-08-26,Aster,229,229,8,8,519,40,1,12.975,0
1300,2025-11-10,Aster,141,126,12,14,438,39,0,11.23076923076923,2
1301,2025-09-02,Delta,223,223,14,13,738,36,1,20.5,0
1302,2025-06-19,Beacon,60,60,4,8,251,44,0,5.704545454545454,4
1303,2025-04-18,Cedar,162,162,2,4,32,44,0,0.7272727272727273,2
1304,2025-11-29,Cedar,108,108,13,16,585,40,0,14.625,3
1305,2025-03-19,Aster,94,94,5,6,472,39,0,12.102564102564102,1
1306,2025-01-05,Delta,103,98,2,2,778,60,0,12.966666666666667,0
1307,2025-01-24,Cedar,199,199,7,9,117,59,0,1.9830508474576272,2
1308,2025-09-03,Delta,173,173,8,6,537,29,1,18.517241379310345,0
1309,2025-09-25,Aster,161,156,14,13,27,9,0,3.0,0
1310,2025-11-22,Beacon,76,76,14,13,221,56,1,3.9464285714285716,0
1311,2025-05-29,Beacon,23,18,4,8,324,32,0,10.125,4
1312,2025-01-16,Beacon,134,129,11,12,482,24,0,20.083333333333332,1
1313,2025-04-08,Aster,174,174,11,9,741,63,1,11.761904761904763,0
1314,2025-02-03,Delta,238,233,5,8,153,55,0,2.7818181818181817,3
1315,2025-12-31,Aster,41,26,4,8,54,6,0,9.0,4
1316,2025-01-16,Delta,165,160,12,15,420,61,0,6.885245901639344,3
1317,2025-10-16,Beacon,166,166,13,14,511,51,0,10.019607843137255,1
1318,2025-03-24,Cedar,105,105,9,9,364,16,1,22.75,0
1319,2025-12-03,Beacon,52,37,7,9,335,35,0,9.571428571428571,2
1320,2025-08-05,Delta,228,228,12,12,351,24,1,14.625,0
1321,2025-09-13,Delta,167,167,11,14,118,14,0,8.428571428571429,3
1322,2025-10-31,Delta,87,87,5,7,121,9,0,13.444444444444445,2
1323,2025-07-06,Aster,70,70,15,15,736,13,1,56.61538461538461,0
1324,2025-11-10,Delta,220,215,6,9,292,19,0,15.368421052631579,3
1325,2025-07-29,Aster,129,129,12,11,571,40,1,14.275,0
1326,2025-09-19,Beacon,150,135,10,10,380,49,0,7.755102040816326,0
1327,2025-02-26,Beacon,205,205,2,2,651,26,1,25.03846153846154,0
1328,2025-07-09,Delta,136,136,15,13,188,61,1,3.081967213114754,0
1329,2025-11-07,Beacon,175,175,11,11,545,50,1,10.9,0
1330,2025-10-13,Aster,100,100,4,3,54,46,1,1.173913043478261,0
1331,2025-04-25,Delta,110,110,6,10,474,63,0,7.523809523809524,4
1332,2025-07-11,Cedar,57,57,9,7,618,37,1,16.7027027027027,0
1333,2025-02-12,Delta,136,136,11,11,395,59,1,6.694915254237288,0
1334,2025-07-23,Cedar,94,94,12,13,214,50,0,4.28,1
1335,2025-11-10,Beacon,178,178,8,11,672,34,0,19.764705882352942,3
1336,2025-12-31,Aster,75,75,7,7,768,56,1,13.714285714285714,0
1337,2025-01-05,Aster,177,162,2,1,362,11,0,32.90909090909091,0
1338,2025-05-21,Beacon,45,30,4,6,651,11,0,59.18181818181818,2
1339,2025-02-02,Aster,203,203,11,10,193,21,1,9.19047619047619,0
1340,2025-12-21,Delta,242,242,2,5,335,24,0,13.958333333333334,3
1341,2025-04-13,Delta,53,53,14,13,61,57,1,1.0701754385964912,0
1342,2025-12-29,Beacon,65,65,8,8,369,36,1,10.25,0
1343,2025-09-08,Aster,180,180,11,14,312,9,0,34.666666666666664,3
1344,2025-06-12,Beacon,163,158,14,13,387,47,0,8.23404255319149,0
1345,2025-01-05,Delta,58,58,14,14,74,16,1,4.625,0
1346,2025-03-04,Aster,122,117,4,7,550,27,0,20.37037037037037,3
1347,2025-11-25,Cedar,111,111,13,13,450,15,1,30.0,0
1348,2025-01-30,Aster,194,194,3,6,584,32,0,18.25,3
1349,2025-11-21,Delta,237,237,9,10,635,38,0,16.710526315789473,1
1350,2025-02-17,Delta,128,128,4,3,755,30,1,25.166666666666668,0
1351,2025-04-08,Aster,171,171,13,11,45,49,1,0.9183673469387755,0
1352,2025-08-02,Aster,138,138,10,8,14,24,1,0.5833333333333334,0
1353,2025-07-10,Beacon,151,136,8,10,481,60,0,8.016666666666667,2
1354,2025-05-30,Cedar,181,166,15,18,263,28,0,9.392857142857142,3
1355,2025-01-17,Delta,78,73,3,3,440,42,0,10.476190476190476,0
1356,2025-04-13,Cedar,106,91,11,14,494,27,0,18.296296296296298,3
1357,2025-04-15,Delta,50,50,9,8,160,40,1,4.0,0
1358,2025-07-24,Cedar,232,217,6,10,314,22,0,14.272727272727273,4
1359,2025-03-05,Cedar,60,55,14,12,96,54,0,1.7777777777777777,0
1360,2025-06-24,Cedar,80,75,3,4,648,49,0,13.224489795918368,1
1361,2025-06-04,Aster,141,141,8,10,746,62,0,12.03225806451613,2
1362,2025-05-16,Cedar,146,146,2,6,676,24,0,28.166666666666668,4
1363,2025-09-24,Delta,200,185,14,13,372,44,0,8.454545454545455,0
1364,2025-10-31,Aster,81,66,8,7,571,64,0,8.921875,0
1365,2025-08-24,Cedar,56,56,4,4,408,6,1,68.0,0
1366,2025-04-06,Beacon,152,152,4,6,325,8,0,40.625,2
1367,2025-08-21,Beacon,53,53,2,3,139,17,0,8.176470588235293,1
1368,2025-09-29,Aster,53,53,13,15,41,60,0,0.6833333333333333,2
1369,2025-06-13,Delta,226,226,3,1,421,16,1,26.3125,0
1370,2025-04-15,Cedar,217,202,5,7,432,45,0,9.6,2
1371,2025-09-26,Cedar,132,127,4,7,47,46,0,1.0217391304347827,3
1372,2025-01-23,Beacon,66,66,13,16,608,42,0,14.476190476190476,3
1373,2025-09-23,Beacon,153,138,14,12,306,54,0,5.666666666666667,0
1374,2025-11-20,Delta,44,44,2,1,756,5,1,151.2,0
1375,2025-10-13,Aster,206,206,4,7,324,24,0,13.5,3
1376,2025-06-27,Delta,235,235,9,12,218,47,0,4.638297872340425,3
1377,2025-02-19,Beacon,152,152,3,7,524,29,0,18.06896551724138,4
1378,2025-09-23,Beacon,158,158,6,8,395,30,0,13.166666666666666,2
1379,2025-06-06,Cedar,170,170,7,8,572,20,0,28.6,1
1380,2025-05-25,Beacon,246,246,11,15,122,8,0,15.25,4
1381,2025-05-30,Aster,117,117,8,12,362,26,0,13.923076923076923,4
1382,2025-04-25,Delta,222,222,15,13,551,34,1,16.205882352941178,0
1383,2025-09-12,Delta,243,243,5,6,398,20,0,19.9,1
1384,2025-07-26,Cedar,225,225,6,5,205,14,1,14.642857142857142,0
1385,2025-11-30,Aster,145,130,15,15,659,44,0,14.977272727272727,0
1386,2025-11-10,Delta,72,72,4,6,302,10,0,30.2,2
1387,2025-03-01,Cedar,221,216,6,4,498,42,0,11.857142857142858,0
1388,2025-07-01,Aster,96,96,9,11,554,11,0,50.36363636363637,2
1389,2025-07-03,Aster,246,246,12,15,714,60,0,11.9,3
1390,2025-06-28,Aster,157,142,3,1,450,42,0,10.714285714285714,0
1391,2025-05-07,Beacon,112,112,15,19,710,6,0,118.33333333333333,4
1392,2025-03-08,Cedar,165,165,7,6,546,43,1,12.69767441860465,0
1393,2025-08-10,Aster,103,88,4,2,119,11,0,10.818181818181818,0
1394,2025-06-27,Cedar,212,212,7,9,456,10,0,45.6,2
1395,2025-07-30,Cedar,94,89,10,10,51,24,0,2.125,0
1396,2025-06-02,Aster,58,53,3,4,256,34,0,7.529411764705882,1
1397,2025-04-29,Cedar,68,63,10,13,469,49,0,9.571428571428571,3
1398,2025-12-11,Aster,108,108,4,5,606,18,0,33.666666666666664,1
1399,2025-12-01,Cedar,229,214,15,13,542,27,0,20.074074074074073,0
1400,2025-01-18,Beacon,74,74,15,18,122,38,0,3.210526315789474,3
1401,2025-09-26,Delta,245,240,5,9,180,34,0,5.294117647058823,4
1402,2025-07-03,Aster,74,74,2,5,105,32,0,3.28125,3
1403,2025-02-22,Aster,162,162,3,6,640,56,0,11.428571428571429,3
1404,2025-05-28,Aster,101,101,14,12,170,34,1,5.0,0
1405,2025-11-20,Aster,246,246,9,13,216,8,0,27.0,4
1406,2025-07-13,Beacon,77,77,7,6,385,63,1,6.111111111111111,0
1407,2025-11-07,Cedar,38,33,12,15,487,21,0,23.19047619047619,3
1408,2025-10-21,Beacon,34,19,2,1,487,43,0,11.325581395348838,0
1409,2025-03-11,Beacon,77,77,7,11,494,12,0,41.166666666666664,4
1410,2025-12-08,Cedar,60,45,2,2,184,34,0,5.411764705882353,0
1411,2025-02-03,Cedar,32,17,15,18,685,63,0,10.873015873015873,3
1412,2025-02-20,Beacon,23,23,15,15,349,5,1,69.8,0
1413,2025-05-17,Beacon,151,151,11,9,737,49,1,15.040816326530612,0
1414,2025-03-14,Beacon,187,187,13,11,514,44,1,11.681818181818182,0
1415,2025-04-20,Beacon,107,107,14,14,362,22,1,16.454545454545453,0
1416,2025-12-25,Delta,231,231,12,15,398,26,0,15.307692307692308,3
1417,2025-04-22,Aster,179,164,14,14,518,22,0,23.545454545454547,0
1418,2025-02-09,Cedar,220,220,10,9,528,41,1,12.878048780487806,0
1419,2025-06-14,Aster,49,49,15,15,91,5,1,18.2,0
1420,2025-08-26,Beacon,198,183,12,16,317,27,0,11.74074074074074,4
1421,2025-10-15,Delta,62,62,12,11,789,60,1,13.15,0
1422,2025-07-24,Cedar,57,42,10,8,724,32,0,22.625,0
1423,2025-10-01,Aster,237,222,12,13,31,47,0,0.6595744680851063,1
1424,2025-04-24,Aster,165,160,11,9,196,36,0,5.444444444444445,0
1425,2025-01-23,Beacon,171,171,2,6,483,10,0,48.3,4
1426,2025-08-12,Aster,224,224,14,18,297,17,0,17.470588235294116,4
1427,2025-02-13,Delta,166,166,14,15,258,50,0,5.16,1
1428,2025-01-03,Delta,162,162,11,13,317,54,0,5.87037037037037,2
1429,2025-05-20,Aster,240,235,3,5,49,19,0,2.5789473684210527,2
1430,2025-08-31,Delta,25,10,6,6,714,29,0,24.620689655172413,0
1431,2025-09-20,Aster,237,237,15,16,110,5,0,22.0,1
1432,2025-09-27,Cedar,190,185,4,3,495,55,0,9.0,0
1433,2025-10-31,Aster,219,219,10,10,409,43,1,9.511627906976743,0
1434,2025-10-31,Beacon,144,139,6,5,64,64,0,1.0,0
1435,2025-01-31,Cedar,194,194,2,6,459,42,0,10.928571428571429,4
1436,2025-01-17,Delta,140,140,12,11,506,43,1,11.767441860465116,0
1437,2025-11-29,Delta,191,191,7,8,571,27,0,21.14814814814815,1
1438,2025-09-28,Delta,45,45,4,6,515,20,0,25.75,2
1439,2025-09-18,Aster,211,211,13,13,580,51,1,11.372549019607844,0
1440,2025-10-15,Aster,87,87,7,9,519,42,0,12.357142857142858,2
1441,2025-04-22,Delta,194,194,8,6,605,11,1,55.0,0
1442,2025-05-21,Aster,109,109,4,2,79,24,1,3.2916666666666665,0
1443,2025-09-01,Aster,179,179,9,10,320,51,0,6.2745098039215685,1
1444,2025-12-22,Aster,208,203,6,6,620,32,0,19.375,0
1445,2025-10-11,Delta,30,30,3,2,693,15,1,46.2,0
1446,2025-05-17,Aster,82,82,14,14,401,7,1,57.285714285714285,0
1447,2025-05-15,Cedar,125,125,5,8,166,27,0,6.148148148148148,3
1448,2025-08-31,Delta,98,98,2,5,457,61,0,7.491803278688525,3
1449,2025-07-13,Cedar,79,79,3,5,256,38,0,6.7368421052631575,2
1450,2025-11-25,Cedar,216,216,7,8,609,14,0,43.5,1
1451,2025-04-10,Delta,104,104,4,8,457,13,0,35.15384615384615,4
1452,2025-02-14,Beacon,215,210,3,1,105,27,0,3.888888888888889,0
1453,2025-08-31,Beacon,43,38,7,9,687,23,0,29.869565217391305,2
1454,2025-03-09,Delta,166,166,9,9,63,32,1,1.96875,0
1455,2025-03-31,Beacon,59,44,9,11,333,25,0,13.32,2
1456,2025-02-07,Delta,214,199,7,10,165,22,0,7.5,3
1457,2025-11-06,Cedar,249,249,8,11,668,16,0,41.75,3
1458,2025-09-08,Cedar,212,207,15,13,411,33,0,12.454545454545455,0
1459,2025-08-06,Aster,53,48,12,15,700,30,0,23.333333333333332,3
1460,2025-01-27,Beacon,231,231,10,12,146,47,0,3.106382978723404,2
1461,2025-12-23,Aster,156,156,2,5,59,50,0,1.18,3
1462,2025-02-25,Aster,65,65,15,16,631,26,0,24.26923076923077,1
1463,2025-01-09,Beacon,170,170,8,10,689,27,0,25.51851851851852,2
1464,2025-01-20,Cedar,106,106,9,12,201,20,0,10.05,3
1465,2025-08-16,Cedar,190,175,9,13,239,63,0,3.7936507936507935,4
1466,2025-08-06,Delta,122,107,8,10,426,42,0,10.142857142857142,2
1467,2025-02-24,Aster,183,178,14,17,227,61,0,3.721311475409836,3
1468,2025-11-17,Cedar,25,25,4,6,567,42,0,13.5,2
1469,2025-02-16,Aster,23,23,10,8,569,37,1,15.378378378378379,0
1470,2025-04-28,Delta,36,36,8,7,378,21,1,18.0,0
1471,2025-01-19,Beacon,222,222,7,6,208,37,1,5.621621621621622,0
1472,2025-07-16,Cedar,77,72,15,18,600,10,0,60.0,3
1473,2025-03-07,Delta,128,128,12,15,427,38,0,11.236842105263158,3
1474,2025-03-02,Cedar,96,96,5,4,792,6,1,132.0,0
1475,2025-01-10,Beacon,233,233,6,10,356,15,0,23.733333333333334,4
1476,2025-12-10,Delta,117,102,10,14,773,20,0,38.65,4
1477,2025-08-04,Beacon,101,101,10,14,708,28,0,25.285714285714285,4
1478,2025-03-31,Beacon,147,147,4,6,41,22,0,1.8636363636363635,2
1479,2025-06-06,Delta,77,72,15,13,365,31,0,11.774193548387096,0
1480,2025-02-25,Aster,82,82,9,12,104,6,0,17.333333333333332,3
1481,2025-03-29,Beacon,193,193,14,15,725,54,0,13.425925925925926,1
1482,2025-01-22,Aster,135,130,3,1,660,14,0,47.142857142857146,0
1483,2025-02-23,Cedar,186,181,3,7,268,5,0,53.6,4
1484,2025-07-26,Delta,233,218,15,16,274,15,0,18.266666666666666,1
1485,2025-04-09,Aster,179,179,15,19,484,46,0,10.521739130434783,4
1486,2025-04-28,Cedar,243,243,3,4,68,27,0,2.5185185185185186,1
1487,2025-02-12,Aster,84,84,8,8,259,44,1,5.886363636363637,0
1488,2025-11-29,Aster,22,22,14,15,650,41,0,15.853658536585366,1
1489,2025-07-22,Beacon,60,60,7,8,757,26,0,29.115384615384617,1
1490,2025-09-19,Aster,80,80,2,1,40,29,1,1.3793103448275863,0
1491,2025-01-10,Beacon,167,167,8,10,233,47,0,4.957446808510638,2
1492,2025-10-30,Beacon,94,94,12,11,445,31,1,14.35483870967742,0
1493,2025-02-09,Aster,220,215,15,19,46,45,0,1.0222222222222221,4
1494,2025-01-03,Cedar,53,53,6,4,571,32,1,17.84375,0
1495,2025-04-13,Aster,183,178,11,13,298,58,0,5.137931034482759,2
1496,2025-09-15,Delta,181,181,11,12,315,20,0,15.75,1
1497,2025-08-16,Delta,183,178,14,16,514,36,0,14.277777777777779,2
1498,2025-07-29,Cedar,209,194,12,14,769,61,0,12.60655737704918,2
1499,2025-05-18,Delta,225,210,2,3,491,33,0,14.878787878787879,1
1500,2025-03-30,Cedar,165,165,11,10,495,52,1,9.51923076923077,0
1501,2025-11-30,Delta,118,113,11,9,368,22,0,16.727272727272727,0
1502,2025-03-07,Aster,24,9,13,13,370,52,0,7.115384615384615,0
1503,2025-10-12,Cedar,211,196,10,11,691,51,0,13.549019607843137,1
1504,2025-08-04,Cedar,78,78,3,4,731,42,0,17.404761904761905,1
1505,2025-02-17,Delta,188,188,14,17,700,17,0,41.1764705882353,3
1506,2025-08-25,Delta,229,229,5,4,22,60,1,0.36666666666666664,0
1507,2025-03-22,Cedar,172,172,11,15,283,14,0,20.214285714285715,4
1508,2025-04-02,Cedar,84,79,9,8,443,19,0,23.31578947368421,0
1509,2025-01-02,Beacon,237,237,3,4,683,17,0,40.1764705882353,1
1510,2025-12-07,Beacon,33,28,8,11,158,10,0,15.8,3
1511,2025-02-21,Aster,103,103,2,4,644,15,0,42.93333333333333,2
1512,2025-10-20,Delta,217,217,3,2,586,14,1,41.857142857142854,0
1513,2025-12-30,Beacon,138,133,9,7,797,19,0,41.94736842105263,0
1514,2025-02-28,Cedar,119,119,11,12,634,64,0,9.90625,1
1515,2025-10-23,Delta,115,115,4,6,152,19,0,8.0,2
1516,2025-10-31,Aster,191,191,8,7,576,6,1,96.0,0
1517,2025-07-19,Aster,201,201,2,3,698,47,0,14.851063829787234,1
1518,2025-12-21,Delta,25,25,2,5,239,35,0,6.828571428571428,3
1519,2025-03-21,Beacon,58,58,2,1,607,11,1,55.18181818181818,0
1520,2025-12-27,Aster,136,121,13,16,208,30,0,6.933333333333334,3
1521,2025-05-31,Beacon,207,207,5,5,313,60,1,5.216666666666667,0
1522,2025-02-25,Beacon,57,57,13,15,301,61,0,4.934426229508197,2
1523,2025-07-26,Cedar,65,50,9,7,305,13,0,23.46153846153846,0
1524,2025-01-16,Aster,188,188,2,3,410,51,0,8.03921568627451,1
1525,2025-08-09,Beacon,40,40,11,13,669,64,0,10.453125,2
1526,2025-12-07,Aster,39,39,8,10,257,37,0,6.945945945945946,2
1527,2025-04-26,Beacon,224,219,7,5,367,52,0,7.0576923076923075,0
1528,2025-11-11,Cedar,45,45,9,11,310,32,0,9.6875,2
1529,2025-08-27,Delta,43,43,4,5,176,42,0,4.190476190476191,1
1530,2025-12-28,Cedar,109,94,10,9,399,8,0,49.875,0
1531,2025-01-19,Cedar,215,200,5,5,170,44,0,3.8636363636363638,0
1532,2025-05-01,Aster,48,33,13,12,17,36,0,0.4722222222222222,0
1533,2025-11-06,Aster,31,31,9,7,281,54,1,5.203703703703703,0
1534,2025-08-14,Beacon,82,77,7,10,473,52,0,9.096153846153847,3
1535,2025-11-02,Beacon,82,82,10,12,126,51,0,2.4705882352941178,2
1536,2025-08-27,Beacon,139,134,11,12,558,39,0,14.307692307692308,1
1537,2025-02-19,Cedar,66,66,14,12,551,25,1,22.04,0
1538,2025-07-27,Aster,211,196,8,9,36,44,0,0.8181818181818182,1
1539,2025-04-06,Cedar,151,151,12,10,547,55,1,9.945454545454545,0
1540,2025-08-10,Aster,136,136,7,9,344,45,0,7.644444444444445,2
1541,2025-09-26,Aster,163,163,12,14,125,21,0,5.9523809523809526,2
1542,2025-11-23,Beacon,39,39,13,17,347,33,0,10.515151515151516,4
1543,2025-02-09,Beacon,159,159,15,18,716,10,0,71.6,3
1544,2025-12-24,Aster,181,181,14,14,53,42,1,1.2619047619047619,0
1545,2025-12-10,Aster,137,137,12,14,530,22,0,24.09090909090909,2
1546,2025-06-13,Delta,209,209,6,7,49,29,0,1.6896551724137931,1
1547,2025-11-15,Beacon,221,206,5,5,673,37,0,18.18918918918919,0
1548,2025-07-18,Aster,81,81,15,17,474,64,0,7.40625,2
1549,2025-10-15,Delta,215,215,14,16,255,29,0,8.793103448275861,2
1550,2025-01-10,Beacon,113,113,13,14,544,54,0,10.074074074074074,1
1551,2025-07-29,Beacon,123,123,2,4,399,37,0,10.783783783783784,2
1552,2025-08-27,Cedar,235,235,13,17,665,54,0,12.314814814814815,4
1553,2025-06-19,Cedar,38,38,15,17,292,37,0,7.891891891891892,2
1554,2025-11-16,Beacon,183,178,15,17,619,64,0,9.671875,2
1555,2025-01-14,Beacon,22,7,12,15,426,44,0,9.681818181818182,3
1556,2025-04-13,Beacon,248,248,4,2,197,24,1,8.208333333333334,0
1557,2025-08-29,Delta,109,109,2,2,441,47,1,9.382978723404255,0
1558,2025-06-20,Delta,145,130,6,6,561,15,0,37.4,0
1559,2025-07-28,Delta,228,228,9,9,667,35,1,19.057142857142857,0
1560,2025-06-11,Cedar,96,96,12,12,336,59,1,5.694915254237288,0
1561,2025-03-14,Delta,85,85,8,6,151,20,1,7.55,0
1562,2025-10-18,Cedar,195,190,9,11,755,10,0,75.5,2
1563,2025-04-14,Cedar,40,40,11,11,237,12,1,19.75,0
1564,2025-07-12,Cedar,50,50,4,8,201,46,0,4.369565217391305,4
1565,2025-04-25,Aster,53,48,10,13,734,28,0,26.214285714285715,3
1566,2025-03-15,Aster,240,240,6,6,402,52,1,7.730769230769231,0
1567,2025-10-06,Aster,125,125,4,5,555,27,0,20.555555555555557,1
1568,2025-04-10,Cedar,117,117,11,12,647,30,0,21.566666666666666,1
1569,2025-12-22,Cedar,244,239,10,11,416,35,0,11.885714285714286,1
1570,2025-08-24,Delta,149,144,10,9,739,25,0,29.56,0
1571,2025-07-08,Delta,190,190,4,4,679,33,1,20.575757575757574,0
1572,2025-08-18,Aster,205,205,7,9,431,21,0,20.523809523809526,2
1573,2025-10-03,Beacon,114,114,3,7,782,20,0,39.1,4
1574,2025-11-18,Cedar,72,72,7,6,518,12,1,43.166666666666664,0
1575,2025-03-10,Aster,40,40,5,4,658,21,1,31.333333333333332,0
1576,2025-04-03,Delta,113,113,5,5,281,33,1,8.515151515151516,0
1577,2025-01-24,Beacon,151,146,11,14,762,32,0,23.8125,3
1578,2025-07-06,Aster,38,38,8,8,772,53,1,14.566037735849056,0
1579,2025-02-20,Cedar,66,66,3,1,193,6,1,32.166666666666664,0
1580,2025-08-22,Aster,176,171,7,8,655,6,0,109.16666666666667,1
1581,2025-03-14,Cedar,160,145,2,3,205,64,0,3.203125,1
1582,2025-04-09,Aster,70,70,9,12,641,7,0,91.57142857142857,3
1583,2025-09-19,Delta,74,59,3,2,352,55,0,6.4,0
1584,2025-10-01,Delta,136,121,5,9,777,42,0,18.5,4
1585,2025-01-02,Aster,200,195,11,13,524,26,0,20.153846153846153,2
1586,2025-09-26,Delta,140,140,12,12,200,49,1,4.081632653061225,0
1587,2025-05-01,Cedar,246,246,8,6,788,63,1,12.507936507936508,0
1588,2025-09-26,Cedar,76,71,13,17,240,26,0,9.23076923076923,4
1589,2025-02-15,Beacon,43,43,13,16,639,12,0,53.25,3
1590,2025-04-26,Aster,131,131,12,10,598,31,1,19.29032258064516,0
1591,2025-11-05,Aster,223,218,8,9,151,60,0,2.5166666666666666,1
1592,2025-06-24,Cedar,170,170,12,15,131,35,0,3.742857142857143,3
1593,2025-02-25,Aster,223,208,15,19,387,53,0,7.30188679245283,4
1594,2025-01-22,Cedar,213,213,4,7,564,8,0,70.5,3
1595,2025-02-04,Delta,60,60,9,10,706,58,0,12.172413793103448,1
1596,2025-11-19,Delta,22,7,6,10,310,45,0,6.888888888888889,4
1597,2025-03-09,Cedar,92,92,11,10,94,36,1,2.611111111111111,0
1598,2025-04-19,Cedar,56,56,11,10,56,30,1,1.8666666666666667,0
1599,2025-05-04,Aster,232,227,8,8,168,40,0,4.2,0
1600,2025-08-16,Aster,94,89,14,16,757,19,0,39.8421052631579,2
1601,2025-11-13,Aster,88,88,9,8,736,19,1,38.73684210526316,0
1602,2025-06-24,Aster,22,22,15,14,738,37,1,19.945945945945947,0
1603,2025-02-28,Cedar,141,126,2,4,32,62,0,0.5161290322580645,2
1604,2025-09-28,Beacon,171,166,7,5,153,51,0,3.0,0
1605,2025-01-20,Cedar,38,38,12,15,778,37,0,21.027027027027028,3
1606,2025-02-10,Beacon,79,79,13,13,179,28,1,6.392857142857143,0
1607,2025-01-02,Aster,132,132,7,6,549,25,1,21.96,0
1608,2025-05-11,Aster,43,43,6,8,365,49,0,7.448979591836735,2
1609,2025-08-14,Aster,231,231,6,9,421,57,0,7.385964912280702,3
1610,2025-09-30,Beacon,55,50,2,4,244,64,0,3.8125,2
1611,2025-01-05,Beacon,154,154,14,13,679,56,1,12.125,0
1612,2025-04-27,Aster,192,192,10,14,705,15,0,47.0,4
1613,2025-12-31,Cedar,248,233,13,17,358,20,0,17.9,4
1614,2025-05-11,Beacon,177,172,14,18,577,56,0,10.303571428571429,4
1615,2025-01-31,Beacon,24,24,13,11,208,60,1,3.466666666666667,0
1616,2025-02-08,Delta,155,155,12,13,738,57,0,12.947368421052632,1
1617,2025-05-20,Cedar,45,30,7,9,463,55,0,8.418181818181818,2
1618,2025-11-20,Aster,242,242,11,9,40,17,1,2.3529411764705883,0
1619,2025-12-11,Cedar,169,154,9,10,598,31,0,19.29032258064516,1
1620,2025-09-02,Aster,139,134,5,8,751,17,0,44.1764705882353,3
1621,2025-11-01,Delta,79,79,11,15,234,64,0,3.65625,4
1622,2025-02-09,Beacon,188,173,15,18,276,25,0,11.04,3
1623,2025-09-07,Delta,120,105,10,13,796,9,0,88.44444444444444,3
1624,2025-06-25,Beacon,47,47,9,10,428,46,0,9.304347826086957,1
1625,2025-02-12,Cedar,121,106,10,8,82,30,0,2.7333333333333334,0
1626,2025-07-30,Cedar,33,33,12,15,34,42,0,0.8095238095238095,3
1627,2025-06-19,Cedar,216,216,2,3,277,41,0,6.7560975609756095,1
1628,2025-04-03,Cedar,186,171,7,11,761,52,0,14.634615384615385,4
1629,2025-05-01,Delta,215,210,9,11,428,57,0,7.508771929824562,2
1630,2025-10-23,Cedar,234,234,14,17,648,39,0,16.615384615384617,3
1631,2025-04-10,Aster,138,138,15,18,56,31,0,1.8064516129032258,3
1632,2025-11-17,Beacon,202,187,11,12,262,16,0,16.375,1
1633,2025-04-21,Cedar,103,103,15,17,454,63,0,7.2063492063492065,2
1634,2025-08-31,Aster,171,156,9,9,415,52,0,7.980769230769231,0
1635,2025-03-01,Cedar,29,14,8,11,324,7,0,46.285714285714285,3
1636,2025-03-05,Delta,111,96,14,15,767,39,0,19.666666666666668,1
1637,2025-05-16,Beacon,55,40,11,9,709,28,0,25.321428571428573,0
1638,2025-11-14,Aster,240,240,7,10,364,49,0,7.428571428571429,3
1639,2025-05-30,Cedar,188,188,15,13,24,56,1,0.42857142857142855,0
1640,2025-08-04,Aster,131,131,14,15,662,27,0,24.51851851851852,1
1641,2025-10-02,Delta,244,244,2,5,350,22,0,15.909090909090908,3
1642,2025-05-28,Beacon,28,28,3,7,165,42,0,3.9285714285714284,4
1643,2025-12-08,Aster,70,70,4,4,324,28,1,11.571428571428571,0
1644,2025-08-19,Aster,202,197,6,8,31,12,0,2.5833333333333335,2
1645,2025-01-20,Beacon,241,236,12,13,512,8,0,64.0,1
1646,2025-08-05,Beacon,68,63,8,12,373,23,0,16.217391304347824,4
1647,2025-10-10,Beacon,144,129,7,5,483,36,0,13.416666666666666,0
1648,2025-05-24,Delta,56,51,3,2,337,58,0,5.810344827586207,0
1649,2025-06-13,Cedar,124,109,2,1,299,18,0,16.61111111111111,0
1650,2025-11-02,Cedar,20,5,8,6,179,24,0,7.458333333333333,0
1651,2025-09-25,Cedar,141,126,10,12,721,23,0,31.347826086956523,2
1652,2025-01-26,Beacon,31,31,14,13,98,50,1,1.96,0
1653,2025-12-11,Cedar,245,245,5,6,448,29,0,15.448275862068966,1
1654,2025-07-15,Aster,214,214,13,13,547,47,1,11.638297872340425,0
1655,2025-08-13,Beacon,56,41,3,1,148,45,0,3.2888888888888888,0
1656,2025-07-29,Cedar,110,110,7,11,91,56,0,1.625,4
1657,2025-06-10,Cedar,208,208,3,2,463,63,1,7.349206349206349,0
1658,2025-10-25,Delta,160,160,3,1,531,32,1,16.59375,0
1659,2025-05-14,Aster,108,108,11,13,729,8,0,91.125,2
1660,2025-12-19,Delta,219,214,3,2,419,9,0,46.55555555555556,0
1661,2025-04-01,Aster,174,174,13,13,60,55,1,1.0909090909090908,0
1662,2025-05-06,Beacon,41,26,13,14,307,53,0,5.7924528301886795,1
1663,2025-11-24,Cedar,38,23,4,8,724,44,0,16.454545454545453,4
1664,2025-12-18,Delta,171,171,15,16,51,56,0,0.9107142857142857,1
1665,2025-05-07,Beacon,95,95,3,3,265,45,1,5.888888888888889,0
1666,2025-07-17,Beacon,197,197,13,16,70,63,0,1.1111111111111112,3
1667,2025-12-30,Beacon,154,139,4,3,748,43,0,17.3953488372093,0
1668,2025-12-04,Aster,203,203,13,11,716,52,1,13.76923076923077,0
1669,2025-09-28,Cedar,101,96,3,2,50,53,0,0.9433962264150944,0
1670,2025-11-15,Cedar,230,230,10,11,356,62,0,5.741935483870968,1
1671,2025-12-14,Cedar,131,131,7,10,252,43,0,5.8604651162790695,3
1672,2025-01-29,Beacon,209,209,11,10,657,32,1,20.53125,0
1673,2025-05-14,Cedar,109,109,8,8,462,26,1,17.76923076923077,0
1674,2025-10-24,Cedar,135,120,6,5,60,34,0,1.7647058823529411,0
1675,2025-03-06,Delta,35,35,15,19,156,63,0,2.4761904761904763,4
1676,2025-11-20,Beacon,206,206,15,13,87,40,1,2.175,0
1677,2025-04-24,Aster,247,232,15,14,62,40,0,1.55,0
1678,2025-09-18,Cedar,219,219,4,6,30,46,0,0.6521739130434783,2
1679,2025-03-08,Aster,244,244,10,11,21,52,0,0.40384615384615385,1
1680,2025-01-27,Beacon,176,176,14,12,687,14,1,49.07142857142857,0
1681,2025-09-06,Cedar,76,76,3,1,549,42,1,13.071428571428571,0
1682,2025-08-27,Aster,90,85,7,5,671,47,0,14.27659574468085,0
1683,2025-10-02,Beacon,101,86,14,16,315,46,0,6.8478260869565215,2
1684,2025-08-01,Cedar,217,202,8,7,752,44,0,17.09090909090909,0
1685,2025-09-25,Cedar,236,236,8,12,30,33,0,0.9090909090909091,4
1686,2025-08-06,Cedar,188,188,10,13,796,13,0,61.23076923076923,3
1687,2025-08-20,Aster,193,178,2,4,148,45,0,3.2888888888888888,2
1688,2025-07-31,Aster,96,96,5,9,346,9,0,38.44444444444444,4
1689,2025-03-29,Aster,65,65,15,15,384,46,1,8.347826086956522,0
1690,2025-09-11,Delta,162,162,6,9,155,12,0,12.916666666666666,3
1691,2025-10-24,Delta,71,66,6,6,406,63,0,6.444444444444445,0
1692,2025-07-05,Delta,212,212,8,7,291,31,1,9.387096774193548,0
1693,2025-03-14,Aster,132,132,11,9,269,52,1,5.173076923076923,0
1694,2025-11-30,Delta,128,128,8,8,464,39,1,11.897435897435898,0
1695,2025-04-25,Delta,192,192,8,8,396,32,1,12.375,0
1696,2025-07-13,Beacon,82,82,15,17,597,15,0,39.8,2
1697,2025-08-10,Cedar,183,183,13,11,786,58,1,13.551724137931034,0
1698,2025-10-14,Aster,82,82,4,7,500,19,0,26.31578947368421,3
1699,2025-11-19,Beacon,125,125,15,14,333,51,1,6.529411764705882,0
1700,2025-02-09,Delta,72,72,2,1,737,26,1,28.346153846153847,0
1701,2025-04-29,Delta,204,199,4,2,495,61,0,8.114754098360656,0
1702,2025-07-04,Cedar,175,175,6,10,524,48,0,10.916666666666666,4
1703,2025-11-06,Delta,115,100,14,17,624,13,0,48.0,3
1704,2025-12-17,Cedar,216,216,10,11,99,17,0,5.823529411764706,1
1705,2025-03-26,Cedar,149,149,7,11,781,58,0,13.46551724137931,4
1706,2025-11-26,Delta,228,223,13,16,166,19,0,8.736842105263158,3
1707,2025-07-04,Delta,219,219,6,7,553,59,0,9.372881355932204,1
1708,2025-04-10,Beacon,64,64,12,11,590,13,1,45.38461538461539,0
1709,2025-05-24,Beacon,113,113,15,19,10,35,0,0.2857142857142857,4
1710,2025-10-02,Beacon,223,223,4,5,217,58,0,3.7413793103448274,1
1711,2025-06-15,Aster,64,64,5,7,254,19,0,13.368421052631579,2
1712,2025-07-08,Beacon,33,33,12,15,259,64,0,4.046875,3
1713,2025-11-03,Cedar,107,92,7,5,498,15,0,33.2,0
1714,2025-12-13,Delta,63,48,10,13,367,55,0,6.672727272727273,3
1715,2025-03-25,Delta,180,180,2,1,137,25,1,5.48,0
1716,2025-07-03,Delta,129,124,12,16,476,8,0,59.5,4
1717,2025-04-11,Cedar,195,195,6,6,534,28,1,19.071428571428573,0
1718,2025-12-06,Aster,218,203,13,12,753,63,0,11.952380952380953,0
1719,2025-04-04,Delta,201,196,5,7,793,61,0,13.0,2
1720,2025-06-08,Beacon,96,96,3,3,67,61,1,1.098360655737705,0
1721,2025-03-08,Delta,160,145,9,8,432,56,0,7.714285714285714,0
1722,2025-09-04,Aster,132,132,3,4,200,43,0,4.651162790697675,1
1723,2025-03-13,Aster,80,80,15,13,58,21,1,2.761904761904762,0
1724,2025-05-06,Aster,220,220,8,8,659,38,1,17.342105263157894,0
1725,2025-05-05,Aster,133,133,4,5,569,21,0,27.095238095238095,1
1726,2025-02-02,Aster,29,29,4,4,142,28,1,5.071428571428571,0
1727,2025-07-29,Delta,118,118,6,4,265,14,1,18.928571428571427,0
1728,2025-07-02,Beacon,87,82,14,15,742,54,0,13.74074074074074,1
1729,2025-10-22,Delta,209,209,7,6,16,54,1,0.2962962962962963,0
1730,2025-03-21,Delta,93,93,12,14,340,49,0,6.938775510204081,2
1731,2025-04-24,Aster,90,90,6,8,231,31,0,7.451612903225806,2
1732,2025-03-23,Cedar,101,96,13,13,194,21,0,9.238095238095237,0
1733,2025-12-07,Delta,84,84,9,8,112,14,1,8.0,0
1734,2025-02-13,Aster,27,27,15,13,277,47,1,5.8936170212765955,0
1735,2025-03-20,Aster,223,223,3,4,638,50,0,12.76,1
1736,2025-01-11,Delta,161,161,7,10,538,9,0,59.77777777777778,3
1737,2025-11-21,Delta,22,22,8,7,213,35,1,6.085714285714285,0
1738,2025-10-04,Cedar,179,179,3,3,637,35,1,18.2,0
1739,2025-04-13,Beacon,93,93,6,10,735,46,0,15.978260869565217,4
1740,2025-12-08,Aster,100,100,8,10,237,9,0,26.333333333333332,2
1741,2025-08-11,Cedar,200,200,8,6,798,13,1,61.38461538461539,0
1742,2025-09-19,Cedar,134,134,2,2,579,10,1,57.9,0
1743,2025-07-08,Beacon,240,240,3,2,467,58,1,8.051724137931034,0
1744,2025-07-16,Beacon,57,42,4,7,15,7,0,2.142857142857143,3
1745,2025-04-25,Cedar,219,219,11,14,37,61,0,0.6065573770491803,3
1746,2025-09-02,Beacon,120,105,11,12,673,22,0,30.59090909090909,1
1747,2025-11-08,Beacon,101,101,11,9,625,8,1,78.125,0
1748,2025-05-03,Aster,38,23,13,12,523,41,0,12.75609756097561,0
1749,2025-02-05,Delta,228,228,3,1,39,30,1,1.3,0
1750,2025-07-11,Cedar,84,84,8,6,154,55,1,2.8,0
1751,2025-07-17,Aster,129,129,5,9,501,21,0,23.857142857142858,4
1752,2025-12-11,Cedar,138,138,14,17,26,63,0,0.4126984126984127,3
1753,2025-08-16,Beacon,180,180,4,2,89,62,1,1.435483870967742,0
1754,2025-04-22,Cedar,41,36,11,12,719,41,0,17.536585365853657,1
1755,2025-01-17,Delta,217,217,6,4,368,40,1,9.2,0
1756,2025-10-28,Beacon,226,211,15,19,448,39,0,11.487179487179487,4
1757,2025-10-03,Aster,215,210,2,3,44,59,0,0.7457627118644068,1
1758,2025-05-11,Aster,224,224,12,16,320,23,0,13.91304347826087,4
1759,2025-04-08,Delta,233,233,3,1,479,6,1,79.83333333333333,0
1760,2025-02-06,Delta,177,177,9,10,611,55,0,11.10909090909091,1
1761,2025-10-27,Delta,92,92,4,7,483,23,0,21.0,3
1762,2025-02-19,Beacon,115,110,3,4,268,64,0,4.1875,1
1763,2025-08-25,Beacon,205,205,12,16,387,55,0,7.036363636363636,4
1764,2025-04-04,Aster,184,184,13,17,558,44,0,12.681818181818182,4
1765,2025-01-08,Aster,41,41,12,13,601,39,0,15.41025641025641,1
1766,2025-12-26,Aster,47,32,3,7,677,55,0,12.309090909090909,4
1767,2025-09-14,Delta,206,206,5,4,527,8,1,65.875,0
1768,2025-07-25,Aster,225,225,6,9,600,34,0,17.647058823529413,3
1769,2025-08-24,Aster,140,140,13,13,421,61,1,6.901639344262295,0
1770,2025-03-12,Aster,197,197,4,5,145,24,0,6.041666666666667,1
1771,2025-12-01,Cedar,141,126,7,11,696,51,0,13.647058823529411,4
1772,2025-01-31,Delta,243,243,6,6,535,20,1,26.75,0
1773,2025-06-01,Cedar,213,198,4,2,322,16,0,20.125,0
1774,2025-04-18,Cedar,206,206,12,14,517,51,0,10.137254901960784,2
1775,2025-04-13,Aster,165,150,10,8,282,52,0,5.423076923076923,0
1776,2025-07-14,Aster,25,25,14,18,289,40,0,7.225,4
1777,2025-04-16,Cedar,248,233,4,7,416,24,0,17.333333333333332,3
1778,2025-12-20,Cedar,172,167,14,18,774,37,0,20.91891891891892,4
1779,2025-09-07,Aster,26,21,6,8,253,50,0,5.06,2
1780,2025-08-19,Beacon,179,174,13,13,792,36,0,22.0,0
1781,2025-09-29,Cedar,172,167,11,12,278,38,0,7.315789473684211,1
1782,2025-12-20,Delta,171,171,13,12,561,28,1,20.035714285714285,0
1783,2025-04-28,Delta,175,175,4,3,130,32,1,4.0625,0
1784,2025-11-18,Delta,158,158,2,1,138,6,1,23.0,0
1785,2025-11-22,Aster,221,216,15,15,730,64,0,11.40625,0
1786,2025-02-21,Beacon,195,195,7,7,316,45,1,7.022222222222222,0
1787,2025-06-08,Delta,53,48,5,6,761,10,0,76.1,1
1788,2025-01-06,Delta,173,173,8,10,218,11,0,19.818181818181817,2
1789,2025-01-21,Cedar,148,148,4,2,377,39,1,9.666666666666666,0
1790,2025-08-09,Delta,73,68,15,14,353,40,0,8.825,0
1791,2025-07-31,Cedar,214,214,13,15,384,44,0,8.727272727272727,2
1792,2025-08-01,Aster,95,90,9,8,787,44,0,17.886363636363637,0
1793,2025-02-28,Aster,170,170,15,17,138,48,0,2.875,2
1794,2025-08-11,Aster,166,166,5,9,102,11,0,9.272727272727273,4
1795,2025-01-01,Beacon,208,208,2,5,697,57,0,12.228070175438596,3
1796,2025-09-17,Aster,63,48,11,10,576,50,0,11.52,0
1797,2025-01-17,Aster,156,141,7,7,38,30,0,1.2666666666666666,0
1798,2025-07-21,Delta,146,131,3,6,139,28,0,4.964285714285714,3
1799,2025-08-15,Aster,203,198,4,6,95,42,0,2.261904761904762,2
1800,2025-04-05,Delta,80,65,15,15,312,5,0,62.4,0
1801,2025-10-10,Cedar,68,68,15,17,279,52,0,5.365384615384615,2
1802,2025-02-04,Aster,66,66,6,6,50,52,1,0.9615384615384616,0
1803,2025-05-28,Cedar,56,56,11,14,199,47,0,4.23404255319149,3
1804,2025-07-15,Cedar,92,92,6,9,300,13,0,23.076923076923077,3
1805,2025-11-10,Delta,97,82,5,9,717,21,0,34.142857142857146,4
1806,2025-08-03,Aster,84,84,12,16,257,37,0,6.945945945945946,4
1807,2025-04-12,Beacon,210,210,13,15,505,64,0,7.890625,2
1808,2025-04-23,Aster,79,64,2,1,731,15,0,48.733333333333334,0
1809,2025-01-08,Aster,109,109,10,8,189,30,1,6.3,0
1810,2025-05-16,Delta,227,212,14,13,315,10,0,31.5,0
1811,2025-02-17,Aster,33,18,7,8,312,36,0,8.666666666666666,1
1812,2025-07-07,Aster,143,143,2,6,762,54,0,14.11111111111111,4
1813,2025-11-07,Cedar,137,132,3,4,678,61,0,11.114754098360656,1
1814,2025-09-10,Beacon,37,37,14,12,185,6,1,30.833333333333332,0
1815,2025-09-18,Delta,222,217,14,13,487,49,0,9.938775510204081,0
1816,2025-08-01,Delta,54,54,10,11,63,39,0,1.6153846153846154,1
1817,2025-01-29,Aster,121,121,12,12,791,55,1,14.381818181818181,0
1818,2025-01-14,Aster,202,202,15,13,530,63,1,8.412698412698413,0
1819,2025-06-28,Delta,218,213,2,6,612,10,0,61.2,4
1820,2025-03-17,Cedar,114,114,6,5,730,24,1,30.416666666666668,0
1821,2025-12-01,Aster,198,198,8,9,272,60,0,4.533333333333333,1
1822,2025-10-29,Aster,121,121,4,2,425,60,1,7.083333333333333,0
1823,2025-11-19,Aster,183,183,12,14,10,7,0,1.4285714285714286,2
1824,2025-12-10,Beacon,66,66,10,8,116,39,1,2.9743589743589745,0
1825,2025-11-04,Aster,246,246,10,8,643,57,1,11.280701754385966,0
1826,2025-02-07,Aster,174,169,11,14,579,61,0,9.491803278688524,3
1827,2025-09-16,Cedar,115,115,5,8,633,52,0,12.173076923076923,3
1828,2025-01-09,Cedar,249,249,7,9,169,51,0,3.3137254901960786,2
1829,2025-01-20,Aster,52,52,14,13,304,7,1,43.42857142857143,0
1830,2025-07-29,Cedar,26,11,8,12,309,19,0,16.263157894736842,4
1831,2025-04-05,Cedar,208,193,12,14,96,49,0,1.9591836734693877,2
1832,2025-08-31,Beacon,227,227,4,2,237,9,1,26.333333333333332,0
1833,2025-03-25,Aster,240,240,7,9,250,64,0,3.90625,2
1834,2025-08-24,Aster,107,107,8,10,724,56,0,12.928571428571429,2
1835,2025-02-18,Cedar,227,227,12,14,711,31,0,22.93548387096774,2
1836,2025-12-06,Cedar,114,114,2,1,459,33,1,13.909090909090908,0
1837,2025-01-10,Beacon,202,202,2,6,463,13,0,35.61538461538461,4
1838,2025-07-25,Cedar,222,222,8,9,222,32,0,6.9375,1
1839,2025-11-23,Beacon,106,91,4,6,451,63,0,7.158730158730159,2
1840,2025-01-13,Delta,25,25,15,14,579,58,1,9.982758620689655,0
1841,2025-11-08,Beacon,94,79,7,5,588,40,0,14.7,0
1842,2025-10-29,Beacon,80,80,4,5,96,42,0,2.2857142857142856,1
1843,2025-04-15,Aster,185,170,8,7,15,42,0,0.35714285714285715,0
1844,2025-06-11,Cedar,226,226,4,2,556,29,1,19.17241379310345,0
1845,2025-02-22,Cedar,189,189,11,13,141,22,0,6.409090909090909,2
1846,2025-05-24,Aster,95,90,5,6,193,46,0,4.195652173913044,1
1847,2025-12-18,Aster,190,185,7,6,22,36,0,0.6111111111111112,0
1848,2025-07-12,Cedar,92,92,2,4,474,64,0,7.40625,2
1849,2025-11-03,Aster,170,165,3,7,625,31,0,20.161290322580644,4
1850,2025-07-02,Cedar,140,125,15,13,118,40,0,2.95,0
1851,2025-07-23,Beacon,166,161,3,7,78,14,0,5.571428571428571,4
1852,2025-06-21,Cedar,207,207,9,11,789,48,0,16.4375,2
1853,2025-08-04,Aster,97,97,8,7,543,12,1,45.25,0
1854,2025-08-08,Cedar,163,148,13,16,63,44,0,1.4318181818181819,3
1855,2025-12-04,Beacon,90,90,7,5,700,15,1,46.666666666666664,0
1856,2025-05-17,Beacon,184,184,6,10,508,24,0,21.166666666666668,4
1857,2025-11-13,Aster,129,114,2,2,519,12,0,43.25,0
1858,2025-05-07,Beacon,93,88,11,15,474,62,0,7.645161290322581,4
1859,2025-11-29,Beacon,27,27,2,1,111,64,1,1.734375,0
1860,2025-12-31,Delta,26,21,15,14,104,57,0,1.8245614035087718,0
1861,2025-09-21,Aster,188,173,7,8,324,17,0,19.058823529411764,1
1862,2025-03-26,Delta,149,149,15,14,471,49,1,9.612244897959183,0
1863,2025-07-07,Delta,71,56,6,9,336,44,0,7.636363636363637,3
1864,2025-06-23,Beacon,34,34,8,12,39,7,0,5.571428571428571,4
1865,2025-08-23,Delta,96,96,12,13,750,16,0,46.875,1
1866,2025-11-08,Aster,136,131,5,4,85,39,0,2.1794871794871793,0
1867,2025-10-19,Aster,114,109,4,8,95,7,0,13.571428571428571,4
1868,2025-08-25,Delta,50,50,13,11,655,6,1,109.16666666666667,0
1869,2025-04-21,Cedar,64,59,15,18,83,33,0,2.515151515151515,3
1870,2025-11-17,Aster,236,236,7,9,33,5,0,6.6,2
1871,2025-06-07,Aster,114,114,14,16,43,59,0,0.7288135593220338,2
1872,2025-12-14,Delta,123,118,4,2,652,19,0,34.31578947368421,0
1873,2025-05-04,Beacon,94,89,15,19,535,11,0,48.63636363636363,4
1874,2025-06-05,Delta,209,204,8,12,203,16,0,12.6875,4
1875,2025-02-09,Aster,194,194,3,3,158,42,1,3.761904761904762,0
1876,2025-08-03,Aster,147,142,11,15,33,15,0,2.2,4
1877,2025-12-07,Beacon,243,228,14,17,184,48,0,3.8333333333333335,3
1878,2025-12-12,Aster,230,230,4,4,776,37,1,20.972972972972972,0
1879,2025-10-16,Delta,205,200,4,4,555,20,0,27.75,0
1880,2025-03-06,Aster,46,46,6,5,96,54,1,1.7777777777777777,0
1881,2025-06-06,Cedar,21,6,2,6,228,12,0,19.0,4
1882,2025-02-21,Delta,48,43,9,12,392,11,0,35.63636363636363,3
1883,2025-06-01,Cedar,234,229,4,7,263,45,0,5.844444444444444,3
1884,2025-08-08,Cedar,198,198,3,4,681,18,0,37.833333333333336,1
1885,2025-08-08,Delta,20,20,5,5,223,29,1,7.689655172413793,0
1886,2025-12-28,Aster,144,144,7,10,739,35,0,21.114285714285714,3
1887,2025-10-15,Delta,106,101,2,1,336,7,0,48.0,0
1888,2025-12-11,Aster,128,128,11,9,229,43,1,5.325581395348837,0
1889,2025-11-11,Aster,68,63,12,14,594,9,0,66.0,2
1890,2025-09-02,Delta,192,192,8,7,64,53,1,1.2075471698113207,0
1891,2025-12-29,Cedar,50,35,8,6,286,14,0,20.428571428571427,0
1892,2025-03-31,Delta,179,174,6,9,662,54,0,12.25925925925926,3
1893,2025-10-29,Delta,235,220,5,9,434,29,0,14.96551724137931,4
1894,2025-05-23,Aster,202,202,9,9,433,43,1,10.069767441860465,0
1895,2025-02-21,Delta,31,31,5,7,537,30,0,17.9,2
1896,2025-01-12,Cedar,62,62,5,3,509,52,1,9.788461538461538,0
1897,2025-09-11,Delta,162,162,13,13,154,26,1,5.923076923076923,0
1898,2025-09-25,Beacon,191,176,15,19,343,33,0,10.393939393939394,4
1899,2025-02-04,Aster,235,220,10,11,100,49,0,2.0408163265306123,1
1900,2025-09-29,Cedar,121,121,14,13,719,35,1,20.542857142857144,0
1901,2025-11-15,Delta,82,67,7,8,333,34,0,9.794117647058824,1
1902,2025-04-21,Delta,58,58,11,15,695,44,0,15.795454545454545,4
1903,2025-03-27,Beacon,149,144,4,5,20,11,0,1.8181818181818181,1
1904,2025-05-23,Cedar,224,224,14,13,149,19,1,7.842105263157895,0
1905,2025-09-19,Beacon,183,183,10,13,86,18,0,4.777777777777778,3
1906,2025-08-05,Cedar,210,210,5,7,617,24,0,25.708333333333332,2
1907,2025-02-22,Delta,82,82,7,10,56,53,0,1.0566037735849056,3
1908,2025-03-04,Aster,25,25,11,10,518,39,1,13.282051282051283,0
1909,2025-12-07,Aster,177,177,6,5,201,9,1,22.333333333333332,0
1910,2025-11-03,Beacon,54,54,8,11,316,46,0,6.869565217391305,3
1911,2025-07-10,Delta,46,46,5,6,215,13,0,16.53846153846154,1
1912,2025-11-15,Aster,53,53,8,11,524,8,0,65.5,3
1913,2025-05-01,Beacon,141,126,9,13,23,11,0,2.090909090909091,4
1914,2025-05-24,Cedar,122,117,7,7,738,19,0,38.8421052631579,0
1915,2025-07-06,Aster,99,99,5,7,353,53,0,6.660377358490566,2
1916,2025-08-06,Delta,230,225,6,8,316,48,0,6.583333333333333,2
1917,2025-09-01,Beacon,182,167,12,11,595,48,0,12.395833333333334,0
1918,2025-08-06,Cedar,221,216,3,6,112,38,0,2.9473684210526314,3
1919,2025-07-28,Cedar,187,187,12,16,705,21,0,33.57142857142857,4
1920,2025-07-09,Delta,127,127,7,8,76,52,0,1.4615384615384615,1
1921,2025-05-18,Delta,160,155,3,7,392,64,0,6.125,4
1922,2025-11-24,Cedar,223,223,2,2,778,62,1,12.548387096774194,0
1923,2025-04-27,Beacon,175,160,8,11,702,46,0,15.26086956521739,3
1924,2025-03-03,Aster,219,219,11,12,47,15,0,3.1333333333333333,1
1925,2025-02-28,Delta,102,102,12,11,283,18,1,15.722222222222221,0
1926,2025-05-03,Cedar,76,71,9,10,219,38,0,5.7631578947368425,1
1927,2025-01-15,Beacon,125,125,14,13,142,62,1,2.2903225806451615,0
1928,2025-03-19,Cedar,81,66,10,12,774,11,0,70.36363636363636,2
1929,2025-04-21,Aster,222,222,7,6,736,21,1,35.04761904761905,0
1930,2025-10-16,Cedar,149,134,5,4,596,35,0,17.02857142857143,0
1931,2025-07-17,Aster,200,195,8,9,199,36,0,5.527777777777778,1
1932,2025-08-22,Aster,66,51,2,3,538,33,0,16.303030303030305,1
1933,2025-06-09,Beacon,63,63,13,11,320,11,1,29.09090909090909,0
1934,2025-07-12,Cedar,152,152,3,2,607,29,1,20.93103448275862,0
1935,2025-10-21,Beacon,34,34,10,14,671,54,0,12.425925925925926,4
1936,2025-05-01,Cedar,36,36,6,4,621,15,1,41.4,0
1937,2025-12-01,Aster,214,214,8,7,739,32,1,23.09375,0
1938,2025-04-04,Aster,95,95,11,14,169,37,0,4.5675675675675675,3
1939,2025-08-04,Cedar,24,24,12,12,415,18,1,23.055555555555557,0
1940,2025-02-05,Delta,55,55,12,13,349,55,0,6.345454545454546,1
1941,2025-08-12,Beacon,76,61,15,16,582,14,0,41.57142857142857,1
1942,2025-03-05,Cedar,244,239,14,18,130,50,0,2.6,4
1943,2025-01-19,Aster,29,29,3,4,381,11,0,34.63636363636363,1
1944,2025-04-27,Beacon,155,140,6,7,687,27,0,25.444444444444443,1
1945,2025-08-07,Delta,56,56,8,11,107,42,0,2.5476190476190474,3
1946,2025-04-24,Beacon,237,232,2,4,506,44,0,11.5,2
1947,2025-07-23,Beacon,225,210,12,14,59,50,0,1.18,2
1948,2025-11-06,Aster,162,162,13,17,122,57,0,2.1403508771929824,4
1949,2025-12-07,Aster,161,156,8,11,134,59,0,2.2711864406779663,3
1950,2025-08-29,Cedar,61,46,5,3,716,11,0,65.0909090909091,0
1951,2025-02-11,Delta,42,42,15,14,276,24,1,11.5,0
1952,2025-08-16,Aster,20,20,2,6,196,53,0,3.69811320754717,4
1953,2025-10-03,Cedar,114,99,6,9,496,49,0,10.122448979591837,3
1954,2025-05-21,Beacon,42,42,15,17,642,12,0,53.5,2
1955,2025-10-23,Beacon,27,22,12,10,586,55,0,10.654545454545454,0
1956,2025-06-14,Aster,211,211,9,13,649,22,0,29.5,4
1957,2025-12-11,Cedar,30,30,2,4,40,20,0,2.0,2
1958,2025-10-01,Aster,168,163,15,15,295,35,0,8.428571428571429,0
1959,2025-02-04,Cedar,116,111,8,6,630,55,0,11.454545454545455,0
1960,2025-11-17,Delta,73,73,2,1,582,35,1,16.62857142857143,0
1961,2025-06-07,Cedar,197,197,11,11,340,47,1,7.23404255319149,0
1962,2025-07-06,Beacon,103,98,5,7,659,21,0,31.38095238095238,2
1963,2025-07-31,Aster,28,28,12,16,223,5,0,44.6,4
1964,2025-11-13,Beacon,97,92,9,12,343,61,0,5.622950819672131,3
1965,2025-12-12,Aster,62,62,6,5,743,59,1,12.59322033898305,0
1966,2025-01-12,Aster,160,160,2,3,164,18,0,9.11111111111111,1
1967,2025-02-02,Beacon,95,95,9,10,403,14,0,28.785714285714285,1
1968,2025-01-28,Aster,208,203,9,9,226,33,0,6.848484848484849,0
1969,2025-12-22,Cedar,120,120,2,2,591,57,1,10.368421052631579,0
1970,2025-11-23,Beacon,187,187,14,15,463,10,0,46.3,1
1971,2025-04-01,Aster,194,189,15,15,83,46,0,1.8043478260869565,0
1972,2025-12-07,Cedar,141,141,9,10,105,33,0,3.1818181818181817,1
1973,2025-12-25,Delta,61,46,4,3,65,12,0,5.416666666666667,0
1974,2025-08-12,Aster,56,51,10,13,781,50,0,15.62,3
1975,2025-12-08,Beacon,132,127,2,1,785,32,0,24.53125,0
1976,2025-12-13,Aster,219,214,15,15,289,25,0,11.56,0
1977,2025-12-24,Cedar,223,223,14,16,406,10,0,40.6,2
1978,2025-01-26,Beacon,152,147,14,17,235,19,0,12.368421052631579,3
1979,2025-01-03,Aster,65,60,6,9,674,62,0,10.870967741935484,3
1980,2025-12-03,Beacon,52,52,11,15,57,20,0,2.85,4
1981,2025-03-31,Delta,75,75,11,13,165,20,0,8.25,2
1982,2025-06-04,Beacon,181,181,4,2,796,35,1,22.742857142857144,0
1983,2025-05-13,Delta,108,108,14,17,559,26,0,21.5,3
1984,2025-02-27,Beacon,22,17,13,17,569,49,0,11.612244897959183,4
1985,2025-10-06,Aster,97,82,9,10,568,58,0,9.793103448275861,1
1986,2025-03-17,Delta,131,116,12,15,345,48,0,7.1875,3
1987,2025-07-30,Beacon,223,223,11,9,222,41,1,5.414634146341464,0
1988,2025-07-23,Cedar,32,32,5,8,15,12,0,1.25,3
1989,2025-11-03,Delta,86,81,12,12,590,39,0,15.128205128205128,0
1990,2025-03-11,Aster,133,133,9,13,661,19,0,34.78947368421053,4
1991,2025-04-24,Cedar,192,192,12,15,79,52,0,1.5192307692307692,3
1992,2025-05-07,Cedar,202,187,10,10,378,55,0,6.872727272727273,0
1993,2025-03-15,Aster,114,109,8,9,325,61,0,5.327868852459017,1
1994,2025-08-12,Aster,22,22,14,17,647,9,0,71.88888888888889,3
1995,2025-10-29,Delta,177,172,10,13,609,7,0,87.0,3
1996,2025-04-23,Cedar,47,42,5,5,620,6,0,103.33333333333333,0
1997,2025-02-12,Cedar,109,104,3,4,314,55,0,5.709090909090909,1
1998,2025-10-22,Cedar,25,25,11,13,340,27,0,12.592592592592593,2
1999,2025-05-23,Delta,102,97,4,4,532,44,0,12.090909090909092,0
2000,2025-09-12,Beacon,87,87,9,11,750,43,0,17.441860465116278,2
2001,2025-05-10,Aster,107,107,15,14,402,55,1,7.3090909090909095,0
2002,2025-04-03,Aster,227,227,4,6,467,58,0,8.051724137931034,2
2003,2025-10-29,Beacon,21,16,5,4,251,18,0,13.944444444444445,0
2004,2025-07-01,Beacon,168,168,11,11,152,32,1,4.75,0
2005,2025-02-27,Beacon,101,86,5,4,88,35,0,2.5142857142857142,0
2006,2025-04-12,Cedar,136,121,11,14,740,9,0,82.22222222222223,3
2007,2025-09-07,Cedar,221,221,13,14,585,49,0,11.938775510204081,1
2008,2025-11-20,Delta,100,100,11,11,56,56,1,1.0,0
2009,2025-09-23,Beacon,26,26,8,10,544,49,0,11.10204081632653,2
2010,2025-09-12,Delta,157,157,6,10,287,30,0,9.566666666666666,4
2011,2025-11-25,Delta,192,177,5,6,41,48,0,0.8541666666666666,1
2012,2025-08-27,Aster,55,55,14,12,766,23,1,33.30434782608695,0
2013,2025-08-23,Beacon,148,143,3,2,348,24,0,14.5,0
2014,2025-07-28,Cedar,97,92,6,8,424,46,0,9.217391304347826,2
2015,2025-12-25,Delta,64,49,9,10,314,44,0,7.136363636363637,1
2016,2025-07-14,Delta,44,44,8,8,688,16,1,43.0,0
2017,2025-11-16,Delta,212,212,4,2,764,56,1,13.642857142857142,0
2018,2025-02-06,Beacon,84,69,4,2,281,60,0,4.683333333333334,0
2019,2025-10-18,Delta,31,16,3,1,325,45,0,7.222222222222222,0
2020,2025-01-06,Cedar,245,230,10,14,153,55,0,2.7818181818181817,4
2021,2025-03-03,Cedar,88,83,8,7,70,27,0,2.5925925925925926,0
2022,2025-01-09,Beacon,218,203,4,5,168,64,0,2.625,1
2023,2025-09-22,Cedar,186,181,2,6,386,39,0,9.897435897435898,4
2024,2025-09-03,Cedar,102,97,5,7,138,36,0,3.8333333333333335,2
2025,2025-06-27,Delta,203,203,9,10,549,36,0,15.25,1
2026,2025-01-29,Beacon,232,217,13,12,657,39,0,16.846153846153847,0
2027,2025-02-02,Delta,189,174,5,3,790,57,0,13.859649122807017,0
2028,2025-01-05,Aster,34,34,3,5,667,20,0,33.35,2
2029,2025-01-29,Cedar,122,122,13,11,175,18,1,9.722222222222221,0
2030,2025-02-06,Cedar,170,170,3,1,487,41,1,11.878048780487806,0
2031,2025-09-13,Delta,175,175,13,14,233,26,0,8.961538461538462,1
2032,2025-05-01,Cedar,248,248,12,10,344,38,1,9.052631578947368,0
2033,2025-03-24,Beacon,166,166,14,17,652,6,0,108.66666666666667,3
2034,2025-11-02,Beacon,170,155,8,9,560,58,0,9.655172413793103,1
2035,2025-09-26,Delta,105,105,6,9,122,42,0,2.9047619047619047,3
2036,2025-12-13,Beacon,148,148,7,10,664,40,0,16.6,3
2037,2025-04-10,Cedar,152,152,2,5,333,28,0,11.892857142857142,3
2038,2025-05-24,Cedar,166,166,6,10,732,54,0,13.555555555555555,4
2039,2025-04-02,Cedar,143,138,11,12,187,8,0,23.375,1
2040,2025-10-12,Delta,161,161,15,18,469,55,0,8.527272727272727,3
2041,2025-04-28,Beacon,62,62,8,10,209,39,0,5.358974358974359,2
2042,2025-09-04,Cedar,198,193,5,9,33,48,0,0.6875,4
2043,2025-09-10,Aster,113,108,6,4,367,31,0,11.838709677419354,0
2044,2025-12-05,Beacon,20,20,5,9,565,18,0,31.38888888888889,4
2045,2025-07-24,Beacon,171,156,3,2,515,29,0,17.75862068965517,0
2046,2025-10-25,Aster,38,23,8,7,520,34,0,15.294117647058824,0
2047,2025-12-14,Cedar,47,42,15,15,297,47,0,6.319148936170213,0
2048,2025-02-22,Cedar,191,176,14,17,249,44,0,5.659090909090909,3
2049,2025-07-09,Delta,182,182,7,8,366,46,0,7.956521739130435,1
2050,2025-11-16,Aster,97,97,2,5,661,21,0,31.476190476190474,3
2051,2025-07-17,Cedar,26,26,6,5,617,16,1,38.5625,0
2052,2025-03-05,Beacon,96,96,12,13,643,14,0,45.92857142857143,1
2053,2025-12-02,Cedar,34,34,5,3,339,14,1,24.214285714285715,0
2054,2025-08-04,Aster,100,100,11,15,346,40,0,8.65,4
2055,2025-03-07,Delta,234,234,4,5,449,39,0,11.512820512820513,1
2056,2025-06-15,Cedar,118,118,2,3,120,25,0,4.8,1
2057,2025-09-10,Aster,176,176,5,4,84,62,1,1.3548387096774193,0
2058,2025-02-28,Cedar,183,168,8,6,232,54,0,4.296296296296297,0
2059,2025-01-11,Beacon,233,233,13,17,304,52,0,5.846153846153846,4
2060,2025-07-02,Beacon,243,243,11,10,454,6,1,75.66666666666667,0
2061,2025-11-28,Aster,193,178,9,7,461,40,0,11.525,0
2062,2025-01-01,Beacon,68,68,8,9,94,60,0,1.5666666666666667,1
2063,2025-06-02,Beacon,157,152,11,13,782,35,0,22.34285714285714,2
2064,2025-09-27,Delta,172,172,5,6,504,31,0,16.258064516129032,1
2065,2025-08-05,Aster,41,26,3,4,677,47,0,14.404255319148936,1
2066,2025-05-05,Beacon,244,244,15,16,581,35,0,16.6,1
2067,2025-03-01,Delta,236,221,9,7,242,62,0,3.903225806451613,0
2068,2025-01-06,Aster,230,215,3,5,325,24,0,13.541666666666666,2
2069,2025-05-05,Delta,55,55,5,3,688,47,1,14.638297872340425,0
2070,2025-12-08,Aster,225,220,2,1,101,57,0,1.7719298245614035,0
2071,2025-05-25,Cedar,169,169,10,8,576,6,1,96.0,0
2072,2025-12-20,Cedar,57,57,7,9,28,41,0,0.6829268292682927,2
2073,2025-11-28,Beacon,25,25,15,13,598,59,1,10.135593220338983,0
2074,2025-03-14,Beacon,120,105,4,5,793,44,0,18.022727272727273,1
2075,2025-01-11,Delta,225,225,2,2,601,24,1,25.041666666666668,0
2076,2025-03-04,Delta,215,200,3,2,538,46,0,11.695652173913043,0
2077,2025-06-06,Aster,204,204,6,10,21,62,0,0.3387096774193548,4
2078,2025-04-06,Cedar,164,164,2,4,399,21,0,19.0,2
2079,2025-09-13,Cedar,115,100,4,3,61,63,0,0.9682539682539683,0
2080,2025-12-20,Aster,211,196,14,12,44,6,0,7.333333333333333,0
2081,2025-05-13,Aster,225,225,10,9,21,29,1,0.7241379310344828,0
2082,2025-12-21,Delta,142,142,13,12,68,23,1,2.9565217391304346,0
2083,2025-03-18,Beacon,28,28,15,16,475,35,0,13.571428571428571,1
2084,2025-05-30,Delta,232,232,6,4,76,26,1,2.923076923076923,0
2085,2025-10-03,Cedar,164,164,6,9,453,7,0,64.71428571428571,3
2086,2025-01-10,Beacon,221,221,7,7,603,28,1,21.535714285714285,0
2087,2025-02-16,Beacon,215,200,14,16,538,58,0,9.275862068965518,2
2088,2025-08-04,Delta,155,140,13,17,96,7,0,13.714285714285714,4
2089,2025-02-14,Cedar,189,174,12,13,796,23,0,34.608695652173914,1
2090,2025-07-16,Cedar,141,141,6,9,683,13,0,52.53846153846154,3
2091,2025-02-10,Delta,189,189,15,16,538,14,0,38.42857142857143,1
2092,2025-09-25,Delta,41,41,9,12,161,20,0,8.05,3
2093,2025-07-21,Cedar,144,144,12,15,174,10,0,17.4,3
2094,2025-07-14,Aster,90,90,9,12,611,32,0,19.09375,3
2095,2025-12-09,Delta,166,166,5,5,84,5,1,16.8,0
2096,2025-08-27,Beacon,144,129,5,6,43,28,0,1.5357142857142858,1
2097,2025-07-30,Cedar,92,92,14,15,237,50,0,4.74,1
2098,2025-02-14,Delta,56,41,9,9,373,25,0,14.92,0
2099,2025-11-08,Cedar,114,114,12,16,472,52,0,9.076923076923077,4
2100,2025-12-09,Cedar,48,48,8,10,436,61,0,7.147540983606557,2
2101,2025-12-04,Aster,203,203,5,8,240,38,0,6.315789473684211,3
2102,2025-05-15,Delta,91,91,10,9,514,39,1,13.179487179487179,0
2103,2025-11-26,Cedar,226,221,2,3,438,9,0,48.666666666666664,1
2104,2025-07-04,Cedar,28,13,12,16,164,24,0,6.833333333333333,4
2105,2025-10-11,Beacon,245,230,11,11,230,58,0,3.9655172413793105,0
2106,2025-06-06,Beacon,144,139,11,10,370,55,0,6.7272727272727275,0
2107,2025-07-24,Aster,213,213,13,12,700,26,1,26.923076923076923,0
2108,2025-04-16,Beacon,44,29,6,5,336,53,0,6.339622641509434,0
2109,2025-11-30,Cedar,161,156,7,8,239,35,0,6.828571428571428,1
2110,2025-04-06,Cedar,237,237,7,8,747,14,0,53.357142857142854,1
2111,2025-10-27,Cedar,226,226,4,6,38,11,0,3.4545454545454546,2
2112,2025-05-31,Aster,247,247,4,7,545,10,0,54.5,3
2113,2025-12-06,Delta,25,25,9,7,655,56,1,11.696428571428571,0
2114,2025-02-27,Aster,185,185,9,9,217,40,1,5.425,0
2115,2025-06-22,Aster,178,163,11,12,440,15,0,29.333333333333332,1
2116,2025-08-17,Delta,94,94,3,1,71,14,1,5.071428571428571,0
2117,2025-07-22,Delta,210,210,2,6,110,33,0,3.3333333333333335,4
2118,2025-11-01,Delta,43,28,4,7,585,41,0,14.268292682926829,3
2119,2025-03-26,Cedar,51,36,3,2,194,46,0,4.217391304347826,0
2120,2025-01-14,Delta,169,154,12,14,560,64,0,8.75,2
2121,2025-06-06,Aster,224,219,12,14,433,15,0,28.866666666666667,2
2122,2025-11-16,Cedar,65,60,4,3,468,30,0,15.6,0
2123,2025-10-11,Cedar,238,238,6,10,187,44,0,4.25,4
2124,2025-02-16,Delta,213,213,4,4,293,47,1,6.23404255319149,0
2125,2025-11-03,Delta,55,55,13,17,734,38,0,19.31578947368421,4
2126,2025-10-14,Cedar,237,222,6,8,281,57,0,4.9298245614035086,2
2127,2025-02-07,Beacon,35,30,5,3,423,31,0,13.64516129032258,0
2128,2025-06-15,Aster,83,83,10,8,692,33,1,20.96969696969697,0
2129,2025-05-15,Aster,65,65,2,1,478,23,1,20.782608695652176,0
2130,2025-08-13,Cedar,89,89,11,14,429,18,0,23.833333333333332,3
2131,2025-04-03,Aster,71,71,9,11,157,40,0,3.925,2
2132,2025-02-07,Cedar,89,74,9,11,66,26,0,2.5384615384615383,2
2133,2025-11-14,Delta,190,190,6,9,516,47,0,10.97872340425532,3
2134,2025-11-14,Delta,159,154,8,11,24,6,0,4.0,3
2135,2025-03-09,Aster,151,146,10,8,212,7,0,30.285714285714285,0
2136,2025-08-06,Delta,214,214,13,12,747,53,1,14.09433962264151,0
2137,2025-01-12,Delta,27,22,15,15,514,21,0,24.476190476190474,0
2138,2025-10-14,Cedar,161,161,10,12,471,23,0,20.47826086956522,2
2139,2025-09-13,Delta,180,175,15,16,147,40,0,3.675,1
2140,2025-02-02,Delta,234,234,15,16,504,6,0,84.0,1
2141,2025-06-05,Delta,25,10,11,13,664,50,0,13.28,2
2142,2025-05-21,Cedar,172,157,10,9,385,47,0,8.191489361702128,0
2143,2025-09-03,Aster,100,100,2,6,409,33,0,12.393939393939394,4
2144,2025-02-07,Beacon,75,75,12,10,786,41,1,19.170731707317074,0
2145,2025-08-03,Delta,28,28,8,9,765,60,0,12.75,1
2146,2025-03-06,Aster,93,93,2,4,375,12,0,31.25,2
2147,2025-01-02,Cedar,110,95,10,9,210,11,0,19.09090909090909,0
2148,2025-05-05,Delta,161,156,11,12,688,41,0,16.78048780487805,1
2149,2025-11-07,Delta,118,118,9,7,589,25,1,23.56,0
2150,2025-03-17,Beacon,132,127,14,13,741,22,0,33.68181818181818,0
2151,2025-04-14,Aster,236,231,7,11,363,6,0,60.5,4
2152,2025-07-01,Cedar,145,140,13,16,129,23,0,5.608695652173913,3
2153,2025-10-15,Aster,33,33,10,13,249,9,0,27.666666666666668,3
2154,2025-11-04,Cedar,69,54,3,3,128,14,0,9.142857142857142,0
2155,2025-07-03,Cedar,81,81,5,6,574,31,0,18.516129032258064,1
2156,2025-04-30,Cedar,48,33,14,18,602,28,0,21.5,4
2157,2025-02-10,Aster,119,104,2,1,632,19,0,33.26315789473684,0
2158,2025-05-01,Beacon,160,145,10,9,724,44,0,16.454545454545453,0
2159,2025-06-30,Cedar,28,28,8,11,517,37,0,13.972972972972974,3
2160,2025-01-11,Aster,25,25,13,11,788,37,1,21.2972972972973,0
2161,2025-06-27,Aster,91,86,7,6,48,5,0,9.6,0
2162,2025-01-01,Beacon,75,60,13,17,711,36,0,19.75,4
2163,2025-01-18,Aster,165,160,4,4,142,24,0,5.916666666666667,0
2164,2025-01-11,Aster,170,155,10,13,591,48,0,12.3125,3
2165,2025-11-01,Delta,228,223,2,3,323,10,0,32.3,1
2166,2025-05-22,Beacon,70,70,7,6,245,25,1,9.8,0
2167,2025-06-15,Aster,249,249,5,3,280,22,1,12.727272727272727,0
2168,2025-10-14,Delta,98,93,10,10,602,43,0,14.0,0
2169,2025-12-30,Aster,213,198,10,9,552,31,0,17.806451612903224,0
2170,2025-01-25,Cedar,122,122,13,17,722,14,0,51.57142857142857,4
2171,2025-02-02,Cedar,39,39,4,2,279,14,1,19.928571428571427,0
2172,2025-08-06,Delta,72,72,2,3,168,39,0,4.3076923076923075,1
2173,2025-08-09,Delta,30,30,6,8,345,33,0,10.454545454545455,2
2174,2025-09-20,Beacon,240,240,13,17,369,18,0,20.5,4
2175,2025-08-25,Beacon,225,225,6,7,376,22,0,17.09090909090909,1
2176,2025-04-01,Beacon,233,218,7,7,623,26,0,23.96153846153846,0
2177,2025-04-03,Beacon,30,30,2,2,560,47,1,11.914893617021276,0
2178,2025-06-05,Delta,191,186,13,14,682,53,0,12.867924528301886,1
2179,2025-12-24,Beacon,111,111,6,8,522,47,0,11.106382978723405,2
2180,2025-07-20,Cedar,136,131,2,5,304,35,0,8.685714285714285,3
2181,2025-08-29,Beacon,120,120,7,9,617,29,0,21.275862068965516,2
2182,2025-07-16,Delta,178,178,6,7,546,63,0,8.666666666666666,1
2183,2025-09-26,Beacon,192,192,2,4,476,29,0,16.413793103448278,2
2184,2025-03-14,Aster,85,85,4,2,413,60,1,6.883333333333334,0
2185,2025-08-01,Delta,212,212,5,8,478,27,0,17.703703703703702,3
2186,2025-10-15,Beacon,233,233,6,4,793,63,1,12.587301587301587,0
2187,2025-04-15,Beacon,45,45,13,16,590,9,0,65.55555555555556,3
2188,2025-06-30,Cedar,174,169,13,11,281,24,0,11.708333333333334,0
2189,2025-07-21,Cedar,171,156,15,19,570,34,0,16.764705882352942,4
2190,2025-06-14,Cedar,204,204,7,10,417,61,0,6.836065573770492,3
2191,2025-12-14,Aster,177,162,13,13,27,24,0,1.125,0
2192,2025-03-21,Delta,22,22,15,13,366,8,1,45.75,0
2193,2025-12-05,Aster,217,217,2,4,743,22,0,33.77272727272727,2
2194,2025-10-07,Delta,55,55,15,17,114,29,0,3.9310344827586206,2
2195,2025-01-07,Delta,128,123,14,15,399,10,0,39.9,1
2196,2025-12-18,Beacon,62,62,6,9,393,34,0,11.558823529411764,3
2197,2025-07-05,Delta,65,65,9,8,244,55,1,4.4363636363636365,0
2198,2025-04-01,Beacon,107,102,11,15,252,56,0,4.5,4
2199,2025-06-25,Beacon,81,81,2,4,336,10,0,33.6,2
2200,2025-02-13,Beacon,121,116,4,4,371,61,0,6.081967213114754,0
2201,2025-07-09,Beacon,153,148,14,16,742,14,0,53.0,2
2202,2025-09-28,Aster,105,90,4,3,447,36,0,12.416666666666666,0
2203,2025-01-24,Delta,190,190,11,15,40,30,0,1.3333333333333333,4
2204,2025-10-28,Aster,147,147,11,13,328,35,0,9.371428571428572,2
2205,2025-09-06,Cedar,151,136,8,10,401,63,0,6.365079365079365,2
2206,2025-12-27,Beacon,48,43,11,13,425,13,0,32.69230769230769,2
2207,2025-11-26,Aster,115,115,3,1,429,49,1,8.755102040816327,0
2208,2025-05-04,Delta,198,193,9,11,555,58,0,9.568965517241379,2
2209,2025-06-14,Aster,130,130,6,8,382,63,0,6.063492063492063,2
2210,2025-09-01,Delta,139,139,15,18,390,39,0,10.0,3
2211,2025-05-28,Beacon,212,212,4,3,508,28,1,18.142857142857142,0
2212,2025-09-14,Aster,213,198,3,4,488,20,0,24.4,1
2213,2025-12-17,Aster,221,221,8,6,794,60,1,13.233333333333333,0
2214,2025-12-25,Aster,162,147,13,14,219,9,0,24.333333333333332,1
2215,2025-04-09,Beacon,213,208,8,12,762,6,0,127.0,4
2216,2025-12-26,Cedar,20,15,3,6,614,29,0,21.17241379310345,3
2217,2025-07-11,Cedar,127,127,10,12,433,33,0,13.121212121212121,2
2218,2025-06-09,Aster,231,231,8,7,289,23,1,12.565217391304348,0
2219,2025-06-14,Beacon,197,197,12,11,604,19,1,31.789473684210527,0
2220,2025-06-05,Delta,112,112,11,9,589,46,1,12.804347826086957,0
2221,2025-06-01,Aster,125,125,2,5,147,54,0,2.7222222222222223,3
2222,2025-12-08,Cedar,138,123,11,10,784,32,0,24.5,0
2223,2025-12-29,Beacon,103,88,15,18,444,23,0,19.304347826086957,3
2224,2025-04-11,Cedar,174,174,6,7,681,9,0,75.66666666666667,1
2225,2025-06-07,Delta,85,85,7,9,728,41,0,17.75609756097561,2
2226,2025-01-04,Aster,33,28,6,7,781,14,0,55.785714285714285,1
2227,2025-09-28,Aster,134,134,4,4,363,11,1,33.0,0
2228,2025-09-16,Cedar,176,176,8,7,121,19,1,6.368421052631579,0
2229,2025-05-02,Aster,143,138,6,10,368,53,0,6.943396226415095,4
2230,2025-02-10,Aster,61,61,11,11,198,9,1,22.0,0
2231,2025-09-07,Aster,168,168,14,13,719,51,1,14.098039215686274,0
2232,2025-06-13,Beacon,181,166,13,17,193,33,0,5.848484848484849,4
2233,2025-06-24,Delta,208,208,9,9,161,14,1,11.5,0
2234,2025-06-17,Delta,153,148,5,6,679,8,0,84.875,1
2235,2025-06-26,Aster,42,27,10,13,407,24,0,16.958333333333332,3
2236,2025-04-03,Delta,231,226,13,17,534,30,0,17.8,4
2237,2025-11-20,Delta,93,93,14,17,500,17,0,29.41176470588235,3
2238,2025-08-18,Aster,186,186,2,1,753,30,1,25.1,0
2239,2025-08-21,Beacon,95,90,3,3,272,28,0,9.714285714285714,0
2240,2025-03-11,Beacon,20,5,5,4,25,13,0,1.9230769230769231,0
2241,2025-01-24,Cedar,124,119,2,2,517,33,0,15.666666666666666,0
2242,2025-11-26,Aster,107,102,6,7,583,62,0,9.403225806451612,1
2243,2025-11-08,Cedar,77,72,5,3,34,38,0,0.8947368421052632,0
2244,2025-02-22,Cedar,27,27,14,15,764,55,0,13.89090909090909,1
2245,2025-09-15,Cedar,101,101,9,8,445,24,1,18.541666666666668,0
2246,2025-04-17,Delta,225,225,11,14,212,21,0,10.095238095238095,3
2247,2025-09-09,Delta,165,150,3,5,550,10,0,55.0,2
2248,2025-02-27,Delta,237,237,10,9,10,10,1,1.0,0
2249,2025-10-27,Beacon,118,113,13,12,83,37,0,2.2432432432432434,0
2250,2025-01-05,Cedar,72,67,14,14,583,53,0,11.0,0
2251,2025-03-20,Delta,110,110,13,12,534,46,1,11.608695652173912,0
2252,2025-01-30,Cedar,31,16,15,15,216,31,0,6.967741935483871,0
2253,2025-02-07,Delta,114,114,4,7,117,49,0,2.3877551020408165,3
2254,2025-02-13,Beacon,178,178,7,5,729,48,1,15.1875,0
2255,2025-04-21,Cedar,104,89,9,10,129,37,0,3.4864864864864864,1
2256,2025-09-25,Beacon,34,19,12,14,326,63,0,5.174603174603175,2
2257,2025-02-21,Aster,143,138,11,14,205,44,0,4.659090909090909,3
2258,2025-05-05,Delta,168,168,11,10,557,63,1,8.841269841269842,0
2259,2025-12-06,Cedar,206,206,13,17,108,33,0,3.272727272727273,4
2260,2025-02-02,Beacon,52,52,11,9,486,46,1,10.565217391304348,0
2261,2025-10-29,Aster,73,68,2,1,534,20,0,26.7,0
2262,2025-01-09,Beacon,87,87,12,10,622,52,1,11.961538461538462,0
2263,2025-07-09,Cedar,23,23,5,7,22,17,0,1.2941176470588236,2
2264,2025-04-29,Aster,113,108,12,15,261,32,0,8.15625,3
2265,2025-12-14,Aster,50,35,9,13,338,60,0,5.633333333333334,4
2266,2025-06-01,Beacon,227,227,10,9,750,20,1,37.5,0
2267,2025-10-11,Delta,177,177,12,13,658,58,0,11.344827586206897,1
2268,2025-09-05,Cedar,222,222,9,12,370,18,0,20.555555555555557,3
2269,2025-10-01,Beacon,206,206,9,11,343,5,0,68.6,2
2270,2025-03-29,Beacon,155,140,5,8,139,57,0,2.43859649122807,3
2271,2025-08-02,Beacon,86,71,15,15,43,23,0,1.8695652173913044,0
2272,2025-09-16,Cedar,81,76,7,6,409,15,0,27.266666666666666,0
2273,2025-01-25,Cedar,233,233,6,5,217,20,1,10.85,0
2274,2025-02-01,Beacon,124,119,4,8,61,57,0,1.0701754385964912,4
2275,2025-02-17,Delta,27,12,7,11,118,43,0,2.744186046511628,4
2276,2025-02-27,Cedar,26,21,8,10,45,9,0,5.0,2
2277,2025-10-17,Aster,133,118,4,5,618,61,0,10.131147540983607,1
2278,2025-06-03,Aster,36,36,15,16,319,32,0,9.96875,1
2279,2025-08-14,Cedar,127,127,13,12,797,59,1,13.508474576271187,0
2280,2025-02-07,Beacon,53,53,13,13,622,21,1,29.61904761904762,0
2281,2025-03-27,Cedar,85,85,10,10,28,34,1,0.8235294117647058,0
2282,2025-03-03,Delta,65,60,9,12,193,30,0,6.433333333333334,3
2283,2025-04-15,Aster,54,39,9,9,532,12,0,44.333333333333336,0
2284,2025-10-24,Delta,161,156,8,8,22,13,0,1.6923076923076923,0
2285,2025-05-07,Delta,234,234,11,15,98,48,0,2.0416666666666665,4
2286,2025-03-28,Cedar,128,128,11,9,423,15,1,28.2,0
2287,2025-03-04,Beacon,36,21,4,4,510,15,0,34.0,0
2288,2025-02-09,Delta,99,84,5,6,603,46,0,13.108695652173912,1
2289,2025-10-24,Cedar,105,105,11,13,488,63,0,7.746031746031746,2
2290,2025-12-21,Delta,135,135,5,3,239,45,1,5.311111111111111,0
2291,2025-10-20,Delta,156,156,6,10,250,11,0,22.727272727272727,4
2292,2025-09-20,Cedar,45,30,4,4,113,46,0,2.4565217391304346,0
2293,2025-03-02,Cedar,39,39,11,13,677,8,0,84.625,2
2294,2025-10-26,Aster,20,20,13,17,121,46,0,2.630434782608696,4
2295,2025-08-23,Cedar,35,20,6,6,475,17,0,27.941176470588236,0
2296,2025-06-27,Cedar,43,38,4,6,746,9,0,82.88888888888889,2
2297,2025-06-08,Delta,150,150,6,6,396,34,1,11.647058823529411,0
2298,2025-07-07,Delta,214,214,12,13,313,42,0,7.4523809523809526,1
2299,2025-01-06,Beacon,214,214,2,1,215,10,1,21.5,0
2300,2025-07-18,Delta,220,205,9,7,754,45,0,16.755555555555556,0
2301,2025-06-25,Delta,77,72,12,10,633,56,0,11.303571428571429,0
2302,2025-04-13,Aster,169,154,7,10,122,20,0,6.1,3
2303,2025-10-04,Cedar,166,166,5,3,539,5,1,107.8,0
2304,2025-08-02,Aster,239,239,10,14,421,11,0,38.27272727272727,4
2305,2025-11-09,Beacon,204,204,2,1,17,16,1,1.0625,0
2306,2025-04-21,Cedar,84,79,6,8,235,54,0,4.351851851851852,2
2307,2025-02-01,Cedar,167,167,8,12,688,61,0,11.278688524590164,4
2308,2025-06-06,Cedar,41,41,15,18,289,35,0,8.257142857142858,3
2309,2025-03-29,Aster,98,98,7,10,257,35,0,7.3428571428571425,3
2310,2025-05-17,Aster,104,104,15,19,349,27,0,12.925925925925926,4
2311,2025-08-03,Delta,115,115,10,8,738,22,1,33.54545454545455,0
2312,2025-09-26,Cedar,200,200,14,18,313,48,0,6.520833333333333,4
2313,2025-09-20,Aster,102,102,13,15,205,49,0,4.183673469387755,2
2314,2025-10-13,Beacon,68,63,6,8,303,29,0,10.448275862068966,2
2315,2025-07-12,Beacon,210,210,4,7,165,64,0,2.578125,3
2316,2025-07-25,Aster,236,236,9,12,357,18,0,19.833333333333332,3
2317,2025-12-25,Aster,99,94,10,10,65,57,0,1.1403508771929824,0
2318,2025-08-18,Beacon,89,74,3,1,91,22,0,4.136363636363637,0
2319,2025-03-30,Beacon,190,190,9,10,76,40,0,1.9,1
2320,2025-03-19,Delta,242,242,4,6,780,15,0,52.0,2
2321,2025-09-21,Beacon,222,222,9,12,457,27,0,16.925925925925927,3
2322,2025-07-19,Beacon,151,151,9,8,491,23,1,21.347826086956523,0
2323,2025-11-11,Aster,108,103,9,13,699,64,0,10.921875,4
2324,2025-03-02,Beacon,249,249,4,2,59,63,1,0.9365079365079365,0
2325,2025-03-10,Cedar,139,139,3,4,216,22,0,9.818181818181818,1
2326,2025-02-23,Beacon,147,132,13,15,556,12,0,46.333333333333336,2
2327,2025-06-23,Cedar,90,85,12,12,213,48,0,4.4375,0
2328,2025-06-06,Cedar,83,83,9,7,68,5,1,13.6,0
2329,2025-12-01,Beacon,82,82,10,13,193,45,0,4.288888888888889,3
2330,2025-12-08,Cedar,94,94,7,11,315,15,0,21.0,4
2331,2025-06-24,Cedar,125,110,3,4,279,37,0,7.54054054054054,1
2332,2025-06-28,Cedar,234,234,14,16,18,50,0,0.36,2
2333,2025-06-09,Delta,92,92,3,1,342,64,1,5.34375,0
2334,2025-09-12,Aster,34,29,11,12,575,18,0,31.944444444444443,1
2335,2025-02-14,Delta,118,113,8,6,396,29,0,13.655172413793103,0
2336,2025-11-07,Beacon,34,34,3,3,281,58,1,4.844827586206897,0
2337,2025-06-11,Delta,203,203,11,11,335,22,1,15.227272727272727,0
2338,2025-04-15,Cedar,60,45,2,6,726,47,0,15.446808510638299,4
2339,2025-12-26,Aster,192,187,12,13,354,54,0,6.555555555555555,1
2340,2025-11-30,Cedar,157,157,11,9,252,27,1,9.333333333333334,0
2341,2025-08-25,Delta,55,55,4,2,383,30,1,12.766666666666667,0
2342,2025-06-28,Beacon,141,141,10,11,271,50,0,5.42,1
2343,2025-01-10,Aster,218,218,10,10,509,49,1,10.387755102040817,0
2344,2025-11-08,Beacon,98,98,6,4,210,34,1,6.176470588235294,0
2345,2025-09-13,Beacon,158,158,3,6,655,50,0,13.1,3
2346,2025-04-29,Beacon,165,160,5,4,104,37,0,2.810810810810811,0
2347,2025-11-01,Aster,200,185,5,4,68,48,0,1.4166666666666667,0
2348,2025-07-12,Aster,172,172,13,13,411,35,1,11.742857142857142,0
2349,2025-07-29,Delta,57,52,4,6,279,51,0,5.470588235294118,2
2350,2025-06-28,Delta,215,215,5,9,69,55,0,1.2545454545454546,4
2351,2025-05-03,Aster,118,103,6,5,257,35,0,7.3428571428571425,0
2352,2025-02-07,Aster,210,210,10,8,262,5,1,52.4,0
2353,2025-07-17,Beacon,239,239,11,15,363,35,0,10.371428571428572,4
2354,2025-03-13,Beacon,148,133,4,2,627,8,0,78.375,0
2355,2025-11-16,Delta,203,203,14,17,794,45,0,17.644444444444446,3
2356,2025-09-30,Aster,96,96,10,13,687,28,0,24.535714285714285,3
2357,2025-02-07,Beacon,211,211,2,6,660,25,0,26.4,4
2358,2025-04-21,Cedar,90,90,12,16,355,23,0,15.434782608695652,4
2359,2025-10-18,Cedar,220,215,13,13,297,6,0,49.5,0
2360,2025-12-16,Delta,221,206,4,7,587,11,0,53.36363636363637,3
2361,2025-06-28,Cedar,188,188,2,5,526,40,0,13.15,3
2362,2025-10-25,Cedar,74,74,6,4,300,12,1,25.0,0
2363,2025-05-10,Cedar,131,131,11,13,286,61,0,4.688524590163935,2
2364,2025-09-23,Cedar,168,168,13,16,450,55,0,8.181818181818182,3
2365,2025-04-23,Delta,89,84,7,9,186,34,0,5.470588235294118,2
2366,2025-08-25,Delta,163,158,8,8,587,12,0,48.916666666666664,0
2367,2025-12-16,Delta,89,74,8,10,439,59,0,7.440677966101695,2
2368,2025-08-14,Aster,57,57,8,6,99,28,1,3.5357142857142856,0
2369,2025-03-27,Aster,187,187,12,12,119,15,1,7.933333333333334,0
2370,2025-09-02,Delta,126,111,12,10,540,52,0,10.384615384615385,0
2371,2025-04-30,Beacon,21,6,5,8,261,8,0,32.625,3
2372,2025-02-02,Aster,201,201,2,2,94,13,1,7.230769230769231,0
2373,2025-11-26,Aster,43,43,12,13,616,12,0,51.333333333333336,1
2374,2025-06-14,Delta,201,186,3,1,38,29,0,1.3103448275862069,0
2375,2025-07-27,Aster,233,218,2,5,730,45,0,16.22222222222222,3
2376,2025-08-05,Aster,161,146,12,12,467,16,0,29.1875,0
2377,2025-05-01,Aster,90,90,2,4,691,20,0,34.55,2
2378,2025-03-22,Cedar,94,94,8,8,426,60,1,7.1,0
2379,2025-02-27,Aster,112,107,4,2,183,42,0,4.357142857142857,0
2380,2025-01-27,Aster,161,156,14,16,372,45,0,8.266666666666667,2
2381,2025-11-30,Delta,200,200,6,4,606,53,1,11.433962264150944,0
2382,2025-04-16,Cedar,246,246,2,2,230,31,1,7.419354838709677,0
2383,2025-05-19,Beacon,29,29,3,6,389,17,0,22.88235294117647,3
2384,2025-05-11,Cedar,79,79,3,3,166,16,1,10.375,0
2385,2025-02-18,Beacon,45,45,14,17,719,12,0,59.916666666666664,3
2386,2025-01-14,Aster,246,246,8,8,438,16,1,27.375,0
2387,2025-04-09,Beacon,209,194,3,5,309,51,0,6.0588235294117645,2
2388,2025-03-22,Cedar,116,101,11,14,225,43,0,5.232558139534884,3
2389,2025-09-13,Cedar,214,214,6,6,627,13,1,48.23076923076923,0
2390,2025-07-17,Cedar,38,38,2,3,340,26,0,13.076923076923077,1
2391,2025-11-17,Delta,44,39,6,10,741,44,0,16.84090909090909,4
2392,2025-05-12,Beacon,32,32,4,4,463,55,1,8.418181818181818,0
2393,2025-02-10,Aster,70,70,12,10,497,17,1,29.235294117647058,0
2394,2025-04-20,Aster,173,168,11,14,400,34,0,11.764705882352942,3
2395,2025-10-26,Aster,92,92,2,4,352,51,0,6.901960784313726,2
2396,2025-05-17,Aster,214,214,3,4,668,5,0,133.6,1
2397,2025-12-18,Aster,241,241,9,13,532,27,0,19.703703703703702,4
2398,2025-04-05,Cedar,175,170,14,12,420,56,0,7.5,0
2399,2025-01-20,Delta,189,174,8,11,149,57,0,2.6140350877192984,3
2400,2025-01-21,Delta,79,79,11,14,281,61,0,4.60655737704918,3
2401,2025-01-25,Delta,187,187,14,18,776,28,0,27.714285714285715,4
2402,2025-09-01,Aster,112,97,6,7,552,22,0,25.09090909090909,1
2403,2025-02-03,Aster,191,191,6,7,103,44,0,2.340909090909091,1
2404,2025-12-12,Delta,233,218,10,11,706,17,0,41.529411764705884,1
2405,2025-10-28,Cedar,152,147,4,6,369,16,0,23.0625,2
2406,2025-11-24,Beacon,163,163,6,4,66,60,1,1.1,0
2407,2025-03-08,Delta,135,120,13,13,254,6,0,42.333333333333336,0
2408,2025-11-26,Cedar,176,161,9,11,417,21,0,19.857142857142858,2
2409,2025-09-13,Delta,201,186,2,5,631,20,0,31.55,3
2410,2025-08-16,Delta,163,163,5,3,678,24,1,28.25,0
2411,2025-02-25,Aster,205,205,12,16,319,47,0,6.787234042553192,4
2412,2025-04-23,Beacon,211,211,7,9,186,10,0,18.6,2
2413,2025-09-14,Delta,93,93,5,8,519,43,0,12.069767441860465,3
2414,2025-07-01,Aster,74,69,13,17,747,59,0,12.661016949152541,4
2415,2025-05-15,Cedar,219,214,4,3,176,25,0,7.04,0
2416,2025-03-20,Aster,194,194,7,10,703,13,0,54.07692307692308,3
2417,2025-10-08,Delta,223,223,5,5,317,49,1,6.469387755102041,0
2418,2025-03-30,Aster,79,74,4,2,178,43,0,4.1395348837209305,0
2419,2025-02-25,Aster,207,207,3,5,665,24,0,27.708333333333332,2
2420,2025-06-12,Cedar,180,180,4,4,797,21,1,37.95238095238095,0
2421,2025-01-23,Cedar,153,153,10,14,788,51,0,15.450980392156863,4
2422,2025-09-10,Cedar,82,82,6,5,790,61,1,12.950819672131148,0
2423,2025-10-14,Beacon,242,237,13,13,229,51,0,4.490196078431373,0
2424,2025-03-21,Delta,110,110,6,10,227,59,0,3.847457627118644,4
2425,2025-08-03,Aster,190,190,15,14,388,59,1,6.576271186440678,0
2426,2025-10-18,Delta,183,183,5,5,497,49,1,10.142857142857142,0
2427,2025-04-15,Cedar,79,79,13,12,414,26,1,15.923076923076923,0
2428,2025-09-04,Cedar,151,136,7,11,570,48,0,11.875,4
2429,2025-09-10,Cedar,246,231,13,15,580,25,0,23.2,2
2430,2025-06-04,Delta,84,84,3,1,247,11,1,22.454545454545453,0
2431,2025-04-23,Delta,80,80,11,12,318,29,0,10.96551724137931,1
2432,2025-11-09,Delta,39,34,2,2,465,15,0,31.0,0
2433,2025-11-28,Cedar,80,80,14,18,570,59,0,9.661016949152541,4
2434,2025-12-06,Beacon,241,236,6,5,125,10,0,12.5,0
2435,2025-12-24,Beacon,44,39,14,16,334,49,0,6.816326530612245,2
2436,2025-07-24,Cedar,182,182,10,14,455,16,0,28.4375,4
2437,2025-05-26,Aster,161,156,13,16,678,36,0,18.833333333333332,3
2438,2025-09-02,Aster,209,209,5,6,239,44,0,5.431818181818182,1
2439,2025-05-11,Aster,84,84,13,13,690,49,1,14.081632653061224,0
2440,2025-03-02,Aster,114,114,8,11,353,16,0,22.0625,3
2441,2025-10-03,Delta,223,208,3,4,188,60,0,3.1333333333333333,1
2442,2025-11-02,Beacon,100,100,13,15,456,12,0,38.0,2
2443,2025-11-11,Beacon,94,94,13,17,64,36,0,1.7777777777777777,4
2444,2025-05-10,Aster,112,112,12,13,202,27,0,7.481481481481482,1
2445,2025-05-07,Aster,131,116,2,1,353,60,0,5.883333333333334,0
2446,2025-03-02,Delta,110,95,11,11,738,20,0,36.9,0
2447,2025-10-24,Delta,190,190,14,12,336,24,1,14.0,0
2448,2025-10-05,Cedar,24,24,11,15,655,55,0,11.909090909090908,4
2449,2025-12-25,Beacon,212,207,13,17,524,14,0,37.42857142857143,4
2450,2025-10-04,Cedar,188,183,13,11,543,8,0,67.875,0
2451,2025-01-16,Delta,38,33,10,13,76,13,0,5.846153846153846,3
2452,2025-01-26,Delta,135,135,7,9,168,41,0,4.097560975609756,2
2453,2025-12-02,Beacon,145,140,14,14,15,32,0,0.46875,0
2454,2025-02-05,Aster,166,166,10,11,23,15,0,1.5333333333333334,1
2455,2025-04-13,Beacon,21,21,6,8,52,60,0,0.8666666666666667,2
2456,2025-02-10,Cedar,129,124,10,13,263,26,0,10.115384615384615,3
2457,2025-08-23,Delta,181,181,12,14,536,25,0,21.44,2
2458,2025-05-02,Beacon,114,114,5,3,752,22,1,34.18181818181818,0
2459,2025-06-20,Delta,34,34,13,12,337,31,1,10.870967741935484,0
2460,2025-05-05,Beacon,29,29,3,4,773,40,0,19.325,1
2461,2025-05-04,Aster,46,41,10,14,720,52,0,13.846153846153847,4
2462,2025-08-15,Aster,155,155,13,12,487,13,1,37.46153846153846,0
2463,2025-04-18,Cedar,208,208,8,10,324,47,0,6.8936170212765955,2
2464,2025-09-03,Aster,60,60,6,7,113,21,0,5.380952380952381,1
2465,2025-08-11,Cedar,116,116,14,17,732,5,0,146.4,3
2466,2025-07-19,Delta,80,65,10,12,591,29,0,20.379310344827587,2
2467,2025-05-10,Cedar,246,231,8,9,697,24,0,29.041666666666668,1
2468,2025-05-11,Beacon,111,96,3,7,397,22,0,18.045454545454547,4
2469,2025-04-08,Cedar,170,170,8,9,773,29,0,26.655172413793103,1
2470,2025-09-14,Beacon,129,124,7,11,504,17,0,29.647058823529413,4
2471,2025-05-27,Delta,173,173,10,9,83,53,1,1.5660377358490567,0
2472,2025-09-11,Aster,57,57,4,2,468,43,1,10.883720930232558,0
2473,2025-01-29,Cedar,162,147,11,10,400,44,0,9.090909090909092,0
2474,2025-10-21,Delta,142,137,11,13,30,36,0,0.8333333333333334,2
2475,2025-06-09,Aster,173,173,6,7,318,29,0,10.96551724137931,1
2476,2025-09-09,Beacon,44,44,2,1,303,24,1,12.625,0
2477,2025-04-05,Cedar,29,29,8,7,439,15,1,29.266666666666666,0
2478,2025-03-04,Cedar,198,183,12,16,380,45,0,8.444444444444445,4
2479,2025-12-27,Aster,173,168,8,9,130,23,0,5.6521739130434785,1
2480,2025-06-26,Delta,131,131,2,4,183,63,0,2.9047619047619047,2
2481,2025-02-23,Aster,206,206,15,13,108,60,1,1.8,0
2482,2025-07-25,Cedar,126,126,12,11,304,59,1,5.1525423728813555,0
2483,2025-08-05,Delta,223,223,8,12,610,58,0,10.517241379310345,4
2484,2025-04-06,Cedar,158,158,7,6,336,38,1,8.842105263157896,0
2485,2025-09-21,Aster,186,186,15,16,712,51,0,13.96078431372549,1
2486,2025-10-22,Aster,163,163,14,15,671,32,0,20.96875,1
2487,2025-07-07,Delta,74,59,11,14,254,18,0,14.11111111111111,3
2488,2025-03-23,Aster,152,137,13,16,639,26,0,24.576923076923077,3
2489,2025-04-15,Delta,125,125,4,6,68,51,0,1.3333333333333333,2
2490,2025-10-07,Beacon,106,106,8,10,737,46,0,16.02173913043478,2
2491,2025-09-23,Delta,124,119,12,15,599,53,0,11.30188679245283,3
2492,2025-08-25,Beacon,249,249,9,13,603,42,0,14.357142857142858,4
2493,2025-03-26,Beacon,49,44,11,12,116,18,0,6.444444444444445,1
2494,2025-05-22,Beacon,129,129,6,5,622,6,1,103.66666666666667,0
2495,2025-06-27,Delta,135,135,5,4,601,62,1,9.693548387096774,0
2496,2025-10-23,Cedar,172,172,6,7,172,17,0,10.117647058823529,1
2497,2025-03-30,Cedar,149,149,13,12,505,18,1,28.055555555555557,0
2498,2025-03-09,Beacon,77,77,10,8,545,29,1,18.79310344827586,0
2499,2025-07-30,Beacon,116,116,3,2,535,49,1,10.918367346938776,0
2500,2025-02-17,Cedar,61,61,6,6,90,12,1,7.5,0
2501,2025-11-21,Cedar,213,213,8,9,447,8,0,55.875,1
2502,2025-01-29,Delta,176,176,10,9,415,21,1,19.761904761904763,0
2503,2025-08-25,Aster,205,205,4,4,163,5,1,32.6,0
2504,2025-03-16,Delta,93,93,2,1,86,58,1,1.4827586206896552,0
2505,2025-07-31,Cedar,139,124,14,12,787,5,0,157.4,0
2506,2025-12-28,Delta,75,75,2,1,520,14,1,37.142857142857146,0
2507,2025-08-06,Aster,48,43,15,13,490,48,0,10.208333333333334,0
2508,2025-09-06,Delta,200,200,14,12,702,7,1,100.28571428571429,0
2509,2025-05-14,Aster,49,49,10,10,510,48,1,10.625,0
2510,2025-06-01,Beacon,46,41,15,15,645,13,0,49.61538461538461,0
2511,2025-01-13,Cedar,213,213,7,8,46,20,0,2.3,1
2512,2025-03-04,Cedar,22,22,8,7,472,51,1,9.254901960784315,0
2513,2025-12-11,Cedar,206,201,9,13,764,36,0,21.22222222222222,4
2514,2025-03-14,Beacon,116,101,11,11,143,21,0,6.809523809523809,0
2515,2025-02-10,Cedar,150,150,15,19,460,53,0,8.679245283018869,4
2516,2025-01-02,Cedar,86,86,12,13,193,51,0,3.784313725490196,1
2517,2025-08-09,Cedar,244,239,12,16,671,26,0,25.807692307692307,4
2518,2025-03-27,Cedar,44,44,8,7,733,5,1,146.6,0
2519,2025-11-01,Cedar,159,144,10,11,598,51,0,11.72549019607843,1
2520,2025-03-24,Aster,71,56,2,5,563,54,0,10.425925925925926,3
2521,2025-07-03,Delta,225,225,5,3,795,43,1,18.488372093023255,0
2522,2025-01-14,Beacon,86,86,7,7,592,29,1,20.413793103448278,0
2523,2025-08-28,Cedar,160,160,8,9,349,33,0,10.575757575757576,1
2524,2025-06-12,Cedar,34,34,2,5,362,43,0,8.418604651162791,3
2525,2025-06-01,Beacon,26,26,8,7,668,64,1,10.4375,0
2526,2025-12-27,Beacon,104,99,10,13,468,64,0,7.3125,3
2527,2025-12-25,Beacon,106,106,6,4,564,20,1,28.2,0
2528,2025-06-09,Beacon,228,228,15,14,727,18,1,40.388888888888886,0
2529,2025-10-25,Delta,223,223,11,11,689,43,1,16.023255813953487,0
2530,2025-10-31,Delta,231,231,8,6,457,42,1,10.880952380952381,0
2531,2025-02-23,Cedar,130,130,5,4,641,16,1,40.0625,0
2532,2025-06-29,Aster,199,194,9,7,640,50,0,12.8,0
2533,2025-05-25,Aster,70,70,11,15,705,51,0,13.823529411764707,4
2534,2025-09-28,Cedar,25,25,10,14,585,62,0,9.435483870967742,4
2535,2025-10-11,Delta,137,137,4,3,178,16,1,11.125,0
2536,2025-12-20,Aster,220,220,5,4,248,19,1,13.052631578947368,0
2537,2025-11-10,Aster,55,55,7,7,689,26,1,26.5,0
2538,2025-06-12,Aster,49,49,13,13,39,27,1,1.4444444444444444,0
2539,2025-03-01,Delta,208,208,13,13,318,8,1,39.75,0
2540,2025-09-16,Beacon,172,172,9,12,317,48,0,6.604166666666667,3
2541,2025-09-16,Delta,87,87,5,6,748,21,0,35.61904761904762,1
2542,2025-02-11,Cedar,168,153,15,18,749,23,0,32.56521739130435,3
2543,2025-06-29,Delta,156,156,8,6,622,17,1,36.588235294117645,0
2544,2025-09-03,Delta,143,138,7,9,545,40,0,13.625,2
2545,2025-01-01,Beacon,231,226,2,6,107,56,0,1.9107142857142858,4
2546,2025-08-26,Beacon,240,240,12,12,442,36,1,12.277777777777779,0
2547,2025-06-27,Cedar,191,186,9,8,738,7,0,105.42857142857143,0
2548,2025-10-05,Delta,55,55,7,9,518,44,0,11.772727272727273,2
2549,2025-12-17,Beacon,37,32,4,7,521,31,0,16.806451612903224,3
2550,2025-11-13,Cedar,165,150,13,14,731,13,0,56.23076923076923,1
2551,2025-12-20,Beacon,116,116,14,17,305,35,0,8.714285714285714,3
2552,2025-06-21,Beacon,177,162,12,12,209,20,0,10.45,0
2553,2025-02-25,Beacon,190,190,14,16,442,12,0,36.833333333333336,2
2554,2025-01-23,Aster,199,194,12,14,523,58,0,9.017241379310345,2
2555,2025-01-05,Beacon,33,33,14,18,427,50,0,8.54,4
2556,2025-11-18,Beacon,41,26,14,16,281,56,0,5.017857142857143,2
2557,2025-01-22,Aster,163,148,4,2,745,26,0,28.653846153846153,0
2558,2025-11-10,Cedar,192,187,7,9,203,64,0,3.171875,2
2559,2025-05-09,Delta,239,224,11,14,607,40,0,15.175,3
2560,2025-01-21,Delta,43,43,5,5,157,44,1,3.5681818181818183,0
2561,2025-07-30,Aster,154,149,8,9,176,9,0,19.555555555555557,1
2562,2025-03-14,Delta,228,223,3,6,23,43,0,0.5348837209302325,3
2563,2025-12-09,Aster,155,155,6,8,158,14,0,11.285714285714286,2
2564,2025-02-17,Cedar,222,222,5,9,527,33,0,15.969696969696969,4
2565,2025-03-19,Beacon,49,34,9,13,172,58,0,2.9655172413793105,4
2566,2025-10-25,Delta,75,70,8,11,15,23,0,0.6521739130434783,3
2567,2025-01-18,Cedar,249,249,11,10,126,51,1,2.4705882352941178,0
2568,2025-11-24,Delta,188,188,13,11,244,13,1,18.76923076923077,0
2569,2025-11-02,Delta,55,55,15,19,331,51,0,6.490196078431373,4
2570,2025-11-08,Delta,128,113,5,9,516,61,0,8.459016393442623,4
2571,2025-04-10,Aster,119,114,6,8,27,44,0,0.6136363636363636,2
2572,2025-05-14,Cedar,150,145,2,4,348,57,0,6.105263157894737,2
2573,2025-11-25,Aster,142,142,9,9,434,17,1,25.529411764705884,0
2574,2025-01-21,Delta,40,40,10,9,27,56,1,0.48214285714285715,0
2575,2025-11-26,Beacon,167,167,11,15,659,26,0,25.346153846153847,4
2576,2025-08-18,Delta,32,17,3,5,141,42,0,3.357142857142857,2
2577,2025-10-24,Aster,125,120,8,7,667,58,0,11.5,0
2578,2025-11-27,Aster,70,65,12,11,119,26,0,4.576923076923077,0
2579,2025-05-10,Aster,25,25,14,12,574,29,1,19.79310344827586,0
2580,2025-09-21,Delta,200,200,14,15,155,43,0,3.604651162790698,1
2581,2025-03-26,Aster,90,90,3,6,205,34,0,6.029411764705882,3
2582,2025-01-24,Beacon,131,131,14,14,717,21,1,34.142857142857146,0
2583,2025-10-30,Aster,61,61,9,8,577,17,1,33.94117647058823,0
2584,2025-12-27,Cedar,79,79,13,17,61,21,0,2.9047619047619047,4
2585,2025-05-30,Cedar,182,182,11,13,488,9,0,54.22222222222222,2
2586,2025-09-05,Aster,79,74,9,9,404,24,0,16.833333333333332,0
2587,2025-10-30,Delta,132,132,13,11,377,30,1,12.566666666666666,0
2588,2025-12-26,Aster,136,131,11,12,129,57,0,2.263157894736842,1
2589,2025-11-10,Delta,69,69,11,15,632,6,0,105.33333333333333,4
2590,2025-05-18,Aster,67,67,9,10,611,34,0,17.970588235294116,1
2591,2025-04-20,Beacon,28,23,13,13,569,7,0,81.28571428571429,0
2592,2025-11-24,Cedar,101,86,9,10,242,30,0,8.066666666666666,1
2593,2025-03-29,Aster,137,137,9,9,270,9,1,30.0,0
2594,2025-11-02,Cedar,246,246,3,2,64,9,1,7.111111111111111,0
2595,2025-07-22,Aster,137,132,10,14,625,44,0,14.204545454545455,4
2596,2025-10-10,Beacon,188,188,14,16,693,35,0,19.8,2
2597,2025-01-16,Aster,123,123,13,13,168,62,1,2.7096774193548385,0
2598,2025-03-24,Cedar,90,85,5,8,715,7,0,102.14285714285714,3
2599,2025-11-29,Aster,105,105,10,11,526,23,0,22.869565217391305,1
2600,2025-03-30,Cedar,174,174,3,4,369,23,0,16.043478260869566,1
